     3.00           OBSERVATION DATA    M: Mixed            RINEX VERSION / TYPE
CONVBIN demo5 b34j                      20240609 013620 UTC PGM / RUN BY / DATE 
log: SAUC00CHL_R_20241601300_15M_30S_MO.ubx                 COMMENT             
format: u-blox UBX                                          COMMENT             
format: u-blox UBX                                          COMMENT             
log: SAUC00CHL_R_20241601300_15M_30S_MO.ubx                 COMMENT             
SAUC00CHL                                                   MARKER NAME         
                                                            MARKER NUMBER       
GEODETIC                                                    MARKER TYPE         
El Sauce            Obstech                                 OBSERVER / AGENCY   
UNKNOWN             UBLOX-ZED-F9P                           REC # / TYPE / VERS 
UNKNWOWN            TWIVSP6037L                             ANT # / TYPE        
  1813185.0000 -5195981.0000 -3216438.0000                  APPROX POSITION XYZ 
        0.0000        0.0000        0.0000                  ANTENNA: DELTA H/E/N
G    8 C1C L1C D1C S1C C2X L2X D2X S2X                      SYS / # / OBS TYPES 
R    8 C1C L1C D1C S1C C2C L2C D2C S2C                      SYS / # / OBS TYPES 
E    8 C1X L1X D1X S1X C7X L7X D7X S7X                      SYS / # / OBS TYPES 
S    4 C1C L1C D1C S1C                                      SYS / # / OBS TYPES 
  2024    06    08    13    00   00.4960000     GPS         TIME OF FIRST OBS   
  2024    06    08    13    14   30.4970000     GPS         TIME OF LAST OBS    
                                                            END OF HEADER       
> 2024 06 08 13 00 00.4960000  0 31                     
E08  23731399.198   124709349.2771         63.364          47.000    23731398.489    95556499.9731         48.632          48.000  
G09  19925642.719   104709999.7031      -1480.270          49.000    19925639.315    81592205.4111      -1153.098          46.000  
E03  23078828.982   121280080.8461      -1478.725          46.000    23078831.147    92928929.5281      -1133.000          51.000  
G30  20496316.562   107708848.1221       1890.377          49.000    20496316.118    83928949.5751       1472.973          43.000  
R24  21533238.310   115147828.4771       -192.783          43.000    21533237.769    89559432.5421       -149.971          45.000  
R22  22626802.076   120783235.2971      -4727.307          40.000    22626806.979    93942382.8691      -3676.770          40.000  
R11  20364412.444   108821298.9891       3182.091          48.000    20364410.494    84638802.9461       2475.058          47.000  
R07  20522503.641   109858564.2561      -2156.441          48.000    20522500.020    85445606.9001      -1677.089          47.000  
E25  24770223.476   130168428.3471        365.756          44.000    24770226.548    99739472.2031        280.226          47.000  
G06  20185554.146   106075782.5091      -2069.191          47.000    20185552.534    82656676.8391      -1612.388          44.000  
S31  37550934.944   197331519.6871       -762.650          45.000  
S33  38539196.052   202524776.2981       -761.774          40.000  
E05  24748394.699   130053677.7171      -2445.043          41.000    24748399.929    99651531.7421      -1873.394          45.000  
E02  25337605.319   133150052.6151       1850.334          43.000    25337609.586   102024093.2391       1417.818          45.000  
R09  20774344.568   110933818.2491      -3565.031          47.000    20774342.246    86281830.9381      -2772.613          46.000  
R10  18921297.111   100861174.2651       -307.231          45.000                                                                  
R08  19301799.051   103360262.9371       -136.086          50.000    19301791.291    80391612.8131       -105.910          47.000  
R01  21993602.073   117568407.1461       1614.910          45.000    21993599.533    91442209.6641       1256.208          39.000  
R23  20747325.610   110984135.9291      -3515.178          46.000                                                                  
G07  18708169.760    98312066.4851         98.259          47.000    18708164.754    76606731.7381         76.506          45.000  
E34  25925359.072   136238637.7521      -3858.726          40.000    25925364.142   104390636.3491      -2956.599          43.000  
E18  26551881.725   139530953.0471        906.982          34.000    26551893.684   106913267.4931        695.172          42.000  
E13  24443146.180   128449537.5581        138.862          44.000    24443149.216    98422398.3881        106.289          48.000  
E15  23364461.328   122781069.5721      -2553.566          47.000    23364462.532    94078996.7081      -1956.614          50.000  
G16  23814533.876   125146222.8161      -1498.978          41.000                                                                  
G20  23001333.657   120872780.3481       2566.861          42.000                                                                  
E07  27541273.453   144730352.4531        896.376          36.000    27541281.345   110897277.9301        687.056          40.000  
G11  21678637.944   113921977.6881        498.081          46.000    21678635.839    88770428.7311        388.061          44.000  
G14  24248608.560   127427286.4981       2346.018          38.000    24248614.526    99293977.7701       1828.005          37.000  
G03  22101262.717   116142906.5071      -3521.857          46.000    22101263.588    90500917.1261      -2744.301          40.000  
G04  21885236.016   115007696.2271      -2885.201          44.000    21885235.362    89616303.9061      -2248.200          44.000  
> 2024 06 08 13 00 30.4960000  0 31                     
E08  23731054.459   124707542.587          57.183          46.000    23731054.628    95555115.652          43.660          48.000  
G09  19934116.392   104754530.594       -1488.804          48.000    19934113.607    81626904.761       -1159.941          46.000  
E03  23087286.850   121324526.092       -1484.257          47.000    23087288.655    92962984.895       -1137.278          50.000  
G30  20485574.706   107652398.512        1872.861          49.000    20485573.849    83884962.843        1459.160          43.000  
R24  21534401.458   115154045.577        -221.715          44.000    21534400.110    89564268.066        -172.334          44.000  
R22  22653369.743   120925064.978       -4728.137          40.000    22653377.063    94052694.344       -3677.521          40.000  
R11  20346590.163   108726063.492        3166.681          48.000    20346587.733    84564730.955        2463.038          47.000  
R07  20534615.132   109923401.859       -2166.229          47.000    20534612.179    85496036.115       -1684.742          46.000  
E25  24768180.173   130157690.171         350.052          43.000    24768183.261    99731244.292         268.242          47.000  
G06  20197432.380   106138200.961       -2092.207          47.000    20197430.465    82705314.533       -1630.217          44.000  
S31  37555301.524   197354465.504        -767.021          45.000  
S33  38543558.630   202547702.338        -766.875          40.000  
E05  24762361.800   130127076.151       -2448.319          41.000    24762366.966    99707772.036       -1875.990          44.000  
E02  25327058.597   133094626.657        1844.562          43.000    25327061.998   101981624.089        1413.320          44.000  
R09  20794438.990   111041122.686       -3588.906          47.000    20794437.060    86365289.943       -2791.383          46.000  
R10  18923113.028   100870854.965        -338.437          45.000                                                                  
R08  19302583.890   103364474.619        -144.783          48.000    19302578.513    80394888.500        -112.692          48.000  
R01  21984544.632   117519990.388        1612.658          45.000    21984543.743    91404552.230        1254.211          42.000  
R23  20767094.143   111089885.688       -3535.026          46.000                                                                  
G07  18707679.294    98309491.403          73.253          46.000    18707673.977    76604725.199          56.894          44.000  
E34  25947400.693   136354466.013       -3863.338          41.000    25947405.718   104479387.531       -2960.179          42.000  
E18  26546687.469   139503652.493         912.790          35.000    26546698.341   106892348.703         699.399          41.000  
E13  24442406.371   128445649.022         120.427          44.000    24442409.330    98419418.831          92.235          48.000  
E15  23379083.471   122857913.883       -2569.466          46.000    23379085.361    94137877.340       -1968.772          50.000  
G16  23823147.470   125191488.261       -1518.516          41.000                                                                  
G20  22986699.100   120795873.282        2560.060          41.000                                                                  
E07  27536172.037   144703540.351         890.896          37.000    27536180.027   110876733.399         682.381          41.000  
G11  21675858.997   113907370.543         475.459          46.000    21675855.654    88759046.491         370.600          43.000  
G14  24235208.174   127356865.679        2348.690          39.000    24235214.152    99239104.156        1830.293          37.000  
G03  22121408.204   116248768.195       -3535.645          47.000    22121408.016    90583406.493       -2754.744          39.000  
G04  21901722.313   115094328.980       -2890.529          44.000    21901720.727    89683809.841       -2252.171          43.000  
> 2024 06 08 13 01 00.4960000  0 31                     
E08  23730748.630   124705939.171          50.056          45.000    23730749.460    95553887.062          38.315          49.000  
G09  19942640.153   104799324.949       -1497.547          48.000    19942637.479    81661809.386       -1167.156          46.000  
E03  23095777.765   121369146.374       -1490.362          46.000    23095779.196    92997174.382       -1142.000          50.000  
G30  20474934.975   107596484.756        1854.826          49.000    20474933.451    83841393.615        1445.402          43.000  
R24  21535728.567   115161133.100        -250.964          46.000    21535726.741    89569780.606        -195.124          46.000  
R22  22679946.016   121066925.617       -4729.150          41.000    22679952.457    94163029.889       -3678.351          40.000  
R11  20328856.524   108631297.354        3150.935          49.000    20328853.669    84491024.050        2450.858          47.000  
R07  20546784.268   109988542.822       -2176.385          47.000    20546780.788    85546701.277       -1692.735          46.000  
E25  24766227.865   130147435.654         333.712          42.000    24766231.867    99723386.955         255.792          47.000  
G06  20209442.225   106201314.238       -2115.436          47.000    20209441.112    82754493.662       -1648.531          45.000  
S31  37559695.585   197377557.098        -772.405          45.000  
S33  38547949.567   202570774.747        -771.492          40.000  
E05  24776351.328   130200586.412       -2452.121          41.000    24776355.815    99764098.025       -1878.943          45.000  
E02  25316546.186   133039384.897        1838.080          43.000    25316549.397   101939296.055        1408.438          44.000  
R09  20814669.817   111149154.492       -3613.186          47.000    20814667.544    86449314.670       -2810.203          46.000  
R10  18925107.164   100881482.499        -370.026          46.000                                                                  
R08  19303420.717   103368957.301        -153.949          49.000    19303415.875    80398374.953        -119.795          48.000  
R01  21975501.579   117471650.296        1609.909          45.000    21975503.053    91366954.381        1252.289          43.000  
R23  20786975.882   111196235.455       -3555.067          46.000                                                                  
G07  18707332.508    98307668.732          48.057          46.000    18707327.057    76603304.930          37.634          45.000  
E34  25969470.188   136470443.572       -3868.574          40.000    25969475.791   104568253.088       -2964.018          42.000  
E18  26541463.909   139476204.236         917.534          34.000    26541475.497   106871316.770         703.071          43.000  
E13  24441773.879   128442325.510         101.258          45.000    24441776.886    98416872.207          77.675          49.000  
E15  23393798.586   122935244.221       -2585.938          46.000    23393800.729    94197130.377       -1981.284          49.000  
G16  23831873.550   125237342.743       -1538.298          41.000                                                                  
G20  22972102.933   120719170.880        2553.269          41.000                                                                  
E07  27531103.790   144676908.666         885.051          36.000    27531112.464   110856327.100         677.875          41.000  
G11  21673211.414   113893450.354         452.342          47.000    21673206.182    88748199.542         352.584          43.000  
G14  24221794.414   127286372.455        2350.872          40.000    24221799.773    99184174.104        1832.151          37.000  
G03  22141633.868   116355050.442       -3549.588          46.000    22141632.454    90666223.599       -2766.037          39.000  
G04  21918239.048   115181123.694       -2895.782          44.000    21918237.461    89751442.020       -2256.614          44.000  
> 2024 06 08 13 01 30.4960000  0 31                     
E08  23730485.833   124704554.566          42.464          46.000    23730486.302    95552826.134          32.389          49.000  
G09  19951217.003   104844398.543       -1507.494          48.000    19951214.601    81696931.565       -1174.682          46.000  
E03  23104304.391   121413957.521       -1496.967          46.000    23104306.233    93031510.131       -1147.238          49.000  
G30  20464400.274   107541124.524        1835.939          50.000    20464398.978    83798255.741        1430.774          43.000  
R24  21537219.599   115169107.476        -280.865          47.000    21537217.335    89575982.863        -218.300          45.000  
R22  22706530.681   121209000.7271      -4731.158          40.000    22706536.683    94273399.316       -3679.712          40.000  
R11  20311214.051   108537021.506        3133.962          51.000    20311211.535    84417698.469        2437.590          47.000  
R07  20559013.334   110054003.976       -2187.717          48.000    20559009.635    85597615.427       -1701.512          46.000  
E25  24764372.280   130137682.278         316.683          43.000    24764376.021    99715913.590         242.477          47.000  
G06  20221586.855   106265136.451       -2139.449          47.000    20221585.923    82804225.157       -1667.214          44.000  
S31  37564120.822   197400811.275        -778.129          46.000  
S33  38552370.892   202594009.113        -777.524          41.000  
E05  24790363.189   130274224.837       -2457.064          41.000    24790368.915    99820522.209       -1882.663          45.000  
E02  25306071.895   132984345.359        1831.008          44.000    25306075.515   101897123.001        1403.121          43.000  
R09  20835039.292   111257926.438       -3638.219          48.000    20835036.956    86533915.057       -2829.752          46.000  
R10  18927282.399   100893074.260        -402.734          47.000                                                                  
R08  19304313.480   103373728.559        -164.095          52.000    19304306.441    80402085.910        -127.614          47.000  
R01  21966474.607   117423403.138        1606.504          45.000    21966476.216    91329428.833        1249.433          40.000  
R23  20806971.492   111303196.971       -3575.731          47.000                                                                  
G07  18707132.191    98306614.743          22.017          47.000    18707127.010    76602483.641          17.264          45.000  
E34  25991570.916   136586584.577       -3874.401          39.000    25991576.789   104657243.892       -2968.471          41.000  
E18  26536213.783   139448623.895         921.601          30.000    26536227.331   106850183.638         705.957          40.000  
E13  24441252.412   128439583.734          81.479          46.000    24441255.162    98414771.323          62.509          49.000  
E15  23408608.726   123013075.016       -2602.878          45.000    23408611.378    94256766.900       -1994.420          49.000  
G16  23840714.307   125283802.514       -1559.081          42.000                                                                  
G20  22957549.376   120642691.426        2545.276          42.000                                                                  
E07  27526073.107   144650472.927         878.012          36.000    27526082.071   110836070.969         672.561          41.000  
G11  21670696.434   113880234.165         428.520          47.000    21670691.483    88737901.202         333.804          43.000  
G14  24208370.217   127215824.882        2352.169          40.000    24208374.956    99129201.769        1832.911          35.000  
G03  22161941.722   116461768.316       -3564.706          44.000    22161939.961    90749380.151       -2777.619          39.000  
G04  21934789.053   115268096.339       -2902.317          44.000    21934787.870    89819212.822       -2261.509          44.000  
> 2024 06 08 13 02 00.4960000  0 31                     
E08  23730267.750   124703401.876          34.647          46.000    23730267.333    95551942.910          26.555          50.000  
G09  19959850.745   104889764.729       -1516.969          49.000    19959847.519    81732281.780       -1182.085          45.000  
E03  23112870.322   121458973.036       -1503.713          46.000    23112872.293    93066002.500       -1152.342          49.000  
G30  20453973.935   107486333.065        1816.952          49.000    20453972.245    83755561.075        1415.893          43.000  
R24  21538878.566   115177982.397        -310.737          45.000    21538876.176    89582885.533        -241.639          45.000  
R22  22733123.120   121350958.563       -4732.672          39.000    22733130.243    94383810.428       -3681.140          39.000  
R11  20293666.630   108443253.891        3117.296          49.000    20293663.801    84344768.200        2424.454          47.000  
R07  20571304.509   110119800.968       -2198.733          47.000    20571300.904    85648790.802       -1710.211          45.000  
E25  24762615.015   130128445.099         299.329          43.000    24762618.313    99708835.712         229.336          47.000  
G06  20233869.176   106329679.160       -2163.267          47.000    20233867.692    82854518.109       -1685.714          44.000  
S31  37568579.487   197424241.773        -783.837          46.000  
S33  38556825.568   202617420.390        -783.152          40.000  
E05  24804403.218   130348005.351       -2461.585          40.000    24804409.283    99877055.234       -1886.019          45.000  
E02  25295639.645   132929523.762        1823.858          43.000    25295643.070   101855116.932        1397.488          43.000  
R09  20855548.635   111367448.822       -3662.979          45.000    20855547.525    86619099.113       -2849.026          46.000  
R10  18929640.755   100905644.056        -435.090          46.000                                                                  
R08  19305262.090   103378803.254        -173.999          51.000    19305252.695    80406032.917        -135.389          45.000  
R01  21957469.471   117375262.931        1603.075          44.000    21957468.805    91291986.490        1246.928          39.000  
R23  20827082.807   111410779.860       -3596.106          47.000                                                                  
G07  18707080.217    98306343.023          -3.690          47.000    18707075.945    76602271.883          -2.974          46.000  
E34  26013705.374   136702900.721       -3879.808          39.000    26013711.234   104746368.902       -2973.095          41.000  
E18  26530944.363   139420925.006         925.136          26.000    26530956.809   106828959.623         709.356          36.000  
E13  24440844.348   128437438.047          61.731          45.000    24440846.833    98413127.196          47.241          49.000  
E15  23423517.961   123091418.293       -2619.691          46.000    23423519.771    94316796.099       -2007.279          49.000  
G16  23849673.300   125330880.845       -1579.283          41.000                                                                  
G20  22943041.538   120566450.104        2537.679          42.000                                                                  
E07  27521083.830   144624246.335         871.174          37.000    27521091.734   110815975.065         667.550          41.000  
G11  21668317.411   113867736.638         404.897          46.000    21668313.768    88728162.864         315.258          44.000  
G14  24194938.540   127145238.741        2353.489          40.000    24194943.519    99074199.377        1833.955          37.000  
G03  22182334.572   116568934.408       -3579.583          42.000    22182333.367    90832885.934       -2789.149          39.000  
G04  21951375.453   115355260.427       -2908.416          43.000    21951374.810    89887132.804       -2266.389          43.000  
> 2024 06 08 13 02 30.4960000  0 31                     
E08  23730091.974   124702476.356          27.372          46.000    23730091.194    95551233.751          20.935          50.000  
G09  19968538.560   104935418.960       -1526.488          49.000    19968534.688    81767856.475       -1189.347          44.000  
E03  23121474.790   121504188.426       -1510.148          46.000    23121476.771    93100648.014       -1157.083          49.000  
G30  20443654.383   107432107.709        1798.176          48.000    20443651.933    83713307.549        1401.350          41.000  
R24  21540707.443   115187753.638        -340.588          47.000    21540704.161    89590485.322        -264.775          46.000  
R22  22759727.378   121492961.825       -4733.966          41.000    22759731.429    94494256.977       -3682.080          37.000  
R11  20276215.082   108349994.807        3100.104          50.000    20276211.280    84272233.456        2411.362          47.000  
R07  20583658.154   110185930.271       -2209.724          47.000    20583653.617    85700224.605       -1718.557          45.000  
E25  24760954.828   130119721.208         282.472          43.000    24760958.205    99702151.141         216.448          47.000  
G06  20246287.774   106394936.067       -2186.907          47.000    20246286.009    82905367.576       -1703.940          44.000  
S31  37573070.784   197447843.533        -789.543          46.000  
S33  38561313.573   202641003.126        -788.921          40.000  
E05  24818469.586   130421924.003       -2465.938          40.000    24818475.279    99933694.137       -1889.523          45.000  
E02  25285248.914   132874917.947        1816.790          44.000    25285251.678   101813276.187        1391.958          43.000  
R09  20876197.998   111477714.240       -3687.781          45.000    20876196.656    86704861.070       -2868.282          47.000  
R10  18932181.397   100919189.218        -467.532          45.000                                                                  
R08  19306265.225   103384178.240        -184.029          50.000    19306255.532    80410213.502        -143.005          45.000  
R01  21948483.893   117327225.361        1599.767          45.000    21948482.969    91254623.942        1244.354          41.000  
R23  20847310.121   111518974.980       -3616.541          47.000                                                                  
G07  18707176.049    98306849.579         -29.762          46.000    18707172.699    76602666.549         -23.157          46.000  
E34  26035872.098   136819385.873       -3885.198          39.000    26035877.695   104835623.382       -2977.027          41.000  
E13  24440549.123   128435884.879          42.184          45.000    24440551.226    98411937.074          32.305          48.000  
E15  23438522.688   123170268.176       -2636.456          46.000    23438524.404    94377213.512       -2020.144          49.000  
G16  23858749.480   125378573.381       -1599.807          41.000                                                                  
G20  22928578.146   120490445.306        2529.628          42.000                                                                  
E07  27516132.930   144598224.202         864.798          37.000    27516140.167   110796035.839         662.087          42.000  
G11  21666075.534   113855954.561         380.868          46.000    21666072.303    88718982.001         296.922          44.000  
G14  24181498.795   127074611.824        2355.211          40.000    24181504.331    99019165.216        1835.068          37.000  
G03  22202811.515   116676543.441       -3594.224          41.000    22202811.186    90916736.836       -2800.581          40.000  
G04  21967998.685   115442611.577       -2914.620          44.000    21967997.024    89955198.571       -2271.113          43.000  
E18                                                                  26525663.005   106807641.303         712.345          32.000  
> 2024 06 08 13 03 00.4960000  0 31                     
E08  23729957.103   124701773.098          19.970          46.000    23729957.486    95550694.885          15.331          50.000  
G09  19977279.598   104981356.577       -1535.748          48.000    19977276.291    81803652.016       -1196.744          44.000  
E03  23130116.938   121549599.083       -1516.704          47.000    23130118.410    93135443.168       -1162.104          49.000  
G30  20433442.564   107378445.611        1779.572          48.000    20433440.202    83671492.941        1386.497          40.000  
R24  21542701.547   115198416.364        -370.187          46.000    21542698.758    89598778.503        -287.889          46.000  
R22  22786336.421   121635002.516       -4735.022          41.000    22786341.719    94604732.634       -3682.762          38.000  
R11  20258857.299   108257244.215        3083.356          49.000    20258854.247    84200094.197        2398.167          47.000  
R07  20596073.594   110252387.977       -2220.541          47.000    20596068.321    85751913.858       -1727.131          45.000  
E25  24759391.901   130111507.588         265.510          44.000    24759395.219    99695857.545         203.356          47.000  
G06  20258840.023   106460900.730       -2210.479          48.000    20258838.856    82956768.554       -1722.301          44.000  
S31  37577593.846   197471612.684        -795.130          46.000  
S33  38565832.663   202664753.596        -794.012          40.000  
E05  24832561.046   130495976.709       -2470.321          39.000    24832566.890    99990435.758       -1893.008          44.000  
E02  25274898.010   132820525.580        1809.628          44.000    25274901.255   101771598.972        1386.615          43.000  
R09  20896985.346   111588714.199       -3711.917          45.000    20896983.177    86791194.331       -2887.153          47.000  
R10  18934904.401   100933705.599        -499.913          45.000                                                                  
R08  19307324.086   103389850.078        -193.818          48.000    19307315.340    80414624.920        -150.789          46.000  
R01  21939515.520   117279286.148        1596.483          45.000    21939517.190    91217337.892        1241.428          43.000  
R23  20867648.368   111627773.532       -3636.466          46.000                                                                  
G07  18707419.304    98308130.053         -55.486          46.000    18707416.305    76603664.257         -43.263          46.000  
E34  26058069.459   136936033.706       -3890.787          40.000    26058075.382   104925002.507       -2981.221          40.000  
E13  24440364.964   128434920.493          22.503          44.000    24440367.838    98411198.107          17.306          48.000  
E15  23453623.202   123249618.655       -2653.242          47.000    23453624.748    94438014.495       -2032.971          49.000  
G16  23867940.668   125426875.298       -1620.073          41.000                                                                  
G20  22914158.977   120414674.269        2521.995          41.000                                                                  
E07  27511217.096   144572401.629         857.772          37.000    27511226.464   110776249.517         657.049          42.000  
G11  21663968.351   113844884.475         357.271          45.000    21663965.318    88710355.955         278.446          43.000  
G14  24168051.109   127003941.806        2356.631          40.000    24168056.469    98964097.491        1836.291          36.000  
G03  22223372.022   116784590.050       -3608.921          42.000    22223372.178    91000928.716       -2811.945          40.000  
G04  21984655.491   115530145.284       -2920.649          43.000    21984654.253    90023406.562       -2276.013          43.000  
E18                                                                  26520344.021                         715.178          25.000  
> 2024 06 08 13 03 30.4960000  0 31                     
E08  23729861.684   124701277.275          12.969          45.000    23729862.774    95550314.953          10.048          49.000  
G09  19986072.177   105027563.051       -1544.652          47.000    19986069.276    81839657.004       -1203.682          45.000  
E03  23138792.727   121595190.490       -1522.729          47.000    23138794.497    93170376.800       -1166.724          50.000  
G30  20423336.258   107325334.065        1761.315          48.000    20423333.646    83630107.343        1372.394          41.000  
R24  21544856.825   115209955.862        -399.114          43.000    21544855.524    89607753.657        -310.312          44.000  
R22  22812950.391   121777062.212       -4735.763          42.000    22812956.529    94715223.077       -3683.374          41.000  
R11  20241592.564   108164992.381        3066.679          48.000    20241590.677    84128342.882        2385.208          47.000  
R07  20608546.765   110319161.038       -2231.027          47.000    20608542.097    85803848.381       -1735.248          45.000  
E25  24757923.222   130103791.346         248.870          43.000    24757926.968    99689945.049         190.790          47.000  
G06  20271524.371   106527556.783       -2233.567          47.000    20271523.182    83008708.259       -1740.272          44.000  
S31  37582145.929   197495534.654        -799.825          46.000  
S33  38570381.492   202688656.752        -799.368          41.000  
E05  24846676.675   130570149.429       -2474.676          40.000    24846681.566   100047269.319       -1895.882          44.000  
E02  25264585.555   132766334.462        1802.969          44.000    25264589.405   101730075.960        1381.461          44.000  
R09  20917905.956   111700430.916       -3735.812          45.000    20917904.182    86878085.086       -2905.628          47.000  
R10  18937807.452   100949179.409        -531.786          46.000                                                                  
R08  19308435.406   103395805.557        -203.187          48.000    19308428.890    80419256.892        -158.126          48.000  
R01  21930562.300   117231430.586        1594.114          42.000    21930564.593    91180116.869        1239.951          41.000  
R23  20888095.316   111737156.519       -3655.819          45.000                                                                  
G07  18707808.217    98310169.923         -80.626          46.000    18707804.046    76605253.707         -62.911          46.000  
E34  26080295.086   137052828.015       -3895.606          41.000    26080300.739   105014493.881       -2984.789          40.000  
E13  24440290.702   128434531.261           3.295          44.000    24440293.785    98410899.846           2.647          48.000  
E15  23468815.517   123329453.806       -2669.336          47.000    23468817.340    94499186.844       -2045.258          50.000  
G16  23877245.451   125475772.316       -1639.886          41.000                                                                  
G20  22899782.484   120339125.513        2514.504          42.000                                                                  
E07  27506339.151   144546763.942         851.410          37.000    27506347.894   110756604.855         652.335          42.000  
G11  21661995.012   113834513.056         333.908          46.000    21661991.376    88702274.313         260.260          43.000  
G14  24154592.360   126933216.532        2358.594          41.000    24154597.574    98908986.762        1837.744          36.000  
G03  22244013.040   116893058.923       -3622.583          44.000    22244014.112    91085449.644       -2822.687          41.000  
G04  22001344.696   115617847.160       -2926.036          44.000    22001343.223    90091745.582       -2280.160          43.000  
E18                                                                  26514999.565                         719.531          25.000  
> 2024 06 08 13 04 00.4960000  0 31                     
E08  23729805.801   124700985.688           6.814          45.000    23729806.981    95550091.497           5.222          48.000  
G09  19994915.806   105074035.403       -1553.285          48.000    19994912.773    81875869.152       -1210.280          45.000  
E03  23147502.585   121640959.777       -1528.296          47.000    23147504.210    93205446.736       -1170.957          49.000  
G30  20413333.956   107272771.911        1743.166          48.000    20413331.466    83589149.844        1358.360          41.000  
R24  21547177.722   115222369.102        -427.945          44.000    21547175.436    89617408.405        -332.869          44.000  
R22  22839565.975   121919134.682       -4735.615          40.000    22839571.404    94825723.409       -3683.256          40.000  
R11  20224422.342   108073240.430        3050.385          49.000    20224420.430    84056980.357        2372.528          47.000  
R07  20621079.114   110386247.354       -2241.010          48.000    20621074.790    85856026.535       -1742.965          46.000  
E25  24756549.433   130096571.092         232.836          43.000    24756552.976    99684412.612         178.339          46.000  
G06  20284339.324   106594899.329       -2255.759          47.000    20284338.058    83061182.923       -1757.985          45.000  
S31  37586726.864   197519607.783        -804.547          46.000  
S33  38574958.898   202712711.147        -803.826          40.000  
E05  24860813.167   130644439.732       -2477.576          39.000    24860818.625   100104193.025       -1898.565          43.000  
E02  25254311.461   132712343.908        1796.801          44.000    25254315.570   101688706.617        1376.765          43.000  
R09  20938960.106   111812857.993       -3759.152          45.000    20938958.770    86965528.323       -2923.695          47.000  
R10  18940889.621   100965608.090        -563.164          46.000                                                                  
R08  19309600.716   103402042.840        -212.245          49.000    19309594.009    80424108.064        -165.096          48.000  
R01  21921624.784   117183656.151        1591.400          44.000    21921626.597    91142959.018        1237.852          41.000  
R23  20908651.638   111847116.521       -3674.631          47.000                                                                  
G07  18708341.297    98312966.645        -105.481          47.000    18708335.523    76607432.941         -82.473          45.000  
E34  26102547.626   137169764.206       -3899.895          40.000    26102553.187   105104093.976       -2988.115          39.000  
E13  24440325.586   128434715.124         -15.280          43.000    24440328.857    98411040.722         -11.713          48.000  
E15  23484098.942   123409769.240       -2684.773          47.000    23484101.042    94560727.200       -2057.085          50.000  
G16  23886662.983   125525261.506       -1659.272          41.000                                                                  
G20  22885448.824   120263798.166        2507.647          42.000                                                                  
E07  27501495.036   144521307.879         845.927          37.000    27501503.691   110737099.368         648.367          41.000  
G11  21660154.063   113824838.480         311.211          46.000    21660150.317    88694735.654         242.643          43.000  
G14  24141123.260   126862435.466        2360.679          40.000    24141128.494    98853832.596        1838.996          37.000  
G03  22264734.195   117001946.290       -3636.208          45.000    22264735.303    91170296.703       -2833.493          42.000  
G04  22018065.585   115705714.477       -2931.290          44.000    22018063.624    90160213.542       -2284.185          43.000  
E18                                                                  26509624.643                         720.083          21.000  
> 2024 06 08 13 04 30.4960000  0 31                     
E08  23729784.041   124700867.574           1.772          45.000    23729783.936    95550000.947           1.404          48.000  
G09  20003804.299   105120743.046       -1560.097          49.000    20003801.319    81912264.678       -1215.739          45.000  
E03  23156239.999   121686876.480       -1532.411          47.000    23156241.934    93240629.635       -1174.181          50.000  
G30  20403431.087   107220730.352        1726.807          48.000    20403428.805    83548598.024        1345.484          42.000  
R24  21549658.511   115235625.385        -455.258          45.000    21549654.651    89627718.763        -354.075          43.000  
R22  22866177.360   122061185.325       -4733.945          42.000    22866181.867    94936206.846       -3681.992          40.000  
R11  20207341.330   107981962.138        3035.431          49.000    20207339.286    83985986.231        2360.789          48.000  
R07  20633665.223   110453617.163       -2249.730          48.000    20633660.043    85908425.195       -1749.799          46.000  
E25  24755264.071   130089817.895         218.129          43.000    24755267.695    99679238.032         166.980          46.000  
G06  20297277.538   106662895.977       -2276.621          46.000    20297277.285    83114167.252       -1773.823          44.000  
S31  37591330.800   197543800.790        -807.600          45.000  
S33  38579559.097   202736884.854        -807.123          40.000  
E05  24874967.056   130718817.755       -2480.419          40.000    24874972.282   100161183.889       -1900.335          44.000  
E02  25244070.089   132658525.757        1791.803          45.000    25244074.329   101647469.355        1372.997          44.000  
R09  20960140.812   111925961.089       -3780.727          46.000    20960139.133    87053497.355       -2940.444          48.000  
R10  18944145.083   100982962.244        -593.072          46.000                                                                  
R08  19310813.426   103408532.223        -219.769          51.000    19310805.660    80429155.357        -170.967          47.000  
R01  21912699.083   117135932.436        1590.831          47.000    21912698.027    91105840.595        1237.388          40.000  
R23  20929308.574   111957618.384       -3691.715          45.000                                                                  
G07  18709011.937    98316489.887        -128.866          47.000    18709005.676    76610178.306        -100.494          44.000  
E34  26124820.593   137286810.090       -3902.679          40.000    26124826.916   105193778.112       -2990.339          40.000  
E13  24440464.086   128435442.458         -32.557          44.000    24440467.369    98411598.020         -25.011          48.000  
E15  23499467.248   123490533.032       -2698.810          47.000    23499469.975    94622611.099       -2067.989          50.000  
G16  23896187.079   125575312.091       -1677.216          40.000                                                                  
G20  22871151.606   120188664.272        2501.976          42.000                                                                  
E07  27496680.103   144496002.723         841.571          37.000    27496687.891   110717709.526         644.894          40.000  
G11  21658440.610   113815831.420         289.930          46.000    21658436.467    88687717.136         225.792          43.000  
G14  24127638.150   126791570.464        2364.175          40.000    24127643.537    98798613.003        1842.172          37.000  
G03  22285528.852   117111220.841       -3648.095          46.000    22285530.114    91255445.461       -2842.706          41.000  
G04  22034811.471   115793716.827       -2934.755          44.000    22034810.039    90228786.739       -2287.180          43.000  
E18                                                                  26504219.766                         723.573          16.000  
> 2024 06 08 13 05 00.4960000  0 31                     
E08  23729782.330   124700856.420          -0.403          45.000    23729782.060    95549992.371          -0.366          48.000  
G09  20012724.560   105167619.838       -1564.569          49.000    20012721.638    81948792.019       -1219.174          45.000  
E03  23164992.815   121732874.464       -1533.725          46.000    23164994.867    93275874.812       -1175.072          50.000  
G30  20393614.725   107169144.945        1712.811          49.000    20393612.529    83508401.653        1334.603          43.000  
R24  21552283.113   115249657.074        -479.734          44.000    21552280.310    89638632.243        -373.000          44.000  
R22  22892770.588   122203143.516       -4729.746          39.000    22892775.314    95046618.323       -3678.287          41.000  
R11  20190337.187   107891095.063        3022.989          50.000    20190334.852    83915311.921        2351.305          48.000  
R07  20646291.070   110521204.504       -2255.617          48.000    20646286.055    85960993.058       -1754.246          46.000  
E25  24754055.705   130083467.098         205.948          43.000    24754059.171    99674371.745         157.810          46.000  
G06  20310328.486   106731478.605       -2294.984          46.000    20310327.953    83167608.174       -1788.121          44.000  
S31  37595944.943   197568047.806        -808.054          45.000  
S33  38584169.645   202761114.162        -807.809          40.000  
E05  24889125.452   130793217.679       -2479.480          40.000    24889130.333   100218191.560       -1899.596          44.000  
E02  25233849.763   132604816.089        1789.544          45.000    25233853.827   101606315.215        1371.030          45.000  
R09  20981434.809   112039669.364       -3799.229          47.000    20981433.136    87141937.066       -2954.962          47.000  
R10  18947561.482   101001175.161        -620.479          45.000                                                                  
R08  19312060.087   103415207.679        -224.561          51.000    19312051.672    80434347.373        -174.621          46.000  
R01  21903768.320   117088192.226        1592.608          46.000    21903766.822    91068709.342        1238.629          40.000  
R23  20950053.399   112068590.015       -3705.916          45.000                                                                  
G07  18709807.729    98320673.629        -149.517          47.000    18709802.281    76613438.340        -116.469          45.000  
E34  26147102.185   137403897.761       -3902.597          41.000    26147108.389   105283494.279       -2990.513          40.000  
E13  24440694.216   128436647.869         -47.186          45.000    24440696.684    98412521.613         -36.107          48.000  
E15  23514909.540   123571677.534       -2710.193          47.000    23514911.180    94684786.700       -2076.559          50.000  
G16  23905805.564   125625857.938       -1692.303          40.000                                                                  
G20  22856878.603   120113659.666        2498.789          41.000                                                                  
E07  27491881.523   144470782.023         840.207          38.000    27491888.827   110698384.440         643.750          41.000  
G11  21656841.117   113807426.765         271.130          46.000    21656837.366    88681167.990         211.332          44.000  
G14  24114124.327   126720557.585        2370.357          40.000    24114130.197    98743278.206        1847.613          37.000  
G03  22306383.529   117220815.519       -3657.446          45.000    22306385.523    91340843.648       -2849.876          41.000  
G04  22051570.936   115881788.221       -2936.039          44.000    22051569.803    90297413.695       -2287.883          43.000  
E18                                                                  26498768.126                         731.452          17.000  
> 2024 06 08 13 05 30.4960000  0 30                     
E08  23729786.780   124700876.932          -0.741          46.000    23729786.224    95550008.043          -0.412          48.000  
G09  20021662.536   105214590.731       -1566.693          48.000    20021659.753    81985392.699       -1220.830          44.000  
E03  23173747.258   121778878.753       -1532.854          46.000    23173748.919    93311124.845       -1174.509          49.000  
G30  20383871.855   107117942.334        1701.030          50.000    20383869.278    83468503.566        1325.449          43.000  
R24  21555035.652   115264387.415        -501.954          43.000    21555035.995    89650089.141        -390.501          45.000  
R22  22919332.270   122344929.639       -4722.733          40.000    22919337.054    95156895.988       -3672.880          38.000  
R11  20173396.313   107800567.303        3012.479          50.000    20173393.848    83844901.518        2343.164          48.000  
R07  20658943.552   110588934.480       -2259.453          49.000    20658939.089    86013671.873       -1757.243          46.000  
E25  24752909.169   130077445.144         195.799          41.000    24752913.081    99669757.428         150.089          45.000  
G06  20323476.362   106800570.148       -2310.895          47.000    20323475.413    83221445.674       -1800.739          43.000  
S31  37600554.953   197592274.263        -806.583          46.000  
S33  38588776.336   202785321.473        -805.839          40.000  
E05  24903272.890   130867565.029       -2476.453          40.000    24903278.042   100275158.966       -1897.789          44.000  
E02  25223635.786   132551142.169        1789.112          45.000    25223639.954   101565188.441        1370.927          45.000  
R09  21002827.210   112153903.483       -3815.802          48.000    21002825.377    87230785.760       -2967.945          47.000  
R10  18951125.240   101020170.867        -645.564          45.000                                                                  
R08  19313327.016   103421994.244        -227.319          50.000    19313318.579    80439625.823        -176.966          45.000  
R01  21894819.710   117040359.714        1596.469          45.000    21894819.559    91031506.250        1241.391          40.000  
R23  20970872.910   112179950.688       -3717.783          47.000                                                                  
G07  18710714.903    98325443.087        -168.136          46.000    18710710.349    76617154.750        -131.118          46.000  
E34  26169376.370   137520950.548       -3900.722          40.000    26169383.185   105373183.662       -2988.713          40.000  
E13  24441000.792   128438257.153         -59.773          46.000    24441002.939    98413754.656         -45.786          48.000  
E15  23530408.118   123653126.187       -2719.414          47.000    23530410.194    94747195.380       -2083.697          50.000  
G16  23915504.235   125676824.159       -1705.089          40.000                                                                  
G20  22842615.839   120038711.784        2497.726          42.000                                                                  
E07  27487082.331   144445570.471         840.781          37.000    27487091.324   110679066.399         644.090          41.000  
G11  21655342.677   113799550.515         254.191          47.000    21655338.995    88675030.628         198.040          44.000  
G14  24100569.569   126649324.170        2378.792          41.000    24100574.538    98687771.651        1853.096          36.000  
G03  22327285.391   117330654.452       -3664.766          44.000    22327286.804    91426432.167       -2855.604          39.000  
G04  22068328.926   115969853.626       -2934.842          44.000    22068328.007    90366035.980       -2286.931          42.000  
> 2024 06 08 13 06 00.4960000  0 30                     
E08  23729788.222   124700888.226           0.415          45.000    23729788.464    95550016.674           0.258          48.000  
G09  20030610.706   105261615.046       -1567.857          48.000    20030607.526    82022035.008       -1221.655          44.000  
E03  23182494.896   121824848.771       -1531.198          46.000    23182496.516    93346348.615       -1173.275          49.000  
G30  20374193.176   107067083.627        1690.038          49.000    20374191.395    83428873.482        1316.937          44.000  
R24  21557914.429   115279775.161        -523.387          44.000    21557912.631    89662057.376        -406.833          43.000  
R22  22945853.667   122486498.774       -4714.399          40.000    22945857.854    95267005.029       -3666.808          37.000  
R11  20156511.705   107710342.161        3002.877          49.000    20156509.055    83774726.516        2335.560          48.000  
R07  20671614.921   110656766.736       -2262.208          49.000    20671610.567    86066430.263       -1759.498          46.000  
E25  24751818.215   130071713.005         186.833          41.000    24751821.997    99665365.196         143.064          45.000  
G06  20336713.382   106870128.119       -2325.818          47.000    20336711.253    83275646.600       -1812.361          43.000  
S31  37605153.732   197616439.159        -803.902          46.000  
S33  38593371.041   202809468.641        -803.358          40.000  
E05  24917403.467   130941819.822       -2472.870          40.000    24917407.941   100332055.421       -1894.760          43.000  
E02  25213421.585   132497465.669        1789.836          45.000    25213425.824   101524059.719        1371.415          46.000  
R09  21024310.119   112268618.666       -3831.181          46.000    21024308.051    87320008.599       -2979.832          46.000  
R10  18954828.021   101039909.499        -669.796          45.000                                                                  
R08  19314607.160   103428851.929        -229.231          49.000    19314598.850    80444959.583        -178.235          45.000  
R01  21885846.368   116992393.580        1601.678          45.000    21885847.070    90994199.226        1245.857          40.000  
R23  20991755.019   112291655.273       -3728.537          45.000                                                                  
G07  18711726.393    98330757.427        -185.690          46.000    18711721.931    76621295.737        -144.682          46.000  
E34  26191636.677   137637926.133       -3897.365          41.000    26191643.466   105462813.926       -2986.100          39.000  
E13  24441376.005   128440230.482         -71.177          46.000    24441378.398    98415266.642         -54.567          49.000  
E15  23545957.175   123734836.948       -2727.426          47.000    23545959.042    94809804.864       -2089.762          49.000  
G16  23925275.084   125728169.980       -1717.090          40.000                                                                  
G20  22828357.220   119963782.532        2497.904          42.000                                                                  
E07  27482280.165   144420327.240         842.439          38.000    27482287.692   110659724.089         645.717          41.000  
G11  21653936.321   113792163.135         238.619          46.000    21653933.295    88669274.205         185.771          44.000  
G14  24086964.939   126577831.997        2387.742          40.000    24086969.343    98632063.383        1860.747          36.000  
G03  22348225.065   117440696.153       -3670.833          43.000    22348226.555    91512178.698       -2860.352          38.000  
G04  22085079.122   116057872.692       -2932.750          45.000    22085077.466    90434622.120       -2284.830          42.000  
> 2024 06 08 13 06 30.4960000  0 30                     
E08  23729782.340   124700857.389           2.257          45.000    23729782.520    95549993.008           1.635          48.000  
G09  20039563.044   105308660.183       -1568.030          47.000    20039559.565    82058693.562       -1221.962          44.000  
E03  23191230.932   121870751.910       -1528.537          46.000    23191231.368    93381521.142       -1171.260          48.000  
G30  20364573.866   107016537.867        1680.085          48.000    20364572.940    83389487.286        1308.990          44.000  
R24  21560909.265   115295786.916        -543.452          45.000    21560906.654    89674510.948        -422.881          45.000  
R22  22972322.280   122627816.7351      -4705.879          37.000    22972330.993    95376917.052       -3660.629          37.000  
R11  20139678.584   107620391.422        2994.186          50.000    20139674.678    83704764.910        2328.669          46.000  
R07  20684300.336   110724669.348       -2264.060          52.000    20684295.377    86119243.381       -1761.077          45.000  
E25  24750776.681   130066239.618         178.678          41.000    24750780.469    99661171.240         136.790          45.000  
G06  20350032.801   106940117.825       -2339.684          48.000    20350030.505    83330183.934       -1823.130          43.000  
S31  37609734.587   197640510.617        -800.404          45.000  
S33  38597948.527   202833522.128        -799.761          40.000  
E05  24931510.016   131015949.873       -2468.592          39.000    24931514.794   100388856.316       -1891.558          43.000  
E02  25203200.968   132443756.308        1791.287          44.000    25203205.338   101482905.814        1372.580          46.000  
R09  21045875.751   112383778.282       -3845.512          49.000    21045873.632    87409577.154       -2991.099          46.000  
R10  18958663.693   101060358.306        -693.054          46.000                                                                  
R08  19315894.124   103435748.889        -230.065          49.000    19315887.027    80450323.882        -178.906          46.000  
R01  21876843.031   116944261.556        1607.675          46.000    21876842.653    90956763.288        1250.366          40.000  
R23  21012693.534   112403665.850       -3738.385          48.000                                                                  
G07  18712835.662    98336584.426        -202.526          46.000    18712830.553    76625836.210        -157.667          46.000  
E34  26213875.679   137754790.224       -3893.458          40.000    26213882.378   105552358.730       -2982.869          39.000  
E13  24441814.550   128442536.038         -81.910          45.000    24441817.307    98417033.189         -62.852          49.000  
E15  23561548.602   123816775.678       -2734.539          46.000    23561550.799    94872589.067       -2095.376          48.000  
G16  23935111.375   125779862.585       -1728.519          39.000                                                                  
G20  22814096.083   119888841.171        2498.742          41.000                                                                  
E07  27477464.782   144395019.422         845.023          38.000    27477472.282   110640332.365         647.484          42.000  
G11  21652617.306   113785233.036         223.891          45.000    21652614.434    88663874.104         174.435          45.000  
G14  24073304.836   126506050.778        2398.057          40.000    24073310.204    98576129.942        1868.513          37.000  
G03  22369197.857   117550907.180       -3676.000          41.000    22369198.646    91598057.172       -2864.612          37.000  
G04  22101813.931   116145812.954       -2929.538          44.000    22101812.179    90503146.904       -2282.574          42.000  
> 2024 06 08 13 07 00.4960000  0 30                     
E08  23729762.173   124700751.123           5.040          46.000    23729762.204    95549911.534           3.970          48.000  
G09  20048513.633   105355693.065       -1567.175          48.000    20048510.186    82095342.552       -1221.156          44.000  
E03  23199947.219   121916555.198       -1524.790          47.000    23199947.427    93416617.172       -1168.326          48.000  
G30  20355008.644   106966273.688        1671.050          48.000    20355006.801    83350320.453        1302.123          43.000  
R24  21564011.179   115312388.886        -562.797          42.000    21564011.544    89687423.554        -437.617          45.000  
R22  22998744.858   122768842.293       -4695.489          39.000    22998750.136    95486603.291       -3651.889          35.000  
R11  20122890.703   107530685.831        2986.404          49.000    20122886.876    83634993.970        2322.732          46.000  
R07  20696991.882   110792609.341       -2264.939          50.000    20696987.316    86172085.503       -1761.548          45.000  
E25  24749778.450   130060993.436         171.581          42.000    24749782.268    99657151.408         131.357          45.000  
G06  20363427.309   107010504.155       -2352.391          48.000    20363424.825    83385030.338       -1833.040          44.000  
S31  37614291.060   197664456.377        -795.569          46.000  
S33  38602501.801   202857449.614        -795.377          40.000  
E05  24945587.074   131089922.657       -2462.737          40.000    24945591.662   100445536.696       -1886.980          43.000  
E02  25192967.864   132389983.298        1793.851          45.000    25192972.918   101441703.157        1374.536          47.000  
R09  21067517.815   112499345.270       -3858.348          46.000    21067515.664    87499462.513       -3001.404          46.000  
R10  18962627.596   101081484.050        -715.155          45.000                                                                  
R08  19317183.783   103442652.729        -229.865          49.000    19317177.053    80455693.530        -178.784          47.000  
R01  21867801.130   116895930.309        1614.652          45.000    21867801.365    90919172.331        1255.571          40.000  
R23  21033684.220   112515944.540       -3746.618          47.000                                                                  
G07  18714035.935    98342890.967        -217.804          48.000    18714030.126    76630750.405        -169.682          45.000  
E34  26236086.420   137871508.052       -3887.861          40.000    26236093.805   105641791.495       -2978.937          40.000  
E13  24442310.792   128445141.523         -91.716          46.000    24442313.427    98419029.543         -70.095          49.000  
E15  23577178.144   123898907.884       -2740.496          46.000    23577179.785    94935521.504       -2099.967          48.000  
G16  23945007.758   125831868.691       -1738.406          40.000                                                                  
G20  22799827.089   119813857.727        2500.614          41.000                                                                  
E07  27472630.134   144369613.713         848.996          38.000    27472637.556   110620865.629         650.436          42.000  
G11  21651379.222   113778728.134         210.195          45.000    21651376.980    88658805.328         163.707          45.000  
G14  24059584.760   126433949.889        2408.982          41.000    24059590.359    98519947.383        1876.895          37.000  
G03  22390196.212   117661253.572       -3680.016          41.000    22390196.262    91684041.079       -2867.128          35.000  
G04  22118527.320   116233641.555       -2925.284          45.000    22118525.407    90571584.699       -2279.404          42.000  
> 2024 06 08 13 07 30.4960000  0 30                     
E08  23729726.490   124700555.041           8.149          47.000    23729724.903    95549761.250           6.308          48.000  
G09  20057458.485   105402699.577       -1566.217          47.000    20057455.492    82131970.984       -1220.413          44.000  
E03  23208641.601   121962244.576       -1520.895          47.000    23208641.965    93451625.903       -1165.306          48.000  
G30  20345493.693   106916278.558        1662.236          47.000    20345493.033    83311363.302        1295.261          43.000  
R24  21567224.808   115329566.504        -581.982          44.000    21567224.037    89700783.938        -452.697          45.000  
R22  23025106.333   122909559.874       -4684.998          38.000    23025109.664    95596050.034       -3644.296          35.000  
R11  20106148.713   107441215.819        2978.611          50.000    20106144.796    83565406.244        2316.816          47.000  
R07  20709688.363   110860574.274       -2265.676          51.000    20709683.805    86224947.011       -1762.170          45.000  
E25  24748821.119   130055961.805         164.370          42.000    24748824.732    99653296.003         125.973          45.000  
G06  20376893.202   107081270.946       -2364.945          48.000    20376891.971    83440173.224       -1842.975          44.000  
S31  37618821.019   197688261.345        -790.805          46.000  
S33  38607028.429   202881237.124        -790.485          40.000  
E05  24959630.932   131163724.594       -2456.989          40.000    24959635.528   100502086.181       -1882.665          43.000  
E02  25182721.166   132336134.842        1796.296          44.000    25182725.717   101400442.700        1376.606          47.000  
R09  21089232.881   112615301.776       -3871.498          46.000    21089230.824    87589650.832       -3011.018          46.000  
R10  18966714.954   101103273.504        -737.079          45.000                                                                  
R08  19318473.056   103449550.770        -229.565          50.000    19318465.750    80461058.671        -178.589          48.000  
R01  21858718.884   116847385.772        1622.039          45.000    21858720.340    90881415.419        1261.424          40.000  
R23  21054718.589   112628472.087       -3754.831          45.000                                                                  
G07  18715324.639    98349663.130        -233.183          48.000    18715318.276    76636027.409        -181.728          44.000  
E34  26258266.861   137988063.858       -3882.335          41.000    26258274.043   105731100.071       -2974.854          40.000  
E13  24442860.782   128448033.577        -100.999          45.000    24442863.758    98421245.494         -77.284          49.000  
E15  23592841.271   123981217.905       -2746.316          46.000    23592842.930    94998590.177       -2104.365          47.000  
G16  23954961.656   125884174.075       -1748.314          39.000                                                                  
G20  22785548.305   119738820.354        2502.289          41.000                                                                  
E07  27467774.204   144344095.678         852.913          38.000    27467781.720   110601312.894         653.292          42.000  
G11  21650219.663   113772635.325         196.584          45.000    21650217.558    88654057.663         152.932          45.000  
G14  24045801.588   126361517.640        2420.407          41.000    24045806.732    98463506.667        1886.060          37.000  
G03  22411217.346   117771720.278       -3683.899          40.000    22411216.602    91770118.765       -2870.614          34.000  
G04  22135216.434   116321344.581       -2921.224          45.000    22135215.022    90639924.650       -2276.290          43.000  
> 2024 06 08 13 08 00.4960000  0 30                     
E08  23729670.621   124700261.058          11.685          47.000    23729668.975    95549535.956           8.826          48.000  
G09  20066396.506   105449671.949       -1564.985          47.000    20066394.610    82168572.817       -1219.635          45.000  
E03  23217312.874   122007812.333       -1516.702          47.000    23217313.577    93486541.462       -1162.098          49.000  
G30  20336030.252   106866546.365        1653.502          47.000    20336028.613    83272611.027        1288.370          43.000  
R24  21570545.732   115347311.342        -600.802          46.000    21570542.414    89714585.418        -467.308          44.000  
R22  23051406.944   123049958.143       -4674.487          38.000    23051412.603    95705248.349       -3635.968          38.000  
R11  20089448.559   107351977.671        2970.831          50.000    20089445.241    83495998.863        2310.508          47.000  
R07  20722387.892   110928557.174       -2266.213          50.000    20722383.456    86277822.500       -1762.547          45.000  
E25  24747903.790   130051138.362         157.682          43.000    24747906.958    99649600.168         120.494          45.000  
G06  20390428.739   107152408.307       -2377.246          46.000    20390429.687    83495604.865       -1852.471          44.000  
S31  37623323.085   197711919.159        -785.936          46.000  
S33  38611527.015   202904876.765        -785.465          41.000  
E05  24973640.328   131237348.439       -2451.346          39.000    24973645.707   100558499.175       -1878.164          43.000  
E02  25172458.526   132282205.398        1799.197          44.000    25172463.248   101359120.242        1378.506          47.000  
R09  21111018.203   112731636.360       -3883.917          45.000    21111016.976    87680133.210       -3020.754          46.000  
R10  18970924.517   101125718.683        -758.975          44.000                                                                  
R08  19319758.824   103456436.273        -229.175          50.000    19319751.730    80466414.071        -178.229          48.000  
R01  21849598.745   116798620.602        1629.327          46.000    21849597.112    90843486.984        1267.026          39.000  
R23  21075798.214   112741237.013       -3762.368          46.000                                                                  
G07  18716700.268    98356893.001        -248.401          47.000    18716693.870    76641661.102        -193.731          44.000  
E34  26280414.993   138104448.170       -3876.430          42.000    26280421.744   105820277.242       -2970.277          40.000  
E13  24443464.009   128451205.124        -110.156          45.000    24443467.312    98423675.626         -84.453          49.000  
E15  23608537.076   124063696.434       -2751.833          47.000    23608538.430    95061787.960       -2108.617          48.000  
G16  23964970.354   125936770.920       -1757.945          39.000                                                                  
G20  22771257.489   119663723.524        2504.285          41.000                                                                  
E07  27462895.659   144318457.291         856.937          38.000    27462902.825   110581667.908         656.411          42.000  
G11  21649137.472   113766947.733         182.953          46.000    21649134.694    88649625.752         142.521          44.000  
G14  24031953.595   126288748.703        2431.141          40.000    24031959.386    98406803.613        1894.356          37.000  
G03  22432259.893   117882298.668       -3687.807          41.000    22432258.578    91856283.462       -2873.527          34.000  
G04  22151880.463   116408914.353       -2916.683          45.000    22151878.877    90708160.769       -2272.910          43.000  
> 2024 06 08 13 08 30.4960000  0 30                     
E08  23729594.903   124699866.889          14.668          46.000    23729594.108    95549233.885          11.277          48.000  
G09  20075328.426   105496608.208       -1564.148          47.000    20075326.418    82205146.500       -1218.904          45.000  
E03  23225960.184   122053256.530       -1512.849          47.000    23225961.465    93521362.342       -1159.275          49.000  
G30  20326617.562   106817076.659        1644.513          48.000    20326614.691    83234063.274        1281.497          43.000  
R24  21573968.734   115365620.938        -619.923          46.000    21573966.437    89728826.174        -481.927          44.000  
R22  23077647.273   123190031.552       -4663.274          39.000    23077654.484    95814194.062       -3627.469          38.000  
R11  20072793.105   107262974.276        2962.650          50.000    20072789.066    83426774.029        2304.251          47.000  
R07  20735091.196   110996557.323       -2267.159          51.000    20735086.588    86330711.428       -1763.334          46.000  
E25  24747025.591   130046522.475         150.178          43.000    24747028.670    99646063.325         115.090          45.000  
G06  20404035.156   107223912.140       -2389.758          46.000    20404036.182    83551322.049       -1862.115          44.000  
S31  37627796.475   197735427.193        -781.128          46.000  
S33  38615996.851   202928367.015        -780.924          41.000  
E05  24987616.521   131310792.666       -2445.531          39.000    24987620.971   100614774.557       -1873.615          41.000  
E02  25162181.235   132228195.259        1801.572          44.000    25162185.465   101317735.948        1380.373          47.000  
R09  21132873.747   112848343.814       -3896.642          46.000    21132872.759    87770905.585       -3030.686          45.000  
R10  18975258.251   101148817.964        -780.924          44.000                                                                  
R08  19321041.438   103463308.622        -228.956          49.000    19321035.305    80471759.249        -178.139          47.000  
R01  21840434.782   116749632.823        1636.504          45.000    21840432.082    90805385.405        1273.084          40.000  
R23  21096922.607   112854232.281       -3770.380          46.000                                                                  
G07  18718162.094    98364578.468        -263.997          46.000    18718157.154    76647649.760        -205.507          45.000  
E34  26302529.036   138220657.238       -3870.892          42.000    26302535.995   105909320.123       -2965.882          40.000  
E13  24444120.697   128454654.879        -119.992          45.000    24444123.575    98426318.925         -91.712          49.000  
E15  23624264.517   124146339.885       -2757.622          47.000    23624265.522    95125112.103       -2112.923          48.000  
G16  23975034.401   125989656.830       -1768.025          39.000                                                                  
G20  22756955.143   119588567.535        2506.177          41.000                                                                  
E07  27457994.756   144292696.252         860.489          39.000    27458000.689   110561928.933         659.381          43.000  
G11  21648132.314   113761664.241         169.240          46.000    21648128.793    88645508.715         131.948          44.000  
G14  24018041.851   126215643.368        2442.163          39.000    24018048.007    98349838.446        1903.017          38.000  
G03  22453323.269   117992985.687       -3691.573          42.000    22453322.659    91942532.808       -2876.523          35.000  
G04  22168518.978   116496349.016       -2912.319          45.000    22168517.637    90776291.589       -2269.501          43.000  
> 2024 06 08 13 09 00.4960000  0 30                     
E08  23729500.001   124699374.016          18.123          44.000    23729500.603    95548856.172          14.005          48.000  
G09  20084253.627   105543510.027       -1562.621          48.000    20084251.033    82241693.370       -1217.504          44.000  
E03  23234584.851   122098578.943       -1508.545          47.000    23234586.227    93556089.907       -1156.027          50.000  
G30  20317254.593   106767872.724        1635.979          48.000    20317251.974    83195722.634        1274.696          44.000  
R24  21577498.452   115384496.725        -638.397          46.000    21577495.688    89743507.318        -496.653          43.000  
R22  23103826.713   123329778.601       -4652.207          37.000    23103832.912    95922885.905       -3618.452          36.000  
R11  20056181.663   107174212.057        2954.861          49.000    20056178.535    83357736.785        2298.241          47.000  
R07  20747798.255   111064577.830       -2267.445          50.000    20747793.741    86383616.216       -1763.578          46.000  
E25  24746187.097   130042117.259         143.417          43.000    24746190.700    99642687.916         109.936          46.000  
G06  20417712.448   107295782.067       -2401.607          46.000    20417712.227    83607324.504       -1871.430          44.000  
S31  37632241.856   197758787.359        -775.846          46.000  
S33  38620439.098   202951709.464        -775.282          41.000  
E05  25001558.998   131384059.519       -2438.913          38.000    25001563.378   100670914.066       -1868.804          41.000  
E02  25151889.034   132174108.465        1804.283          45.000    25151892.807   101276292.956        1382.471          47.000  
R09  21154798.980   112965422.199       -3908.593          45.000    21154797.491    87861966.476       -3039.987          46.000  
R10  18979715.353   101172573.707        -802.431          45.000                                                                  
R08  19322322.874   103470171.064        -228.307          49.000    19322316.571    80477096.687        -177.576          47.000  
R01  21831227.359   116700424.835        1644.203          43.000    21831227.518    90767112.557        1278.558          42.000  
R23  21118088.462   112967455.558       -3777.700          45.000                                                                  
G07  18719711.589    98372721.218        -278.713          46.000    18719707.346    76653994.763        -217.222          46.000  
E34  26324610.335   138336691.138       -3864.765          42.000    26324616.611   105998228.800       -2961.243          40.000  
E13  24444831.287   128458385.236        -128.814          45.000    24444833.394    98429177.246         -98.713          49.000  
E15  23640022.609   124229148.429       -2762.843          48.000    23640023.709    95188562.765       -2116.975          49.000  
G16  23985153.626   126042833.059       -1777.062          39.000                                                                  
G20  22742642.830   119513357.061        2508.112          41.000                                                                  
E07  27453069.116   144266813.935         864.990          39.000    27453075.960   110542097.099         662.672          43.000  
G11  21647204.814   113756787.488         156.009          46.000    21647200.306    88641708.610         121.590          43.000  
G14  24004067.378   126142205.829        2453.799          40.000    24004073.413    98292614.450        1911.998          37.000  
G03  22474407.255   118103782.133       -3694.775          44.000    22474407.920    92028867.457       -2879.089          37.000  
G04  22185131.963   116583650.508       -2907.592          45.000    22185130.547    90844318.645       -2265.519          43.000  
> 2024 06 08 13 09 30.4960000  0 30                     
E08  23729385.504   124698778.791          21.453          44.000    23729387.628    95548400.047          16.507          49.000  
G09  20093172.152   105590374.143       -1561.505          48.000    20093168.804    82278210.874       -1216.689          44.000  
E03  23243185.652   122143776.319       -1504.557          47.000    23243187.166    93590721.662       -1152.928          50.000  
G30  20307941.900   106718932.881        1626.837          48.000    20307939.356    83157587.752        1267.720          44.000  
R24  21581134.003   115403934.644        -657.408          48.000    21581130.428    89758625.635        -511.293          43.000  
R22  23129939.623   123469192.762       -4641.568          37.000    23129947.232    96031318.892       -3610.293          35.000  
R11  20039616.226   107085692.035        2946.565          49.000    20039614.370    83288887.928        2291.783          49.000  
R07  20760508.019   111132616.240       -2268.339          50.000    20760504.473    86436534.882       -1764.123          47.000  
E25  24745388.716   130037920.891         136.375          43.000    24745392.398    99639472.522         104.382          46.000  
G06  20431458.791   107368012.583       -2413.818          48.000    20431457.197    83663607.931       -1880.900          44.000  
S31  37636658.460   197781996.595        -771.293          46.000  
S33  38624852.434   202974901.504        -770.164          40.000  
E05  25015466.500   131457146.314       -2433.390          38.000    25015472.113   100726915.566       -1864.741          42.000  
E02  25141581.649   132119943.947        1806.766          45.000    25141585.327   101234790.426        1384.396          46.000  
R09  21176792.271   113082864.913       -3920.667          45.000    21176790.797    87953310.747       -3049.684          46.000  
R10  18984294.548   101196982.929        -824.579          45.000                                                                  
R08  19323601.974   103477021.965        -228.229          49.000    19323594.654    80482425.165        -177.496          46.000  
R01  21821979.524   116650994.148        1651.388          44.000    21821981.542    90728666.422        1284.451          42.000  
R23  21139296.219   113080898.805       -3785.100          47.000                                                                  
G07  18721347.245    98381317.827        -294.178          46.000    18721343.444    76660693.417        -229.350          46.000  
E34  26346656.423   138452544.878       -3858.788          42.000    26346663.491   106086999.428       -2956.619          40.000  
E13  24445593.782   128462393.606        -138.342          45.000    24445596.212    98432248.567        -106.033          49.000  
E15  23655810.567   124312117.195       -2768.374          47.000    23655812.359    95252136.185       -2121.144          49.000  
G16  23995327.240   126096296.463       -1786.903          40.000                                                                  
G20  22728321.032   119438091.099        2509.644          42.000                                                                  
E07  27448119.669   144240806.818         868.984          38.000    27448127.058   110522169.586         665.887          43.000  
G11  21646353.811   113752315.000         142.285          46.000    21646348.957    88638223.521         110.802          43.000  
G14  23990029.458   126068435.178        2464.546          41.000    23990035.060    98235130.847        1920.157          38.000  
G03  22495511.653   118214683.755       -3698.504          45.000    22495513.250    92115284.040       -2882.099          38.000  
G04  22201718.979   116670815.681       -2903.278          44.000    22201717.309    90912239.512       -2262.236          43.000  
> 2024 06 08 13 10 00.4960000  0 30                     
E08  23729255.302   124698090.997          24.638          44.000    23729256.878    95547872.991          18.884          49.000  
G09  20102084.465   105637210.479       -1560.697          48.000    20102081.171    82314706.709       -1216.318          44.000  
E03  23251764.494   122188858.681       -1500.728          47.000    23251766.207    93625265.233       -1149.862          50.000  
G30  20298680.466   106670268.625        1617.728          47.000    20298679.584    83119667.618        1260.615          45.000  
R24  21584875.308   115423944.776        -676.531          46.000    21584872.684    89774189.048        -526.217          42.000  
R22  23155995.305   123608280.583       -4630.854          38.000    23156003.731    96139498.082       -3601.878          35.000  
R11  20023099.266   106997429.319        2937.917          49.000    20023097.476    83220239.212        2284.988          49.000  
R07  20773224.191   111200684.621       -2269.382          50.000    20773220.699    86489476.855       -1765.116          47.000  
E25  24744631.899   130033944.824         128.843          43.000    24744635.932    99636425.941          98.763          46.000  
G06  20445274.502   107440611.497       -2425.977          49.000    20445272.412    83720178.426       -1890.494          44.000  
S31  37641048.226   197805065.727        -766.401          46.000  
S33  38629238.713   202997952.946        -765.780          40.000  
E05  25029342.718   131530063.474       -2427.760          38.000    25029347.967   100782787.061       -1860.210          42.000  
E02  25131261.912   132065714.002        1808.767          45.000    25131265.433   101193237.766        1386.079          46.000  
R09  21198855.029   113200677.979       -3933.171          45.000    21198853.695    88044943.068       -3059.027          47.000  
R10  18988998.165   101222055.615        -846.745          45.000                                                                  
R08  19324881.337   103483872.782        -228.322          50.000    19324873.529    80487753.591        -177.694          46.000  
R01  21812695.109   116601350.779        1658.484          45.000    21812694.376    90690054.987        1289.891          42.000  
R23  21160545.294   113194567.905       -3792.608          46.000                                                                  
G07  18723071.514    98390378.556        -309.629          47.000    18723067.620    76667753.731        -241.388          46.000  
E34  26368670.015   138568226.780       -3853.292          42.000    26368677.353   106175638.385       -2952.396          40.000  
E13  24446412.006   128466690.615        -147.932          46.000    24446413.871    98435541.045        -113.170          48.000  
E15  23671629.726   124395254.613       -2773.892          46.000    23671633.168    95315838.830       -2125.464          49.000  
G16  24005557.633   126150056.670       -1796.948          40.000                                                                  
G20  22713990.551   119362781.681        2511.206          42.000                                                                  
E07  27443149.686   144214684.532         872.854          39.000    27443156.088   110502153.842         668.710          43.000  
G11  21645581.675   113748257.596         128.516          46.000    21645577.007    88635061.857          99.937          43.000  
G14  23975929.819   125994343.830        2475.050          40.000    23975936.297    98177397.356        1928.755          38.000  
G03  22516637.729   118325699.541       -3702.240          45.000    22516639.978    92201789.567       -2884.930          39.000  
G04  22218281.752   116757854.722       -2899.208          44.000    22218280.869    90980062.052       -2259.115          43.000  
> 2024 06 08 13 10 30.4960000  0 30                     
E08  23729107.139   124697310.487          27.516          44.000    23729108.222    95547274.894          21.020          49.000  
G09  20110991.897   105684019.230       -1559.762          48.000    20110988.834    82351181.011       -1215.544          44.000  
E03  23260321.502   122233826.242       -1497.024          47.000    23260323.010    93659720.867       -1147.141          50.000  
G30  20289472.380   106621881.653        1608.196          47.000    20289472.019    83081963.515        1253.170          45.000  
R24  21588723.375   115444526.294        -695.654          46.000    21588721.618    89790196.885        -541.001          43.000  
R22  23181992.701   123747039.019       -4619.833          39.000    23181998.945    96247421.081       -3593.036          36.000  
R11  20006630.656   106909428.132        2928.917          49.000    20006629.182    83151793.903        2278.011          48.000  
R07  20785946.440   111268783.530       -2270.593          51.000    20785941.918    86542442.599       -1766.007          47.000  
E25  24743917.236   130030190.554         121.244          43.000    24743921.533    99633549.345          93.115          47.000  
G06  20459158.559   107513576.702       -2438.361          48.000    20459157.092    83777034.347       -1899.936          43.000  
S31  37645411.366   197827993.708        -761.992          46.000  
S33  38633598.624   203020864.016        -761.336          41.000  
E05  25043186.269   131602811.666       -2422.331          38.000    25043191.656   100838529.085       -1855.909          42.000  
E02  25120929.942   132011420.951        1810.674          45.000    25120933.698   101151636.784        1387.390          46.000  
R09  21220986.771   113318858.266       -3945.605          45.000    21220985.056    88136860.989       -3068.788          47.000  
R10  18993826.227   101247792.307        -868.920          45.000                                                                  
R08  19326161.797   103490724.932        -228.491          51.000    19326153.807    80493083.059        -177.747          47.000  
R01  21803368.033   116551495.786        1665.302          43.000    21803366.982    90651278.919        1295.435          40.000  
R23  21181835.139   113308458.604       -3800.086          46.000                                                                  
G07  18724884.302    98399902.947        -325.321          47.000    18724879.918    76675175.333        -253.483          46.000  
E34  26390650.174   138683735.219       -3847.327          41.000    26390658.091   106264144.430       -2948.092          40.000  
E13  24447284.949   128471277.036        -157.821          46.000    24447286.767    98439055.282        -120.951          49.000  
E15  23687481.205   124478559.218       -2779.763          44.000    23687485.419    95379669.567       -2129.825          49.000  
G16  24015844.211   126204113.438       -1806.972          40.000                                                                  
G20  22699652.076   119287431.234        2512.506          42.000                                                                  
E07  27438156.329   144188446.862         876.529          40.000    27438162.989   110482049.670         671.502          43.000  
G11  21644888.667   113744616.199         114.512          46.000    21644884.459    88632224.380          88.954          43.000  
G14  23961769.877   125919934.411        2485.652          40.000    23961776.405    98119416.053        1936.838          37.000  
G03  22537785.197   118436828.629       -3706.079          45.000    22537787.790    92288383.389       -2887.787          39.000  
G04  22234820.903   116844767.885       -2895.186          44.000    22234819.594    91047786.508       -2255.976          43.000  
> 2024 06 08 13 11 00.4970000  0 30                     
E08  23728943.705   124696450.982          29.799          44.000    23728944.511    95546616.293          22.831          49.000  
G09  20119897.026   105730816.116       -1559.870          48.000    20119894.485    82387646.094       -1215.372          44.000  
E03  23268859.481   122278694.658       -1494.107          47.000    23268861.142    93694100.531       -1144.776          50.000  
G30  20280318.650   106573785.869        1597.840          47.000    20280319.756    83044486.314        1244.988          45.000  
R24  21592683.463   115465693.774        -715.522          47.000    21592679.864    89806660.454        -556.288          44.000  
R22  23207928.279   123885483.626       -4609.548          37.000    23207933.474    96355100.025       -3585.374          35.000  
R11  19990215.064   106821704.598        2918.921          50.000    19990212.545    83083564.531        2270.343          48.000  
R07  20798677.471   111336931.249       -2272.618          51.000    20798672.592    86595446.323       -1767.737          47.000  
E25  24743247.232   130026673.316         113.110          42.000    24743251.805    99630854.410          86.499          46.000  
G06  20473115.900   107586922.469       -2451.334          47.000    20473114.719    83834186.823       -1910.138          44.000  
S31  37649750.603   197850797.172        -758.162          46.000  
S33  38637935.316   203043650.576        -757.603          41.000  
E05  25057001.489   131675407.845       -2417.538          39.000    25057006.352   100894154.639       -1852.331          42.000  
E02  25110589.035   131957079.276        1811.859          45.000    25110592.616   101109998.524        1388.332          46.000  
R09  21243189.594   113437420.333       -3958.472          45.000    21243187.680    88229075.867       -3078.873          47.000  
R10  18998781.753   101274208.072        -892.105          45.000                                                                  
R08  19327444.789   103497594.513        -229.544          51.000    19327436.923    80498426.075        -178.563          47.000  
R01  21794002.539   116501441.932        1671.272          43.000    21794002.735    90612348.107        1299.901          40.000  
R23  21203169.690   113422584.314       -3808.151          46.000                                                                  
G07  18726788.466    98409905.082        -341.584          48.000    18726783.091    76682969.202        -266.295          46.000  
E34  26412600.827   138799086.405       -3842.229          41.000    26412609.475   106352529.961       -2944.130          40.000  
E13  24448215.536   128476167.669        -168.416          46.000    24448217.640    98442802.611        -128.973          49.000  
E15  23703368.320   124562046.166       -2786.007          44.000    23703372.227    95443640.041       -2134.815          48.000  
G16  24026189.828   126258482.319       -1817.733          41.000                                                                  
G20  22685308.169   119212054.142        2512.547          42.000                                                                  
E07  27433144.041   144162106.712         879.516          41.000    27433150.660   110461866.952         673.902          43.000  
G11  21644277.821   113741405.520          99.714          46.000    21644273.984    88629722.515          77.657          44.000  
G14  23947552.221   125845220.932        2494.913          40.000    23947558.655    98061197.819        1944.231          37.000  
G03  22558956.858   118548087.798       -3710.959          44.000    22558960.535    92375078.591       -2891.543          39.000  
G04  22251339.422   116931572.300       -2891.862          44.000    22251338.109    91115426.218       -2253.374          43.000  
> 2024 06 08 13 11 30.4970000  0 30                     
E08  23728768.758   124695531.382          31.074          44.000    23728769.300    95545911.656          23.790          48.000  
G09  20128803.196   105777617.105       -1560.662          49.000    20128800.639    82424114.388       -1216.167          44.000  
E03  23277381.856   122323480.155       -1491.944          47.000    23277383.542    93728416.688       -1143.250          49.000  
G30  20271226.884   106526005.147        1586.868          47.000    20271227.118    83007254.572        1236.555          45.000  
R24  21596755.185   115487464.791        -736.502          49.000    21596751.662    89823593.411        -572.742          45.000  
R22  23233808.586   124023628.3681      -4600.370          38.000    23233810.570    96462540.315       -3577.664          33.000  
R11  19973855.765   106734288.456        2908.130          51.000    19973852.656    83015574.257        2261.761          47.000  
R07  20811419.958   111405143.612       -2275.562          53.000    20811415.446    86648500.280       -1769.794          47.000  
E25  24742627.048   130023413.792         103.857          43.000    24742631.185    99628356.920          79.521          46.000  
G06  20487147.580   107660660.798       -2465.024          48.000    20487146.888    83891645.180       -1920.962          43.000  
S31  37654069.748   197873493.570        -754.982          46.000  
S33  38642250.554   203066328.900        -754.736          41.000  
E05  25070790.654   131747866.866       -2413.818          38.000    25070794.615   100949675.100       -1849.373          41.000  
E02  25100243.180   131902714.028        1812.021          46.000    25100247.192   101068342.203        1388.365          46.000  
R09  21265465.623   113556372.328       -3972.309          49.000    21265463.654    88321594.052       -3089.439          46.000  
R10  19003868.197   101301321.315        -915.935          47.000                                                                  
R08  19328734.432   103504502.043        -231.460          53.000    19328727.014    80503798.594        -180.126          47.000  
R01  21784607.767   116451212.692        1676.505          48.000    21784607.122    90573280.975        1304.080          40.000  
R23  21224550.150   113536952.606       -3817.013          49.000                                                                  
G07  18728786.577    98420403.407        -358.699          49.000    18728780.966    76691149.707        -279.495          45.000  
E34  26434523.618   138914290.120       -3838.238          40.000    26434532.626   106440802.486       -2940.944          40.000  
E13  24449208.005   128481381.916        -179.769          46.000    24449209.973    98446797.904        -137.716          49.000  
E15  23719292.840   124645727.498       -2793.207          45.000    23719295.799    95507759.442       -2140.302          47.000  
G16  24036598.608   126313178.452       -1829.142          41.000                                                                  
G20  22670963.860   119136676.963        2512.053          42.000                                                                  
E07  27428116.150   144135684.670         881.751          40.000    27428123.038   110441621.497         675.468          44.000  
G11  21643752.941   113738645.697          83.827          46.000    21643749.593    88627571.955          65.397          43.000  
G14  23933281.902   125770229.890        2503.796          40.000    23933288.179    98002763.359        1950.856          37.000  
G03  22580156.323   118659487.750       -3716.257          44.000    22580160.143    92461883.465       -2895.600          39.000  
G04  22267839.680   117018281.570       -2889.321          44.000    22267837.998    91182991.823       -2251.617          42.000  
> 2024 06 08 13 12 00.4970000  0 30                     
E08  23728590.886   124694593.664          31.188          45.000    23728590.937    95545193.149          23.763          48.000  
G09  20137718.247   105824466.029       -1562.961          48.000    20137716.116    82460620.002       -1217.907          44.000  
E03  23285896.598   122368226.537       -1491.374          46.000    23285898.394    93762702.825       -1142.653          49.000  
G30  20262203.093   106478581.676        1574.373          47.000    20262202.458    82970301.195        1226.668          45.000  
R24  21600946.836   115509882.239        -758.458          47.000    21600944.444    89841029.106        -589.972          45.000  
R22  23259634.729   124161503.443       -4591.853          37.000    23259639.371    96569776.423       -3571.259          34.000  
R11  19957563.050   106647224.263        2895.697          49.000    19957559.143    82947857.712        2252.173          47.000  
R07  20824182.826   111473467.261       -2279.830          50.000    20824178.993    86701640.766       -1773.310          47.000  
E25  24742064.225   130020455.534          93.046          42.000    24742067.997    99626090.236          71.473          45.000  
G06  20501262.147   107734834.142       -2480.059          47.000    20501261.479    83949442.503       -1932.504          44.000  
S31  37658375.923   197896124.732        -753.633          46.000  
S33  38646553.933   203088944.050        -753.002          41.000  
E05  25084560.667   131820233.952       -2411.257          38.000    25084565.231   101005125.124       -1847.472          40.000  
E02  25089901.426   131848367.917        1810.961          45.000    25089905.121   101026700.537        1387.574          46.000  
R09  21287822.750   113675757.403       -3987.251          47.000    21287820.605    88414449.084       -3101.195          48.000  
R10  19009093.290   101329175.083        -941.517          45.000                                                                  
R08  19330039.864   103511492.398        -234.872          50.000    19330032.634    80509235.508        -182.662          47.000  
R01  21775186.904   116400849.638        1680.536          44.000    21775185.252    90534109.791        1307.149          39.000  
R23  21245983.685   113651605.875       -3826.927          45.000                                                                  
G07  18730885.808    98431440.164        -377.346          48.000    18730881.019    76699749.777        -294.207          45.000  
E34  26456426.813   139029390.765       -3835.146          41.000    26456435.611   106528996.018       -2938.690          40.000  
E13  24450269.277   128486962.848        -192.479          45.000    24450272.257    98451074.172        -147.469          49.000  
E15  23735263.369   124729646.637       -2801.650          46.000    23735264.658    95572061.058       -2146.711          46.000  
G16  24047077.776   126368245.636       -1842.072          41.000                                                                  
G20  22656627.490   119061341.542        2510.193          40.000                                                                  
E07  27423080.956   144109221.832         882.523          41.000    27423087.183   110421344.784         676.181          44.000  
G11  21643321.737   113736379.587          66.807          45.000    21643318.842    88625806.126          52.029          45.000  
G14  23918967.340   125695003.587        2510.978          40.000    23918972.968    97944145.556        1955.966          38.000  
G03  22601390.269   118771073.455       -3723.289          42.000    22601394.240    92548833.099       -2901.187          39.000  
G04  22284330.279   117104941.050       -2888.291          43.000    22284328.983    91250518.612       -2250.606          43.000  
> 2024 06 08 13 12 30.4970000  0 30                     
E08  23728417.840   124693684.325          29.480          45.000    23728418.020    95544496.377          22.623          48.000  
G09  20146651.652   105871409.795       -1566.666          49.000    20146649.139    82497199.530       -1220.690          44.000  
E03  23294413.506   122412980.722       -1492.164          46.000    23294414.934    93796994.965       -1143.395          50.000  
G30  20253256.427   106431563.645        1560.006          48.000    20253254.879    82933663.756        1215.639          45.000  
R24  21605268.110   115532992.957        -782.240          48.000    21605265.616    89859004.064        -608.207          43.000  
R22  23285418.668   124299160.323       -4584.828          34.000    23285427.543    96676842.793       -3566.699          35.000  
R11  19941345.953   106560564.360        2881.488          49.000    19941342.597    82880455.628        2241.180          47.000  
R07  20836976.068   111541951.073       -2285.941          50.000    20836972.095    86754905.805       -1777.868          46.000  
E25  24741567.866   130017846.604          80.919          43.000    24741571.170    99624091.268          61.804          45.000  
G06  20515468.191   107809487.011       -2496.810          48.000    20515467.304    84007613.483       -1945.497          44.000  
S31  37662679.412   197918739.206        -753.846          46.000  
S33  38650854.371   203111541.486        -753.556          41.000  
E05  25098323.993   131892556.480       -2410.060          38.000    25098327.973   101060541.015       -1846.888          40.000  
E02  25079572.425   131794089.989        1807.882          45.000    25079575.981   100985111.102        1385.267          45.000  
R09  21310268.569   113795619.322       -4003.514          47.000    21310266.763    88507674.981       -3113.853          48.000  
R10  19014466.348   101357817.140        -968.099          45.000                                                                  
R08  19331369.456   103518614.800        -239.950          50.000    19331362.820    80514775.106        -186.561          47.000  
R01  21765747.666   116350401.129        1682.530          44.000    21765747.665    90494872.218        1309.050          40.000  
R23  21267478.321   113766587.386       -3838.334          43.000                                                                  
G07  18733097.334    98443062.025        -397.460          48.000    18733092.335    76708805.757        -309.761          45.000  
E34  26478319.804   139144433.439       -3833.830          42.000    26478327.675   106617145.126       -2937.558          40.000  
E13  24451409.025   128492957.776        -207.039          44.000    24451413.003    98455667.677        -158.599          50.000  
E15  23751286.765   124813848.733       -2811.790          46.000    23751287.547    95636579.468       -2154.433          46.000  
G16  24057635.847   126423730.422       -1856.830          41.000                                                                  
G20  22642308.969   118986097.446        2506.426          42.000                                                                  
E07  27418046.101   144082764.665         881.474          41.000    27418052.559   110401072.410         675.470          44.000  
G11  21642993.498   113734654.669          48.162          45.000    21642990.781    88624462.013          37.537          45.000  
G14  23904615.703   125619591.269        2516.584          40.000    23904622.646    97885382.803        1960.991          37.000  
G03  22622667.559   118882890.582       -3731.280          40.000    22622672.508    92635963.053       -2907.601          38.000  
G04  22300820.390   117191597.719       -2888.863          43.000    22300819.409    91318043.196       -2250.990          43.000  
> 2024 06 08 13 13 00.4970000  0 30                     
E08  23728255.144   124692831.455          27.586          45.000    23728255.559    95543842.903          21.053          48.000  
G09  20155608.100   105918476.792       -1570.869          48.000    20155605.531    82533875.104       -1224.138          44.000  
E03  23302936.837   122457771.161       -1493.729          46.000    23302938.450    93831314.883       -1144.483          50.000  
G30  20244393.140   106384980.850        1545.405          48.000    20244390.466    82897365.458        1204.257          45.000  
R24  21609725.759   115556825.161        -806.558          49.000    21609721.864    89877540.168        -627.255          42.000  
R22  23311167.551   124436624.561       -4578.614          35.000    23311179.308    96783759.273       -3561.743          35.000  
R11  19925209.917   106474342.051        2866.607          49.000    19925206.773    82813393.895        2229.596          47.000  
R07  20849804.848   111610625.278       -2292.369          49.000    20849800.990    86808318.957       -1782.993          46.000  
E25  24741143.888   130015616.742          68.034          44.000    24741146.641    99622382.760          52.141          45.000  
G06  20529770.390   107884645.448       -2513.704          47.000    20529770.371    84066178.410       -1958.845          44.000  
S31  37666985.038   197941364.890        -754.444          46.000  
S33  38655156.577   203134150.096        -754.202          40.000  
E05  25112083.357   131964863.306       -2410.034          38.000    25112087.629   101115944.872       -1846.769          41.000  
E02  25069262.619   131739910.866        1804.137          44.000    25069265.891   100943597.349        1382.516          46.000  
R09  21332808.928   113915983.409       -4020.529          47.000    21332807.021    88601291.455       -3127.212          48.000  
R10  19019992.821   101387276.154        -995.726          45.000                                                                  
R08  19332729.970   103525899.683        -245.551          50.000    19332722.889    80520441.064        -190.954          47.000  
R01  21756298.395   116299896.469        1684.405          43.000    21756299.650    90455590.957        1309.974          41.000  
R23  21289037.246   113881921.285       -3850.238          43.000                                                                  
G07  18735426.404    98455297.344        -418.138          49.000    18735420.634    76718339.784        -325.834          45.000  
E34  26500206.200   139259444.812       -3833.133          41.000    26500214.458   106705270.274       -2937.138          40.000  
E13  24452633.746   128499395.618        -221.966          44.000    24452638.182    98460600.570        -170.127          50.000  
E15  23767369.261   124898360.497       -2822.281          46.000    23767369.950    95701335.159       -2162.521          46.000  
G16  24068278.770   126479660.526       -1871.875          40.000                                                                  
G20  22628014.066   118910975.409        2501.909          42.000                                                                  
E07  27413016.919   144056341.224         880.356          41.000    27413024.859   110380825.907         674.460          44.000  
G11  21642773.216   113733499.957          28.807          44.000    21642770.853    88623562.225          22.494          44.000  
G14  23890235.358   125544023.789        2521.543          38.000    23890242.392    97826499.140        1964.864          37.000  
G03  22643995.088   118994966.497       -3740.297          40.000    22643999.874    92723294.612       -2914.554          37.000  
G04  22317315.639   117278280.154       -2889.769          43.000    22317314.166    91385587.894       -2251.981          42.000  
> 2024 06 08 13 13 30.4970000  0 30                     
E08  23728108.219   124692054.179          24.218          46.000    23728107.344    95543247.315          18.716          48.000  
G09  20164591.929   105965686.354       -1576.438          48.000    20164588.823    82570661.730       -1228.349          43.000  
E03  23311471.043   122502617.246       -1496.134          46.000    23311472.402    93865677.409       -1146.396          50.000  
G30  20235614.742   106338854.102        1529.620          48.000    20235612.847    82861422.544        1191.840          45.000  
R24  21614321.469   115581397.675        -831.748          48.000    21614316.327    89896652.105        -646.928          41.000  
R22  23336888.984   124573912.343       -4573.616          37.000    23336900.248    96890538.585       -3557.565          38.000  
R11  19909160.938   106388581.366        2850.635          48.000    19909158.164    82746691.207        2217.102          48.000  
R07  20862673.287   111679510.467       -2300.104          48.000    20862669.698    86861896.229       -1788.930          46.000  
E25  24740795.418   130013786.488          53.957          44.000    24740798.349    99620980.427          41.333          45.000  
G06  20544172.585   107960326.483       -2531.663          47.000    20544172.635    84125150.529       -1972.800          45.000  
S31  37671296.602   197964020.809        -756.028          46.000  
S33  38659465.111   203156789.742        -755.201          40.000  
E05  25125843.882   132037174.266       -2410.964          38.000    25125848.156   101171351.877       -1847.242          40.000  
E02  25058975.561   131685852.100        1799.545          44.000    25058978.785   100902175.819        1378.952          46.000  
R09  21355446.822   114036865.678       -4038.425          47.000    21355444.358    88695310.922       -3140.887          48.000  
R10  19025677.062   101417571.644       -1024.123          45.000                                                                  
R08  19334125.145   103533368.174        -252.355          50.000    19334117.979    80526249.855        -196.277          47.000  
R01  21746846.433   116249355.961        1684.973          45.000    21746845.277    90416281.767        1310.616          40.000  
R23  21310667.855   113997622.790       -3863.199          47.000                                                                  
G07  18737875.451    98468164.438        -439.818          50.000    18737869.350    76728366.094        -342.722          46.000  
E34  26522090.262   139374442.558       -3833.266          41.000    26522098.118   106793384.940       -2937.300          40.000  
E13  24453946.616   128506296.277        -238.125          43.000    24453951.421    98465888.077        -182.435          50.000  
E15  23783513.612   124983199.614       -2833.871          46.000    23783514.749    95766341.656       -2171.259          47.000  
G16  24079010.540   126536054.898       -1887.792          41.000                                                                  
G20  22613746.243   118835997.212        2496.682          43.000                                                                  
E07  27407998.342   144029970.586         877.824          41.000    27408006.351   110360619.832         672.659          44.000  
G11  21642665.966   113732935.422           8.741          45.000    21642663.180    88623122.319           6.775          44.000  
G14  23875830.402   125468322.928        2525.392          40.000    23875836.533    97767511.603        1967.509          37.000  
G03  22665375.376   119107319.419       -3749.759          41.000    22665379.492    92810842.051       -2921.979          35.000  
G04  22333819.263   117365007.864       -2892.209          43.000    22333817.945    91453167.841       -2253.435          42.000  
> 2024 06 08 13 14 00.4970000  0 30                     
E08  23727978.864   124691373.364          21.129          46.000    23727977.825    95542725.674          16.190          48.000  
G09  20173606.774   106013059.790       -1581.860          48.000    20173603.419    82607576.046       -1232.690          43.000  
E03  23320019.204   122547540.270       -1498.778          46.000    23320021.037    93900098.889       -1148.342          50.000  
G30  20226927.587   106293205.980        1513.732          47.000    20226926.671    82825852.569        1179.464          45.000  
R24  21619057.095   115606731.279        -857.040          46.000    21619054.365    89916355.913        -666.575          43.000  
R22  23362579.497   124711042.114       -4567.790          37.000    23362591.236    96997194.991       -3552.868          38.000  
R11  19893203.054   106303308.258        2834.265          49.000    19893200.893    82680367.759        2204.468          48.000  
R07  20875585.061   111748630.042       -2308.017          48.000    20875582.388    86915655.826       -1794.934          47.000  
E25  24740527.907   130012378.279          39.910          45.000    24740530.372    99619901.454          30.534          46.000  
G06  20558677.274   108036548.874       -2549.606          47.000    20558677.230    84184544.504       -1986.735          44.000  
S31  37675617.635   197986729.340        -757.869          46.000  
S33  38663783.038   203179482.184        -757.367          40.000  
E05  25139608.805   132109511.038       -2411.198          38.000    25139613.411   101226778.673       -1847.958          40.000  
E02  25048716.397   131631937.154        1794.588          44.000    25048719.292   100860864.456        1375.204          47.000  
R09  21378184.776   114158284.173       -4056.156          47.000    21378182.386    88789747.487       -3154.887          48.000  
R10  19031521.268   101448725.478       -1052.704          45.000                                                                  
R08  19335557.698   103541043.390        -259.250          50.000    19335550.816    80532219.472        -201.602          46.000  
R01  21737389.910   116198801.381        1685.488          45.000    21737387.342    90376961.608        1310.358          39.000  
R23  21332370.279   114113708.980       -3875.743          46.000                                                                  
G07  18740448.420    98481684.512        -461.545          50.000    18740442.469    76738901.201        -359.702          46.000  
E34  26543974.563   139489446.136       -3833.256          41.000    26543983.104   106881504.087       -2937.457          40.000  
E13  24455352.722   128513681.437        -254.259          44.000    24455356.606    98471546.823        -194.882          50.000  
E15  23799722.611   125068385.606       -2845.344          45.000    23799725.322    95831613.944       -2180.055          47.000  
G16  24089834.737   126592934.308       -1904.208          40.000                                                                  
G20  22599510.095   118761186.538        2490.974          42.000                                                                  
E07  27402994.544   144003673.560         875.439          40.000    27403002.264   110340470.171         670.821          43.000  
G11  21642674.712   113732982.888         -11.755          45.000    21642671.949    88623159.298          -9.224          43.000  
G14  23861404.196   125392512.471        2528.837          40.000    23861410.022    97708438.621        1970.557          37.000  
G03  22686812.176   119219969.527       -3759.726          42.000    22686815.679    92898621.112       -2930.049          33.000  
G04  22350335.698   117451802.228       -2894.093          43.000    22350334.296    91520799.766       -2255.416          42.000  
> 2024 06 08 13 14 30.4970000  0 30                     
E08  23727869.160   124690803.911          16.945          45.000    23727869.441    95542289.367          12.888          47.000  
G09  20182655.737   106060612.316       -1588.248          48.000    20182652.266    82644629.930       -1237.572          43.000  
E03  23328585.686   122592555.559       -1502.362          47.000    23328587.297    93934591.087       -1151.254          50.000  
G30  20218334.503   106248053.125        1496.481          46.000    20218334.463    82790668.477        1166.114          46.000  
R24  21623939.039   115632840.535        -883.555          45.000    21623936.840    89936662.987        -687.185          43.000  
R22  23388244.129   124848026.153       -4564.161          39.000    23388252.232    97103738.071       -3549.352          39.000  
R11  19877341.136   106218542.996        2816.650          50.000    19877338.033    82614439.298        2190.717          47.000  
R07  20888544.853   111818000.318       -2316.807          49.000    20888541.332    86969610.440       -1802.047          47.000  
E25  24740343.184   130011408.629          24.721          44.000    24740346.306    99619158.516          18.903          46.000  
G06  20573286.512   108113325.452       -2568.606          47.000    20573286.717    84244370.335       -2001.699          44.000  
S31  37679951.869   198009505.044        -760.570          46.000  
S33  38668114.207   203202241.786        -760.370          41.000  
E05  25153381.911   132181889.403       -2413.286          37.000    25153386.786   101282237.342       -1849.422          40.000  
E02  25038488.013   131578183.457        1788.708          44.000    25038490.575   100819676.638        1370.725          47.000  
R09  21401024.774   114280250.482       -4074.904          47.000    21401022.876    88884610.114       -3169.258          48.000  
R10  19037529.378   101480751.918       -1082.466          45.000                                                                  
R08  19337032.700   103548942.512        -267.429          50.000    19337025.922    80538363.250        -208.093          47.000  
R01  21727930.623   116148249.075        1684.800          42.000    21727930.043    90337643.181        1310.167          39.000  
R23  21354145.355   114230190.998       -3889.564          46.000                                                                  
G07  18743147.693    98495872.542        -484.570          49.000    18743142.281    76749956.782        -377.498          46.000  
E34  26565862.904   139604469.111       -3834.743          41.000    26565871.697   106969638.056       -2938.249          40.000  
E13  24456854.404   128521566.821        -271.493          45.000    24456857.098    98477588.842        -208.127          49.000  
E15  23816001.690   125153931.988       -2857.783          44.000    23816004.744    95897162.374       -2189.683          47.000  
G16  24100753.788   126650313.510       -1921.105          41.000                                                                  
G20  22585309.188   118686561.138        2484.068          42.000                                                                  
E07  27398007.076   143977465.055         871.873          40.000    27398014.405   110320388.333         668.061          42.000  
G11  21642802.696   113733658.120         -33.417          45.000    21642800.206    88623685.422         -25.879          43.000  
G14  23846960.409   125316610.014        2531.397          39.000    23846966.445    97649294.035        1972.409          37.000  
G03  22708308.377   119332930.875       -3770.832          43.000    22708311.755    92986642.658       -2938.379          34.000  
G04  22366867.656   117538678.691       -2897.442          42.000    22366866.744    91588495.615       -2257.981          42.000  
