     3.00           OBSERVATION DATA    M: Mixed            RINEX VERSION / TYPE
CONVBIN demo5 b34j                      20240609 013620 UTC PGM / RUN BY / DATE 
log: SAUC00CHL_R_20241601200_15M_30S_MO.ubx                 COMMENT             
format: u-blox UBX                                          COMMENT             
format: u-blox UBX                                          COMMENT             
log: SAUC00CHL_R_20241601200_15M_30S_MO.ubx                 COMMENT             
SAUC00CHL                                                   MARKER NAME         
                                                            MARKER NUMBER       
GEODETIC                                                    MARKER TYPE         
El Sauce            Obstech                                 OBSERVER / AGENCY   
UNKNOWN             UBLOX-ZED-F9P                           REC # / TYPE / VERS 
UNKNWOWN            TWIVSP6037L                             ANT # / TYPE        
  1813185.0000 -5195981.0000 -3216438.0000                  APPROX POSITION XYZ 
        0.0000        0.0000        0.0000                  ANTENNA: DELTA H/E/N
G    8 C1C L1C D1C S1C C2X L2X D2X S2X                      SYS / # / OBS TYPES 
R    8 C1C L1C D1C S1C C2C L2C D2C S2C                      SYS / # / OBS TYPES 
E    8 C1X L1X D1X S1X C7X L7X D7X S7X                      SYS / # / OBS TYPES 
S    4 C1C L1C D1C S1C                                      SYS / # / OBS TYPES 
  2024    06    08    12    00   00.4940000     GPS         TIME OF FIRST OBS   
  2024    06    08    12    14   30.4950000     GPS         TIME OF LAST OBS    
                                                            END OF HEADER       
> 2024 06 08 12 00 00.4940000  0 31                     
E08  23880895.196   125494958.4641        404.389          46.000    23880893.283    96158461.8701        310.010          46.000  
G09  19096262.120   100351591.6211       -901.678          49.000    19096258.858    78196046.8721       -702.588          47.000  
E03  22122562.258   116254878.9711      -1285.532          48.000    22122562.797    89078454.1121       -985.070          51.000  
G19  22980213.302   120761800.3851      -2715.912          42.000                                                                  
G30  22211541.220   116722394.2201       2925.000          44.000    22211540.619    90952486.5251       2279.218          42.000  
R24  22307966.318   119290685.3811       2306.114          42.000    22307962.743    92781665.1981       1793.778          43.000  
R16  22284282.775                       -4224.342          12.000                                                                  
R22  19504859.792   104118238.2661      -4194.648          46.000    19504858.512    80980751.1071      -3262.562          47.000  
R11  22695116.123   121275845.3341       3389.022          44.000    22695118.626    94325625.2271       2636.418          42.000  
R07  19224307.590   102909248.5361      -1779.882          50.000    19224302.300    80040590.5381      -1384.322          47.000  
E25  25384720.022   133397610.0611       1261.042          43.000    25384724.362   102213774.1831        966.281          42.000  
G06  19582543.888   102906966.7551        319.016          47.000    19582542.398    80187474.7901        248.595          45.000  
S31  37023202.698   194558289.7841       -796.425          46.000  
S33  38012002.408   199754388.9791       -795.461          41.000  
E05  23013548.512   120937040.1611      -2636.313          44.000    23013551.517    92666066.6171      -2020.019          48.000  
E02  26541427.500   139476141.5591       1498.502          40.000    26541433.167   106871346.8501       1148.022          40.000  
R09  19293678.701   103027162.2601       -715.363          49.000    19293675.059    80132213.7041       -556.360          49.000  
R10  19672955.283   104867927.6961       2266.461          44.000                                                                  
R08  19330433.203   103513616.8091        177.786          48.000    19330425.561    80510891.2471        138.302          46.000  
R01  22992863.415   122910040.5871       1374.798          41.000                                                                  
R23  19196894.515   102690410.4351       -871.823          47.000                                                                  
G07  19550097.835   102736426.3601       2213.560          47.000    19550094.044    80054284.5311       1724.824          43.000  
E34  23389865.741   122914616.5621      -3408.778          45.000    23389866.615    94181342.6621      -2611.819          46.000  
E18  26791277.751   140789073.1131       -182.991          40.000    26791280.449   107877307.1121       -140.190          43.000  
E13  25046391.742   131619627.8271       1493.805          43.000    25046392.176   100851434.0601       1144.622          46.000  
E15  22145251.484   116374112.0321       -957.964          46.000    22145253.363    89169775.8851       -734.048          50.000  
G17  23331437.489   122607457.9671      -3386.650          43.000    23331433.104    95538245.2861      -2638.737          37.000  
G11  22664540.070   119102947.2231       2195.216          44.000    22664535.922    92807553.5851       1710.830          41.000  
G02  24231987.319   127339881.0801      -4681.219          35.000                                                                  
G03  20094362.020   105596635.0241      -2334.276          45.000    20094360.387    82283145.6381      -1818.919          42.000  
G04  19945692.350   104815354.2411      -2744.765          46.000    19945688.078    81674227.3521      -2138.750          44.000  
> 2024 06 08 12 00 30.4940000  0 30                     
E08  23878597.722   125482883.873         400.546          46.000    23878595.750    96149209.846         306.906          46.000  
G09  19101427.793   100378738.893        -908.057          49.000    19101424.885    78217200.531        -707.568          47.000  
E03  22129910.492   116293489.147       -1288.261          48.000    22129909.168    89108038.488        -987.138          50.000  
G19  22995727.267   120843330.866       -2719.258          41.000                                                                  
G30  22194856.245   116634712.760        2920.786          43.000    22194855.801    90884163.304        2275.993          42.000  
R24  22295073.515   119221738.277        2290.678          44.000    22295069.876    92728039.538        1781.605          44.000  
R22  19528472.985   104244278.756       -4207.955          48.000    19528469.972    81078782.479       -3272.799          47.000  
R11  22676072.478   121174080.167        3395.432          45.000    22676074.250    94246474.501        2640.798          42.000  
R07  19234287.577   102962673.972       -1781.787          50.000    19234282.440    80082143.562       -1385.767          47.000  
E25  25377531.943   133359834.633        1257.454          43.000    25377536.266   102184829.424         963.513          43.000  
G06  19580779.280   102897693.152         299.481          47.000    19580777.355    80180248.532         233.402          45.000  
S31  37027748.809   194582178.419        -795.864          45.000  
S33  38016542.350   199778247.528        -795.394          40.000  
E05  23028595.234   121016109.293       -2634.872          44.000    23028598.149    92726651.859       -2018.879          48.000  
E02  26532856.546   139431096.349        1504.747          40.000    26532861.034   106836831.721        1153.065          40.000  
R09  19297768.618   103049004.634        -740.715          48.000    19297765.797    80149202.120        -576.160          49.000  
R10  19660240.736   104800150.927        2252.275          45.000                                                                  
R08  19329444.834   103508322.785         175.231          49.000    19329437.565    80506773.593         136.318          46.000  
R01  22985144.653   122868784.122        1375.481          38.000                                                                  
R23  19201857.487   102716969.234        -898.585          46.000                                                                  
G07  19537500.852   102670227.340        2199.896          47.000    19537495.933    80002700.842        1714.150          43.000  
E34  23409345.668   123016989.498       -3416.049          44.000    23409347.911    94259784.195       -2617.574          47.000  
E18  26792299.244   140794439.182        -174.773          40.000    26792302.015   107881418.588        -133.933          44.000  
E13  25037888.085   131574939.871        1485.484          43.000    25037888.197   100817192.525        1138.326          46.000  
E15  22150761.386   116403066.792        -972.336          46.000    22150763.151    89191961.954        -744.971          50.000  
G17  23350758.503   122708989.426       -3382.102          41.000    23350753.981    95617360.512       -2635.604          37.000  
G11  22652035.216   119037230.131        2185.964          44.000    22652030.371    92756345.350        1703.463          41.000  
G02  24258698.609   127480247.956       -4676.444          30.000                                                                  
G03  20107715.119   105666812.659       -2344.233          42.000    20107715.053    82337829.394       -1826.626          42.000  
G04  19961369.358   104897737.824       -2747.353          45.000    19961365.793    81738422.235       -2140.774          44.000  
> 2024 06 08 12 01 00.4940000  0 30                     
E08  23876317.511   125470901.498         398.107          46.000    23876315.685    96140028.490         305.124          46.000  
G09  19106625.084   100406050.099        -912.768          49.000    19106621.874    78238481.925        -711.139          47.000  
E03  22137269.362   116332157.398       -1289.447          49.000    22137267.517    89137667.381        -988.047          49.000  
G19  23011254.393   120924927.844       -2720.424          40.000                                                                  
G30  22178188.638   116547125.467        2918.469          43.000    22178188.152    90815913.495        2274.084          42.000  
R24  22282263.716   119153229.606        2276.656          45.000    22282257.970    92674754.909        1770.677          42.000  
R22  19552153.160   104370689.765       -4219.459          47.000    19552150.606    81177102.002       -3281.749          46.000  
R11  22656989.474   121072105.472        3402.898          46.000    22656991.009    94167160.784        2646.654          42.000  
R07  19244273.670   103016131.188       -1782.071          50.000    19244268.911    80123721.308       -1386.070          47.000  
E25  25370358.619   133322138.178        1255.562          43.000    25370362.992   102155945.185         961.962          43.000  
G06  19579120.360   102888975.489         281.641          47.000    19579118.357    80173455.490         219.412          45.000  
S31  37032287.545   194606028.428        -794.013          45.000  
S33  38021075.450   199802068.497        -793.452          41.000  
E05  23043629.022   121095108.577       -2631.902          44.000    23043631.349    92787183.610       -2016.582          48.000  
E02  26524241.719   139385830.106        1512.861          40.000    26524247.414   106802147.270        1159.201          41.000  
R09  19301996.668   103071581.345        -764.623          48.000    19301994.048    80166761.704        -594.626          49.000  
R10  19647601.081   104732774.019        2239.510          45.000                                                                  
R08  19328465.445   103503072.723         174.529          49.000    19328457.567    80502690.169         135.822          47.000  
R01  22977416.188   122827475.157        1377.714          38.000    22977421.572    95532606.7471       1072.336          37.000  
R16  22324325.298                       -4223.112          11.000                                                                  
R23  19206965.295   102744293.862        -923.256          46.000                                                                  
G07  19524976.315   102604410.751        2187.780          48.000    19524971.006    79951415.166        1704.724          43.000  
E34  23428863.486   123119555.492       -3421.761          44.000    23428866.034    94338373.625       -2621.762          47.000  
E18  26793269.511   140799537.752        -165.055          40.000    26793272.118   107885325.069        -126.500          44.000  
E13  25029426.293   131530470.667        1479.066          44.000    25029425.862   100783118.605        1133.172          46.000  
E15  22156347.946   116432422.790        -984.839          46.000    22156349.379    89214455.463        -754.598          49.000  
G17  23370048.331   122810357.992       -3375.971          41.000    23370043.932    95696348.800       -2630.886          35.000  
G11  22639578.878   118971772.271        2177.942          45.000    22639573.925    92705339.124        1697.076          41.000  
G03  20121120.736   105737259.874       -2352.294          43.000    20121120.995    82392723.232       -1833.171          43.000  
G04  19977056.389   104980174.495       -2748.353          45.000    19977052.748    81802658.496       -2141.620          44.000  
> 2024 06 08 12 01 30.4940000  0 29                     
E08  23874046.932   125458970.208         397.293          46.000    23874045.475    96130886.273         304.556          46.000  
G09  19111845.528   100433483.640        -916.003          49.000    19111841.959    78259858.642        -713.763          48.000  
E03  22144630.146   116370842.345       -1289.231          48.000    22144630.197    89167309.054        -987.887          51.000  
G19  23026786.414   121006547.996       -2720.562          41.000                                                                  
G30  22161531.994   116459594.300        2917.254          44.000    22161531.594    90747707.406        2273.175          42.000  
R24  22269528.056   119085121.465        2263.972          47.000    22269521.160    92621781.797        1760.807          39.000  
R22  19575895.094   104497425.360       -4229.356          46.000    19575892.452    81275674.039       -3289.662          46.000  
R11  22637859.890   120969883.679        3411.736          45.000    22637861.307    94087654.881        2653.839          41.000  
R07  19254258.903   103069578.764       -1780.939          52.000    19254253.022    80165291.532       -1385.081          47.000  
E25  25363192.992   133284482.270        1254.892          43.000    25363197.439   102127092.020         961.565          43.000  
G06  19577559.879   102880774.481         265.192          48.000    19577558.099    80167065.038         206.564          46.000  
S31  37036811.174   194629800.577        -790.582          46.000  
S33  38025594.068   199825810.590        -789.872          41.000  
E05  23058640.960   121173997.151       -2627.286          45.000    23058643.454    92847630.548       -2013.155          47.000  
E02  26515577.457   139340303.822        1522.425          40.000    26515584.299   106767263.547        1166.528          41.000  
R09  19306355.249   103094851.465        -786.617          50.000    19306351.586    80184860.629        -611.956          48.000  
R10  19635029.703   104665760.877        2228.134          46.000                                                                  
R08  19327484.290   103497824.970         175.412          49.000    19327477.271    80498608.521         136.387          47.000  
R01  22969670.329   122786051.2561       1382.276          39.000    22969671.193    95500403.755        1075.156          38.000  
R23  19212208.413   102772342.143        -946.660          47.000                                                                  
G07  19512517.060   102538938.584        2177.100          48.000    19512511.617    79900397.876        1696.367          43.000  
E34  23448409.810   123222272.219       -3425.886          44.000    23448412.300    94417078.568       -2624.976          47.000  
E18  26794182.223   140804327.525        -153.897          41.000    26794183.483   107888994.986        -118.053          43.000  
E13  25020998.009   131486181.449        1473.850          44.000    25020997.902   100749182.574        1129.301          46.000  
E15  22162003.812   116462139.542        -996.094          47.000    22162004.220    89237225.372        -763.161          49.000  
G17  23389298.374   122911521.405       -3367.879          40.000    23389297.799    95775240.2291      -2624.056          37.000  
G11  22627164.912   118906535.686        2171.360          45.000    22627159.789    92654505.315        1691.805          42.000  
G03  20134570.991   105807936.492       -2359.064          44.000    20134571.051    82447795.843       -1838.194          44.000  
G04  19992745.567   105062622.546       -2747.930          46.000    19992741.589    81866903.628       -2141.082          44.000  
> 2024 06 08 12 02 00.4940000  0 29                     
E08  23871777.808   125447048.566         397.275          46.000    23871776.713    96121751.464         304.482          46.000  
G09  19117080.723   100460997.639        -918.274          48.000    19117078.163    78281298.062        -715.570          48.000  
E03  22151986.107   116409502.260       -1288.085          47.000    22151988.008    89196931.510        -987.034          52.000  
G19  23042314.895   121088147.710       -2719.527          43.000                                                                  
G30  22144878.577   116372080.769        2916.888          44.000    22144878.105    90679515.044        2272.895          42.000  
R24  22256857.937   119017375.813        2252.173          46.000    22256852.119    92569090.620        1751.388          40.000  
R22  19599689.812   104624439.532       -4238.353          47.000    19599686.423    81374462.716       -3296.687          46.000  
R11  22618676.695   120867376.691        3421.545          44.000    22618678.329    94007927.163        2661.172          42.000  
R07  19264234.289   103122975.595       -1778.950          51.000    19264228.511    80206822.321       -1383.619          48.000  
E25  25356027.697   133246828.074        1255.088          43.000    25356032.326   102098240.194         961.745          44.000  
G06  19576090.295   102873050.462         249.935          48.000    19576088.992    80161046.289         194.307          46.000  
S31  37041311.732   194653452.387        -786.020          46.000  
S33  38030088.731   199849432.449        -785.580          40.000  
E05  23073624.375   121252733.720       -2621.907          45.000    23073626.508    92907961.022       -2009.140          47.000  
E02  26506857.288   139294478.144        1532.684          40.000    26506864.096   106732150.441        1174.459          42.000  
R09  19310835.222   103118774.798        -808.238          49.000    19310831.726    80203467.580        -628.754          49.000  
R10  19622520.291   104599074.471        2217.644          46.000                                                                  
R08  19326497.434   103492537.401         176.992          49.000    19326490.277    80494495.908         137.551          47.000  
R01  22961898.843   122744509.961        1387.342          38.000    22961897.695    95468093.856        1078.650          39.000  
R23  19217579.057   102801071.626        -968.933          45.000                                                                  
G07  19500115.746   102473772.559        2167.092          48.000    19500111.504    79849619.161        1688.390          43.000  
E34  23467976.367   123325097.099       -3429.203          44.000    23467979.121    94495866.376       -2627.561          47.000  
E18  26795027.122   140808767.039        -142.051          40.000    26795027.958   107892396.506        -108.930          42.000  
E13  25012596.596   131442033.107        1469.411          44.000    25012596.517   100715354.501        1125.987          45.000  
E15  22167720.190   116492176.166       -1006.515          47.000    22167720.143    89260240.378        -771.157          49.000  
G17  23408501.880   123012435.761       -3359.520          39.000    23408498.424    95853874.631       -2618.346          32.000  
G11  22614785.280   118841482.071        2165.614          43.000    22614780.712    92603814.079        1687.271          41.000  
G03  20148056.117   105878801.970       -2365.046          44.000    20148056.610    82503015.644       -1842.996          43.000  
G04  20008428.960   105145039.960       -2747.046          45.000    20008425.396    81931124.876       -2140.323          43.000  
> 2024 06 08 12 02 30.4940000  0 29                     
E08  23869506.095   125435111.198         397.841          45.000    23869505.196    96112604.608         304.996          46.000  
G09  19122326.970   100488566.349        -920.111          48.000    19122324.778    78302780.102        -716.919          48.000  
E03  22159333.032   116448111.585       -1286.426          47.000    22159335.501    89226515.176        -985.673          52.000  
G19  23057833.635   121169699.663       -2717.773          44.000                                                                  
G30  22128224.212   116284562.557        2917.200          45.000    22128224.219    90611319.078        2272.925          42.000  
R24  22244251.497   118949971.146        2241.089          43.000    22244247.433    92516664.645        1743.015          42.000  
R22  19623530.809   104751702.569       -4246.401          47.000    19623528.458    81473444.948       -3302.887          47.000  
R11  22599436.104   120764562.481        3432.041          45.000    22599438.109    93927960.523        2669.359          42.000  
R07  19274195.101   103176296.301       -1776.271          50.000    19274189.520    80248293.908       -1381.609          48.000  
E25  25348858.464   133209152.906        1255.931          43.000    25348863.092   102069372.289         962.357          44.000  
G06  19574706.991   102865779.983         234.578          48.000    19574706.065    80155380.924         182.623          47.000  
S31  37045785.315   194676960.132        -781.621          45.000  
S33  38034556.448   199872910.742        -780.572          41.000  
E05  23088573.946   121331293.166       -2615.803          45.000    23088576.117    92968155.762       -2004.448          47.000  
E02  26498074.454   139248329.920        1543.458          39.000    26498082.211   106696790.183        1182.558          42.000  
R09  19315431.916   103143326.457        -829.078          48.000    19315428.971    80222563.236        -644.907          49.000  
R10  19610066.888   104532693.957        2207.361          44.000                                                                  
R08  19325498.673   103487184.627         179.184          49.000    19325491.395    80490332.568         139.589          47.000  
R01  22954098.191   122702805.340        1392.631          41.000    22954095.939    95435656.888        1082.986          39.000  
R23  19223072.415   102830456.484        -990.600          44.000                                                                  
G07  19487769.957   102408890.480        2157.798          48.000    19487765.059    79799061.655        1681.461          43.000  
E34  23487559.910   123428003.623       -3431.599          44.000    23487561.788    94574716.756       -2629.523          47.000  
E18  26795799.865   140812830.858        -129.220          41.000    26795801.425   107895510.188         -99.277          43.000  
E13  25004218.008   131398002.655        1465.429          44.000    25004217.900   100681616.769        1123.106          45.000  
E15  22173491.932   116522507.958       -1016.228          47.000    22173492.054    89283481.560        -778.620          49.000  
G17  23427652.790   123113073.299       -3350.303          38.000    23427647.992    95932293.341       -2610.804          34.000  
G11  22602436.545   118776589.286        2160.199          43.000    22602432.317    92553248.197        1683.275          42.000  
G03  20161572.675   105949832.000       -2370.591          44.000    20161572.742    82558363.650       -1847.260          43.000  
G04  20024101.766   105227400.824       -2744.633          45.000    20024098.148    81995302.082       -2138.808          42.000  
> 2024 06 08 12 03 00.4950000  0 29                     
E08  23867230.294   125423155.579         398.424          44.000    23867230.179    96103443.773         305.294          46.000  
G09  19127583.300   100516188.156        -921.926          49.000    19127581.217    78324303.511        -718.440          48.000  
E03  22166671.498   116486669.216       -1284.592          48.000    22166672.271    89256059.248        -984.298          52.000  
G19  23073342.981   121251202.044       -2716.227          42.000                                                                  
G30  22111568.343   116197037.627        2917.212          44.000    22111569.178    90543117.901        2273.064          43.000  
R24  22231709.776   118882906.790        2229.419          44.000    22231706.511    92464503.394        1733.881          43.000  
R22  19647418.407   104879212.532       -4254.621          47.000    19647415.116    81572619.247       -3309.004          46.000  
R11  22580138.672   120661439.762        3442.037          45.000    22580139.860    93847753.945        2676.935          41.000  
R07  19284142.311   103229541.460       -1773.920          51.000    19284136.367    80289706.711       -1379.590          48.000  
E25  25341684.448   133171456.045        1256.571          43.000    25341689.790   102040487.744         962.695          44.000  
G06  19573409.834   102858962.428         219.524          48.000    19573408.711    80150068.487         170.925          46.000  
S31  37050231.138   194700322.146        -776.744          46.000  
S33  38038996.802   199896244.058        -775.990          41.000  
E05  23103489.984   121409676.266       -2610.036          46.000    23103492.068    93028215.374       -1999.884          47.000  
E02  26489230.199   139201857.628        1554.037          39.000    26489238.712   106661181.581        1190.749          41.000  
R09  19320147.774   103168506.455        -850.122          48.000    19320144.456    80242147.597        -661.279          48.000  
R10  19597671.224   104466619.985        2196.755          44.000                                                                  
R08  19324485.879   103481764.371         181.403          49.000    19324478.431    80486116.737         141.144          47.000  
R01  22946265.634   122660933.699        1398.159          41.000    22946262.448    95403090.021        1087.351          38.000  
R23  19228688.303   102860495.314       -1012.396          46.000                                                                  
G07  19475477.234   102344291.554        2148.120          48.000    19475472.121    79748724.775        1673.895          43.000  
E34  23507158.202   123530991.957       -3434.446          45.000    23507160.382    94653629.802       -2631.604          47.000  
E18  26796502.109   140816516.995        -116.968          39.000    26796503.638   107898334.401         -89.820          43.000  
E13  24995861.901   131354088.888        1461.385          45.000    24995861.386   100647968.451        1119.816          45.000  
E15  22179319.544   116553134.421       -1026.068          47.000    22179320.276    89306948.525        -786.225          50.000  
G17  23446751.335   123213433.505       -3340.834          39.000    23446747.180    96010495.855       -2603.256          36.000  
G11  22590117.994   118711856.271        2154.630          42.000    22590114.376    92502806.798        1679.105          42.000  
G03  20175121.648   106021027.744       -2376.276          45.000    20175120.538    82613840.768       -1851.668          43.000  
G04  20039763.954   105309705.249       -2742.828          45.000    20039759.952    82059435.310       -2137.251          42.000  
> 2024 06 08 12 03 30.4950000  0 30                     
E08  23864952.353   125411187.293         399.133          44.000    23864952.590    96094273.237         305.783          46.000  
G09  19132850.315   100543865.608        -923.540          48.000    19132847.551    78345870.272        -719.616          48.000  
E03  22174000.154   116525177.095       -1282.770          49.000    22173999.108    89285565.230        -982.951          50.000  
G19  23088842.223   121332652.097       -2714.524          41.000                                                                  
G30  22094914.229   116109519.629        2917.257          44.000    22094915.369    90474922.093        2273.183          43.000  
R24  22219236.135   118816196.466        2217.743          47.000    22219231.862    92412617.495        1724.927          44.000  
R22  19671350.081   105006961.822       -4262.350          47.000    19671346.319    81671979.702       -3315.163          46.000  
R11  22560786.240   120558023.779        3451.978          45.000    22560786.983    93767319.211        2684.943          42.000  
R07  19294075.079   103282713.362       -1771.295          50.000    19294068.468    80331062.564       -1377.680          47.000  
E25  25334508.901   133133747.454        1257.036          43.000    25334513.889   102011594.188         963.073          44.000  
G06  19572199.932   102852604.819         204.243          48.000    19572198.180    80145114.458         159.182          46.000  
S31  37054649.887   194723543.498        -772.113          46.000  
S33  38043410.511   199919436.008        -770.731          40.000  
E05  23118372.380   121487882.848       -2604.096          46.000    23118374.480    93088139.764       -1995.406          47.000  
E02  26480327.251   139155071.259        1564.719          39.000    26480335.244   106625332.329        1199.067          41.000  
R09  19324981.871   103194319.417        -871.130          48.000    19324978.319    80262224.257        -677.521          48.000  
R10  19585334.991   104400866.354        2186.536          43.000                                                                  
R08  19323461.156   103476281.981         183.813          49.000    19323454.418    80481852.603         142.957          47.000  
R01  22938402.893   122618902.364        1403.616          40.000    22938399.489    95370398.913        1091.840          37.000  
R06  22152209.614                       -2749.000          11.000                                                                  
R23  19234427.118   102891190.603       -1034.058          47.000                                                                  
G07  19463240.684   102279987.912        2138.416          48.000    19463235.803    79698618.001        1666.388          43.000  
E34  23526771.515   123634058.811       -3436.931          45.000    23526773.846    94732603.011       -2633.583          48.000  
E18  26797131.699   140819829.798        -104.449          39.000    26797134.361   107900872.581         -80.006          44.000  
E13  24987529.659   131310301.817        1457.297          45.000    24987529.159   100614417.206        1116.851          45.000  
E15  22185203.269   116584058.828       -1035.816          46.000    22185205.363    89330643.803        -793.737          50.000  
G17  23465796.291   123313512.046       -3331.362          39.000    23465791.960    96088478.976       -2595.997          35.000  
G11  22577832.503   118647295.276        2149.286          43.000    22577828.944    92452499.440        1674.735          42.000  
G03  20188702.390   106092390.184       -2381.823          47.000    20188700.094    82669447.807       -1855.977          43.000  
G04  20055415.354   105391951.902       -2740.618          46.000    20055411.709    82123523.533       -2135.665          43.000  
> 2024 06 08 12 04 00.4950000  0 30                     
E08  23862672.452   125399205.872         399.605          45.000    23862672.664    96085092.624         306.206          46.000  
G09  19138127.881   100571599.159        -925.420          48.000    19138124.782    78367480.770        -721.149          47.000  
E03  22181318.214   116563636.206       -1281.250          49.000    22181316.447    89315033.889        -981.728          49.000  
G19  23104332.403   121414050.144       -2712.291          42.000                                                                  
G30  22078260.519   116022008.549        2916.890          43.000    22078262.280    90406731.719        2272.877          43.000  
R24  22206829.425   118749841.809        2205.774          47.000    22206823.475    92361008.200        1715.643          43.000  
R22  19695326.048   105134950.519       -4270.426          47.000    19695323.124    81771526.316       -3321.227          46.000  
R11  22541377.678   120454315.822        3461.750          44.000    22541379.677    93686657.472        2692.365          42.000  
R07  19303994.597   103335814.595       -1768.933          50.000    19303988.433    80372363.436       -1375.842          46.000  
E25  25327331.018   133096028.471        1257.445          43.000    25327335.989   101982692.679         963.388          44.000  
G06  19571077.597   102846708.608         188.649          47.000    19571076.383    80140519.956         147.093          45.000  
S31  37059042.115   194746624.727        -766.986          46.000  
S33  38047796.796   199942487.817        -766.084          41.000  
E05  23133221.544   121565915.750       -2598.260          45.000    23133223.914    93147931.091       -1990.882          47.000  
E02  26471364.539   139107971.405        1575.222          39.000    26471372.303   106589242.913        1206.829          41.000  
R09  19329934.311   103220766.917        -892.291          48.000    19329931.431    80282794.513        -694.025          49.000  
R10  19573060.623   104335436.104        2175.750          43.000                                                                  
R08  19322427.208   103470737.696         185.852          49.000    19322419.244    80477540.334         144.519          47.000  
R01  22930509.888   122576709.836        1408.954          42.000    22930506.339    95337582.525        1095.759          39.000  
R23  19240288.857   102922543.243       -1055.994          47.000                                                                  
G07  19451060.102   102215980.442        2128.558          47.000    19451055.786    79648742.014        1658.472          43.000  
E34  23546400.031   123737206.443       -3439.570          46.000    23546402.147    94811638.112       -2635.547          48.000  
E18  26797692.204   140822769.389         -91.942          40.000    26797694.165   107903124.767         -70.303          44.000  
E13  24979221.193   131266642.301        1453.069          44.000    24979221.072   100580963.731        1113.379          45.000  
E15  22191144.509   116615282.746       -1045.979          45.000    22191147.127    89354568.575        -801.436          50.000  
G16  23361958.373   122767914.5041         28.339          32.000                                                                  
G17  23484787.973   123413310.445       -3321.991          40.000    23484784.176    96166243.763       -2588.862          34.000  
G11  22565580.066   118582907.317        2143.154          43.000    22565576.792    92402326.899        1670.053          42.000  
G03  20202314.337   106163922.624       -2387.229          46.000    20202312.491    82725187.295       -1860.210          43.000  
G04  20071055.552   105474142.990       -2738.690          45.000    20071052.157    82187568.450       -2134.159          43.000  
> 2024 06 08 12 04 30.4950000  0 30                     
E08  23860393.188   125387223.969         399.010          46.000    23860392.669    96075911.629         305.749          47.000  
G09  19143418.800   100599401.021        -928.093          49.000    19143415.327    78389144.507        -723.112          47.000  
E03  22188628.152   116602058.960       -1280.581          47.000    22188627.912    89344474.705        -981.173          48.000  
G19  23119815.315   121495406.844       -2711.437          42.000                                                                  
G30  22061611.635   115934520.079        2915.361          43.000    22061613.727    90338558.980        2271.623          43.000  
R24  22194489.042   118683859.668        2193.030          45.000    22194483.760    92309688.597        1705.756          42.000  
R22  19719349.092   105263187.532       -4279.082          46.000    19719346.634    81871266.099       -3328.167          47.000  
R11  22521919.177   120350332.625        3470.419          44.000    22521920.185    93605781.652        2698.962          41.000  
R07  19313903.868   103388858.539       -1767.517          51.000    19313897.351    80413619.763       -1374.628          46.000  
E25  25320154.172   133058314.432        1256.748          43.000    25320158.981   101953794.931         962.941          43.000  
G06  19570045.990   102841288.117         172.480          47.000    19570044.593    80136296.149         134.242          45.000  
S31  37063410.312   194769578.991        -763.432          46.000  
S33  38052159.664   199965413.241        -762.322          41.000  
E05  23148040.052   121643787.870       -2593.376          45.000    23148042.510    93207599.226       -1987.194          47.000  
E02  26462344.780   139060572.883        1584.801          39.000    26462352.449   106552924.626        1214.063          41.000  
R09  19335008.584   103247863.125        -914.313          48.000    19335005.759    80303869.323        -711.200          49.000  
R10  19560849.622   104270346.611        2163.657          43.000                                                                  
R08  19321381.924   103465144.688         186.902          49.000    19321374.659    80473190.164         145.349          46.000  
R01  22922587.925   122534368.407        1413.532          39.000    22922586.110    95304650.333        1099.144          39.000  
R23  19246274.708   102954565.472       -1078.998          46.000                                                                  
G07  19438938.355   102152284.958        2117.578          47.000    19438935.076    79599109.153        1649.969          44.000  
E34  23566045.837   123840446.323       -3443.242          45.000    23566047.717    94890743.904       -2638.271          48.000  
E18  26798183.126   140825348.308         -79.844          39.000    26798184.517   107905100.605         -61.476          43.000  
E13  24970939.512   131223125.304        1447.833          44.000    24970940.056   100547619.456        1109.486          45.000  
E15  22197145.832   116646819.354       -1056.766          45.000    22197148.418    89378732.936        -809.725          50.000  
G16  23361820.706   122767186.487          20.210          35.000                                                                  
G17  23503727.619   123512839.228       -3313.292          39.000    23503723.885    96243798.471       -2581.840          34.000  
G11  22553363.640   118518708.129        2136.611          43.000    22553360.568    92352301.477        1664.849          43.000  
G03  20215961.161   106235638.608       -2393.931          46.000    20215959.400    82781069.799       -1865.467          43.000  
G04  20086687.507   105556290.654       -2737.908          45.000    20086684.265    82251579.541       -2133.422          43.000  
> 2024 06 08 12 05 00.4950000  0 30                     
E08  23858115.097   125375251.470         398.944          46.000    23858114.568    96066737.846         305.732          47.000  
G09  19148724.255   100627280.700        -930.708          50.000    19148720.909    78410868.881        -725.345          47.000  
E03  22195933.068   116640455.111       -1279.340          45.000    22195935.779    89373895.114        -980.392          50.000  
G19  23135289.645   121576729.665       -2710.455          40.000                                                                  
G30  22044971.003   115847067.185        2914.539          43.000    22044972.407    90270413.887        2271.062          44.000  
R24  22182219.927   118618264.213        2179.886          43.000    22182215.944    92258669.762        1695.548          42.000  
R22  19743419.133   105391678.897       -4287.246          46.000    19743417.610    81971203.709       -3334.487          47.000  
R11  22502410.850   120246088.543        3479.112          44.000    22502412.019    93524702.881        2706.014          41.000  
R07  19323804.109   103441856.059       -1765.784          51.000    19323797.839    80454839.980       -1373.340          45.000  
E25  25312981.094   133020617.874        1256.422          44.000    25312985.110   101924910.585         962.387          43.000  
G06  19569107.329   102836354.981         156.234          47.000    19569105.457    80132452.087         121.613          44.000  
S31  37067756.281   194792417.078        -759.453          46.000  
S33  38056500.033   199988222.390        -758.290          41.000  
E05  23162830.290   121721509.347       -2588.035          45.000    23162832.498    93267151.930       -1983.132          46.000  
E02  26453270.639   139012887.773        1594.278          39.000    26453278.195   106516386.737        1221.499          41.000  
R09  19340206.762   103275619.015        -936.212          48.000    19340203.509    80325457.190        -728.229          49.000  
R10  19548706.102   104205613.435        2151.586          43.000                                                                  
R08  19320330.504   103459512.998         188.257          50.000    19320322.653    80468809.898         146.454          46.000  
R01  22914640.714   122491888.188        1418.305          38.000    22914639.817    95271610.125        1103.038          37.000  
R23  19252387.581   102987267.103       -1101.270          45.000                                                                  
G07  19426879.774   102088914.495        2106.824          47.000    19426876.495    79549729.544        1641.656          44.000  
E34  23585710.565   123943787.187       -3446.339          44.000    23585712.816    94969927.068       -2640.663          48.000  
E18  26798605.574   140827576.437         -68.441          40.000    26798608.722   107906807.690         -52.552          43.000  
E13  24962687.991   131179763.120        1442.667          44.000    24962688.633   100514393.817        1105.415          45.000  
E15  22203209.190   116678679.127       -1067.437          46.000    22203211.085    89403144.904        -817.819          50.000  
G16  23361724.734   122766684.802          12.973          36.000                                                                  
G17  23522617.667   123612106.323       -3304.863          38.000    23522614.132    96321149.207       -2574.732          33.000  
G11  22541185.758   118454710.897        2129.837          42.000    22541182.288    92302433.394        1659.714          44.000  
G03  20229644.953   106307548.998       -2400.400          45.000    20229643.328    82837103.780       -1870.156          43.000  
G04  20102313.065   105638404.275       -2736.585          45.000    20102310.494    82315564.081       -2132.528          44.000  
> 2024 06 08 12 05 30.4950000  0 30                     
E08  23855838.457   125363286.928         398.533          46.000    23855837.946    96057570.176         305.439          47.000  
G09  19154044.012   100655236.408        -933.142          50.000    19154040.897    78432652.509        -727.111          47.000  
E03  22203236.774   116678822.990       -1278.403          47.000    22203238.463    89403293.813        -979.593          51.000  
G19  23150756.632   121658015.159       -2708.912          38.000                                                                  
G30  22028335.999   115759651.355        2913.227          44.000    22028337.347    90202297.712        2269.946          43.000  
R24  22170027.048   118553057.927        2166.948          45.000    22170022.583    92207953.625        1685.129          42.000  
R22  19767537.471   105520419.107       -4295.446          46.000    19767534.824    82071334.879       -3341.117          46.000  
R11  22482854.723   120141586.124        3487.579          43.000    22482855.904    93443423.274        2712.628          42.000  
R07  19333695.940   103494806.912       -1764.282          51.000    19333689.993    80496023.914       -1372.351          46.000  
E25  25305811.379   132982940.066        1255.501          44.000    25305815.171   101896040.590         961.853          43.000  
G06  19568261.602   102831909.431         139.852          48.000    19568259.096    80128987.971         108.771          44.000  
S31  37072079.966   194815137.752        -755.483          46.000  
S33  38060818.616   200010914.457        -754.695          41.000  
E05  23177591.154   121799079.033       -2583.198          45.000    23177593.643    93326588.325       -1979.434          46.000  
E02  26444143.126   138964916.820        1603.788          39.000    26444149.552   106479629.836        1228.762          41.000  
R09  19345528.147   103304034.144        -958.301          49.000    19345525.251    80347557.802        -745.428          49.000  
R10  19536629.950   104141239.661        2139.512          43.000                                                                  
R08  19319272.184   103453841.829         189.606          50.000    19319263.755    80464398.965         147.284          46.000  
R01  22906666.437   122449267.658        1423.089          40.000    22906667.034    95238460.801        1106.897          41.000  
R23  19258627.773   103020646.158       -1124.097          46.000                                                                  
G07  19414883.224   102025870.718        2095.935          48.000    19414879.769    79500604.547        1633.154          44.000  
E34  23605393.426   124047226.421       -3449.621          43.000    23605396.558    95049185.606       -2643.284          47.000  
E18  26798962.687   140829452.341         -56.608          38.000    26798965.798   107908244.826         -43.355          43.000  
E13  24954465.899   131136556.571        1437.462          43.000    24954466.985   100481287.434        1101.536          45.000  
E15  22209333.992   116710861.125       -1078.066          46.000    22209335.148    89427803.784        -826.177          50.000  
G16  23361673.419   122766410.324           5.478          38.000                                                                  
G17  23541456.597   123711108.303       -3296.049          38.000    23541453.477    96398293.495       -2567.754          32.000  
G11  22529047.127   118390917.284        2123.000          43.000    22529042.619    92252723.968        1654.102          43.000  
G03  20243365.538   106379653.219       -2406.650          44.000    20243364.623    82893288.837       -1875.629          43.000  
G04  20117932.280   105720481.931       -2735.396          45.000    20117928.929    82379520.584       -2131.486          43.000  
> 2024 06 08 12 06 00.4950000  0 30                     
E08  23853563.742   125351335.674         397.734          46.000    23853563.769    96048412.688         304.837          48.000  
G09  19159379.569   100683273.075        -936.324          50.000    19159375.781    78454499.230        -729.493          46.000  
E03  22210535.357   116717167.620       -1278.104          49.000    22210535.627    89432674.711        -979.376          52.000  
G19  23166217.963   121739267.111       -2708.195          35.000                                                                  
G30  22011709.887   115672280.990        2911.347          44.000    22011711.550    90134216.950        2268.444          44.000  
R24  22157909.813   118488250.127        2153.283          46.000    22157904.175    92157547.434        1674.866          43.000  
R22  19791702.613   105649409.611       -4304.195          46.000    19791699.018    82171660.679       -3347.641          45.000  
R11  22463251.637   120036834.847        3495.563          42.000    22463253.756    93361950.119        2718.646          42.000  
R07  19343579.669   103547717.203       -1763.300          50.000    19343574.613    80537176.282       -1371.460          47.000  
E25  25298646.954   132945288.983        1254.106          44.000    25298650.364   101867191.074         960.922          43.000  
G06  19567509.831   102827958.418         123.070          48.000    19567507.871    80125909.188          95.797          45.000  
S31  37076382.618   194837747.614        -752.215          45.000  
S33  38065115.699   200033495.465        -751.271          40.000  
E05  23192324.436   121876502.553       -2578.613          44.000    23192327.035    93385912.689       -1975.768          47.000  
E02  26434961.421   138916667.565        1612.581          39.000    26434967.792   106442659.688        1235.516          41.000  
R09  19350974.383   103333114.665        -980.823          49.000    19350970.914    80370175.952        -762.805          49.000  
R10  19524623.550   104077235.637        2126.866          43.000                                                                  
R08  19318206.285   103448136.682         190.417          50.000    19318198.882    80459961.561         148.151          46.000  
R01  22898667.046   122406511.849        1427.050          39.000    22898669.426    95205206.305        1109.854          41.000  
R23  19264996.271   103054707.445       -1147.095          47.000                                                                  
G07  19402951.513   101963162.003        2084.277          49.000    19402945.762    79451740.614        1623.999          43.000  
E34  23625097.335   124150768.191       -3453.469          44.000    23625099.526    95128522.706       -2646.161          47.000  
E18  26799252.343   140830981.245         -45.611          37.000    26799256.923   107909416.118         -35.046          43.000  
E13  24946275.421   131093513.351        1431.784          43.000    24946276.257   100448306.199        1097.046          45.000  
E15  22215520.502   116743371.201       -1089.537          47.000    22215521.610    89452714.034        -834.821          50.000  
G16  23361665.628   122766370.585          -3.208          38.000                                                                  
G17  23560245.390   123809848.360       -3287.371          36.000    23560242.827    96475233.596       -2561.450          32.000  
G11  22516948.389   118327335.868        2115.322          43.000    22516943.486    92203179.853        1648.534          44.000  
G03  20257124.448   106451957.505       -2413.778          44.000    20257123.374    82949629.769       -1880.995          43.000  
G04  20133545.561   105802528.472       -2734.657          45.000    20133541.741    82443452.864       -2130.882          43.000  
> 2024 06 08 12 06 30.4950000  0 30                     
E08  23851293.045   125339403.721         396.946          45.000    23851293.161    96039269.997         304.208          47.000  
G09  19164731.438   100711396.317        -939.086          49.000    19164727.390    78476413.425        -731.701          46.000  
E03  22217829.025   116755494.833       -1277.604          49.000    22217828.653    89462042.274        -978.917          51.000  
G19  23181673.817   121820488.394       -2706.897          37.000                                                                  
G30  21995094.481   115584965.155        2909.155          43.000    21995095.203    90066178.656        2266.883          43.000  
R24  22145867.729   118423851.209        2139.558          47.000    22145861.254    92107459.257        1664.087          43.000  
R22  19815914.630   105778652.522       -4312.547          46.000    19815910.077    82272182.838       -3354.224          45.000  
R11  22443601.654   119931806.3091       3503.174          42.000    22443606.050    93280291.624        2724.811          41.000  
R07  19353456.955   103600594.153       -1762.268          50.000    19353451.936    80578302.720       -1370.685          47.000  
E25  25291488.934   132907673.341        1253.026          44.000    25291492.620   101838368.739         960.023          44.000  
G06  19566853.591   102824509.608         106.290          47.000    19566852.188    80123221.741          82.852          45.000  
S31  37080665.143   194860253.471        -748.632          45.000  
S33  38069392.914   200055972.195        -748.143          40.000  
E05  23207031.511   121953786.326       -2574.066          44.000    23207033.791    93445129.996       -1972.470          46.000  
E02  26425728.538   138868148.234        1621.668          39.000    26425734.705   106405482.618        1242.362          41.000  
R09  19356546.087   103362868.221       -1003.247          50.000    19356542.745    80393317.604        -780.353          48.000  
R10  19512687.690   104013612.384        2114.132          44.000                                                                  
R08  19317135.351   103442404.132         191.260          51.000    19317128.178    80455502.881         148.779          46.000  
R01  22890650.070   122363623.5911       1431.304          42.000    22890646.488    95171851.065        1113.489          39.000  
R23  19271492.602   103089456.823       -1169.989          48.000                                                                  
G07  19391084.195   101900797.893        2072.797          48.000    19391078.097    79403145.211        1614.832          43.000  
E34  23644821.538   124254417.318       -3457.076          44.000    23644823.485    95207942.083       -2648.919          47.000  
E18  26799478.537   140832169.181         -33.747          37.000    26799483.164   107910326.113         -26.314          43.000  
E13  24938117.622   131050641.873        1425.749          43.000    24938118.228   100415456.536        1092.602          45.000  
E15  22221770.259   116776215.882       -1100.666          46.000    22221771.889    89477880.670        -843.424          50.000  
G16  23361705.228   122766574.157         -11.077          36.000                                                                  
G17  23578986.753   123908330.703       -3278.577          37.000    23578983.594    96551972.865       -2555.273          33.000  
G11  22504891.143   118263975.770        2108.030          42.000    22504886.852    92153808.233        1642.517          44.000  
G03  20270922.674   106524468.820       -2420.835          44.000    20270922.021    83006132.030       -1886.348          43.000  
G04  20149153.859   105884549.501       -2733.940          45.000    20149150.463    82507365.279       -2130.276          43.000  
> 2024 06 08 12 07 00.4950000  0 30                     
E08  23849027.560   125327499.059         396.290          45.000    23849027.532    96030148.209         303.570          48.000  
G09  19170100.602   100739613.757        -942.235          50.000    19170097.002    78498401.035        -734.289          45.000  
E03  22225119.630   116793812.464       -1277.342          48.000    22225119.052    89491402.518        -978.688          51.000  
G19  23197125.889   121901685.213       -2706.008          39.000                                                                  
G30  21978491.916   115497714.803        2907.000          43.000    21978492.082    89998191.384        2265.320          42.000  
R24  22133902.869   118359873.104        2125.471          46.000    22133896.979    92057698.346        1653.329          42.000  
R22  19840173.411   105908151.992       -4320.789          44.000    19840170.525    82372904.510       -3360.799          46.000  
R11  22423913.709   119826590.780        3510.858          43.000    22423916.313    93198457.410        2730.499          41.000  
R07  19363330.337   103653446.691       -1761.371          50.000    19363325.490    80619410.166       -1369.952          47.000  
E25  25284339.641   132870103.783        1251.491          44.000    25284343.239   101809581.749         958.758          45.000  
G06  19566294.244   102821572.558          89.290          47.000    19566293.713    80120933.083          69.505          45.000  
S31  37084929.399   194882662.395        -745.367          45.000  
S33  38073651.891   200078353.349        -744.470          40.000  
E05  23221712.830   122030938.585       -2569.747          44.000    23221715.387    93504246.541       -1968.949          47.000  
E02  26416446.077   138819369.012        1630.365          40.000    26416452.314   106368106.410        1249.056          42.000  
R09  19362245.641   103393303.213       -1025.970          49.000    19362242.040    80416989.249        -797.937          48.000  
R10  19500825.919   103950382.998        2101.055          43.000                                                                  
R08  19316061.870   103436652.856         191.931          50.000    19316053.925    80451029.627         149.286          46.000  
R01  22882603.050   122320617.040        1435.505          42.000    22882601.360    95138401.412        1116.829          39.000  
R23  19278118.165   103124901.520       -1193.073          47.000                                                                  
G07  19379283.570   101838789.285        2061.078          48.000    19379277.532    79354826.820        1606.036          41.000  
E34  23664567.567   124358180.634       -3460.760          45.000    23664569.593    95287448.956       -2651.773          47.000  
E18  26799643.621   140833024.087         -23.031          38.000    26799646.041   107910980.938         -17.817          44.000  
E13  24929994.252   131007952.380        1419.752          43.000    24929994.856   100382746.340        1087.853          45.000  
E15  22228085.614   116809403.624       -1112.082          46.000    22228087.396    89503310.178        -852.062          50.000  
G16  23361791.074   122767031.385         -19.357          37.000                                                                  
G17  23597678.868   124006561.426       -3269.996          36.000    23597676.428    96628516.104       -2548.249          33.000  
G11  22492877.637   118200848.159        2100.219          42.000    22492874.521    92104617.757        1636.769          43.000  
G03  20284762.376   106597196.056       -2427.966          44.000    20284761.910    83062802.551       -1891.793          42.000  
G04  20164758.614   105966552.499       -2733.264          46.000    20164755.220    82571263.657       -2129.979          42.000  
> 2024 06 08 12 07 30.4950000  0 30                     
E08  23846771.619   125315645.466         393.517          45.000    23846771.874    96021065.546         301.482          47.000  
G09  19175492.147   100767948.874        -947.274          49.000    19175489.118    78520480.340        -738.211          46.000  
E03  22232410.451   116832144.119       -1278.602          44.000    22232411.857    89520773.507        -979.912          49.000  
G19  23212576.541   121982879.252       -2707.041          40.000                                                                  
G30  21961906.263   115410556.743        2902.866          44.000    21961906.113    89930276.063        2261.998          43.000  
R24  22122021.238   118296344.012        2109.262          44.000    22122017.028    92008286.669        1640.746          41.000  
R22  19864485.368   106037928.077       -4331.260          46.000    19864482.658    82473841.303       -3368.807          46.000  
R11  22404187.292   119721177.786        3516.339          43.000    22404189.515    93116469.588        2734.735          41.000  
R07  19373204.145   103706299.691       -1762.537          50.000    19373198.978    80660517.971       -1370.923          47.000  
E25  25277203.946   132832606.763        1247.735          43.000    25277208.379   101780850.314         956.210          46.000  
G06  19565837.216   102819172.649          70.310          47.000    19565836.984    80119062.961          54.821          45.000  
S31  37089180.371   194904999.821        -744.238          45.000  
S33  38077897.232   200100662.620        -743.304          40.000  
E05  23236374.185   122107983.462       -2567.156          44.000    23236376.746    93563280.794       -1966.955          47.000  
E02  26407119.824   138770355.924        1636.987          40.000    26407125.890   106330550.983        1254.326          42.000  
R09  19368077.147   103424444.576       -1050.482          48.000    19368074.100    80441210.293        -817.078          48.000  
R10  19489043.203   103887576.414        2085.738          43.000                                                                  
R08  19314988.568   103430907.139         190.662          50.000    19314981.553    80446560.658         148.315          47.000  
R01  22874537.021   122277513.169        1437.686          41.000    22874538.742    95104876.137        1118.011          40.000  
R23  19284877.404   103161065.193       -1218.244          45.000                                                                  
G07  19367555.704   101777163.238        2047.082          48.000    19367550.348    79306806.533        1595.117          42.000  
E34  23684339.618   124462080.742       -3466.268          45.000    23684341.589    95367060.627       -2656.054          48.000  
E18  26799747.948   140833569.691         -13.688          39.000    26799750.440   107911398.761         -10.511          44.000  
E13  24921910.624   130965471.047        1411.626          43.000    24921911.341   100350195.622        1081.792          46.000  
E15  22234470.832   116842958.692       -1125.318          46.000    22234472.843    89529021.155        -862.350          50.000  
G16  23361932.013   122767768.477         -30.289          37.000                                                                  
G17  23616329.236   124104562.035       -3263.465          39.000    23616323.676    96704879.994       -2543.389          31.000  
G11  22480913.909   118137980.057        2090.582          43.000    22480911.189    92055629.506        1628.918          44.000  
G03  20298648.624   106670163.897       -2437.123          46.000    20298647.738    83119660.528       -1899.048          43.000  
G04  20180364.629   106048560.766       -2734.650          46.000    20180360.376    82635166.112       -2130.771          43.000  
> 2024 06 08 12 08 00.4950000  0 30                     
E08  23844532.568   125303877.253         390.662          45.000    23844532.320    96012048.305         299.291          47.000  
G09  19180913.753   100796435.558        -952.332          50.000    19180910.170    78542677.746        -742.164          46.000  
E03  22239714.242   116870523.968       -1280.488          44.000    22239715.163    89550181.374        -980.979          48.000  
G19  23228033.597   122064102.858       -2708.314          41.000                                                                  
G30  21945344.878   115323528.329        2898.510          44.000    21945345.389    89862461.783        2258.476          42.000  
R24  22110232.880   118233302.749        2092.899          46.000    22110228.160    91959254.436        1627.781          42.000  
R22  19888854.062   106168011.588       -4341.407          46.000    19888851.279    82575017.209       -3376.516          46.000  
R11  22384431.528   119615606.141        3521.448          43.000    22384432.853    93034358.405        2738.849          40.000  
R07  19383085.402   103759189.290       -1763.953          51.000    19383079.804    80701654.234       -1372.034          47.000  
E25  25270089.430   132795219.189        1244.245          43.000    25270093.715   101752202.798         953.219          46.000  
G06  19565489.566   102817345.716          51.116          47.000    19565489.227    80117639.323          39.853          45.000  
S31  37093424.151   194927301.283        -743.105          45.000  
S33  38082135.559   200122935.230        -741.980          40.000  
E05  23251021.984   122184955.541       -2564.509          44.000    23251024.254    93622259.282       -1965.293          47.000  
E02  26397755.475   138721145.485        1643.446          40.000    26397761.511   106292844.355        1259.139          42.000  
R09  19374047.809   103456328.331       -1075.415          48.000    19374044.110    80466008.770        -836.560          47.000  
R10  19477346.788   103825232.433        2070.215          42.000                                                                  
R08  19313924.226   103425202.526         189.172          50.000    19313916.439    80442123.680         147.058          46.000  
R01  22866461.244   122234346.494        1439.827          41.000    22866463.454    95071302.081        1119.684          39.000  
R23  19291777.790   103197981.914       -1243.482          44.000                                                                  
G07  19355908.049   101715956.595        2032.953          47.000    19355903.759    79259113.080        1584.021          42.000  
E34  23704142.700   124566150.756       -3471.906          44.000    23704145.539    95446802.477       -2660.440          48.000  
E18  26799798.873   140833840.257          -4.472          40.000    26799802.325   107911605.855          -3.474          44.000  
E13  24913873.385   130923234.447        1403.645          43.000    24913874.323   100317832.437        1075.476          46.000  
E15  22240931.940   116876915.866       -1138.892          45.000    22240934.665    89555040.213        -872.578          50.000  
G16  23362132.118   122768821.953         -40.842          38.000                                                                  
G17  23634941.911   124202365.070       -3257.008          39.000    23634935.494    96781089.951       -2537.700          33.000  
G11  22469007.130   118075408.926        2080.475          43.000    22469004.410    92006872.659        1620.959          44.000  
G03  20312587.889   106743407.375       -2446.255          47.000    20312586.314    83176645.2931      -1906.351          43.000  
G04  20195977.492   106130608.163       -2735.808          46.000    20195973.817    82699099.059       -2131.778          43.000  
> 2024 06 08 12 08 30.4950000  0 30                     
E08  23842314.352   125292223.457         386.108          44.000    23842314.825    96003118.738         295.749          47.000  
G09  19186369.226   100825102.490        -958.972          50.000    19186365.201    78565015.600        -747.118          46.000  
E03  22247035.408   116908980.712       -1283.586          47.000    22247034.904    89579648.213        -983.497          50.000  
G19  23243501.945   122145382.713       -2710.865          43.000                                                                  
G30  21928814.542   115236661.642        2892.499          43.000    21928814.778    89794773.493        2253.678          42.000  
R24  22098542.746   118170782.822        2074.859          46.000    22098536.481    91910627.674        1613.967          43.000  
R22  19913284.880   106298428.026       -4353.197          45.000    19913283.060    82676452.077       -3385.496          46.000  
R11  22364650.902   119509910.009        3525.116          41.000    22364653.022    92952150.411        2741.406          40.000  
R07  19392978.328   103812145.975       -1766.675          51.000    19392972.895    80742842.679       -1374.231          46.000  
E25  25263001.208   132757972.862        1238.846          43.000    25263006.184   101723663.468         949.119          47.000  
G06  19565257.771   102816122.370          30.275          47.000    19565256.719    80116685.992          23.526          44.000  
S31  37097666.633   194949595.395        -743.288          45.000  
S33  38086372.729   200145200.656        -742.521          40.000  
E05  23265660.952   122261884.279       -2563.958          44.000    23265663.457    93681204.538       -1964.623          47.000  
E02  26388359.369   138671768.992        1648.321          40.000    26388365.289   106255010.502        1262.810          42.000  
R09  19380163.306   103488984.734       -1101.819          48.000    19380159.563    80491408.185        -856.903          47.000  
R10  19465744.733   103763385.194        2052.936          43.000                                                                  
R08  19312870.995   103419568.703         186.188          49.000    19312863.441    80437741.770         144.843          46.000  
R01  22858381.233   122191146.617        1440.311          42.000    22858381.125    95037702.095        1120.549          39.000  
R23  19298825.533   103235681.195       -1270.130          45.000                                                                  
G07  19344347.369   101655201.804        2017.285          48.000    19344342.789    79211771.714        1571.637          43.000  
E34  23723985.004   124670418.552       -3479.305          44.000    23723987.097    95526695.855       -2665.877          48.000  
E18  26799804.304   140833864.909           2.827          39.000    26799807.547   107911624.477           2.153          45.000  
E13  24905887.679   130881273.979        1393.731          42.000    24905889.569   100285680.828        1067.855          46.000  
E15  22247476.921   116911304.634       -1153.939          46.000    22247478.807    89581389.972        -884.131          50.000  
G16  23362399.223   122770223.367         -53.160          37.000                                                                  
G17  23653520.442   124299997.765       -3252.047          38.000    23653516.517    96857167.149       -2533.616          33.000  
G11  22457163.720   118013166.989        2069.098          43.000    22457159.819    91958372.332        1612.024          43.000  
G03  20326583.072   106816956.473       -2457.188          46.000    20326581.639    83233956.212       -1914.513          43.000  
G04  20211603.143   106212723.334       -2738.670          45.000    20211600.336    82763084.778       -2133.976          43.000  
> 2024 06 08 12 09 00.4950000  0 30                     
E08  23840122.162   125280703.460         381.325          44.000    23840122.788    95994291.701         292.097          47.000  
G09  19191861.916   100853968.698        -966.052          49.000    19191858.632    78587508.720        -752.777          47.000  
E03  22254372.932   116947533.588       -1287.191          49.000    22254372.868    89609188.713        -986.271          52.000  
G19  23258983.703   122226735.932       -2713.511          43.000                                                                  
G30  21912319.526   115149979.092        2885.686          44.000    21912319.577    89727228.700        2248.632          42.000  
R24  22086953.716   118108807.734        2056.170          46.000    22086946.939    91862424.680        1599.513          42.000  
R22  19937781.739   106429193.051       -4365.316          45.000    19937779.876    82778158.128       -3395.311          47.000  
R11  22344851.940   119404113.083        3527.527          41.000    22344854.986    92869864.036        2743.573          40.000  
R07  19402887.025   103865190.456       -1770.184          51.000    19402881.415    80784099.422       -1376.788          46.000  
E25  25255944.197   132720889.781        1232.926          42.000    25255949.608   101695249.233         944.558          47.000  
G06  19565144.048   102815523.484           8.933          47.000    19565142.764    80116219.256           6.787          44.000  
S31  37101911.836   194971902.250        -744.330          45.000  
S33  38090612.506   200167480.480        -743.437          40.000  
E05  23280295.563   122338789.362       -2563.700          44.000    23280297.893    93740131.697       -1964.316          47.000  
E02  26378935.894   138622248.096        1652.590          41.000    26378941.513   106217065.991        1266.395          42.000  
R09  19386426.916   103522434.061       -1128.796          47.000    19386424.114    80517424.339        -877.942          48.000  
R10  19454240.940   103702059.262        2034.692          44.000                                                                  
R08  19311836.061   103414026.164         182.690          49.000    19311829.020    80433430.845         142.029          47.000  
R01  22850297.055   122147933.118        1439.993          42.000    22850295.902    95004091.553        1120.123          38.000  
R23  19306024.516   103274181.609       -1297.308          47.000                                                                  
G07  19332876.819   101594921.286        2000.854          49.000    19332871.485    79164799.901        1559.009          43.000  
E34  23743868.099   124774902.276       -3486.863          45.000    23743869.615    95606754.722       -2671.850          48.000  
E18  26799765.256   140833662.920          10.083          39.000    26799769.469   107911469.452           7.679          45.000  
E13  24897958.861   130839611.342        1383.371          42.000    24897961.689   100253757.428        1059.907          46.000  
E15  22254106.929   116946144.793       -1169.342          46.000    22254108.834    89608085.614        -896.061          50.000  
G16  23362735.451   122771994.557         -65.756          36.000                                                                  
G17  23672070.501   124397477.117       -3247.517          37.000    23672066.847    96933124.850       -2529.647          33.000  
G11  22445386.651   117951276.795        2056.427          44.000    22445382.347    91910146.080        1602.478          43.000  
G03  20340640.119   106890831.514       -2468.526          45.000    20340639.239    83291521.125       -1923.553          43.000  
G04  20227245.914   106294925.275       -2741.987          45.000    20227242.529    82827138.106       -2136.566          43.000  
> 2024 06 08 12 09 30.4950000  0 31                     
E08  23837963.298   125269354.944         374.871          45.000    23837963.278    95985596.053         287.406          47.000  
G09  19197399.965   100883071.534        -974.530          49.000    19197396.931    78610186.220        -759.473          47.000  
E03  22261733.957   116986220.169       -1292.336          48.000    22261735.062    89638831.644        -990.152          53.000  
G19  23274485.420   122308198.203       -2717.582          42.000                                                                  
G30  21895867.158   115063521.304        2877.845          44.000    21895867.550    89659859.055        2242.475          43.000  
R24  22075472.465   118047419.936        2036.009          45.000    22075467.861    91814678.481        1583.482          42.000  
R22  19962349.115   106560340.959       -4378.197          42.000    19962349.479    82880161.929       -3405.325          48.000  
R11  22325042.983   119298258.299        3528.875          41.000    22325045.921    92787532.649        2744.733          41.000  
R07  19412820.832   103918362.321       -1774.976          51.000    19412814.343    80825455.240       -1380.383          46.000  
E25  25248925.921   132684010.311        1225.519          42.000    25248931.659   101666990.977         938.916          47.000  
G06  19565156.903   102815588.144         -13.397          47.000    19565154.079    80116269.557         -10.772          43.000  
S31  37106166.337   194994261.020        -746.528          45.000  
S33  38094861.909   200189811.453        -745.682          40.000  
E05  23294932.439   122415708.810       -2564.617          44.000    23294935.409    93799069.861       -1965.093          47.000  
E02  26369492.619   138572622.717        1655.181          41.000    26369498.111   106179041.434        1268.271          42.000  
R09  19392846.857   103556715.132       -1157.025          48.000    19392844.321    80544087.351        -899.890          48.000  
R10  19442842.867   103641297.676        2015.491          45.000                                                                  
R08  19310825.648   103408613.544         177.856          50.000    19310819.321    80429220.956         138.287          48.000  
R01  22842219.063   122104743.959        1438.826          43.000    22842215.985    94970500.000        1118.350          37.000  
R23  19313379.203   103313520.555       -1325.745          47.000                                                                  
G07  19321504.125   101535156.095        1983.026          49.000    19321498.620    79118229.629        1545.160          43.000  
E34  23763798.659   124879638.429       -3495.792          45.000    23763800.469    95687006.990       -2678.529          48.000  
E18  26799691.089   140833271.977          15.602          38.000    26799694.960   107911169.629          12.240          44.000  
E13  24890095.867   130798286.545        1371.481          43.000    24890098.012   100222092.884        1050.814          46.000  
E15  22260830.275   116981474.449       -1186.325          46.000    22260831.784    89635156.310        -908.928          50.000  
G16  23363151.702   122774175.253         -80.015          36.000                                                                  
G17  23690597.607   124494838.871       -3243.846          38.000    23690594.212    97008991.021       -2527.432          33.000  
G11  22433683.903   117889779.122        2043.005          43.000    22433679.431    91862225.731        1591.742          42.000  
G03  20354767.190   106965070.907       -2480.924          45.000    20354766.609    83349369.930       -1933.270          43.000  
G04  20242912.366   106377251.234       -2746.741          46.000    20242908.274    82891288.086       -2140.319          42.000  
E24                                                                  26473256.243   106596831.2321       -378.349          28.000  
> 2024 06 08 12 10 00.4950000  0 31                     
E08  23835841.458   125258200.955         368.202          45.000    23835840.751    95977049.481         282.075          48.000  
G09  19202987.685   100912433.776        -983.350          50.000    19202984.168    78633065.849        -766.260          47.000  
E03  22269122.353   117025063.383       -1297.793          45.000    22269126.460    89668594.564        -994.428          53.000  
G19  23290012.212   122389790.488       -2722.481          41.000                                                                  
G30  21879462.125   114977314.468        2869.030          43.000    21879463.018    89592684.965        2235.470          43.000  
R24  22064106.320   117986646.609        2015.178          44.000    22064103.550    91767410.130        1567.437          42.000  
R22  19986992.428   106691891.253       -4391.750          42.000    19986993.355    82982478.677       -3415.874          48.000  
R11  22305227.511   119192372.849        3529.755          41.000    22305230.857    92705177.466        2745.245          41.000  
R07  19422781.692   103971685.708       -1780.243          51.000    19422775.433    80866928.936       -1384.668          45.000  
E25  25241952.266   132647360.208        1217.584          42.000    25241957.424   101638908.466         932.778          48.000  
G06  19565299.787   102816340.976         -37.051          47.000    19565297.099    80116856.098         -28.888          43.000  
S31  37110435.368   195016694.507        -749.341          45.000  
S33  38099126.175   200212216.811        -748.390          40.000  
E05  23309577.189   122492666.110       -2566.025          44.000    23309579.894    93858037.022       -1966.238          47.000  
E02  26360033.665   138522918.182        1657.880          40.000    26360039.531   106140956.227        1270.283          42.000  
R09  19399426.959   103591852.397       -1185.773          47.000    19399424.268    80571416.290        -922.101          48.000  
R10  19431555.126   103581128.498        1995.593          44.000                                                                  
R08  19309844.066   103403354.997         172.375          49.000    19309836.728    80425130.900         134.125          47.000  
R01  22834148.144   122061602.636        1436.802          42.000    22834144.660    94936945.593        1117.156          37.000  
R23  19320893.800   103353720.981       -1354.743          46.000                                                                  
G07  19310234.480   101475931.595        1964.764          49.000    19310228.644    79072080.692        1530.994          43.000  
E34  23783780.838   124984648.919       -3505.216          44.000    23783783.307    95767469.471       -2685.813          48.000  
E18  26799585.380   140832715.128          20.928          41.000    26799589.417   107910742.747          16.030          44.000  
E13  24882301.781   130757325.048        1358.895          43.000    24882303.289   100190706.704        1041.218          46.000  
E15  22267650.976   117017317.112       -1203.754          46.000    22267652.514    89662620.094        -922.233          50.000  
G16  23363648.490   122776790.733         -94.381          37.000                                                                  
G17  23709105.484   124592105.159       -3241.202          36.000    23709103.948    97084782.642       -2524.858          35.000  
G11  22422060.401   117828700.260        2028.613          43.000    22422056.488    91814631.718        1580.902          42.000  
G03  20368969.106   107039698.652       -2494.390          46.000    20368967.555    83407521.344       -1943.502          42.000  
G04  20258606.792   106459723.978       -2751.845          46.000    20258602.532    82955552.478       -2144.298          42.000  
E24                                                                  26476120.327   106608363.501        -390.287          30.000  
> 2024 06 08 12 10 30.4950000  0 31                     
E08  23833759.214   125247258.661         361.075          46.000    23833758.759    95968665.098         276.748          48.000  
G09  19208627.757   100942072.182        -992.706          49.000    19208623.631    78656160.674        -773.511          47.000  
E03  22276546.673   117064080.275       -1303.485          43.000    22276550.188    89698490.491        -998.881          51.000  
G19  23305566.407   122471527.748       -2727.163          41.000                                                                  
G30  21863109.402   114891378.723        2859.689          44.000    21863109.483    89525722.088        2228.355          43.000  
R24  22052861.206   117926509.000        1993.823          46.000    22052857.638    91720636.226        1550.578          42.000  
R22  20011714.266   106823857.260       -4405.927          43.000    20011715.201    83085118.751       -3426.875          47.000  
R11  22285410.955   119086479.159        3529.724          41.000    22285414.733    92622815.880        2745.593          41.000  
R07  19432774.510   104025178.976       -1786.096          50.000    19432768.519    80908534.725       -1389.240          46.000  
E25  25235025.752   132610959.278        1209.053          43.000    25235030.473   101611016.859         926.324          48.000  
G06  19565577.558   102817800.481         -60.802          47.000    19565575.542    80117993.294         -47.419          44.000  
S31  37114721.810   195039220.400        -752.672          45.000  
S33  38103407.201   200234715.627        -751.692          40.000  
E05  23324232.607   122569678.778       -2568.191          44.000    23324234.984    93917046.618       -1967.788          47.000  
E02  26350563.530   138473153.916        1659.618          40.000    26350569.868   106102825.255        1271.628          42.000  
R09  19406170.714   103627863.314       -1214.972          48.000    19406168.351    80599424.744        -945.148          48.000  
R10  19420382.536   103521573.995        1974.567          44.000                                                                  
R08  19308894.427   103398268.139         166.595          49.000    19308886.142    80421174.370         129.541          47.000  
R01  22826089.776   122018526.569        1434.664          43.000    22826086.886    94903441.920        1115.686          38.000  
R23  19328572.179   103394799.037       -1383.905          46.000                                                                  
G07  19299070.707   101417268.043        1945.966          49.000    19299064.858    79026368.862        1516.138          42.000  
E34  23803819.165   125089949.679       -3515.021          44.000    23803821.544    95848154.365       -2693.317          48.000  
E18  26799451.775   140832009.496          25.847          41.000    26799454.686   107910201.849          19.858          42.000  
E13  24874580.302   130716746.279        1346.055          44.000    24874581.498   100159613.772        1031.416          46.000  
E15  22274572.685   117053690.288       -1221.313          46.000    22274574.145    89690490.388        -935.918          50.000  
G16  23364232.439   122779860.698        -109.639          36.000                                                                  
G17  23727598.513   124689290.446       -3238.291          38.000    23727597.972    97160511.240       -2524.024          35.000  
G11  22410520.181   117768060.450        2013.654          43.000    22410517.060    91767379.868        1568.970          42.000  
G03  20383247.736   107114732.639       -2508.074          47.000    20383245.519    83465989.312       -1954.350          42.000  
G04  20274332.194   106542360.241       -2757.539          47.000    20274327.925    83019944.304       -2148.707          42.000  
E24                                                                  26479071.249   106620246.056        -402.456          31.000  
> 2024 06 08 12 11 00.4950000  0 31                     
E08  23831719.637   125236539.357         353.315          46.000    23831719.131    95960451.588         270.764          48.000  
G09  19214322.368   100971997.722       -1002.600          49.000    19214318.165    78679479.249        -781.342          46.000  
E03  22284010.070   117103281.853       -1309.926          47.000    22284008.403    89728527.989       -1003.724          49.000  
G19  23321149.003   122553419.143       -2732.474          40.000                                                                  
G30  21846810.990   114805728.339        2849.915          44.000    21846811.350    89458981.598        2220.759          43.000  
R24  22041737.177   117867022.581        1972.040          45.000    22041733.088    91674368.836        1533.913          43.000  
R22  20036516.188   106956246.421       -4420.111          44.000    20036517.018    83188087.942       -3437.944          48.000  
R11  22265596.225   118980592.539        3529.413          42.000    22265599.599    92540459.830        2745.099          42.000  
R07  19442801.971   104078855.143       -1792.303          50.000    19442795.492    80950282.771       -1394.147          46.000  
E25  25228148.794   132574821.464        1199.981          42.000    25228153.486   101583326.848         919.520          48.000  
G06  19565992.304   102819979.337         -84.710          47.000    19565990.827    80119691.052         -66.187          44.000  
S31  37119028.922   195061852.148        -756.195          45.000  
S33  38107708.384   200257318.675        -755.449          40.000  
E05  23338899.974   122646758.480       -2570.590          43.000    23338902.780    93976107.590       -1969.689          47.000  
E02  26341086.027   138423343.490        1660.944          40.000    26341091.115   106064658.916        1272.572          42.000  
R09  19413080.027   103664760.493       -1244.751          47.000    19413077.876    80628122.483        -968.152          48.000  
R10  19409328.278   103462650.513        1953.369          45.000                                                                  
R08  19307978.719   103393364.840         160.266          49.000    19307970.905    80417360.633         124.530          47.000  
R01  22818045.970   121975526.939        1431.860          43.000    22818043.599    94869997.661        1113.849          38.000  
R23  19336416.966   103436765.602       -1413.782          45.000                                                                  
G07  19288016.869   101359180.454        1926.508          49.000    19288010.882    78981105.810        1501.019          42.000  
E34  23823913.827   125195550.813       -3525.324          44.000    23823916.947    95929069.407       -2701.158          48.000  
E18  26799291.193   140831166.419          30.228          41.000    26799294.486   107909555.656          22.956          42.000  
E13  24866934.092   130676563.819        1332.578          44.000    24866935.073   100128824.517        1021.113          46.000  
E15  22281597.747   117090605.655       -1239.659          46.000    22281598.999    89718776.118        -949.932          50.000  
G16  23364905.410   122783398.584        -126.030          38.000                                                                  
G17  23746077.979   124786404.212       -3235.990          37.000    23746077.862    97236184.119       -2522.441          34.000  
G11  22399067.671   117707874.143        1998.541          43.000    22399063.955    91720481.355        1557.324          42.000  
E24  26482107.988   139164415.6561       -540.450          33.000    26482111.624   106632488.484        -414.293          36.000  
G03  20397605.993   107190185.046       -2522.146          47.000    20397603.571    83524783.308       -1965.211          42.000  
G04  20290090.414   106625170.933       -2763.442          47.000    20290086.483    83084472.071       -2153.340          43.000  
> 2024 06 08 12 11 30.4950000  0 31                     
E08  23829726.220   125226062.391         344.885          46.000    23829725.786    95952423.752         264.368          49.000  
G09  19220075.208   101002229.405       -1013.153          49.000    19220071.401    78703036.363        -789.484          47.000  
E03  22291509.310   117142687.308       -1317.201          49.000    22291506.471    89758721.791       -1009.268          49.000  
G19  23336763.674   122635481.637       -2738.217          38.000                                                                  
G30  21830571.174   114720385.720        2839.306          45.000    21830571.527    89392480.905        2212.587          43.000  
R24  22030738.811   117808211.038        1948.717          46.000    22030734.516    91628626.438        1515.980          43.000  
R22  20061401.478   107089074.340       -4435.174          45.000    20061399.933    83291398.427       -3449.526          47.000  
R11  22245786.345   118874737.448        3527.459          42.000    22245790.417    92458128.304        2743.762          42.000  
R07  19452866.515   104132734.403       -1799.713          50.000    19452861.040    80992188.761       -1399.677          46.000  
E25  25221325.695   132538968.748        1190.044          41.000    25221330.884   101555855.291         911.825          48.000  
G06  19566548.155   102822898.310        -109.794          47.000    19566546.169    80121965.515         -85.744          44.000  
S31  37123358.865   195084607.491        -760.845          45.000  
S33  38112034.020   200280046.501        -760.011          40.000  
E05  23353584.454   122723924.917       -2574.232          43.000    23353587.394    94035234.997       -1972.286          48.000  
E02  26331602.208   138373508.488        1661.394          39.000    26331607.752   106026473.766        1272.954          43.000  
R09  19420159.375   103702563.689       -1275.458          48.000    19420157.125    80657524.945        -991.986          47.000  
R10  19398397.364   103404382.233        1931.042          45.000                                                                  
R08  19307100.744   103388665.586         152.899          50.000    19307093.904    80413705.569         118.884          48.000  
R01  22810018.865   121932623.370        1428.082          42.000    22810017.377    94836628.111        1111.030          37.000  
R23  19344432.247   103479639.495       -1444.580          46.000                                                                  
G07  19277076.508   101301690.588        1905.975          49.000    19277070.675    78936308.557        1485.034          41.000  
E34  23844069.322   125301470.445       -3536.158          43.000    23844072.969    96010228.500       -2709.661          49.000  
E18  26799108.101   140830205.228          33.765          41.000    26799112.259   107908818.908          26.011          42.000  
E13  24859366.985   130636799.348        1318.213          44.000    24859368.346   100098355.544        1010.098          46.000  
E15  22288729.009   117128082.916       -1258.938          45.000    22288730.828    89747492.388        -964.659          50.000  
G16  23365672.159   122787425.975        -143.013          37.000                                                                  
G17  23764547.079   124883464.352       -3234.883          36.000    23764547.998    97311815.172       -2520.779          35.000  
G11  22387706.030   117648163.807        1982.123          44.000    22387701.551    91673953.722        1544.470          41.000  
E24  26485242.667   139180883.399        -557.525          36.000    26485245.545   106645106.755        -427.193          39.000  
G03  20412046.970   107266076.048       -2537.230          45.000    20412045.294    83583919.071       -1976.964          42.000  
G04  20305885.690   106708174.996       -2770.433          47.000    20305882.262    83149150.472       -2158.647          44.000  
> 2024 06 08 12 12 00.4950000  0 31                     
E08  23827782.501   125215847.766         335.962          46.000    23827782.165    95944596.941         257.341          50.000  
G09  19225889.552   101032786.942       -1024.384          49.000    19225887.325    78726847.387        -798.132          47.000  
E03  22299050.513   117182316.527       -1325.027          50.000    22299048.969    89789087.062       -1015.284          50.000  
G19  23352416.262   122717733.330       -2745.145          39.000                                                                  
G30  21814393.434   114635373.840        2827.935          44.000    21814393.774    89326237.940        2203.619          43.000  
R24  22019872.117   117750098.405        1925.016          46.000    22019866.812    91583427.598        1497.276          42.000  
R22  20086370.197   107222357.358       -4450.699          45.000    20086368.874    83395062.840       -3461.620          48.000  
R11  22225986.917   118768938.153        3525.250          41.000    22225991.640    92375840.163        2742.065          42.000  
R07  19462972.992   104186838.727       -1807.544          50.000    19462968.431    81034269.807       -1405.841          46.000  
E25  25214561.804   132503423.788        1179.291          41.000    25214566.659   101528619.504         903.710          47.000  
G06  19567248.595   102826578.702        -135.600          47.000    19567246.088    80124833.303        -105.774          44.000  
S31  37127716.883   195107508.282        -766.387          45.000  
S33  38116386.372   200302920.301        -765.132          40.000  
E05  23368288.714   122801198.435       -2577.758          43.000    23368292.118    94094444.466       -1975.209          47.000  
E02  26322118.242   138323671.255        1660.894          40.000    26322124.377   105988286.909        1272.514          43.000  
R09  19427412.999   103741294.394       -1306.885          48.000    19427410.056    80687648.783       -1016.241          47.000  
R10  19387593.652   103346794.052        1907.794          45.000                                                                  
R08  19306265.670   103384191.100         145.032          50.000    19306258.702    80410225.332         112.689          48.000  
R01  22802014.525   121889835.998        1423.657          42.000    22802013.408    94803348.974        1107.656          38.000  
R23  19352620.422   103523439.800       -1475.678          47.000                                                                  
G07  19266254.863   101244821.477        1884.961          48.000    19266248.503    78891994.970        1468.689          41.000  
E34  23864289.338   125407727.390       -3547.947          43.000    23864292.980    96091646.022       -2718.458          48.000  
E18  26798906.036   140829145.852          36.705          39.000    26798910.615   107908006.967          28.138          41.000  
E13  24851883.675   130597475.110        1303.084          44.000    24851885.310   100068223.911         998.531          46.000  
E15  22295971.960   117166142.427       -1278.687          46.000    22295973.239    89776654.788        -979.740          50.000  
G16  23366536.369   122791965.260        -160.359          38.000                                                                  
G17  23783011.796   124980488.690       -3233.717          38.000    23783011.371    97387418.315       -2519.688          35.000  
G11  22376438.908   117588952.566        1965.137          43.000    22376433.715    91627814.972        1531.226          41.000  
E24  26488473.098   139197862.722        -574.928          37.000    26488476.651   106658117.073        -440.281          40.000  
G03  20426576.453   107342426.445       -2553.049          46.000    20426574.794    83643412.796       -1989.263          43.000  
G04  20321721.819   106791392.052       -2777.889          47.000    20321718.156    83213994.831       -2164.684          44.000  
> 2024 06 08 12 12 30.4950000  0 31                     
E08  23825890.217   125205904.799         326.889          46.000    23825890.159    95936978.261         250.615          50.000  
G09  19231768.099   101063679.398       -1035.443          48.000    19231766.252    78750919.341        -806.659          47.000  
E03  22306634.732   117222178.754       -1332.677          48.000    22306636.041    89819630.818       -1021.081          51.000  
G19  23368106.403   122800181.928       -2751.531          41.000                                                                  
G30  21798281.240   114550705.070        2816.620          44.000    21798281.670    89260262.345        2194.901          43.000  
R24  22009137.869   117692697.650        1901.599          46.000    22009132.964    91538782.459        1478.856          41.000  
R22  20111424.428   107356100.976       -4465.727          46.000    20111423.412    83499085.484       -3473.415          48.000  
R11  22206201.209   118663208.800        3523.108          41.000    22206205.146    92293606.422        2740.112          41.000  
R07  19473124.637   104241177.982       -1815.143          50.000    19473119.356    81076533.615       -1411.786          46.000  
E25  25207858.613   132468198.591        1168.689          41.000    25207863.515   101501628.732         895.593          47.000  
G06  19568095.406   102831031.214        -161.358          47.000    19568093.242    80128302.748        -125.601          44.000  
S31  37132104.359   195130564.924        -770.885          45.000  
S33  38120768.929   200325949.680        -770.376          40.000  
E05  23383015.870   122878588.921       -2581.695          43.000    23383019.062    94153743.558       -1978.077          47.000  
E02  26312636.390   138273843.419        1660.656          40.000    26312642.675   105950107.241        1272.487          43.000  
R09  19434841.612   103780961.847       -1337.756          49.000    19434838.589    80718501.230       -1040.540          48.000  
R10  19376920.749   103289900.790        1884.820          45.000                                                                  
R08  19305474.043   103379951.394         137.457          50.000    19305466.549    80406927.751         106.866          47.000  
R01  22794033.912   121847174.121        1420.071          42.000    22794031.846    94770167.472        1104.794          38.000  
R23  19360983.746   103568174.922       -1506.738          47.000                                                                  
G07  19255553.561   101188585.498        1863.977          48.000    19255547.687    78848174.745        1452.368          42.000  
E34  23884576.181   125514329.740       -3559.141          43.000    23884579.013    96173328.229       -2727.140          48.000  
E18  26798686.348   140827997.692          40.049          39.000    26798692.708   107907127.004          30.542          41.000  
E13  24844486.984   130558602.808        1288.036          44.000    24844488.274   100038438.559         987.079          47.000  
E15  22303326.384   117204793.837       -1298.174          45.000    22303328.429    89806270.742        -994.727          50.000  
G16  23367498.763   122797027.916        -177.629          37.000                                                                  
G17  23801470.603   125077484.809       -3232.812          39.000    23801469.430    97462999.482       -2518.777          34.000  
G11  22365268.261   117530252.905        1948.187          42.000    22365263.370    91582074.857        1518.195          41.000  
E24  26491802.977   139215364.159        -592.206          35.000    26491806.985   106671527.521        -453.467          40.000  
G03  20441195.200   107419246.302       -2568.337          47.000    20441193.391    83703272.365       -2001.325          43.000  
G04  20337599.547   106874831.166       -2784.952          47.000    20337596.271    83279012.228       -2170.046          44.000  
> 2024 06 08 12 13 00.4950000  0 31                     
E08  23824049.169   125196235.002         317.952          45.000    23824049.973    95929568.910         243.504          49.000  
G09  19237711.154   101094907.906       -1046.381          49.000    19237708.127    78775253.159        -815.308          46.000  
E03  22314261.383   117262275.428       -1340.410          45.000    22314266.726    89850354.136       -1027.023          53.000  
G19  23383833.494   122882826.126       -2757.802          42.000                                                                  
G30  21782235.585   114466383.950        2804.644          44.000    21782235.408    89194557.609        2185.762          42.000  
R24  21998536.759   117636014.355        1877.790          45.000    21998533.383    91494695.356        1460.388          41.000  
R22  20136565.647   107490302.638       -4480.885          45.000    20136564.189    83603464.399       -3485.068          48.000  
R11  22186429.332   118557555.418        3520.404          41.000    22186433.106    92211431.789        2738.232          41.000  
R07  19483320.187   104295755.296       -1823.077          50.000    19483314.689    81118982.584       -1417.963          46.000  
E25  25201217.727   132433297.364        1158.273          41.000    25201221.938   101474886.203         887.432          47.000  
G06  19569089.856   102836258.609        -186.923          46.000    19569088.349    80132375.998        -145.946          44.000  
S31  37136521.851   195153777.991        -776.415          45.000  
S33  38125181.071   200349136.109        -775.582          40.000  
E05  23397765.708   122956098.168       -2585.408          43.000    23397768.385    94213133.679       -1981.037          46.000  
E02  26303156.978   138224028.770        1660.462          40.000    26303163.109   105911937.682        1272.230          43.000  
R09  19442445.661   103821568.140       -1369.073          49.000    19442443.074    80750083.883       -1064.832          48.000  
R10  19366379.179   103233708.310        1861.584          45.000                                                                  
R08  19304726.343   103375948.665         129.657          50.000    19304718.987    80403814.483         100.757          47.000  
R01  22786077.315   121804639.301        1415.838          42.000    22786073.914    94737084.761        1101.346          37.000  
R23  19369521.855   103613845.422       -1537.824          47.000                                                                  
G07  19244973.735   101132987.000        1842.792          48.000    19244967.820    78804851.258        1435.944          42.000  
E34  23904927.920   125621277.792       -3570.473          44.000    23904930.904    96255275.334       -2735.898          48.000  
E18  26798452.573   140826762.322          42.948          39.000    26798457.406   107906180.141          32.828          40.000  
E13  24837176.839   130520186.216        1273.075          44.000    24837178.016   100009002.400         975.396          47.000  
E15  22310794.208   117244038.993       -1317.936          45.000    22310796.449    89836341.638       -1009.834          50.000  
G16  23368563.071   122802617.721        -195.008          37.000                                                                  
G17  23819923.480   125174452.209       -3231.938          38.000    23819921.544    97538558.265       -2517.450          31.000  
G11  22354195.180   117472069.412        1930.847          41.000    22354191.850    91536736.961        1504.962          41.000  
E24  26495233.284   139233390.421        -609.538          37.000    26495236.707   106685340.053        -467.000          38.000  
G03  20455903.234   107496537.894       -2584.147          46.000    20455901.877    83763499.501       -2013.551          44.000  
G04  20353519.900   106958493.552       -2792.354          47.000    20353516.861    83344203.607       -2175.937          45.000  
> 2024 06 08 12 13 30.4950000  0 31                     
E08  23822257.908   125186824.998         309.432          45.000    23822259.149    95922358.594         237.075          49.000  
G09  19243715.173   101126458.827       -1057.098          49.000    19243710.266    78799838.273        -823.749          44.000  
E03  22321936.419   117302593.050       -1347.478          47.000    22321938.714    89881246.729       -1032.520          53.000  
G19  23399595.133   122965650.523       -2763.906          42.000                                                                  
G30  21766254.006   114382400.107        2793.770          44.000    21766253.854    89129115.712        2177.056          42.000  
R24  21988070.477   117580038.667        1853.971          48.000    21988065.714    91451158.550        1442.027          41.000  
R22  20161787.967   107624944.802       -4495.190          44.000    20161787.114    83708185.958       -3496.315          47.000  
R11  22166670.118   118451968.501        3518.487          41.000    22166674.665    92129308.870        2736.552          41.000  
R07  19493557.992   104350557.863       -1830.513          50.000    19493552.387    81161606.748       -1423.865          46.000  
E25  25194635.829   132398709.437        1147.926          41.000    25194640.338   101448383.755         879.410          47.000  
G06  19570230.056   102842248.817        -212.258          46.000    19570227.703    80137043.628        -165.484          43.000  
S31  37140966.748   195177136.226        -780.910          45.000  
S33  38129620.820   200372466.389        -779.712          40.000  
E05  23412535.350   123033713.264       -2588.877          43.000    23412538.260    94272604.881       -1983.604          46.000  
E02  26293677.184   138174216.268        1660.445          39.000    26293683.980   105873769.786        1272.183          43.000  
R09  19450223.444   103863100.011       -1399.756          49.000    19450220.419    80782386.425       -1088.739          48.000  
R10  19355967.580   103178207.875        1838.507          44.000                                                                  
R08  19304021.216   103372169.668         122.296          50.000    19304013.169    80400875.220          95.142          47.000  
R01  22778141.191   121762217.924        1412.391          42.000    22778138.547    94704090.267        1098.382          38.000  
R23  19378232.070   103660436.793       -1568.378          47.000                                                                  
G07  19234513.286   101078015.619        1821.973          48.000    19234507.475    78762016.423        1419.653          43.000  
E34  23925342.132   125728557.010       -3581.429          44.000    23925345.538    96337476.180       -2744.268          49.000  
E18  26798199.621   140825426.267          46.362          40.000    26798202.669   107905156.162          35.346          39.000  
E13  24829950.775   130482214.278        1258.369          44.000    24829952.353    99979906.943         964.211          47.000  
E15  22318373.288   117283864.841       -1337.232          45.000    22318375.196    89866857.476       -1024.539          50.000  
G16  23369724.886   122808723.616        -212.385          37.000                                                                  
G17  23838367.591   125271375.357       -3230.213          39.000    23838362.760    97614082.676       -2517.638          32.000  
G11  22343219.393   117414391.904        1914.105          41.000    22343216.459    91491793.367        1491.724          41.000  
E24  26498761.579   139251929.437        -626.333          37.000    26498764.477   106699545.460        -480.073          40.000  
G03  20470697.946   107574288.678       -2599.364          45.000    20470698.080    83824084.409       -2025.395          45.000  
G04  20369480.270   107042365.506       -2799.251          48.000    20369477.162    83409558.282       -2181.128          45.000  
> 2024 06 08 12 14 00.4950000  0 31                     
E08  23820516.453   125177670.654         300.823          45.000    23820516.791    95915344.160         230.600          49.000  
G09  19249779.258   101158327.736       -1067.554          49.000    19249774.969    78824671.168        -831.946          45.000  
E03  22329651.879   117343127.214       -1354.697          49.000    22329651.309    89912305.304       -1038.071          51.000  
G19  23415389.452   123048649.240       -2769.435          42.000                                                                  
G30  21750335.752   114298752.363        2782.465          43.000    21750335.829    89063935.708        2168.396          42.000  
R24  21977735.882   117524769.980        1830.529          49.000    21977730.287    91408171.670        1423.686          41.000  
R22  20187091.024   107760019.309       -4509.660          45.000    20187091.138    83813243.746       -3507.431          47.000  
R11  22146923.221   118346448.546        3516.204          40.000    22146927.831    92047238.002        2734.850          42.000  
R07  19503837.080   104405582.885       -1837.917          50.000    19503831.142    81204403.943       -1429.486          46.000  
E25  25188112.724   132364433.289        1137.390          41.000    25188117.874   101422120.203         871.376          47.000  
G06  19571514.390   102848998.880        -237.742          46.000    19571511.479    80142303.364        -185.228          42.000  
S31  37145438.714   195200635.581        -785.488          45.000  
S33  38134087.675   200395939.383        -784.985          40.000  
E05  23427324.546   123111430.387       -2592.115          43.000    23427327.305    94332154.255       -1986.295          46.000  
E02  26284198.087   138124404.033        1660.099          39.000    26284204.909   105835602.079        1272.202          43.000  
R09  19458174.158   103905553.307       -1430.481          49.000    19458170.660    80815405.597       -1112.622          48.000  
R10  19345685.522   103123399.715        1815.436          44.000                                                                  
R08  19303356.241   103368610.511         115.057          50.000    19303348.279    80398106.968          89.490          47.000  
R01  22770226.255   121719905.435        1408.695          42.000    22770223.002    94671180.447        1095.484          38.000  
R23  19387112.521   103707943.395       -1598.828          47.000                                                                  
G07  19224171.855   101023670.230        1801.093          48.000    19224166.502    78719669.402        1403.265          43.000  
E34  23945818.726   125836161.950       -3592.154          44.000    23945822.134    96419926.612       -2752.497          49.000  
E18  26797926.857   140823985.363          49.861          40.000    26797928.048   107904051.886          37.688          37.000  
E13  24822808.910   130444685.081        1243.510          43.000    24822811.055    99951150.734         952.969          47.000  
E15  22326062.078   117324267.478       -1356.415          46.000    22326063.464    89897815.268       -1039.338          50.000  
G16  23370984.858   122815343.273        -229.495          37.000                                                                  
G17  23856802.900   125368249.229       -3228.114          38.000    23856798.684    97689568.647       -2515.669          32.000  
G11  22332339.894   117357219.288        1897.510          42.000    22332337.091    91447243.199        1478.320          41.000  
E24  26502386.089   139270978.221        -643.137          36.000    26502389.172   106714141.452        -493.039          39.000  
G03  20485580.065   107652495.216       -2614.483          45.000    20485580.262    83885024.451       -2037.191          45.000  
G04  20385479.543   107126442.550       -2805.922          47.000    20385476.906    83475072.795       -2186.436          44.000  
> 2024 06 08 12 14 30.4950000  0 31                     
E08  23818822.781   125168765.480         292.774          45.000    23818822.192    95908520.664         224.516          49.000  
G09  19255902.935   101190507.860       -1077.740          49.000    19255900.727    78849746.528        -839.880          47.000  
E03  22337405.326   117383871.361       -1361.464          50.000    22337403.068    89943524.822       -1043.211          49.000  
G19  23431215.294   123131813.602       -2774.750          43.000                                                                  
G30  21734480.784   114215437.265        2771.577          44.000    21734481.660    88999014.919        2159.858          42.000  
R24  21967531.881   117470205.437        1807.182          47.000    21967525.676    91365732.440        1405.478          41.000  
R22  20212475.698   107895515.465       -4523.462          44.000    20212473.762    83918629.536       -3518.219          47.000  
R11  22127189.074   118240993.157        3514.289          42.000    22127193.584    91965217.402        2733.437          42.000  
R07  19514156.498   104460824.242       -1844.890          50.000    19514151.039    81247369.394       -1435.079          46.000  
E25  25181649.066   132330465.100        1127.513          41.000    25181654.017   101396092.639         863.772          47.000  
G06  19572943.054   102856503.540        -262.587          46.000    19572939.604    80148151.088        -204.637          43.000  
S31  37149936.106   195224270.404        -789.805          46.000  
S33  38138580.161   200419547.306        -789.217          41.000  
E05  23442131.460   123189243.627       -2595.211          43.000    23442134.717    94391777.288       -1988.486          46.000  
E02  26274717.214   138074587.958        1660.612          38.000    26274725.014   105797431.431        1272.503          43.000  
R09  19466295.466   103948922.284       -1460.785          49.000    19466292.581    80849136.934       -1136.230          48.000  
R10  19335532.436   103069281.641        1792.371          44.000                                                                  
R08  19302730.864   103365265.489         108.032          50.000    19302723.774    80395505.255          83.948          46.000  
R01  22762328.357   121677695.344        1405.447          39.000    22762327.725    94638350.287        1093.137          38.000  
R23  19396163.188   103756357.339       -1628.797          47.000                                                                  
G07  19213947.923   100969947.130        1780.444          48.000    19213942.827    78677807.264        1387.592          42.000  
E34  23966356.103   125944084.942       -3602.496          44.000    23966359.061    96502620.749       -2760.328          48.000  
E18  26797629.727   140822433.191          53.349          40.000    26797632.729   107902862.366          41.088          37.000  
E13  24815750.342   130407594.479        1228.958          43.000    24815753.056    99922730.595         941.852          47.000  
E15  22333859.308   117365240.746       -1375.028          46.000    22333860.385    89929210.294       -1053.600          50.000  
G16  23372341.727   122822472.743        -246.262          38.000                                                                  
G17  23875225.950   125465065.323       -3226.106          37.000    23875223.111    97765009.491       -2513.203          33.000  
G11  22321556.494   117300548.231        1880.621          42.000    22321553.438    91403083.825        1465.576          41.000  
E24  26506107.540   139290531.563        -660.092          38.000    26506110.312   106729124.045        -505.580          40.000  
G03  20500548.741   107731151.848       -2629.354          46.000    20500548.172    83946315.231       -2048.675          45.000  
G04  20401516.718   107210717.919       -2812.413          47.000    20401513.673    83540741.855       -2191.427          44.000  
