     3.00           OBSERVATION DATA    M: Mixed            RINEX VERSION / TYPE
CONVBIN demo5 b34j                      20240609 013619 UTC PGM / RUN BY / DATE 
log: SAUC00CHL_R_20241600645_15M_30S_MO.ubx                 COMMENT             
format: u-blox UBX                                          COMMENT             
format: u-blox UBX                                          COMMENT             
log: SAUC00CHL_R_20241600645_15M_30S_MO.ubx                 COMMENT             
SAUC00CHL                                                   MARKER NAME         
                                                            MARKER NUMBER       
GEODETIC                                                    MARKER TYPE         
El Sauce            Obstech                                 OBSERVER / AGENCY   
UNKNOWN             UBLOX-ZED-F9P                           REC # / TYPE / VERS 
UNKNWOWN            TWIVSP6037L                             ANT # / TYPE        
  1813185.0000 -5195981.0000 -3216438.0000                  APPROX POSITION XYZ 
        0.0000        0.0000        0.0000                  ANTENNA: DELTA H/E/N
G    8 C1C L1C D1C S1C C2X L2X D2X S2X                      SYS / # / OBS TYPES 
R    8 C1C L1C D1C S1C C2C L2C D2C S2C                      SYS / # / OBS TYPES 
E    8 C1X L1X D1X S1X C7X L7X D7X S7X                      SYS / # / OBS TYPES 
S    4 C1C L1C D1C S1C                                      SYS / # / OBS TYPES 
  2024    06    08    06    45   00.0060000     GPS         TIME OF FIRST OBS   
  2024    06    08    06    59   30.0070000     GPS         TIME OF LAST OBS    
                                                            END OF HEADER       
> 2024 06 08 06 45 00.0060000  0 31                     
G14  27248972.263   143194335.8491        296.682          36.000    27248967.948   111580335.8991        231.406          36.000  
E04  28547439.606   150017920.5071      -2560.110          42.000    28547437.810   114948781.1231      -1961.683          46.000  
G16  26489527.411   139203378.4121      -3897.046          39.000                                                                  
G32  23528338.206   123642316.3841      -1751.167          49.000    23528334.623    96344746.8411      -1364.628          45.000  
E06  25750533.576   135320057.7961        189.954          47.000                                                                  
R04  23539011.598   126050489.6621      -4451.317          49.000    23539004.170    98039272.7861      -3462.223          47.000  
R20  22076203.523   118051393.0181        917.855          39.000    22076202.149    91817807.2791        714.020          44.000  
R19  23395060.631   125147799.3481      -2547.667          37.000    23395055.070    97337432.6941      -1981.521          45.000  
R06  23747752.644   126722557.0481       3036.774          42.000                                                                  
R11  26234370.486   140188516.6621      -2270.526          43.000    26234366.014   109035436.0791      -1765.799          43.000  
E30  29327519.135   154117152.1311       -696.092          43.000    29327520.262   118089761.8831       -533.174          44.000  
E02  28035779.050   147329021.7811      -2691.815          42.000    28035776.921   112888463.9361      -2062.750          41.000  
S31  40555031.100   213118194.7171       -790.352          45.000  
S33  41547069.959   218331375.1131       -789.341          41.000  
E05  26003561.650   136649694.7851       1971.734          43.000    26003563.353   104705640.2101       1510.852          47.000  
E36  25931442.920   136270904.5421       -386.345          44.000    25931444.352   104415434.9471       -296.036          47.000  
R05  21005907.517   112288693.1631      -1086.422          50.000    21005902.003    87335653.5121       -845.017          48.000  
R10  26483580.734   141172349.5531      -3639.135          36.000                                                                  
R21  25486082.102   136381182.7421       2492.267          45.000    25486078.074   106074187.0421       1938.605          43.000  
G27  22780538.275   119712647.3261      -2951.947          46.000    22780534.601    93282482.5971      -2300.238          46.000  
E34  28155796.492   147959765.2031        821.747          45.000    28155796.123   113371785.1491        629.607          44.000  
E18  28614240.704   150368857.8731      -1277.135          42.000                                                                  
E25  29475020.539   154892307.1711      -3401.275          34.000    29475024.316   118683724.3871      -2605.943          39.000  
E09  26182940.577   137592390.8161       -184.975          44.000    26182940.234   105427986.3851       -141.863          49.000  
G21  23124145.272   121518345.8491       1496.948          47.000                                                                  
E10  29766234.193   156422922.3471      -2329.484          35.000    29766234.185   119856657.3561      -1784.813          37.000  
G10  25104083.228   131922993.8471      -3903.520          45.000    25104079.262   102797233.5091      -3041.958          40.000  
G02  24129758.836   126802801.4161       1696.822          47.000                                                                  
G08  21961448.761   115408232.0701       -811.012          48.000    21961445.607    89928470.7931       -631.909          45.000  
E11  26650446.120   140049237.5621      -1862.206          42.000    26650441.491   107310569.7131      -1426.535          44.000  
G03  25197883.646   132415822.0801       1581.663          43.000    25197880.575   103181214.4221       1232.592          39.000  
> 2024 06 08 06 45 30.0060000  0 31                     
G14  27247315.141   143185630.219         283.993          37.000    27247309.909   111573552.346         220.722          34.000  
E04  28562079.419   150094853.905       -2568.503          42.000    28562077.601   115007730.092       -1968.064          46.000  
G16  26511759.924   139320208.048       -3891.232          39.000                                                                  
G32  23538387.268   123695122.480       -1768.956          50.000    23538383.244    96385894.459       -1378.650          44.000  
E06  25749482.007   135314528.379         178.988          47.000                                                                  
R04  23563977.112   126184177.996       -4460.861          50.000    23563969.609    98143252.601       -3469.612          46.000  
R20  22071073.027   118023949.236         912.078          41.000    22071069.967    91796462.126         709.367          43.000  
R19  23409379.007   125224389.424       -2558.252          37.000    23409372.626    97397002.722       -1989.435          45.000  
R06  23730707.328   126631600.672        3027.386          42.000                                                                  
R11  26247158.072   140256843.233       -2284.148          45.000    26247152.351   109088578.990       -1776.692          42.000  
E30  29331522.482   154138195.579        -706.656          41.000    29331524.595   118105886.084        -541.507          44.000  
E02  28051160.682   147409853.239       -2696.542          43.000    28051158.717   112950399.734       -2066.192          41.000  
S31  40559536.834   213141871.837        -787.911          45.000  
S33  41551570.370   218355022.041        -787.035          41.000  
E05  25992314.298   136590585.224        1969.348          44.000    25992315.219   104660348.508        1508.748          47.000  
E36  25933647.691   136282486.302        -385.462          44.000    25933649.173   104424309.286        -295.520          48.000  
R05  21012072.831   112321649.353       -1110.456          50.000    21012066.586    87361286.117        -863.708          47.000  
R10  26504058.864   141281506.610       -3637.389          37.000                                                                  
R21  25472091.951   136306320.000        2498.723          44.000    25472086.810   106015960.521        1943.406          40.000  
G27  22797432.185   119801418.947       -2965.848          47.000    22797427.228    93351655.262       -2311.249          46.000  
E34  28151095.856   147935063.995         825.496          45.000    28151096.123   113352858.279         632.362          45.000  
E18  28621534.320   150407187.842       -1277.875          42.000                                                                  
E25  29494419.434   154994247.369       -3394.783          35.000    29494422.224   118761834.335       -2601.320          37.000  
E09  26184031.370   137598118.210        -196.559          45.000    26184029.868   105432374.908        -150.616          49.000  
G21  23115605.966   121473471.295        1494.926          47.000                                                                  
E10  29779536.499   156492820.712       -2329.742          36.000    29779535.698   119910215.831       -1784.890          38.000  
G10  25126364.499   132040084.008       -3901.866          45.000    25126361.035   102888472.585       -3040.535          40.000  
G02  24120073.127   126751903.502        1696.676          47.000                                                                  
G08  21966130.242   115432835.109        -828.668          48.000    21966126.984    89947642.033        -645.836          45.000  
E11  26661076.972   140105108.343       -1862.303          41.000    26661072.941   107353379.812       -1427.105          43.000  
G03  25188871.545   132368462.361        1575.951          43.000    25188868.394   103144310.743        1228.212          40.000  
> 2024 06 08 06 46 00.0060000  0 31                     
G14  27245727.109   143177283.514         271.648          39.000    27245720.005   111567048.420         212.282          33.000  
E04  28576762.212   150172013.625       -2575.751          42.000    28576760.730   115066852.468       -1973.594          46.000  
G16  26533950.402   139436818.314       -3883.129          40.000                                                                  
G32  23548533.725   123748440.294       -1785.802          50.000    23548529.420    96427440.790       -1391.284          45.000  
E06  25748488.853   135309310.568         168.669          46.000                                                                  
R04  23588990.502   126318124.295       -4469.034          49.000    23588983.078    98247433.063       -3475.943          45.000  
R20  22065970.281   117996659.873         907.345          41.000    22065966.270    91775237.083         705.425          43.000  
R19  23423749.867   125301264.129       -2567.286          38.000    23423743.340    97456794.168       -1996.594          44.000  
R06  23713712.436   126540914.595        3018.483          42.000                                                                  
R11  26260017.676   140325562.539       -2297.150          45.000    26260012.294   109142027.304       -1786.443          42.000  
E30  29335583.058   154159531.303        -716.170          42.000    29335584.278   118122234.211        -548.702          44.000  
E02  28066563.680   147490799.076       -2700.171          43.000    28066562.604   113012423.157       -2069.012          42.000  
S31  40564024.729   213165456.177        -784.443          45.000  
S33  41556052.346   218378575.034        -783.290          41.000  
E05  25981076.714   136531532.341        1967.357          43.000    25981077.579   104615100.219        1507.427          47.000  
E36  25935845.411   136294022.799        -383.869          46.000    25935845.555   104433148.934        -294.059          50.000  
R05  21018366.882   112355300.897       -1133.276          49.000    21018361.651    87387459.541        -881.382          47.000  
R10  26524522.374   141390580.742       -3634.171          40.000                                                                  
R21  25458061.248   136231242.674        2506.264          44.000    25458055.516   105957567.105        1949.140          39.000  
G27  22814399.219   119890583.772       -2978.698          47.000    22814395.066    93421134.331       -2320.968          46.000  
E34  28146369.182   147910227.195         830.191          44.000    28146369.564   113333827.506         636.095          45.000  
E18  28628826.450   150445514.627       -1277.538          41.000                                                                  
E25  29513779.577   155095981.407       -3387.733          37.000    29513781.104   118839786.328       -2595.756          36.000  
E09  26185181.369   137604166.354        -207.146          45.000    26185180.988   105437009.216        -158.627          49.000  
G21  23107073.932   121428634.590        1493.868          47.000                                                                  
E10  29792834.305   156562698.248       -2328.912          37.000    29792833.191   119963758.376       -1784.774          39.000  
G10  25148632.037   132157099.041       -3899.018          44.000    25148628.308   102979653.105       -3038.062          40.000  
G02  24110383.346   126700986.362        1697.671          47.000                                                                  
G08  21970908.710   115457945.689        -845.458          48.000    21970905.146    89967208.734        -658.790          45.000  
E11  26671706.487   140160968.442       -1861.994          40.000    26671703.081   107396181.682       -1426.520          43.000  
G03  25179887.994   132321256.410        1570.972          42.000    25179886.744   103107526.952        1224.290          40.000  
> 2024 06 08 06 46 30.0060000  0 31                     
G14  27244205.744   143169282.099         261.487          40.000    27244197.479   111560813.553         203.492          34.000  
E04  28591485.132   150249384.191       -2582.079          43.000    28591483.616   115126136.423       -1978.664          46.000  
G16  26556094.590   139553192.656       -3874.609          40.000                                                                  
G32  23558773.997   123802254.779       -1801.798          50.000    23558770.041    96469374.153       -1404.018          45.000  
E06  25747552.471   135304391.223         159.494          47.000                                                                  
R04  23614048.827   126452309.829       -4476.537          49.000    23614041.230    98351799.609       -3481.698          43.000  
R20  22060894.459   117969513.089         902.944          41.000    22060889.635    91754122.951         702.282          41.000  
R19  23438171.755   125378409.650       -2575.839          37.000    23438165.129    97516796.214       -2003.492          44.000  
R06  23696766.126   126450486.9573       3010.395          40.000                                                                  
R11  26272947.004   140394657.261       -2308.850          42.000    26272942.073   109195767.576       -1795.693          41.000  
E30  29339696.841   154181144.893        -724.513          43.000    29339696.767   118138795.256        -555.194          43.000  
E02  28081985.843   147571843.211       -2702.595          43.000    28081985.289   113074521.866       -2071.013          43.000  
S31  40568492.317   213188933.769        -780.380          45.000  
S33  41560513.601   218402021.585        -779.423          41.000  
E05  25969847.763   136472523.849        1966.660          44.000    25969848.554   104569885.969        1506.752          47.000  
E36  25938030.806   136305500.552        -381.290          49.000    25938030.538   104441943.601        -292.069          51.000  
R05  21024789.226   112389632.269       -1155.356          48.000    21024784.646    87414161.741        -898.567          47.000  
R10  26544962.830   141499598.5873      -3630.020          39.000                                                                  
R21  25443988.701   136155938.165        2514.374          45.000    25443982.550   105898996.941        1955.496          38.000  
G27  22831438.086   119980126.069       -2990.617          47.000    22831434.742    93490907.532       -2330.348          46.000  
E34  28141614.031   147885240.721         835.734          43.000    28141614.637   113314682.056         640.508          44.000  
E18  28636116.605   150483823.657       -1276.399          40.000                                                                  
E25  29533096.708   155197467.4721      -3379.557          37.000    29533098.764   118917568.278       -2589.704          37.000  
E09  26186389.843   137610521.658        -216.608          45.000    26186390.301   105441878.880        -166.005          50.000  
G21  23098546.883   121383823.586        1493.451          48.000                                                                  
E10  29806124.050   156632541.452       -2327.190          36.000    29806124.186   120017274.564       -1782.957          40.000  
G10  25170882.055   132274023.090       -3895.658          45.000    25170878.180   103070762.759       -3035.582          40.000  
G02  24100688.902   126650037.085        1699.119          49.000                                                                  
G08  21975781.083   115483550.239        -861.462          49.000    21975777.379    89987160.349        -671.237          44.000  
E11  26682331.945   140216804.348       -1860.357          41.000    26682328.639   107438965.046       -1425.429          44.000  
G03  25170931.829   132274190.418        1566.800          43.000    25170928.800   103070852.234        1220.835          39.000  
> 2024 06 08 06 47 00.0060000  0 31                     
G14  27242744.504   143161603.877         250.632          38.000    27242738.539   111554830.549         195.170          38.000  
E04  28606243.532   150326941.567       -2588.487          42.000    28606242.299   115185563.511       -1983.238          46.000  
G16  26578190.137   139669305.858       -3865.828          37.000                                                                  
G32  23569104.287   123856542.259       -1817.477          49.000    23569100.325    96511676.058       -1416.230          45.000  
E06  25746669.057   135299748.474         150.075          46.000                                                                  
R04  23639146.387   126586707.453       -4483.549          48.000    23639138.981    98456331.115       -3487.147          42.000  
R20  22055840.154   117942488.278         898.595          41.000    22055835.088    91733103.681         698.972          40.000  
R19  23452638.876   125455803.631       -2583.849          37.000    23452632.844    97576991.525       -2009.766          44.000  
R06  23679864.329   126360297.962        3002.148          40.000                                                                  
R11  26285941.364   140464101.242       -2320.610          43.000    26285936.574   109249779.565       -1804.830          40.000  
E30  29343859.088   154203013.379        -733.345          43.000    29343858.142   118155551.599        -561.936          42.000  
E02  28097423.332   147652960.990       -2705.063          43.000    28097421.774   113136677.024       -2072.843          43.000  
S31  40572934.979   213212281.251        -776.187          45.000  
S33  41564950.604   218425338.123        -775.205          40.000  
E05  25958623.924   136413539.032        1965.750          44.000    25958624.144   104524689.849        1506.156          47.000  
E36  25940199.888   136316897.588        -378.596          49.000    25940199.634   104450676.416        -290.123          52.000  
R05  21031333.999   112424618.923       -1177.163          49.000    21031329.946    87441373.586        -915.542          48.000  
R10  26565384.401   141608445.2841      -3626.141          37.000                                                                  
R21  25429870.010   136080384.558        2522.434          46.000    25429863.423   105840233.049        1962.086          39.000  
G27  22848544.535   120070021.581       -3002.392          46.000    22848541.319    93560955.967       -2339.482          47.000  
E34  28136826.631   147860081.950         841.391          43.000    28136826.932   113295404.600         644.821          45.000  
E18  28643398.825   150522091.799       -1275.068          41.000                                                                  
E25  29552367.561   155298733.162       -3371.596          38.000    29552369.783   118995161.396       -2583.249          38.000  
E09  26187653.628   137617162.039        -226.181          44.000    26187654.056   105446966.987        -173.367          50.000  
G21  23090020.050   121339017.116        1493.458          47.000                                                                  
E10  29819404.275   156702328.251       -2325.643          36.000    29819404.174   120070747.554       -1781.681          41.000  
G10  25193109.758   132390831.889       -3891.658          44.000    25193106.285   103161782.606       -3032.496          41.000  
G02  24090983.446   126599034.058        1700.841          48.000                                                                  
G08  21980743.794   115509626.607        -877.222          48.000    21980739.098    90007479.564        -683.481          44.000  
E11  26692948.153   140272594.251       -1858.783          40.000    26692945.170   107481713.134       -1424.371          44.000  
G03  25161997.303   132227242.041        1563.029          41.000    25161993.159   103034269.119        1218.240          37.000  
> 2024 06 08 06 47 30.0060000  0 31                     
G14  27241344.362   143154250.158         239.368          38.000    27241341.103   111549100.393         186.867          38.000  
E04  28621038.225   150404685.231       -2594.662          43.000    28621036.416   115245133.334       -1988.125          46.000  
G16  26600236.276   139785156.355       -3857.154          38.000                                                                  
G32  23579524.912   123911302.536       -1833.232          49.000    23579520.676    96554346.391       -1428.489          45.000  
E06  25745838.455   135295384.023         140.758          46.000                                                                  
R04  23664283.305   126721313.776       -4490.368          48.000    23664275.988    98561024.909       -3492.139          43.000  
R20  22050810.031   117915589.572         894.476          40.000    22050803.880    91712182.509         695.713          39.000  
R19  23467152.577   125533446.759       -2592.453          37.000    23467147.289    97637380.587       -2016.120          44.000  
R06  23663008.937   126270354.660        2993.893          40.000                                                                  
R11  26299002.289   140533892.037       -2332.065          44.000    26298997.675   109304061.278       -1814.042          41.000  
E30  29348069.656   154225137.207        -741.821          43.000    29348068.271   118172503.579        -568.584          42.000  
E02  28112872.884   147734151.256       -2707.452          43.000    28112871.823   113198887.694       -2074.310          43.000  
S31  40577353.578   213235499.698        -771.894          45.000  
S33  41569362.724   218448525.946        -770.829          40.000  
E05  25947405.255   136354580.548        1964.890          45.000    25947404.609   104479513.884        1505.487          47.000  
E36  25942353.787   136328215.399        -376.115          49.000    25942353.150   104459348.511        -288.064          52.000  
R05  21038001.977   112460260.402       -1198.971          49.000    21037997.057    87469094.743        -932.513          48.000  
R10  26585778.924   141717158.024       -3621.180          33.000                                                                  
R21  25415705.190   136004584.243        2530.805          46.000    25415698.500   105781277.362        1968.205          40.000  
G27  22865717.873   120160269.430       -3014.022          46.000    22865715.051    93631278.955       -2348.811          47.000  
E34  28132006.913   147834751.801         847.107          43.000    28132006.932   113275995.841         649.016          45.000  
E18  28650674.274   150560319.337       -1273.517          41.000                                                                  
E25  29571590.402   155399751.598       -3363.002          37.000    29571592.674   119072565.049       -2576.724          37.000  
E09  26188972.066   137624088.763        -235.601          44.000    26188972.061   105452274.485        -180.543          50.000  
G21  23081495.176   121294217.878        1493.129          46.000                                                                  
E10  29832674.315   156772059.967       -2323.453          37.000    29832673.850   120124178.349       -1780.312          41.000  
G10  25215316.026   132507524.536       -3887.799          44.000    25215312.193   103252711.929       -3029.437          41.000  
G02  24081267.471   126547979.507        1702.567          48.000                                                                  
G08  21985796.015   115536175.973        -892.864          49.000    21985791.402    90028167.388        -695.771          45.000  
E11  26703556.179   140328339.550       -1857.480          40.000    26703553.181   107524427.049       -1423.512          44.000  
G03  25153085.141   132180412.388        1559.001          41.000    25153081.908   102997778.565        1214.680          38.000  
> 2024 06 08 06 48 00.0060000  0 31                     
G14  27240008.292   143147228.065         228.848          39.000    27240005.201   111543628.605         177.915          39.000  
E04  28635868.854   150482620.283       -2600.867          43.000    28635866.891   115304849.814       -1992.951          46.000  
G16  26622232.495   139900747.334       -3848.922          39.000                                                                  
G32  23590036.488   123966541.103       -1849.205          49.000    23590032.036    96597389.441       -1440.934          44.000  
E06  25745062.464   135291305.324         131.214          46.000                                                                  
R04  23689460.009   126856131.312       -4497.568          48.000    23689452.112    98665882.998       -3497.974          43.000  
R20  22045805.287   117888826.653         889.773          39.000    22045798.432    91691366.955         692.366          38.000  
R19  23481714.669   125611346.654       -2600.644          37.000    23481709.873    97697969.387       -2023.064          44.000  
R06  23646200.899   126180664.964        2985.183          39.000                                                                  
R11  26312128.462   140604033.114       -2343.821          43.000    26312124.285   109358615.442       -1822.942          41.000  
E30  29352328.511   154247522.484        -750.386          43.000    29352328.387   118189655.896        -575.069          42.000  
E02  28128336.808   147815418.583       -2709.980          42.000    28128336.255   113261157.450       -2076.452          43.000  
S31  40581748.437   213258595.992        -767.846          45.000  
S33  41573751.804   218471591.086        -766.567          40.000  
E05  25936191.646   136295656.816        1963.722          44.000    25936192.031   104434364.562        1504.556          47.000  
E36  25944493.437   136339461.159        -373.475          49.000    25944492.976   104467965.418        -286.223          52.000  
R05  21044793.184   112496562.074       -1221.013          49.000    21044788.064    87497329.397        -949.655          48.000  
R10  26606148.967   141825742.036       -3617.251          28.000                                                                  
R21  25401496.254   135928545.371        2538.683          46.000    25401488.512   105722136.161        1974.623          39.000  
G27  22882959.754   120250874.473       -3026.171          46.000    22882956.287    93701880.277       -2358.156          47.000  
E34  28127154.020   147809256.846         852.731          42.000    28127155.502   113256460.798         653.239          45.000  
E18  28657942.285   150598512.379       -1272.153          41.000                                                                  
E25  29590767.514   155500527.566       -3354.752          36.000    29590769.336   119149782.977       -2570.585          37.000  
E09  26190346.476   137631308.884        -245.576          44.000    26190346.043   105457806.790        -188.062          50.000  
G21  23072973.229   121249433.942        1492.511          47.000                                                                  
E10  29845934.871   156841743.697       -2321.359          37.000    29845933.895   120177572.383       -1779.262          41.000  
G10  25237500.465   132624105.904       -3884.144          44.000    25237496.564   103343554.540       -3026.545          41.000  
G02  24071542.948   126496881.317        1704.059          47.000                                                                  
G08  21990939.144   115563205.385        -908.839          48.000    21990935.841    90049229.270        -708.061          46.000  
E11  26714157.455   140384047.508       -1856.263          40.000    26714154.100   107567112.339       -1422.274          44.000  
G03  25144197.799   132133708.360        1554.630          42.000    25144195.746   102961385.865        1211.293          39.000  
> 2024 06 08 06 48 30.0060000  0 31                     
G14  27238733.373   143140528.884         217.833          38.000    27238729.299   111538408.470         169.622          38.000  
E04  28650733.673   150560736.336       -2607.136          43.000    28650732.136   115364704.975       -1997.689          46.000  
G16  26644176.856   140016068.029       -3840.240          37.000                                                                  
G32  23600637.061   124022247.859       -1864.885          48.000    23600633.015    96640797.315       -1453.132          44.000  
E06  25744338.861   135287504.029         121.840          46.000                                                                  
R04  23714673.157   126991146.453       -4503.862          49.000    23714665.547    98770894.780       -3503.085          44.000  
R20  22040823.497   117862192.185         885.569          37.000    22040817.403    91670651.319         688.605          39.000  
R19  23496324.536   125689494.647       -2609.743          36.000    23496318.766    97758751.124       -2029.392          44.000  
R06  23629439.181   126091222.977        2976.976          39.000                                                                  
R11  26325316.720   140674511.936       -2355.031          42.000    26325313.349   109413432.285       -1831.681          42.000  
E30  29356635.213   154270159.866        -758.799          42.000    29356636.341   118207001.397        -581.495          43.000  
E02  28143813.960   147896751.982       -2712.340          42.000    28143813.929   113323477.810       -2078.305          43.000  
S31  40586118.424   213281560.712        -763.515          45.000  
S33  41578116.155   218494524.683        -762.271          40.000  
E05  25924983.836   136236760.667        1962.545          43.000    25924984.438   104389236.366        1503.833          47.000  
E36  25946617.083   136350626.592        -371.044          47.000    25946617.314   104476520.753        -284.383          51.000  
R05  21051705.377   112533512.717       -1242.620          49.000    21051700.373    87526068.792        -966.464          48.000  
R10  26626493.811   141934184.726       -3612.455          29.000                                                                  
R21  25387240.004   135852260.255        2546.832          46.000    25387233.264   105662803.427        1980.791          39.000  
G27  22900267.247   120341825.964       -3037.616          47.000    22900263.655    93772751.553       -2367.090          47.000  
E34  28122267.746   147783588.166         858.270          41.000    28122271.134   113236792.598         657.755          45.000  
E18  28665201.874   150636661.415       -1271.151          41.000                                                                  
E25  29609895.103   155601050.325       -3346.215          34.000    29609898.521   119226806.869       -2564.291          37.000  
E09  26191774.237   137638813.797        -254.882          44.000    26191774.153   105463557.324        -195.431          50.000  
G21  23064452.312   121204658.022        1492.172          46.000                                                                  
E10  29859184.627   156911371.052       -2320.229          37.000    29859183.427   120230923.175       -1777.614          41.000  
G10  25259661.735   132740565.354       -3880.375          44.000    25259657.809   103434302.145       -3023.444          41.000  
G02  24061809.493   126445731.737        1705.575          46.000                                                                  
G08  21996171.988   115590706.201        -924.823          48.000    21996169.520    90070658.494        -720.621          46.000  
E11  26724750.132   140439709.862       -1854.882          41.000    26724746.203   107609762.709       -1421.279          44.000  
G03  25135332.018   132087121.109        1550.841          42.000    25135332.563   102925084.173        1208.456          42.000  
> 2024 06 08 06 49 00.0060000  0 31                     
G14  27237521.692   143134164.041         206.234          38.000    27237517.070   111533448.821         160.975          37.000  
E04  28665634.819   150639042.842       -2613.723          43.000    28665633.238   115424706.076       -2002.753          46.000  
G16  26666072.513   140131126.737       -3830.682          38.000                                                                  
G32  23611328.505   124078432.537       -1881.087          48.000    23611324.273    96684577.595       -1465.803          43.000  
E06  25743670.612   135283991.936         111.980          46.000                                                                  
R04  23739924.742   127126366.448       -4510.838          50.000    23739916.712    98876065.897       -3508.577          45.000  
R20  22035868.499   117835701.314         880.343          35.000    22035863.937    91650047.326         684.729          40.000  
R19  23510982.112   125767902.071       -2617.999          37.000    23510976.568    97819734.656       -2036.343          44.000  
R06  23612726.876   126002042.949        2967.757          39.000                                                                  
R11  26338571.335   140745336.520       -2366.926          43.000    26338566.992   109468518.067       -1840.776          40.000  
E30  29360992.716   154293059.817        -767.746          42.000    29360994.259   118224548.110        -588.495          43.000  
E02  28159306.418   147978160.288       -2715.003          42.000    28159305.657   113385855.575       -2080.371          43.000  
S31  40590465.729   213304404.936        -759.691          45.000  
S33  41582457.484   218517338.509        -758.605          40.000  
E05  25913784.545   136177904.814        1960.964          44.000    25913784.553   104344139.072        1502.513          47.000  
E36  25948727.063   136361723.180        -368.976          46.000    25948728.327   104485023.329        -282.695          50.000  
R05  21058740.482   112571122.325       -1264.865          49.000    21058736.094    87555320.711        -983.845          48.000  
R10  26646810.165                1      -3610.794          25.000                                                                  
R21  25372940.046   135775741.448        2554.334          45.000    25372934.717   105603288.911        1986.527          40.000  
G27  22917642.950   120433133.095       -3049.642          47.000    22917639.360    93843899.947       -2376.450          47.000  
E34  28117352.996   147757756.644         863.621          41.000    28117355.636   113216999.632         661.666          45.000  
E18  28672454.800   150674776.768       -1270.052          41.000                                                                  
E25  29628979.058   155701329.113       -3338.750          36.000    29628981.138   119303643.733       -2558.094          37.000  
E09  26193258.639   137646614.879        -265.344          44.000    26193258.660   105469534.777        -203.184          50.000  
G21  23055935.536   121159902.802        1491.257          46.000                                                                  
E10  29872425.644   156980953.334       -2319.015          38.000    29872424.499   120284239.457       -1776.852          41.000  
G10  25281801.903   132856912.075       -3876.525          44.000    25281797.839   103524961.938       -3020.679          41.000  
G02  24052069.605   126394542.655        1706.754          48.000                                                                  
G08  22001497.460   115618689.653        -940.934          49.000    22001494.726    90092463.781        -733.246          47.000  
E11  26735335.552   140495338.119       -1854.091          41.000    26735331.950   107652386.953       -1420.532          44.000  
G03  25126491.965   132040661.835        1546.328          44.000    25126491.675   102888882.210        1204.900          43.000  
> 2024 06 08 06 49 30.0060000  0 30                     
G14  27236376.789   143128149.354         194.731          38.000    27236372.455   111528762.077         151.433          37.000  
E04  28680574.693   150717553.872       -2620.251          43.000    28680573.395   115484863.907       -2007.751          46.000  
G16  26687920.405   140245936.250       -3822.797          39.000                                                                  
G32  23622113.618   124135109.497       -1897.580          47.000    23622109.716    96728741.486       -1478.762          43.000  
E06  25743060.209   135280785.292         101.708          46.000                                                                  
R04  23765216.450   127261802.702       -4518.170          49.000    23765208.627    98981405.204       -3514.110          45.000  
R20  22030943.425   117809371.111         875.131          35.000    22030940.648    91629568.262         680.665          40.000  
R19  23525692.093   125846585.822       -2627.057          37.000    23525685.850    97880933.156       -2043.597          44.000  
R06  23596066.205   125913143.858        2958.220          37.000                                                                  
R11  26351893.620   140816519.601       -2378.730          44.000    26351887.941   109523882.693       -1850.386          41.000  
E30  29365403.176   154316237.417        -777.321          41.000    29365404.930   118242307.551        -595.492          44.000  
E02  28174814.941   148059656.969       -2717.969          42.000    28174814.030   113448301.074       -2082.707          43.000  
S31  40594792.690   213327144.195        -756.315          45.000  
S33  41586778.564   218540046.647        -755.241          40.000  
E05  25902595.344   136119106.635        1958.824          43.000    25902595.440   104299085.958        1500.932          47.000  
E36  25950827.922   136372767.093        -367.305          45.000    25950829.306   104493485.549        -281.525          49.000  
R05  21065901.754   112609404.918       -1287.323          49.000    21065897.923    87585096.036       -1001.149          48.000  
R21  25358600.799   135699006.526        2561.376          46.000    25358594.926   105543606.299        1992.219          39.000  
G27  22935088.660   120524809.596       -3062.162          47.000    22935084.447    93915336.153       -2386.152          47.000  
E34  28112411.434   147731777.875         868.269          43.000    28112411.469   113197093.832         665.410          45.000  
E18  28679704.074   150712873.480       -1269.391          41.000                                                                  
E25  29648017.970   155801377.497       -3330.955          36.000    29648019.866   119380304.175       -2552.395          36.000  
E09  26194802.636   137654728.016        -275.804          45.000    26194802.612   105475751.341        -211.278          50.000  
G21  23047426.393   121115185.642        1489.883          46.000                                                                  
E10  29885660.992   157050506.587       -2318.057          37.000    29885660.371   120337533.488       -1776.022          41.000  
G10  25303923.569   132973159.921       -3873.199          44.000    25303918.829   103615544.691       -3018.011          41.000  
G02  24042325.131   126343331.090        1707.423          49.000                                                                  
G08  22006917.788   115647171.560        -957.791          49.000    22006914.930    90114657.479        -746.335          47.000  
E11  26745917.862   140550948.501       -1853.762          40.000    26745914.238   107694997.491       -1420.244          44.000  
G03  25117678.758   131994346.273        1541.375          43.000    25117678.071   102852792.210        1201.015          43.000  
> 2024 06 08 06 50 00.0060000  0 30                     
G14  27235300.228   143122486.959         183.199          39.000    27235294.391   111524349.819         142.618          37.000  
E04  28695554.036   150796269.726       -2627.224          43.000    28695552.538   115545178.667       -2012.891          46.000  
G16  26709720.154   140360495.662       -3814.494          38.000                                                                  
G32  23632992.906   124192279.265       -1913.716          48.000    23632988.672    96773289.338       -1491.226          43.000  
E06  25742508.102   135277886.606          91.607          45.000                                                                  
R04  23790548.120   127397452.785       -4525.075          49.000    23790540.330    99086910.833       -3519.335          44.000  
R20  22026050.041   117783206.697         869.301          36.000    22026048.108    91609218.135         676.416          40.000  
R19  23540452.489   125925547.590       -2636.679          37.000    23540446.956    97942347.803       -2050.437          44.000  
R06  23579460.474   125824530.578        2948.996          38.000                                                                  
R11  26365280.901   140888059.255       -2390.331          44.000    26365276.239   109579524.657       -1859.187          42.000  
E30  29369866.984   154339693.960        -786.432          41.000    29369868.553   118260280.732        -602.500          44.000  
E02  28190339.377   148141241.791       -2720.725          42.000    28190338.601   113510814.111       -2084.585          42.000  
S31  40599100.270   213349780.280        -752.643          45.000  
S33  41591080.107   218562651.630        -751.837          40.000  
E05  25891417.977   136060369.645        1956.939          43.000    25891418.008   104254079.739        1499.542          47.000  
E36  25952921.153   136383760.728        -365.503          45.000    25952920.928   104501909.240        -280.003          49.000  
R05  21073189.765   112648360.735       -1309.687          49.000    21073185.482    87615395.027       -1018.510          48.000  
R21  25344221.758   135622058.412        2568.627          46.000    25344214.930   105483757.832        1997.709          38.000  
G27  22952604.308   120616855.380       -3074.068          46.000    22952600.300    93987060.124       -2395.285          47.000  
E34  28107441.333   147705653.633         873.311          44.000    28107439.916   113177076.580         669.194          45.000  
E18  28686950.158   150750952.764       -1268.757          41.000                                                                  
E25  29667012.985   155901195.640       -3323.075          36.000    29667014.979   119456788.172       -2546.755          37.000  
E09  26196406.720   137663155.345        -286.072          45.000    26196406.356   105482208.641        -219.128          50.000  
G21  23038925.116   121070510.195        1488.680          46.000                                                                  
E10  29898891.416   157120033.086       -2317.147          37.000    29898891.017   120390807.020       -1775.349          42.000  
G10  25326025.651   133089308.988       -3869.875          44.000    25326021.568   103706050.462       -3015.282          41.000  
G02  24032574.836   126292099.902        1708.111          48.000                                                                  
G08  22012433.270   115676153.991        -974.184          49.000    22012430.150    90137241.192        -759.114          47.000  
E11  26756497.254   140606543.322       -1852.851          40.000    26756493.603   107737596.123       -1419.806          44.000  
G03  25108892.072   131948176.342        1536.629          42.000    25108891.687   102816815.712        1197.460          43.000  
> 2024 06 08 06 50 30.0060000  0 30                     
G14  27234290.761   143117181.267         171.015          38.000    27234284.401   111520215.522         133.495          37.000  
E04  28710572.781   150875192.906       -2633.913          42.000    28710571.160   115605652.273       -2018.282          47.000  
G16  26731473.081   140474806.988       -3806.495          38.000                                                                  
G32  23643966.235   124249944.585       -1930.384          47.000    23643962.127    96818223.338       -1503.982          44.000  
E06  25742016.460   135275300.583          81.297          46.000                                                                  
R04  23815919.313   127533316.701       -4532.129          47.000    23815911.538    99192582.766       -3525.000          44.000  
R20  22021189.706   117757215.522         863.625          37.000    22021187.494    91589002.782         671.659          41.000  
R19  23555265.387   126004791.746       -2646.681          37.000    23555260.344    98003982.136       -2057.991          44.000  
R06  23562909.997   125736210.238        2939.215          39.000                                                                  
R11  26378735.927   140959956.100       -2402.332          45.000    26378731.230   109635444.437       -1868.592          42.000  
E30  29374384.974   154363432.897        -795.625          42.000    29374385.733   118278470.298        -609.990          44.000  
E02  28205880.158   148222916.660       -2723.934          41.000    28205880.074   113573396.158       -2087.030          41.000  
S31  40603388.843   213372317.013        -749.541          45.000  
S33  41595362.989   218585157.403        -748.160          40.000  
E05  25880253.386   136001699.665        1954.562          43.000    25880253.511   104209124.859        1497.710          47.000  
E36  25955005.627   136394708.664        -363.977          47.000    25955004.375   104510297.936        -278.907          49.000  
R05  21080604.342   112687992.007       -1332.140          50.000    21080599.025    87646219.366       -1036.131          48.000  
R21  25329802.175   135544902.837        2575.613          45.000    25329795.646   105423748.011        2003.397          39.000  
G27  22970190.443   120709272.649       -3086.680          46.000    22970187.192    94059073.567       -2405.038          47.000  
E34  28102442.736   147679387.910         878.005          45.000    28102441.895   113156950.934         672.871          45.000  
E18  28694193.299   150789018.086       -1268.375          40.000                                                                  
E25  29685963.962   156000785.723       -3315.377          36.000    29685966.509   119533097.391       -2540.688          37.000  
E09  26198071.268   137671901.211        -296.608          45.000    26198070.625   105488910.033        -227.342          50.000  
G21  23030432.741   121025881.939        1486.982          46.000                                                                  
E10  29912117.948   157189537.323       -2316.485          38.000    29912117.214   120444063.485       -1774.672          42.000  
G10  25348109.681   133205361.600       -3866.787          44.000    25348105.383   103796481.066       -3013.045          41.000  
G02  24022821.692   126240854.568        1708.530          45.000                                                                  
G08  22018044.702   115705641.132        -991.090          49.000    22018041.181    90160218.186        -772.359          47.000  
E11  26767074.666   140662127.296       -1852.459          40.000    26767070.941   107780186.427       -1419.359          44.000  
G03  25100134.470   131902156.226        1531.795          43.000    25100133.667   102780955.943        1193.394          42.000  
> 2024 06 08 06 51 00.0060000  0 31                     
G14  27233348.955   143112237.775         158.706          38.000    27233344.261   111516363.486         124.070          38.000  
E04  28725630.980   150954327.277       -2641.369          41.000    28725629.895   115666287.694       -2023.867          47.000  
G16  26753180.068   140588872.587       -3798.280          39.000                                                                  
G32  23655034.644   124308109.577       -1947.038          48.000    23655030.637    96863546.704       -1517.210          43.000  
E06  25741585.491   135273033.278          70.287          46.000                                                                  
R04  23841330.524   127669395.567       -4539.461          47.000    23841323.848    99298421.882       -3530.588          44.000  
R20  22016363.482   117731404.803         857.000          39.000    22016361.432    91568927.768         666.900          41.000  
R19  23570133.380   126084324.496       -2655.568          38.000    23570128.268    98065840.947       -2065.611          43.000  
R06  23546416.295   125648191.376        2928.595          40.000                                                                  
R11  26392257.396   141032212.532       -2414.637          45.000    26392251.886   109691643.910       -1877.854          40.000  
E30  29378956.849   154387459.098        -805.512          41.000    29378957.730   118296879.940        -617.228          44.000  
E02  28221440.319   148304684.885       -2727.022          40.000    28221440.228   113636049.750       -2089.839          41.000  
S31  40607659.599   213394759.668        -746.423          45.000  
S33  41599627.195   218607568.904        -745.382          40.000  
E05  25869103.259   135943103.814        1952.155          44.000    25869103.221   104164226.778        1495.672          47.000  
E36  25957082.146   136405616.899        -362.868          48.000    25957080.781   104518656.223        -278.130          50.000  
R05  21088145.475   112728302.510       -1354.993          51.000    21088139.790    87677571.998       -1053.760          48.000  
R21  25315346.447   135467546.690        2581.786          45.000    25315339.964   105363582.234        2007.938          40.000  
G27  22987847.456   120802064.864       -3099.234          46.000    22987844.743    94131379.179       -2415.114          47.000  
E34  28097417.896   147652986.124         882.423          45.000    28097418.511   113136721.054         676.170          46.000  
E18  28701435.308   150827074.232       -1268.402          40.000                                                                  
G28  27260878.230   143256894.4511       1318.144          29.000    27260874.548   111628711.7031       1027.442          28.000  
E25  29704872.154   156100151.351       -3308.688          35.000    29704874.952   119609234.633       -2534.889          37.000  
E09  26199797.318   137680971.343        -307.761          45.000    26199796.646   105495859.882        -235.748          50.000  
G21  23021950.277   120981308.020        1484.929          46.000                                                                  
E10  29925340.705   157259025.058       -2315.957          38.000    29925340.283   120497307.353       -1774.613          42.000  
G10  25370175.918   133321321.455       -3863.844          44.000    25370171.995   103886839.390       -3010.779          41.000  
G02  24013069.094   126189601.461        1708.615          46.000                                                                  
G08  22023752.205   115735638.522       -1008.551          49.000    22023748.949    90183592.761        -785.743          46.000  
E11  26777650.898   140717706.409       -1852.834          40.000    26777647.324   107822773.000       -1419.651          44.000  
G03  25091407.522   131856291.486        1526.031          41.000    25091405.568   102745217.228        1189.150          42.000  
> 2024 06 08 06 51 30.0060000  0 31                     
G14  27232478.735   143107660.812         146.403          39.000    27232474.212   111512797.021         114.139          38.000  
E04  28740730.517   151033675.290       -2648.718          41.000    28740729.254   115727086.835       -2029.671          47.000  
G16  26774838.449   140702693.718       -3790.437          39.000                                                                  
G32  23666198.531   124366776.889       -1964.148          48.000    23666194.793    96909261.492       -1530.504          44.000  
E06  25741215.798   135271089.256          59.136          46.000                                                                  
R04  23866782.731   127805689.061       -4546.813          50.000    23866775.250    99404427.940       -3536.523          44.000  
R20  22011573.403   117705773.6163        850.937          41.000    22011570.011    91548999.452         661.564          42.000  
R19  23585057.416   126164150.113       -2665.738          39.000    23585051.180    98127927.509       -2073.500          43.000  
R06  23529979.078   125560478.5113       2918.303          40.000                                                                  
R11  26405845.983   141104829.114       -2426.729          44.000    26405841.204   109748123.498       -1887.637          40.000  
E30  29383583.150   154411775.963        -815.675          40.000    29383585.147   118315512.329        -625.060          44.000  
E02  28237019.926   148386548.298       -2730.709          42.000    28237019.994   113698776.233       -2092.415          43.000  
S31  40611913.009   213417111.984        -743.801          45.000  
S33  41603874.849   218629890.265        -742.601          40.000  
E05  25857967.842   135884587.845        1948.792          43.000    25857967.814   104119389.906        1493.254          47.000  
E36  25959151.303   136416490.005        -362.146          48.000    25959150.621   104526987.592        -277.416          51.000  
R05  21095814.161   112769294.404       -1377.835          52.000    21095808.472    87709454.589       -1071.680          48.000  
R21  25300854.182   135389995.455        2588.098          47.000    25300848.491   105303264.750        2013.186          40.000  
G27  23005576.999   120895234.131       -3112.225          46.000    23005573.932    94203978.589       -2425.208          47.000  
E34  28092368.231   147626452.271         886.369          44.000    28092369.356   113116389.966         679.223          47.000  
E18  28708675.763   150865124.592       -1268.512          40.000                                                                  
G28  27253344.438   143217305.597        1320.823          37.000    27253341.026   111597863.346        1028.902          34.000  
E25  29723736.104   156199296.6561      -3300.880          33.000    29723741.573   119685201.569       -2529.496          37.000  
E09  26201585.522   137690369.933        -318.988          45.000    26201585.281   105503061.419        -244.449          51.000  
G21  23013479.198   120936793.782        1482.462          45.000                                                                  
E10  29938562.003   157328500.758       -2315.937          38.000    29938561.225   120550541.969       -1774.661          42.000  
G10  25392225.614   133437190.850       -3861.036          44.000    25392221.011   103977127.256       -3008.909          41.000  
G02  24003317.109   126138345.742        1708.320          47.000                                                                  
G08  22029558.209   115766150.296       -1025.867          48.000    22029555.541    90207368.166        -799.440          46.000  
E11  26788227.321   140773285.214       -1852.926          40.000    26788223.320   107865359.355       -1419.924          45.000  
G03  25082709.306   131810586.125        1520.426          41.000    25082707.549   102709602.746        1184.745          40.000  
> 2024 06 08 06 52 00.0060000  0 31                     
G14  27231682.429   143103474.657         132.675          39.000    27231678.183   111509535.081         103.334          39.000  
E04  28755875.183   151113259.445       -2657.025          41.000    28755873.545   115788066.909       -2036.135          46.000  
G16  26796455.865   140816291.975       -3783.335          39.000                                                                  
G32  23677462.851   124425969.174       -1982.339          47.000    23677458.973    96955385.362       -1544.682          44.000  
E06  25740911.937   135269493.266          46.862          45.000                                                                  
R04  23892278.962   127942217.637       -4555.351          50.000    23892271.276    99510616.826       -3542.968          45.000  
R20  22006822.844   117680365.707         842.974          41.000    22006818.641    91529237.760         655.421          42.000  
R19  23600039.656   126244292.752       -2677.340          39.000    23600033.423    98190260.670       -2082.121          44.000  
R06  23513604.403   125473103.7421       2905.962          39.000                                                                  
R11  26419506.907   141177826.704       -2440.172          43.000    26419501.212   109804899.399       -1897.641          40.000  
E30  29388270.149   154436407.012        -826.716          41.000    29388272.590   118334385.448        -633.503          44.000  
E02  28252621.039   148468528.813       -2735.173          43.000    28252620.618   113761592.456       -2095.838          44.000  
S31  40616154.323   213439398.893        -742.286          45.000  
S33  41608110.307   218652145.426        -741.335          40.000  
E05  25846852.602   135826177.521        1944.754          43.000    25846852.604   104074633.979        1490.131          47.000  
E36  25961218.199   136427352.657        -362.339          48.000    25961218.087   104535310.955        -277.692          51.000  
R05  21103614.219   112810990.052       -1402.207          51.000    21103608.445    87741884.518       -1090.501          48.000  
R21  25286331.955   135312275.415        2592.937          47.000    25286324.226   105242815.847        2016.926          39.000  
G27  23023382.719   120988802.523       -3126.135          46.000    23023379.516    94276889.000       -2435.936          47.000  
E34  28087298.393   147599810.417         889.174          44.000    28087299.771   113095976.109         681.297          47.000  
E18  28715920.402   150903192.675       -1269.440          41.000                                                                  
G28  27245797.274   143177646.442        1322.388          37.000    27245793.235   111566960.150        1031.062          37.000  
E25  29742568.831   156298240.011       -3294.819          32.000    29742570.869   119761015.242       -2525.137          39.000  
E09  26203440.730   137700121.328        -331.485          45.000    26203440.988   105510533.269        -253.940          51.000  
G21  23005024.743   120892365.524        1478.879          45.000                                                                  
E10  29951784.865   157397988.896       -2316.775          39.000    29951783.964   120603786.119       -1775.265          41.000  
G10  25414261.585   133552992.204       -3859.283          43.000    25414257.573   104067362.068       -3007.455          42.000  
G02  23993567.797   126087112.683        1706.910          47.000                                                                  
G08  22035466.975   115797200.625       -1044.592          48.000    22035464.186    90231563.198        -813.889          47.000  
E11  26798808.178   140828888.398       -1854.375          40.000    26798804.300   107907964.373       -1420.825          44.000  
G03  25074046.898   131765064.340        1513.859          40.000    25074043.915   102674131.303        1179.638          40.000  
> 2024 06 08 06 52 30.0060000  0 31                     
G14  27230964.543   143099706.362         118.043          38.000    27230961.128   111506598.736          92.143          39.000  
E04  28771069.562   151193105.041       -2666.409          41.000    28771067.679   115849247.289       -2043.147          46.000  
G16  26818035.450   140929691.615       -3776.711          39.000                                                                  
G32  23688831.023   124485711.916       -2001.107          48.000    23688827.432    97001938.166       -1559.253          44.000  
E06  25740679.826   135268272.698          34.011          45.000                                                                  
R04  23917822.911   128079004.359       -4564.332          50.000    23917815.191    99617006.497       -3550.078          46.000  
R20  22002117.370   117655202.862         834.257          41.000    22002113.272    91509666.670         648.974          42.000  
R19  23615086.105   126324780.579       -2688.940          37.000    23615080.018    98252862.318       -2091.367          44.000  
R06  23497299.969   125386095.910        2893.632          40.000                                                                  
R11  26433242.359   141251229.469       -2453.960          42.000    26433237.006   109861990.442       -1908.647          39.000  
E30  29393022.897   154461378.453        -838.447          41.000    29393024.656   118353519.406        -642.487          44.000  
E02  28268247.498   148550651.220       -2740.252          42.000    28268247.283   113824517.378       -2099.717          43.000  
S31  40620387.516   213461645.634        -741.272          45.000  
S33  41612337.737   218674361.451        -740.349          40.000  
E05  25835763.315   135767901.464        1939.792          44.000    25835762.928   104029980.924        1486.408          47.000  
E36  25963288.044   136438232.324        -363.305          47.000    25963288.428   104543647.337        -278.391          51.000  
R05  21111550.847   112853415.314       -1426.699          51.000    21111544.968    87774881.947       -1109.638          48.000  
R21  25271781.773   135234415.397        2597.340          46.000    25271774.292   105182258.137        2019.906          41.000  
G27  23041269.636   121082794.984       -3140.612          46.000    23041265.467    94350129.850       -2447.116          47.000  
E34  28082213.037   147573087.387         891.635          43.000    28082214.447   113075500.053         683.198          47.000  
E18  28723173.550   150941304.784       -1271.642          41.000                                                                  
G28  27238242.754   143137946.486        1323.440          40.000    27238238.525   111536025.162        1031.281          39.000  
E25  29761358.701   156397008.457       -3289.759          33.000    29761365.907   119836694.846       -2520.857          40.000  
E09  26205369.141   137710252.627        -344.532          45.000    26205369.000   105518296.210        -263.902          51.000  
G21  22996592.809   120848051.727        1475.003          45.000                                                                  
E10  29965015.687   157467516.774       -2318.741          39.000    29965014.324   120657060.716       -1776.613          40.000  
G10  25436289.663   133668750.666       -3858.326          43.000    25436285.728   104157563.464       -3006.587          42.000  
G02  23983827.262   126035930.604        1704.779          47.000                                                                  
G08  22041483.300   115828816.414       -1063.587          48.000    22041480.992    90256198.880        -828.797          48.000  
E11  26809398.647   140884543.370       -1856.595          40.000    26809395.021   107950609.091       -1422.584          44.000  
G03  25065424.365   131719753.083        1506.342          42.000    25065421.592   102638823.883        1173.726          41.000  
> 2024 06 08 06 53 00.0060000  0 31                     
G14  27230332.620   143096383.161         102.930          40.000    27230328.703   111504009.185          80.348          38.000  
E04  28786317.766   151273237.547       -2675.871          41.000    28786316.391   115910647.525       -2050.542          46.000  
G16  26839581.251   141042917.340       -3771.574          39.000                                                                  
G32  23700309.463   124546030.784       -2020.589          48.000    23700306.087    97048939.891       -1574.512          44.000  
E06  25740524.096   135267455.287          20.236          46.000                                                                  
R04  23943419.030   128216072.491       -4573.884          50.000    23943411.894    99723615.052       -3557.444          47.000  
R20  21997463.798   117630315.448         824.617          41.000    21997459.309    91490309.791         641.489          42.000  
R19  23630202.038   126405641.740       -2702.099          37.000    23630195.719    98315754.309       -2101.564          43.000  
R06  23481069.805   125299484.992        2880.126          40.000                                                                  
R11  26447058.550   141325061.128       -2468.725          42.000    26447053.329   109919415.040       -1919.842          39.000  
E30  29397844.693   154486716.758        -850.920          42.000    29397846.366   118372934.459        -652.106          44.000  
E02  28283905.589   148632940.431       -2745.974          41.000    28283905.745   113887570.144       -2104.168          42.000  
S31  40624618.667   213483880.191        -741.296          45.000  
S33  41616562.859   218696565.110        -740.077          40.000  
E05  25824704.061   135709788.439        1934.144          43.000    25824704.276   103985452.793        1482.026          47.000  
E36  25965365.842   136449156.688        -365.197          46.000    25965367.136   104552017.936        -279.691          51.000  
R05  21119628.495   112896595.259       -1452.195          51.000    21119622.850    87808466.361       -1129.515          48.000  
R21  25257209.921   135156444.433        2600.659          45.000    25257203.094   105121614.119        2022.735          41.000  
G27  23059241.575   121177236.583       -3156.023          47.000    23059237.256    94423720.698       -2459.049          47.000  
E34  28077116.041   147546310.267         893.299          41.000    28077118.739   113054982.571         684.447          47.000  
E18  28730439.428   150979487.362       -1274.216          41.000                                                                  
G28  27230686.314   143098235.492        1323.556          41.000    27230682.237   111505081.571        1031.646          40.000  
E25  29780128.246   156495627.167       -3284.831          35.000    29780132.182   119912259.763       -2516.824          40.000  
E09  26207374.505   137720791.126        -358.440          45.000    26207374.223   105526371.166        -274.535          51.000  
G21  22988187.614   120803880.921        1469.727          46.000                                                                  
E10  29978259.025   157537111.834       -2321.024          40.000    29978257.912   120710386.830       -1778.559          41.000  
G10  25458314.198   133784491.672       -3858.138          43.000    25458310.289   104247751.248       -3006.356          41.000  
G02  23974102.131   125984827.633        1701.839          46.000                                                                  
G08  22047612.254   115861024.821       -1083.830          48.000    22047610.417    90281296.340        -844.591          48.000  
E11  26820004.135   140940277.770       -1859.345          40.000    26820001.108   107993314.673       -1424.856          44.000  
G03  25056847.654   131674679.540        1498.152          42.000    25056845.835   102603701.700        1167.534          42.000  
> 2024 06 08 06 53 30.0060000  0 31                     
G14  27229791.301   143093533.048          86.713          40.000    27229786.009   111501788.268          67.615          37.000  
E04  28801626.251   151353683.351       -2687.174          41.000    28801624.738   115972287.808       -2058.947          46.000  
G16  26861098.765   141155994.203       -3767.269          38.000                                                                  
G32  23711902.626   124606952.177       -2041.212          48.000    23711898.313    97096411.093       -1590.361          43.000  
E06  25740450.298   135267069.482           5.304          45.000                                                                  
R04  23969072.812   128353446.211       -4584.493          51.000    23969065.463    99830461.294       -3565.771          47.000  
R20  21992867.036   117605734.628         813.693          40.000    21992861.995    91471191.397         633.107          41.000  
R19  23645392.775   126486904.149       -2715.766          38.000    23645386.534    98378958.382       -2112.198          43.000  
R06  23464918.655   125213302.299        2864.999          40.000                                                                  
R11  26460960.291   141399346.688       -2484.208          43.000    26460954.925   109977192.701       -1931.742          39.000  
E30  29402742.382   154512449.213        -864.629          42.000    29402743.175   118392651.505        -662.599          44.000  
E02  28299601.525   148715422.221       -2752.975          41.000    28299601.498   113950770.452       -2109.353          42.000  
S31  40628852.602   213506130.264        -742.364          45.000  
S33  41620790.832   218718783.628        -741.464          40.000  
E05  25813681.617   135651868.105        1926.989          43.000    25813682.370   103941072.295        1476.494          46.000  
E36  25967457.210   136460154.244        -368.140          45.000    25967459.702   104560444.616        -282.169          51.000  
R05  21127852.185   112940556.530       -1478.909          51.000    21127846.622    87842658.477       -1150.063          48.000  
R21  25242623.854   135078392.439        2602.667          46.000    25242617.325   105060907.090        2024.292          42.000  
G27  23077303.298   121272153.235       -3172.168          46.000    23077299.838    94497681.717       -2471.833          47.000  
E34  28072015.165   147519506.985         893.368          41.000    28072017.669   113034445.026         684.630          46.000  
E18  28737724.819   151017767.748       -1278.154          42.000                                                                  
G28  27223133.558   143058544.094        1322.095          40.000    27223129.071   111474153.263        1030.226          40.000  
E25  29798870.351   156594122.350       -3281.294          34.000    29798874.734   119987730.076       -2514.356          39.000  
E09  26209463.358   137731764.920        -373.352          46.000    26209462.432   105534779.657        -286.115          51.000  
G21  22979815.432   120759882.396        1463.259          46.000                                                                  
E10  29991520.170   157606802.412       -2325.074          39.000    29991519.716   120763786.085       -1781.536          41.000  
G10  25480340.741   133900241.457       -3858.888          43.000    25480336.847   104337945.882       -3006.904          42.000  
G02  23964398.966   125933832.979        1697.449          47.000                                                                  
G08  22053859.766   115893853.766       -1105.025          49.000    22053857.627    90306877.330        -861.067          48.000  
E11  26830630.905   140996120.152       -1863.722          41.000    26830627.672   108036102.944       -1428.067          44.000  
G03  25048320.832   131629871.633        1488.866          43.000    25048320.148   102568786.522        1160.086          43.000  
> 2024 06 08 06 54 00.0060000  0 31                     
G14  27229345.221   143091190.714          69.513          40.000    27229339.910   111499963.099          54.027          38.000  
E04  28817000.008   151434475.373       -2698.979          40.000    28816998.738   116034193.397       -2067.909          46.000  
G16  26882594.546   141268954.463       -3763.335          37.000                                                                  
G32  23723616.703   124668509.189       -2062.650          48.000    23723612.221    97144377.594       -1607.274          43.000  
E06  25740465.408   135267150.352         -10.467          45.000                                                                  
R04  23994789.448   128491156.507       -4596.028          51.000    23994781.857    99937569.295       -3574.530          47.000  
R20  21988334.323   117581497.549         802.108          39.000    21988329.789    91452340.353         623.896          40.000  
R19  23660666.187   126568603.164       -2730.644          39.000    23660659.145    98442502.070       -2123.620          43.000  
R06  23448854.881   125127585.902        2849.648          39.000                                                                  
R11  26474952.483   141474117.677       -2500.421          42.000    26474947.031   110035347.916       -1945.107          37.000  
E30  29407719.809   154538609.713        -879.319          41.000    29407720.874   118412696.510        -673.652          44.000  
E02  28315340.006   148798128.984       -2760.734          41.000    28315340.429   114014143.127       -2115.030          42.000  
S31  40633096.316   213528429.687        -744.050          45.000  
S33  41625028.288   218741052.173        -743.222          40.000  
E05  25802703.365   135594176.640        1919.206          43.000    25802704.018   103896867.183        1470.528          46.000  
E36  25969570.881   136471260.155        -371.928          45.000    25969572.729   104568954.313        -285.057          51.000  
R05  21136228.724   112985332.670       -1506.277          51.000    21136222.597    87877484.388       -1171.493          48.000  
R21  25228029.936   135000296.334        2603.838          46.000    25228024.416   105000165.703        2025.064          42.000  
G27  23095461.905   121367577.482       -3189.385          46.000    23095457.939    94572038.234       -2485.098          46.000  
E34  28066917.183   147492712.116         892.972          42.000    28066918.465   113013913.929         684.289          45.000  
E18  28745034.310   151056179.881       -1282.841          42.000                                                                  
G28  27215591.716   143018909.438        1320.022          39.000    27215586.173   111443269.169        1028.677          38.000  
E25  29817593.411   156692526.817       -3278.769          32.000    29817600.398   120063130.854       -2512.390          39.000  
E09  26211640.980   137743208.762        -389.223          46.000    26211640.128   105543548.313        -298.313          51.000  
G21  22971482.475   120716093.695        1455.919          46.000                                                                  
E10  30004806.503   157676623.431       -2329.628          39.000    30004806.433   120817285.271       -1784.914          41.000  
G10  25502374.979   134016032.922       -3860.577          42.000    25502371.515   104428172.997       -3008.094          41.000  
G02  23954722.821   125882982.598        1692.442          46.000                                                                  
G08  22060231.710   115927337.720       -1127.197          49.000    22060229.192    90332968.722        -878.343          48.000  
E11  26841284.359   141052105.609       -1868.679          41.000    26841281.465   108079000.880       -1431.829          44.000  
G03  25039851.430   131585364.001        1478.631          43.000    25039850.113   102534105.298        1152.091          43.000  
> 2024 06 08 06 54 30.0060000  0 31                     
G14  27228997.876   143089370.764          52.115          39.000    27228993.993   111498544.947          40.577          38.000  
E04  28832442.657   151515626.457       -2711.087          41.000    28832441.714   116096374.114       -2077.381          46.000  
G16  26904069.440   141381810.414       -3759.760          36.000                                                                  
G32  23735454.235   124730714.744       -2084.231          50.000    23735449.825    97192849.470       -1624.125          43.000  
E06  25740571.691   135267712.970         -26.785          44.000                                                                  
R04  24020570.931   128629214.084       -4607.546          50.000    24020563.261   100044947.401       -3583.767          47.000  
R20  21983869.241   117557622.402         789.926          38.000    21983864.395    91433770.801         614.394          40.000  
R19  23676024.155   126650754.467       -2745.509          40.000    23676016.982    98506397.567       -2135.853          43.000  
R06  23432883.034   125042353.438        2832.554          41.000                                                                  
R11  26489036.890   141549385.151       -2517.261          42.000    26489030.945   110093889.303       -1957.593          38.000  
E30  29412781.782   154565212.000        -894.314          41.000    29412783.184   118433080.074        -685.211          44.000  
E02  28331125.236   148881073.028       -2768.671          42.000    28331124.239   114077697.664       -2121.709          43.000  
S31  40637351.698   213550793.820        -746.686          45.000  
S33  41629278.163   218763385.087        -745.614          40.000  
E05  25791771.280   135536730.265        1910.640          42.000    25791772.187   103852849.867        1463.936          47.000  
E36  25971709.218   136482489.490        -376.454          46.000    25971709.536   104577558.593        -288.478          51.000  
R05  21144759.603   113030935.560       -1533.827          50.000    21144753.784    87912953.299       -1192.950          48.000  
R21  25213430.594   134922172.248        2604.726          45.000    25213424.829   104939402.555        2025.807          42.000  
G27  23113719.092   121463521.729       -3206.694          46.000    23113715.800    94646799.993       -2498.770          47.000  
E34  28061822.843   147465940.074         892.083          42.000    28061823.688   112993400.349         683.558          45.000  
E18  28752371.195   151094737.594       -1287.732          42.000                                                                  
G28  27208063.737   142979348.827        1317.624          40.000    27208056.899   111412442.686        1026.571          39.000  
E25  29836301.794   156790853.155       -3276.331          33.000    29836311.605   120138471.754       -2510.258          39.000  
E09  26213910.907   137755137.305        -405.699          46.000    26213910.177   105552688.356        -310.839          51.000  
G21  22963191.967   120672530.158        1448.377          46.000                                                                  
E10  30018121.063   157746589.739       -2334.753          39.000    30018120.741   120870895.819       -1789.030          41.000  
G10  25524420.073   134131878.891       -3862.250          42.000    25524416.452   104518442.577       -3009.723          42.000  
G02  23945076.049   125832291.921        1686.963          46.000                                                                  
G08  22066730.656   115961491.130       -1149.610          49.000    22066728.007    90359581.771        -896.020          47.000  
E11  26851968.129   141108249.124       -1874.211          41.000    26851965.369   108122019.912       -1435.983          44.000  
G03  25031441.732   131541171.084        1467.958          43.000    25031439.344   102499669.294        1143.880          42.000  
> 2024 06 08 06 55 00.0060000  0 31                     
G14  27228752.862   143088083.024          33.675          39.000    27228748.833   111497541.535          26.359          37.000  
E04  28847955.571   151597144.756       -2723.588          41.000    28847953.933   116158836.191       -2087.057          46.000  
G16  26925526.270   141494569.037       -3756.670          38.000                                                                  
G32  23747416.664   124793577.143       -2106.734          50.000    23747411.945    97241833.152       -1641.342          43.000  
E06  25740772.323   135268767.543         -43.529          43.000                                                                  
R04  24046417.837   128767624.435       -4619.866          50.000    24046410.490   100152599.880       -3593.037          47.000  
R20  21979473.840   117534121.681         776.979          38.000    21979468.989    91415492.475         604.165          39.000  
R19  23691467.414   126733367.310       -2761.605          40.000    23691460.298    98570651.974       -2147.980          42.000  
R06  23417004.082   124957617.699        2815.761          41.000                                                                  
R11  26503216.384   141625155.743       -2534.434          43.000    26503212.299   110152821.947       -1971.164          41.000  
E30  29417929.509   154592265.183        -909.594          41.000    29417931.129   118453809.112        -696.981          43.000  
E02  28346955.095   148964261.969       -2777.323          41.000    28346954.610   114141439.804       -2127.990          43.000  
S31  40641621.723   213573231.239        -749.477          45.000  
S33  41633541.923   218785791.172        -748.573          40.000  
E05  25780889.181   135479540.414        1901.943          43.000    25780889.644   103809029.103        1457.284          47.000  
E36  25973872.295   136493852.548        -381.284          47.000    25973871.464   104586265.359        -292.186          50.000  
R05  21153445.855   113077373.228       -1562.157          50.000    21153440.612    87949071.483       -1215.034          48.000  
R21  25198826.999   134844031.707        2604.458          44.000    25198820.968   104878626.563        2025.651          40.000  
G27  23132077.573   121559993.657       -3224.939          46.000    23132074.094    94721972.898       -2512.850          47.000  
E34  28056734.235   147439200.690         890.440          42.000    28056735.398   112972911.767         682.356          45.000  
E18  28759738.035   151133450.096       -1293.128          42.000                                                                  
G28  27200551.879   142939874.646        1313.943          38.000    27200545.676   111381683.615        1023.986          40.000  
E25  29855001.575   156889109.315       -3274.380          34.000    29855009.549   120213758.929       -2509.065          39.000  
E09  26216274.926   137767560.391        -422.586          46.000    26216274.174   105562207.355        -323.826          50.000  
G21  22954946.724   120629203.532        1439.836          46.000                                                                  
E10  30031464.912   157816711.480       -2340.267          39.000    30031464.154   120924625.481       -1793.255          41.000  
G10  25546476.829   134247787.452       -3865.021          43.000    25546472.911   104608760.918       -3011.530          42.000  
G02  23935462.095   125781772.091        1680.910          46.000                                                                  
G08  22073359.245   115996323.676       -1172.748          49.000    22073356.391    90386723.996        -913.736          47.000  
E11  26862683.909   141164561.011       -1880.093          41.000    26862681.140   108165167.988       -1440.626          44.000  
G03  25023093.696   131497302.651        1456.768          42.000    25023091.367   102465486.165        1135.169          42.000  
> 2024 06 08 06 55 30.0070000  0 31                     
G14  27228610.096   143087335.070          15.745          38.000    27228606.110   111496958.693          11.977          37.000  
E04  28863539.118   151679038.953       -2736.246          41.000    28863537.913   116221586.283       -2096.621          46.000  
G16  26946966.744   141607238.775       -3754.304          37.000                                                                  
G32  23759505.529   124857104.459       -2128.817          49.000    23759501.123    97291334.984       -1658.905          43.000  
E06  25741068.647   135270322.165         -60.466          44.000                                                                  
R04  24072332.163   128906395.681       -4631.670          49.000    24072324.878   100260533.082       -3602.410          46.000  
R20  21975149.908   117511005.857         763.940          37.000    21975145.215    91397513.492         594.403          38.000  
R19  23706998.760   126816452.506       -2777.314          39.000    23706991.797    98635273.756       -2160.363          41.000  
R06  23401218.015   124873386.419        2798.950          39.000                                                                  
R11  26517491.383   141701435.852       -2551.184          42.000    26517488.164   110212150.898       -1984.177          41.000  
E30  29423164.896   154619777.099        -925.137          41.000    29423166.847   118474889.642        -708.717          44.000  
E02  28362833.331   149047703.962       -2785.653          41.000    28362833.144   114205375.851       -2134.454          43.000  
S31  40645907.051   213595751.342        -752.281          45.000  
S33  41637821.086   218808279.486        -751.394          40.000  
E05  25770057.383   135422614.510        1892.801          44.000    25770057.436   103765410.575        1450.208          48.000  
E36  25976061.818   136505357.922        -386.152          48.000    25976060.494   104595081.189        -295.920          49.000  
R05  21162289.686   113124653.091       -1590.118          49.000    21162284.884    87985844.702       -1236.837          47.000  
R21  25184222.519   134765881.451        2604.841          45.000    25184216.253   104817842.994        2026.194          42.000  
G27  23150537.099   121657001.965       -3242.533          45.000    23150533.635    94797563.771       -2526.526          46.000  
E34  28051654.016   147412500.634         888.998          43.000    28051654.713   112952453.318         681.273          46.000  
E18  28767136.416   151172325.603       -1298.504          42.000                                                                  
G28  27193058.062   142900495.891        1310.553          38.000    27193051.824   111350998.900        1021.696          38.000  
E25  29873687.162   156987304.396       -3271.726          32.000    29873695.486   120288999.290       -2507.522          39.000  
E09  26218734.942   137780486.202        -439.377          47.000    26218733.900   105572111.562        -336.833          50.000  
G21  22946749.240   120586121.547        1431.677          46.000                                                                  
E10  30044839.796   157886998.993       -2346.016          39.000    30044839.523   120978482.113       -1797.327          41.000  
G10  25568547.000   134363768.454       -3867.311          43.000    25568543.609   104699135.726       -3013.606          41.000  
G02  23925882.017   125731430.342        1674.929          46.000                                                                  
G08  22080118.289   116031843.991       -1195.481          49.000    22080115.660    90414402.152        -931.497          47.000  
E11  26873433.746   141221051.414       -1886.026          41.000    26873431.075   108208452.834       -1445.244          45.000  
G03  25014808.398   131453764.851        1445.478          41.000    25014806.599   102431560.668        1126.260          43.000  
> 2024 06 08 06 56 00.0070000  0 31                     
G14  27228573.405   143087144.599          -3.134          37.000    27228569.238   111496810.218          -2.034          37.000  
E04  28879196.035   151761319.530       -2749.287          40.000    28879195.524   116284632.465       -2106.681          46.000  
G16  26968391.536   141719827.461       -3751.522          37.000                                                                  
G32  23771722.673   124921308.478       -2151.626          49.000    23771718.730    97341364.109       -1676.734          43.000  
E06  25741463.594   135272394.804         -77.813          45.000                                                                  
R04  24098314.829   129045532.480       -4644.122          49.000    24098307.844   100368750.588       -3612.139          47.000  
R20  21970901.996   117488296.078         750.241          37.000    21970898.264    91379850.368         583.322          38.000  
R19  23722621.079   126900022.805       -2793.821          39.000    23722614.025    98700272.837       -2173.088          41.000  
R06  23385532.576   124789685.947        2780.892          40.000                                                                  
R11  26531863.631   141778234.732       -2568.906          43.000    26531860.555   110271883.373       -1997.908          42.000  
E30  29428490.852   154647762.676        -940.784          41.000    29428492.492   118496333.147        -721.026          44.000  
E02  28378762.201   149131408.848       -2794.676          41.000    28378761.345   114269513.329       -2141.364          42.000  
S31  40650211.126   213618368.853        -755.758          45.000  
S33  41642119.306   218830865.472        -754.945          40.000  
E05  25759279.868   135365975.503        1883.201          45.000    25759279.297   103722011.863        1442.996          48.000  
E36  25978281.330   136517023.007        -391.623          48.000    25978280.136   104604019.414        -300.133          49.000  
R05  21171293.832   113172787.239       -1618.929          49.000    21171288.967    88023282.365       -1259.097          47.000  
R21  25169621.722   134687746.013        2604.102          46.000    25169616.650   104757071.019        2025.588          43.000  
G27  23169100.929   121754555.698       -3261.109          45.000    23169097.985    94873579.642       -2541.047          46.000  
E34  28046583.906   147385859.286         886.932          43.000    28046585.484   112932039.846         679.644          46.000  
E18  28774568.212   151211378.536       -1305.169          43.000                                                                  
G28  27185586.371   142861235.398        1306.575          37.000    27185580.606   111320406.333        1017.736          39.000  
E25  29892367.935   157085447.776       -3270.959          35.000    29892371.181   120364199.949       -2506.251          39.000  
E09  26221293.353   137793931.538        -456.921          47.000    26221292.356   105582413.850        -350.133          50.000  
G21  22938602.114   120543306.473        1422.552          46.000                                                                  
E10  30058249.007   157957465.470       -2351.747          39.000    30058248.964   121032475.903       -1802.287          41.000  
G10  25590633.495   134479830.163       -3870.307          43.000    25590629.382   104789573.396       -3015.598          41.000  
G02  23916340.559   125681288.842        1667.827          46.000                                                                  
G08  22087011.765   116068067.137       -1219.340          49.000    22087008.278    90442627.968        -950.126          47.000  
E11  26884220.091   141277734.568       -1892.713          41.000    26884217.445   108251885.375       -1450.278          45.000  
G03  25006589.871   131410578.110        1433.579          42.000    25006588.995   102397908.751        1116.975          44.000  
> 2024 06 08 06 56 30.0070000  0 31                     
G14  27228644.748   143087524.158         -22.611          37.000    27228641.855   111497105.951         -17.735          37.000  
E04  28894929.163   151844000.286       -2763.265          40.000    28894928.997   116347985.245       -2117.231          46.000  
G16  26989804.227   141832348.960       -3750.202          38.000                                                                  
G32  23784071.193   124986202.297       -2175.031          48.000    23784067.777    97391930.706       -1695.128          44.000  
E06  25741959.361   135274998.670         -96.091          45.000                                                                  
R04  24124368.436   129185047.754       -4657.314          50.000    24124361.333   100477262.487       -3622.421          46.000  
R20  21966734.830   117466001.7621        735.276          39.000    21966729.999    91362515.025         571.975          38.000  
R19  23738337.225   126984093.863       -2811.074          39.000    23738330.056    98765661.403       -2186.586          42.000  
R06  23369949.029   124706535.2721       2762.409          40.000                                                                  
R11  26546335.934   141855564.263       -2587.028          44.000    26546332.626   110332028.527       -2012.194          42.000  
E30  29433908.385   154676234.833        -957.740          41.000    29433910.667   118518149.473        -733.889          44.000  
E02  28394742.725   149215389.844       -2804.478          41.000    28394742.359   114333862.413       -2148.902          42.000  
S31  40654536.170   213641097.836        -759.742          45.000  
S33  41646438.325   218853563.772        -758.761          40.000  
E05  25748559.181   135309635.876        1872.529          45.000    25748558.482   103678842.562        1434.801          48.000  
E36  25980533.426   136528861.508        -397.991          47.000    25980533.119   104613090.504        -305.020          49.000  
R05  21180460.507   113221788.111       -1648.271          50.000    21180455.185    88061394.173       -1281.979          46.000  
R21  25155025.774   134609637.612        2602.685          47.000    25155020.706   104696320.024        2024.249          43.000  
G27  23187771.217   121852668.560       -3280.093          46.000    23187768.129    94950031.210       -2555.989          47.000  
E34  28041528.218   147359288.447         884.045          42.000    28041529.402   112911680.412         677.447          46.000  
E18  28782036.555   151250622.179       -1311.712          43.000                                                                  
G28  27178139.814   142822107.314        1301.733          40.000    27178134.675   111289916.947        1014.198          40.000  
E25  29911037.023   157183553.367       -3269.674          37.000    29911040.204   120439371.743       -2505.754          39.000  
E09  26223953.311   137807909.576        -475.267          47.000    26223952.236   105593124.320        -364.147          50.000  
G21  22930507.444   120500771.450        1412.610          46.000                                                                  
E10  30071695.335   158028126.310       -2359.002          39.000    30071695.355   121086618.601       -1807.410          41.000  
G10  25612737.689   134595987.409       -3873.834          45.000    25612733.349   104880085.540       -3018.567          41.000  
G02  23906838.878   125631359.440        1660.240          45.000                                                                  
G08  22094041.044   116105006.775       -1243.735          49.000    22094037.516    90471412.088        -969.171          48.000  
E11  26895046.076   141334625.625       -1900.080          40.000    26895043.285   108295477.204       -1455.991          44.000  
G03  24998440.718   131367753.661        1420.854          42.000    24998439.753   102364539.108        1107.171          45.000  
> 2024 06 08 06 57 00.0070000  0 31                     
G14  27228832.558   143088503.485         -43.025          38.000    27228828.845   111497869.027         -33.401          38.000  
E04  28910744.476   151927109.205       -2777.475          40.000    28910744.104   116411666.112       -2128.143          45.000  
G16  27011209.046   141944830.476       -3748.776          38.000                                                                  
G32  23796556.515   125051814.004       -2199.119          48.000    23796553.153    97443056.678       -1713.469          44.000  
E06  25742561.843   135278163.835        -114.883          45.000                                                                  
R04  24150497.556   129324967.790       -4670.626          49.000    24150490.482   100586089.184       -3632.770          46.000  
R20  21962651.857   117444167.195         720.144          39.000    21962647.372    91345532.587         560.518          38.000  
R19  23754153.139   127068696.003       -2829.248          38.000    23754146.025    98831463.057       -2200.394          42.000  
R06  23354474.603   124623955.662        2742.809          40.000                                                                  
R11  26560911.546   141933450.902       -2605.366          44.000    26560907.669   110392607.007       -2026.437          41.000  
E30  29439425.098   154705222.481        -974.912          42.000    29439426.889   118540360.777        -747.036          44.000  
E02  28410781.281   149299674.540       -2814.570          41.000    28410781.499   114398444.172       -2156.517          42.000  
S31  40658888.104   213663967.407        -764.789          45.000  
S33  41650784.330   218876401.481        -763.843          40.000  
E05  25737900.693   135253626.933        1861.531          45.000    25737900.260   103635926.646        1426.268          48.000  
E36  25982824.750   136540903.686        -404.789          47.000    25982824.798   104622317.641        -310.068          49.000  
R05  21189794.269   113271683.711       -1678.130          49.000    21189788.953    88100201.868       -1305.243          47.000  
R21  25140440.133   134531588.094        2600.570          46.000    25140434.593   104635614.834        2022.791          43.000  
G27  23206554.184   121951368.180       -3299.686          47.000    23206549.779    95026939.983       -2571.321          46.000  
E34  28036490.530   147332817.824         880.567          42.000    28036491.960   112891397.773         674.719          46.000  
E18  28789546.218   151290085.674       -1319.258          44.000                                                                  
G28  27170725.042   142783143.988        1295.716          39.000    27170720.023   111259555.886        1009.570          38.000  
E25  29929705.029   157281649.178       -3269.445          37.000    29929706.979   120514536.061       -2505.270          38.000  
E09  26226719.996   137822450.095        -494.041          46.000    26226719.200   105604265.769        -378.613          50.000  
G21  22922471.737   120458547.657        1402.228          45.000                                                                  
E10  30085183.748   158099011.547       -2366.228          38.000    30085184.101   121140933.284       -1813.377          40.000  
G10  25634865.264   134712268.348       -3878.305          45.000    25634860.815   104970694.063       -3021.825          40.000  
G02  23897384.068   125581673.727        1652.055          46.000                                                                  
G08  22101212.438   116142692.365       -1268.743          49.000    22101209.300    90500777.471        -988.470          47.000  
E11  26905917.775   141391754.798       -1908.209          41.000    26905914.309   108339251.489       -1462.077          44.000  
G03  24990365.757   131325321.162        1407.870          43.000    24990365.153   102331474.868        1097.036          44.000  
> 2024 06 08 06 57 30.0070000  0 31                     
G14  27229134.908   143090088.616         -62.870          39.000    27229130.909   111499104.216         -49.556          38.000  
E04  28926642.326   152010650.793       -2791.808          40.000    28926641.632   116475678.494       -2139.171          45.000  
G16  27032606.862   142057275.495       -3747.545          37.000                                                                  
G32  23809179.701   125118148.050       -2222.990          49.000    23809175.607    97494745.560       -1732.488          43.000  
E06  25743271.776   135281896.900        -133.922          45.000                                                                  
R04  24176702.750   129465294.723       -4684.296          48.000    24176695.414   100695232.362       -3643.167          47.000  
R20  21958656.061   117422795.617         704.496          40.000    21958651.242    91328910.295         548.104          39.000  
R19  23770068.899   127153835.276       -2846.753          38.000    23770062.268    98897682.510       -2214.087          43.000  
R06  23339108.896   124541961.775        2723.354          40.000                                                                  
R11  26575591.033   142011897.529       -2624.103          43.000    26575587.653   110453621.001       -2040.959          41.000  
E30  29445041.712   154734731.014        -992.206          43.000    29445042.101   118562971.192        -760.250          45.000  
E02  28426877.764   149384266.859       -2824.853          40.000    28426878.884   114463261.650       -2164.290          42.000  
S31  40663267.879   213686983.674        -769.543          45.000  
S33  41655158.072   218899386.738        -768.506          40.000  
E05  25727306.319   135197956.516        1850.108          44.000    25727306.322   103593270.130        1417.520          48.000  
E36  25985155.358   136553156.339        -411.859          46.000    25985156.853   104631706.048        -315.652          50.000  
R05  21199296.491   113322477.972       -1707.959          49.000    21199291.489    88139708.525       -1328.433          47.000  
R21  25125867.616   134453605.338        2598.213          46.000    25125861.719   104574961.571        2020.732          44.000  
G27  23225448.468   122050658.486       -3319.349          47.000    23225444.451    95104309.025       -2586.463          46.000  
E34  28031472.866   147306453.579         876.932          42.000    28031474.460   112871196.656         672.050          45.000  
E18  28797099.007   151329774.525       -1326.678          44.000                                                                  
G28  27163343.769   142744354.244        1290.181          41.000    27163339.232   111229330.117        1005.360          39.000  
E25  29948370.641   157379739.647       -3269.199          34.000    29948372.868   120589696.268       -2504.949          38.000  
E09  26229594.696   137837559.301        -513.129          45.000    26229594.407   105615842.956        -393.152          51.000  
G21  22914497.115   120416643.287        1391.406          45.000                                                                  
E10  30098716.693   158170127.705       -2374.038          38.000    30098717.041   121195424.877       -1819.283          39.000  
G10  25657016.910   134828677.485       -3882.440          46.000    25657012.622   105061402.505       -3025.560          40.000  
G02  23887977.565   125532239.246        1643.551          45.000                                                                  
G08  22108526.530   116181129.822       -1293.591          48.000    22108523.717    90530728.748       -1008.121          47.000  
E11  26916835.692   141449128.760       -1916.396          41.000    26916831.955   108383213.367       -1468.489          43.000  
G03  24982367.331   131283286.709        1394.471          43.000    24982365.674   102298720.791        1086.581          44.000  
> 2024 06 08 06 58 00.0070000  0 31                     
G14  27229553.220   143092288.622         -84.050          39.000    27229548.252   111500818.432         -65.242          37.000  
E04  28942623.643   152094632.493       -2806.947          41.000    28942622.743   116540028.125       -2150.867          45.000  
G16  27053998.593   142169691.120       -3746.688          37.000                                                                  
G32  23821941.963   125185211.866       -2247.798          50.000    23821937.499    97547003.068       -1751.518          43.000  
E06  25744091.399   135286207.374        -153.417          44.000                                                                  
R04  24202984.857   129606033.388       -4698.254          47.000    24202977.613   100804695.765       -3654.254          47.000  
R20  21954748.604   117401899.481         688.472          40.000    21954744.069    91312657.744         535.511          39.000  
R19  23786087.227   127239521.495       -2865.617          38.000    23786080.454    98964327.336       -2228.831          43.000  
R06  23323854.111   124460565.815        2703.151          39.000                                                                  
R11  26590378.084   142090909.104       -2643.484          43.000    26590372.963   110515074.454       -2056.090          39.000  
E30  29450757.450   154764768.742       -1010.337          43.000    29450758.141   118585987.079        -774.133          45.000  
E02  28443035.413   149469173.778       -2835.780          40.000    28443036.272   114528320.157       -2172.765          42.000  
S31  40667677.471   213710155.885        -775.221          45.000  
S33  41659561.352   218922527.417        -774.230          40.000  
E05  25716778.656   135142635.406        1837.975          44.000    25716779.109   103550881.243        1408.462          48.000  
E36  25987528.980   136565629.191        -419.566          45.000    25987530.655   104641263.145        -321.463          50.000  
R05  21208968.738   113374177.348       -1738.587          50.000    21208963.621    88179919.147       -1352.229          48.000  
R21  25111307.661   134375700.605        2595.217          44.000    25111303.483   104514368.976        2018.631          45.000  
G27  23244456.837   122150546.446       -3339.922          47.000    23244452.408    95182143.760       -2602.416          46.000  
E34  28026477.872   147280204.909         872.714          41.000    28026479.433   112851084.077         668.651          45.000  
E18  28804695.651   151369697.248       -1334.995          43.000                                                                  
G28  27155997.673   142705750.029        1283.522          41.000    27155993.188   111199248.892        1000.028          40.000  
E25  29967033.741   157477832.171       -3269.773          32.000    29967040.310   120664857.983       -2505.282          38.000  
E09  26232579.361   137853246.359        -532.846          45.000    26232579.647   105627862.912        -408.170          50.000  
G21  22906585.937   120375069.009        1380.029          45.000                                                                  
E10  30112295.839   158241484.243       -2382.658          38.000    30112296.128   121250100.663       -1825.689          40.000  
G10  25679194.678   134945222.395       -3887.369          46.000    25679190.518   105152216.735       -3029.197          40.000  
G02  23878619.635   125483065.728        1634.475          45.000                                                                  
G08  22115986.039   116220328.054       -1319.540          48.000    22115982.401    90561272.811       -1028.174          47.000  
E11  26927801.869   141506757.307       -1925.533          41.000    26927798.021   108427370.270       -1475.278          42.000  
G03  24974446.227   131241659.348        1380.510          43.000    24974443.983   102266283.906        1075.745          44.000  
> 2024 06 08 06 58 30.0070000  0 31                     
G14  27230089.471   143095107.970        -104.316          38.000    27230084.134   111503015.253         -80.917          38.000  
E04  28958689.237   152179057.106       -2821.073          41.000    28958688.051   116604717.126       -2161.694          45.000  
G16  27075385.350   142282079.046       -3745.229          37.000                                                                  
G32  23834843.592   125253008.191       -2271.770          50.000    23834838.448    97599831.368       -1770.240          43.000  
E06  25745022.055   135291100.146        -172.630          43.000                                                                  
R04  24229343.757   129747184.009       -4711.562          46.000    24229336.561   100914479.576       -3664.511          47.000  
R20  21950931.288   117381485.225         672.364          40.000    21950926.700    91296779.987         522.899          40.000  
R19  23802208.108   127325758.835       -2883.439          38.000    23802201.606    99031400.831       -2242.596          42.000  
R06  23308714.198   124379775.492        2683.020          40.000                                                                  
R11  26605270.097   142170487.000       -2661.668          42.000    26605264.048   110576968.356       -2070.383          41.000  
E30  29456574.847   154795339.348       -1027.654          43.000    29456575.698   118609411.283        -787.360          45.000  
E02  28459255.021   149554397.483       -2845.827          41.000    28459253.912   114593621.408       -2180.607          42.000  
S31  40672117.418   213733488.760        -780.205          45.000  
S33  41663995.878   218945828.842        -779.271          40.000  
E05  25706318.998   135087669.683        1826.394          44.000    25706319.232   103508764.693        1399.534          48.000  
E36  25989945.724   136578327.323        -426.717          46.000    25989947.199   104650992.866        -327.040          51.000  
R05  21218810.484   113426784.254       -1768.447          51.000    21218804.902    88220835.639       -1375.365          48.000  
R21  25096763.623   134297879.699        2592.646          43.000    25096761.275   104453841.663        2016.617          43.000  
G27  23263579.464   122251034.306       -3359.295          47.000    23263574.637    95260445.969       -2617.610          46.000  
E34  28021506.393   147254076.300         869.167          41.000    28021507.088   112831063.495         665.996          45.000  
E18  28812337.594   151409857.657       -1342.194          43.000                                                                  
G28  27148688.399   142667338.433        1277.524          41.000    27148684.005   111169317.788         995.251          39.000  
E25  29985703.464   157575929.319       -3269.487          34.000    29985707.144   120740023.278       -2505.035          38.000  
E09  26235675.720   137869515.743        -551.805          45.000    26235675.599   105640329.065        -422.884          50.000  
G21  22898739.235   120333830.720        1369.269          46.000                                                                  
E10  30125921.002   158313085.939       -2390.769          38.000    30125921.179   121304964.276       -1831.473          40.000  
G10  25701398.844   135061905.987       -3891.524          46.000    25701394.686   105243138.998       -3032.363          40.000  
G02  23869313.441   125434159.424        1625.847          45.000                                                                  
G08  22123590.737   116260291.155       -1344.752          48.000    22123587.218    90592412.888       -1047.814          47.000  
E11  26938817.732   141564645.261       -1933.622          41.000    26938813.783   108471725.976       -1481.595          43.000  
G03  24966602.799   131200443.448        1367.116          43.000    24966600.987   102234167.651        1065.400          44.000  
> 2024 06 08 06 59 00.0070000  0 31                     
G14  27230743.445   143098540.375        -124.520          38.000    27230738.603   111505689.812         -97.274          38.000  
E04  28974837.530   152263916.866       -2835.797          41.000    28974836.193   116669739.546       -2172.878          45.000  
G16  27096764.918   142394430.774       -3744.446          36.000                                                                  
G32  23847882.656   125321529.201       -2295.987          50.000    23847877.583    97653224.364       -1789.077          43.000  
E06  25746062.642   135296569.465        -191.733          43.000                                                                  
R04  24255777.716   129888736.419       -4724.863          47.000    24255770.497   101024575.862       -3674.925          47.000  
R20  21947203.171   117361549.887         656.884          40.000    21947198.474    91281274.759         510.597          40.000  
R19  23818431.317   127412541.205       -2901.606          39.000    23818424.638    99098898.202       -2257.041          43.000  
R06  23293687.628   124299587.006        2663.044          40.000                                                                  
R11  26620265.023   142250621.286       -2680.356          43.000    26620258.779   110639294.975       -2084.534          37.000  
E30  29462492.490   154826435.923       -1045.298          43.000    29462493.076   118633238.519        -800.921          45.000  
E02  28475530.480   149639929.679       -2856.351          41.000    28475530.116   114659159.050       -2188.499          42.000  
S31  40676586.680   213756974.457        -785.371          45.000  
S33  41668459.106   218969283.552        -784.404          40.000  
E05  25695925.439   135033054.918        1814.732          44.000    25695926.643   103466917.049        1390.452          48.000  
E36  25992404.386   136591245.273        -434.262          46.000    25992405.407   104660891.020        -332.788          51.000  
R05  21228820.293   113480290.019       -1798.479          51.000    21228814.594    88262451.228       -1398.801          49.000  
R21  25082236.549   134220138.064        2590.029          45.000    25082232.541   104393375.989        2014.648          42.000  
G27  23282814.119   122352113.756       -3379.409          46.000    23282809.416    95339209.163       -2633.175          46.000  
E34  28016556.236   147228061.706         865.270          42.000    28016556.832   112811130.270         663.038          46.000  
E18  28820023.496   151450249.091       -1350.087          42.000                                                                  
G28  27141415.015   142629116.063        1271.294          41.000    27141411.025   111139534.142         990.614          40.000  
E25  30004370.818   157674023.261       -3269.677          35.000    30004373.275   120815186.171       -2505.293          37.000  
E09  26238881.524   137886361.399        -571.106          45.000    26238880.928   105653236.763        -437.633          50.000  
G21  22890955.745   120292925.077        1358.014          47.000                                                                  
E10  30139592.112   158384927.073       -2398.541          38.000    30139591.686   121360011.364       -1838.062          39.000  
G10  25723627.829   135178720.592       -3895.922          47.000    25723623.567   105334163.391       -3035.698          39.000  
G02  23860056.896   125385515.502        1617.189          46.000                                                                  
G08  22131339.532   116301012.761       -1369.901          48.000    22131336.654    90624144.005       -1067.459          47.000  
E11  26949882.333   141622787.195       -1942.189          41.000    26949877.930   108516276.275       -1488.257          42.000  
G03  24958836.603   131159632.866        1353.740          42.000    24958834.720   102202367.260        1054.838          43.000  
> 2024 06 08 06 59 30.0070000  0 31                     
G14  27231509.345   143102569.621        -143.560          38.000    27231507.268   111508829.457        -111.786          40.000  
E04  28991065.137   152349193.962       -2848.957          42.000    28991063.857   116735081.754       -2182.946          43.000  
G16  27118134.079   142506727.758       -3742.255          37.000                                                                  
G32  23861056.381   125390757.019       -2318.782          50.000    23861051.258    97707168.124       -1807.116          42.000  
E06  25747210.512   135302599.616        -209.686          43.000                                                                  
R04  24282282.879   130030670.126       -4736.901          48.000    24282275.599   101134968.729       -3684.318          49.000  
R20  21943562.220   117342080.145         641.915          39.000    21943557.720    91266131.615         499.124          41.000  
R19  23834753.290   127499852.279       -2918.751          37.000    23834746.565    99166806.768       -2270.182          43.000  
R06  23278770.078   124219987.046        2643.761          38.000                                                                  
R11  26635360.650   142331291.789       -2697.407          41.000    26635355.381   110702038.634       -2098.232          39.000  
E30  29468505.932   154858041.528       -1061.372          41.000    29468507.361   118657455.786        -813.391          45.000  
E02  28491861.377   149725752.108       -2864.968          40.000    28491861.598   114724919.057       -2195.178          42.000  
S31  40681082.133   213780598.863        -789.162          45.000  
S33  41672948.923   218992875.794        -787.989          40.000  
E05  25685595.826   134978776.676        1804.076          43.000    25685597.592   103425327.239        1382.281          48.000  
E36  25994902.357   136604367.530        -440.354          47.000    25994902.284   104670945.736        -337.437          51.000  
R05  21238995.040   113534676.055       -1826.972          51.000    21238988.823    88304751.491       -1421.031          49.000  
R21  25067721.724   134142461.385        2588.608          43.000    25067715.270   104332960.800        2013.307          42.000  
G27  23302157.289   122453766.422       -3397.465          46.000    23302153.623    95418419.018       -2647.262          46.000  
E34  28011624.887   147202145.043         862.808          42.000    28011625.439   112791272.106         661.029          46.000  
E18  28827749.243   151490854.818       -1356.678          42.000                                                                  
G28  27134175.313   142591069.576        1265.718          42.000    27134170.906   111109887.568         986.032          40.000  
E25  30023030.091   157772096.220       -3268.846          30.000    30023035.980   120890332.932       -2504.148          37.000  
E09  26242193.624   137903767.145        -589.061          46.000    26242193.112   105666573.644        -451.315          50.000  
G21  22883231.840   120252336.931        1348.004          46.000                                                                  
E10  30153306.071   158456991.865       -2405.038          38.000    30153305.119   121415229.823       -1842.902          39.000  
G10  25745878.537   135295648.608       -3898.877          47.000    25745874.280   105425276.137       -3037.895          39.000  
G02  23850847.007   125337118.937        1609.669          45.000                                                                  
G08  22139229.677   116342476.402       -1394.041          48.000    22139226.399    90656453.341       -1086.238          46.000  
E11  26960991.710   141681167.550       -1949.471          41.000    26960987.324   108561009.266       -1493.645          42.000  
G03  24951143.513   131119211.393        1341.178          42.000    24951142.019   102170870.057        1045.345          42.000  
