     3.00           OBSERVATION DATA    M: Mixed            RINEX VERSION / TYPE
CONVBIN demo5 b34j                      20240609 013620 UTC PGM / RUN BY / DATE 
log: SAUC00CHL_R_20241600945_15M_30S_MO.ubx                 COMMENT             
format: u-blox UBX                                          COMMENT             
format: u-blox UBX                                          COMMENT             
log: SAUC00CHL_R_20241600945_15M_30S_MO.ubx                 COMMENT             
SAUC00CHL                                                   MARKER NAME         
                                                            MARKER NUMBER       
GEODETIC                                                    MARKER TYPE         
El Sauce            Obstech                                 OBSERVER / AGENCY   
UNKNOWN             UBLOX-ZED-F9P                           REC # / TYPE / VERS 
UNKNWOWN            TWIVSP6037L                             ANT # / TYPE        
  1813185.0000 -5195981.0000 -3216438.0000                  APPROX POSITION XYZ 
        0.0000        0.0000        0.0000                  ANTENNA: DELTA H/E/N
G    8 C1C L1C D1C S1C C2X L2X D2X S2X                      SYS / # / OBS TYPES 
R    8 C1C L1C D1C S1C C2C L2C D2C S2C                      SYS / # / OBS TYPES 
E    8 C1X L1X D1X S1X C7X L7X D7X S7X                      SYS / # / OBS TYPES 
S    4 C1C L1C D1C S1C                                      SYS / # / OBS TYPES 
  2024    06    08    09    45   00.4900000     GPS         TIME OF FIRST OBS   
  2024    06    08    09    59   30.4910000     GPS         TIME OF LAST OBS    
                                                            END OF HEADER       
> 2024 06 08 09 45 00.4900000  0 27                     
E08  25652685.148   134805781.7351       1845.695          37.000    25652687.242   103292727.2591       1414.368          39.000  
G09  19722425.174   103642099.1091       1879.735          45.000    19722420.134    80760078.9091       1464.585          43.000  
E03  21437590.605   112655342.9291        689.371          46.000    21437590.618    86320371.3101        528.325          49.000  
G19  21035625.791   110542983.3291        744.757          43.000                                                                  
E06  23554764.736   123781221.1801      -3341.916          40.000                                                                  
R20  19780104.300   105773107.7011      -4982.986          40.000    19780100.458    82268029.7681      -3875.806          36.000  
R16  20899414.138   111640884.8361       1655.383          40.000    20899410.103    86831800.3921       1287.604          36.000  
R22  17809107.521    95066227.4221       2126.019          48.000    17809101.385    73940307.5871       1653.583          47.000  
R06  17651366.562    94191072.0431      -2695.600          40.000                                                                  
R07  17476399.299    93552575.5531        -16.683          52.000    17476392.196    72763183.7661        -13.028          47.000  
S31  35846206.902   188373165.7941       -751.285          45.000  
S33  36836203.330   193575550.2491       -750.742          41.000  
E05  19271705.361   101273566.0361      -1783.526          45.000    19271705.740    77599260.4121      -1366.482          50.000  
E36  22235745.721   116849877.3961      -2674.614          43.000    22235748.198    89534388.5371      -2049.227          48.000  
R08  20703047.260   110863884.0821       1934.528          47.000    20703039.162    86227762.0211       1504.669          41.000  
R21  16504237.094    88317537.8631      -1993.773          50.000    16504229.862    68691358.2291      -1550.687          47.000  
E34  20483902.662   107643726.1321       -253.844          44.000    20483904.206    82480280.2781       -194.480          49.000  
E18  25383520.200   133391317.9491      -1410.952          44.000    25383517.863   102208913.4931      -1081.189          43.000  
G28  21647394.176   113757854.3271      -2916.590          41.000    21647387.330    88642451.7991      -2272.645          42.000  
E15  23200399.959   121918970.5901       1721.821          43.000    23200401.529    93418437.6531       1319.289          47.000  
E09  24470178.595   128591768.1631      -3350.048          40.000    24470177.959    98531406.4751      -2566.850          45.000  
G21  18160037.530    95431787.1361      -3673.875          48.000                                                                  
G17  19230867.802   101058889.7441       -773.250          46.000    19230862.219    78747169.7431       -602.435          41.000  
G02  17748783.909    93270568.2531      -2714.673          47.000                                                                  
G31  20164229.690   105963779.0781      -1157.701          47.000    20164222.484    82569157.8581       -902.015          40.000  
G03  18190442.737    95591496.6751       -499.218          50.000    18190433.466    74486943.4571       -388.885          40.000  
G04  17389541.833    91382719.5831         63.579          47.000    17389536.359    71207245.3951         49.571          47.000  
> 2024 06 08 09 45 30.4910000  0 27                     
E08  25642168.327   134750511.327        1838.743          37.000    25642169.340   103250377.225        1408.789          39.000  
G09  19711732.839   103585905.446        1866.103          46.000    19711727.728    80716291.687        1453.797          43.000  
E03  21433692.850   112634854.597         676.201          46.000    21433691.937    86304672.457         518.255          49.000  
G19  21031427.117   110520917.793         726.038          42.000                                                                  
E06  23573857.221   123881554.206       -3346.888          40.000                                                                  
R20  19808096.187   105922787.756       -4995.303          41.000    19808091.400    82384447.557       -3884.879          37.000  
R16  20890155.605   111591427.096        1641.701          40.000    20890151.201    86793333.260        1277.078          38.000  
R22  17797217.707    95002762.456        2104.723          48.000    17797212.934    73890945.978        1636.906          49.000  
R06  17666548.354    94272081.836       -2705.031          41.000                                                                  
R07  17476539.099    93553323.751         -33.407          51.000    17476531.934    72763765.698         -25.872          47.000  
S31  35850505.960   188395756.826        -754.674          44.000  
S33  36840499.349   193598127.121        -754.252          40.000  
E05  19281920.994   101327251.350       -1795.596          44.000    19281921.294    77640395.902       -1375.856          49.000  
E36  22251050.277   116930299.289       -2687.102          43.000    22251051.715    89596010.505       -2058.854          48.000  
R08  20692241.409   110806025.665        1922.326          47.000    20692234.370    86182760.956        1495.159          38.000  
R21  16515496.534    88377791.641       -2023.313          50.000    16515489.509    68738222.281       -1573.647          47.000  
E34  20485392.147   107651550.320        -267.849          44.000    20485393.055    82486275.441        -205.268          49.000  
E18  25391579.122   133433669.278       -1412.319          44.000    25391577.144   102241364.516       -1082.181          43.000  
G28  21664093.707   113845613.343       -2933.939          40.000    21664087.434    88710835.459       -2286.265          43.000  
E15  23190587.908   121867404.662        1715.677          43.000    23190588.621    93378926.109        1314.601          47.000  
E09  24489313.564   128692321.946       -3353.687          40.000    24489312.825    98608454.181       -2569.714          44.000  
G21  18181066.984    95542293.105       -3693.072          48.000                                                                  
G17  19235349.307   101082435.179        -796.738          46.000    19235342.140    78765516.812        -620.886          41.000  
G02  17764340.862    93352320.672       -2735.376          47.000                                                                  
G31  20170895.717   105998809.438       -1177.837          46.000    20170888.620    82596454.229        -917.687          41.000  
G03  18193312.132    95606578.835        -506.299          50.000    18193304.703    74498695.910        -394.373          43.000  
G04  17389235.453    91381105.831          43.903          47.000    17389229.428    71205987.938          34.060          47.000  
> 2024 06 08 09 46 00.4910000  0 27                     
E08  25631693.062   134695471.515        1830.702          36.000    25631695.365   103208203.909        1402.518          39.000  
G09  19701120.677   103530140.028        1851.305          45.000    19701115.446    80672838.134        1442.507          43.000  
E03  21429872.091   112614773.873         662.150          47.000    21429870.679    86289285.937         507.318          49.000  
G19  21027338.533   110499433.425         706.158          41.000                                                                  
E06  23592980.607   123982046.216       -3352.757          41.000                                                                  
R20  19836157.133   106072843.115       -5008.688          39.000    19836154.174    82501157.262       -3895.941          38.000  
R16  20880979.272   111542410.309        1626.190          37.000    20880974.885    86755209.105        1264.805          37.000  
R22  17785452.056    94939954.000        2082.311          48.000    17785447.341    73842094.962        1619.542          49.000  
R06  17681783.401    94353381.912       -2715.241          39.000                                                                  
R07  17476774.804    93554587.461         -51.064          51.000    17476768.229    72764748.620         -39.829          47.000  
S31  35854826.954   188418465.415        -759.187          45.000  
S33  36844818.223   193620821.831        -758.960          40.000  
E05  19292208.632   101381313.675       -1808.803          44.000    19292208.629    77681820.272       -1385.842          49.000  
E36  22266428.281   117011109.177       -2700.646          43.000    22266429.180    89657929.775       -2069.319          48.000  
R08  20681509.889   110748551.796        1909.038          47.000    20681501.054    86138059.229        1484.781          40.000  
R21  16526924.357    88438942.848       -2053.688          50.000    16526916.722    68785784.339       -1597.385          47.000  
E34  20486964.436   107659810.514        -283.065          45.000    20486964.933    82492604.680        -216.978          49.000  
E18  25399648.773   133476075.757       -1414.994          44.000    25399647.127   102273857.791       -1084.131          43.000  
G28  21680896.171   113933911.993       -2952.596          40.000    21680889.936    88779639.609       -2300.915          43.000  
E15  23180813.947   121816039.620        1708.531          43.000    23180813.982    93339568.497        1309.011          47.000  
E09  24508472.178   128793000.539       -3358.587          41.000    24508471.097    98685597.513       -2573.474          44.000  
G21  18202206.900    95653382.328       -3713.074          48.000                                                                  
G17  19239968.274   101106708.068        -821.479          46.000    19239960.936    78784430.735        -640.293          41.000  
G02  17780018.744    93434709.084       -2757.406          47.000                                                                  
G31  20177678.843   106034457.815       -1198.928          45.000    20177672.699    82624232.209        -934.329          41.000  
G03  18196222.560    95621883.628        -514.197          47.000    18196220.311    74510621.753        -400.830          46.000  
G04  17389044.735    91380100.573          22.995          48.000    17389038.166    71205204.616          17.986          47.000  
> 2024 06 08 09 46 30.4910000  0 27                     
E08  25621266.639   134640682.900        1821.493          37.000    25621268.649   103166223.033        1396.062          38.000  
G09  19690592.976   103474823.240        1836.196          46.000    19690589.358    80629734.212        1430.362          44.000  
E03  21426133.017   112595121.707         647.667          48.000    21426131.010    86274227.789         496.290          49.000  
G19  21023365.027   110478552.628         685.541          41.000                                                                  
E06  23612138.652   124082720.807       -3359.000          42.000                                                                  
R20  19864292.454   106223304.2471      -5022.088          41.000    19864289.886    82618177.086       -3905.773          37.000  
R16  20871889.699   111493899.6781       1610.315          40.000    20871885.007    86717446.836        1252.244          38.000  
R22  17773813.921    94877825.811        2059.104          51.000    17773809.096    73793773.059        1601.646          49.000  
R06  17697076.409    94434990.6841      -2725.904          39.000                                                                  
R07  17477110.587    93556387.374         -69.315          52.000    17477103.778    72766148.559         -53.766          46.000  
S31  35859175.195   188441315.031        -764.200          46.000  
S33  36849163.608   193643657.278        -763.499          42.000  
E05  19302572.965   101435774.977       -1822.301          45.000    19302571.831    77723550.366       -1396.237          48.000  
E36  22281884.718   117092330.828       -2714.433          45.000    22281885.073    89720164.544       -2079.908          47.000  
R08  20670852.501   110691482.968        1895.107          49.000    20670844.076    86093672.371        1474.171          40.000  
R21  16538523.091    88501014.590       -2084.770          52.000    16538515.687    68834062.336       -1621.518          46.000  
E34  20488624.365   107668529.678        -298.539          46.000    20488623.993    82499285.593        -228.815          49.000  
E18  25407733.596   133518559.850       -1417.583          45.000    25407731.480   102306410.546       -1086.353          43.000  
G28  21697805.677   114022772.860       -2971.808          41.000    21697799.688    88848881.851       -2315.725          43.000  
E15  23171081.705   121764896.914        1700.795          44.000    23171081.890    93300381.233        1303.173          47.000  
E09  24527658.648   128893827.568       -3363.525          40.000    24527657.733    98762854.595       -2577.437          43.000  
G21  18223460.645    95765077.830       -3733.472          48.000                                                                  
G17  19244729.908   101131730.008        -846.658          48.000    19244723.330    78803928.330        -659.901          41.000  
G02  17795821.752    93517756.639       -2779.549          48.000                                                                  
G31  20184584.625   106070747.268       -1220.564          47.000    20184578.575    82652509.705        -951.420          41.000  
G03  18199180.205    95637433.392        -522.754          47.000    18199180.104    74522738.358        -407.465          47.000  
G04  17388973.793    91379724.899           1.801          49.000    17388966.692    71204911.891           1.247          47.000  
> 2024 06 08 09 47 00.4910000  0 27                     
E08  25610892.505   134586163.772        1812.840          38.000    25610893.650   103124448.666        1388.988          38.000  
G09  19680155.613   103419973.626        1820.422          44.000    19680151.341    80586994.264        1418.623          43.000  
E03  21422476.996   112575915.613         632.789          47.000    21422476.260    86259511.439         484.832          49.000  
G19  21019508.855   110458293.227         664.948          40.000                                                                  
E06  23631334.349   124183593.984       -3365.813          42.000                                                                  
R20  19892504.511   106374171.300       -5035.999          38.000    19892502.812    82735518.066       -3916.776          36.000  
R16  20862893.536   111445835.498        1593.963          40.000    20862887.050    86680063.583        1239.777          37.000  
R22  17762307.125    94816399.542        2035.679          50.000    17762302.109    73745997.084        1583.380          49.000  
R06  17712433.281    94516933.4521      -2737.182          41.000                                                                  
R07  17477549.231    93558739.816         -87.618          50.000    17477543.071    72767978.229         -68.185          47.000  
S31  35863553.246   188464322.419        -769.524          45.000  
S33  36853539.180   193666650.704        -769.176          41.000  
E05  19313016.461   101490651.321       -1836.095          46.000    19313014.324    77765598.488       -1406.701          48.000  
E36  22297422.901   117173981.263       -2728.964          44.000    22297422.592    89782727.840       -2091.036          47.000  
R08  20660273.035   110634836.894        1880.989          45.000    20660267.795    86049614.348        1462.941          43.000  
R21  16550298.001    88564023.315       -2115.996          49.000    16550289.686    68883069.098       -1645.690          46.000  
E34  20490375.035   107677726.439        -314.452          46.000    20490373.821    82506332.453        -241.006          49.000  
E18  25415836.213   133561138.507       -1420.900          45.000    25415833.980   102339035.738       -1088.747          43.000  
G28  21714825.520   114112211.439       -2991.075          40.000    21714819.292    88918574.236       -2330.504          43.000  
E15  23161395.254   121713995.569        1692.576          43.000    23161395.785    93261378.925        1296.820          47.000  
E09  24546876.626   128994819.241       -3369.028          41.000    24546875.914    98840237.823       -2581.438          43.000  
G21  18244834.312    95877394.969       -3754.346          47.000                                                                  
G17  19249636.603   101157517.461        -872.374          46.000    19249630.660    78824022.443        -680.011          41.000  
G02  17811754.717    93601479.579       -2802.083          48.000                                                                  
G31  20191615.922   106107695.244       -1242.653          46.000    20191609.354    82681300.318        -968.400          41.000  
G03  18202192.264    95653245.626        -531.506          50.000    18202188.926    74535059.525        -414.215          47.000  
G04  17389023.700    91379995.859         -19.913          47.000    17389018.288    71205123.026         -15.443          47.000  
> 2024 06 08 09 47 30.4910000  0 27                     
E08  25600572.629   134531923.746        1803.552          39.000    25600572.289   103082888.152        1381.543          38.000  
G09  19669807.788   103365600.765        1804.632          43.000    19669803.920    80544625.836        1406.171          42.000  
E03  21418908.451   112557164.354         617.675          47.000    21418907.935    86245143.603         473.303          49.000  
G19  21015773.955   110438665.383         643.805          42.000                                                                  
E06  23650569.132   124284673.057       -3372.516          41.000                                                                  
R20  19920795.156   106525456.346       -5049.415          39.000    19920792.542    82853184.223       -3927.946          35.000  
R16  20853988.949   111398271.590        1577.091          39.000    20853983.175    86643069.449        1226.825          36.000  
R22  17750934.420    94755687.979        2011.870          50.000    17750928.684    73698776.976        1564.812          49.000  
R06  17727851.916    94599208.517       -2748.208          39.000                                                                  
R07  17478093.260    93561652.438        -106.207          50.000    17478086.739    72770243.621         -82.672          46.000  
S31  35867963.256   188487496.449        -775.204          45.000  
S33  36857946.119   193689810.545        -775.022          40.000  
E05  19323539.855   101545950.072       -1850.207          46.000    19323537.569    77807970.282       -1417.668          49.000  
E36  22313043.327   117256068.647       -2743.382          44.000    22313043.032    89845625.951       -2102.020          47.000  
R08  20649776.003   110578623.079        1866.876          43.000    20649772.132    86005892.616        1451.747          44.000  
R21  16562247.732    88627976.808       -2147.316          48.000    16562241.170    68932810.698       -1670.140          47.000  
E34  20492218.437   107687410.697        -330.735          46.000    20492216.662    82513752.854        -253.321          48.000  
E18  25423958.078   133603819.916       -1424.152          44.000    25423956.193   102371739.655       -1091.263          43.000  
G28  21731956.328   114202234.508       -3010.354          40.000    21731949.985    88988722.100       -2345.912          43.000  
E15  23151756.294   121663345.875        1684.272          43.000    23151757.204    93222569.439        1290.594          47.000  
E09  24566127.604   129095982.996       -3374.603          41.000    24566126.534    98917752.935       -2585.913          42.000  
G21  18266326.220    95990340.227       -3775.037          47.000                                                                  
G17  19254690.716   101184078.643        -898.090          45.000    19254684.896    78844719.452        -699.747          41.000  
G02  17827816.951    93685885.127       -2824.776          48.000                                                                  
G31  20198773.818   106145310.448       -1264.608          45.000    20198766.804    82710610.854        -985.368          40.000  
G03  18205253.801    95669329.295        -540.375          52.000    18205248.217    74547592.269        -421.124          44.000  
G04  17389199.475    91380921.756         -41.777          46.000    17389194.467    71205844.512         -32.417          47.000  
> 2024 06 08 09 48 00.4910000  0 27                     
E08  25590305.556   134477964.831        1793.890          40.000    25590304.290   103041543.011        1374.403          38.000  
G09  19659552.803   103311706.834        1788.231          45.000    19659548.900    80502630.616        1393.402          43.000  
E03  21415426.503   112538869.161         602.088          46.000    21415426.541    86231125.212         461.395          49.000  
G19  21012160.758   110419671.200         622.626          42.000                                                                  
E06  23669842.649   124385957.863       -3379.548          41.000                                                                  
R20  19949163.927   106677157.014       -5063.619          38.000    19949161.280    82971173.611       -3938.105          35.000  
R16  20845179.855   111351213.402        1560.020          41.000    20845173.756    86606468.674        1212.905          35.000  
R22  17739695.805    94695696.305        1987.602          51.000    17739690.009    73652116.770        1545.859          49.000  
R06  17743332.025    94681816.943       -2759.366          38.000                                                                  
R07  17478742.619    93565124.562        -125.174          51.000    17478736.162    72772944.180         -97.347          47.000  
S31  35872405.179   188510838.408        -780.965          45.000  
S33  36862385.350   193713138.553        -780.415          40.000  
E05  19334143.325   101601670.976       -1864.427          46.000    19334141.432    77850665.523       -1428.536          49.000  
E36  22328747.046   117338593.734       -2758.257          44.000    22328746.792    89908859.433       -2113.394          47.000  
R08  20639359.799   110522843.029        1852.135          46.000    20639355.022    85962508.118        1440.488          43.000  
R21  16574377.153    88692875.019       -2178.993          49.000    16574369.975    68983287.093       -1694.714          47.000  
E34  20494154.859   107697584.747        -347.268          46.000    20494152.355    82521548.569        -266.195          48.000  
E18  25432099.852   133646604.784       -1427.944          44.000    25432097.970   102404522.856       -1094.181          43.000  
G28  21749198.208   114292841.338       -3030.007          40.000    21749191.629    89059324.815       -2360.773          43.000  
E15  23142166.348   121612950.626        1675.449          43.000    23142167.406    93183954.900        1283.952          47.000  
E09  24585411.457   129197318.786       -3380.963          41.000    24585410.004    98995399.856       -2590.612          42.000  
G21  18287938.137    96103912.302       -3796.147          46.000                                                                  
G17  19259891.888   101211413.782        -924.059          45.000    19259886.062    78866019.563        -720.081          41.000  
G02  17844008.493    93770973.238       -2847.731          48.000                                                                  
G31  20206058.507   106183594.241       -1287.446          45.000    20206051.755    82740442.375       -1003.217          39.000  
G03  18208365.882    95685685.874        -549.805          51.000    18208358.068    74560337.719        -428.345          42.000  
G04  17389500.111    91382503.366         -63.675          45.000    17389495.007    71207076.940         -49.798          47.000  
> 2024 06 08 09 48 30.4910000  0 27                     
E08  25580091.358   134424287.764        1785.335          40.000    25580090.224   103000413.868        1367.728          40.000  
G09  19649389.362   103258292.653        1773.027          46.000    19649383.638    80461009.205        1381.762          42.000  
E03  21412031.212   112521029.985         587.567          46.000    21412031.675    86217456.252         450.164          49.000  
G19  21008667.847   110401311.718         602.130          44.000                                                                  
E06  23689154.978   124487446.951       -3385.949          41.000                                                                  
R20  19977609.582   106829270.291       -5077.030          38.000    19977607.877    83089483.897       -3948.334          36.000  
R16  20836464.725   111304665.058        1543.831          38.000    20836460.347    86570264.369        1200.463          35.000  
R22  17728592.322    94636428.290        1964.106          50.000    17728586.459    73606019.415        1527.532          49.000  
R06  17758875.101    94764756.097       -2769.322          39.000                                                                  
R07  17479496.321    93569155.017        -143.023          51.000    17479488.374    72776079.000        -111.348          47.000  
S31  35876879.047   188534348.314        -785.906          45.000  
S33  36866856.326   193736634.034        -785.612          41.000  
E05  19344826.319   101657812.612       -1877.954          46.000    19344825.194    77893683.137       -1438.973          50.000  
E36  22344533.552   117421555.928       -2772.152          44.000    22344534.061    89972427.852       -2124.104          47.000  
R08  20629023.272   110467496.633        1838.159          45.000    20629019.012    85919461.035        1429.594          43.000  
R21  16586682.472    88758716.595       -2209.878          50.000    16586674.569    69034497.187       -1718.704          48.000  
E34  20496184.110   107708249.705        -363.190          46.000    20496181.658    82529720.419        -278.265          48.000  
E18  25440260.617   133689492.507       -1430.894          44.000    25440259.369   102437384.860       -1096.467          43.000  
G28  21766550.533   114384029.838       -3048.747          40.000    21766544.553    89130380.814       -2375.438          44.000  
E15  23132624.954   121562811.340        1667.485          43.000    23132626.281    93145536.524        1277.649          47.000  
E09  24604727.399   129298825.254       -3385.763          41.000    24604726.235    99073177.571       -2594.309          42.000  
G21  18309669.208    96218108.935       -3816.250          46.000                                                                  
G17  19265241.043   101239522.220        -949.191          46.000    19265235.122    78887922.234        -739.482          41.000  
G02  17860329.825    93856742.288       -2869.800          48.000                                                                  
G31  20213470.601   106222546.525       -1308.963          45.000    20213463.624    82770794.801       -1019.752          39.000  
G03  18211528.263    95702315.593        -558.295          48.000    18211522.479    74573296.034        -435.126          43.000  
G04  17389926.244    91384740.131         -84.756          46.000    17389920.525    71208819.871         -66.120          47.000  
> 2024 06 08 09 49 00.4910000  0 27                     
E08  25569922.861   134370855.428        1777.323          39.000    25569922.576   102959472.264        1362.010          40.000  
G09  19639309.247   103205321.119        1758.940          46.000    19639302.424    80419732.728        1370.580          42.000  
E03  21408717.021   112503608.884         574.302          46.000    21408716.428    86204107.612         440.079          49.000  
G19  21005287.174   110383549.976         582.770          43.000                                                                  
E06  23708498.695   124589100.922       -3390.487          40.000                                                                  
R20  20006125.228   106981752.614       -5088.245          39.000    20006123.431    83208081.280       -3957.574          37.000  
R16  20827840.424   111258591.924        1528.147          39.000    20827834.967    86534429.667        1188.866          34.000  
R22  17717618.192    94577849.383        1941.790          50.000    17717612.224    73560458.034        1510.364          48.000  
R06  17774472.979    94847985.285       -2778.505          40.000                                                                  
R07  17480345.312    93573703.152        -159.553          51.000    17480337.896    72779616.456        -124.215          47.000  
S31  35881377.217   188557987.917        -789.361          45.000  
S33  36871352.310   193760259.347        -789.144          41.000  
E05  19355581.710   101714335.607       -1889.781          45.000    19355581.575    77936992.967       -1448.101          50.000  
E36  22360396.721   117504916.700       -2784.743          44.000    22360397.383    90036301.670       -2133.718          48.000  
R08  20618761.540   110412545.444        1825.781          46.000    20618757.070    85876721.230        1420.119          41.000  
R21  16599155.206    88825461.732       -2239.215          50.000    16599147.780    69086410.056       -1741.641          48.000  
E34  20498299.349   107719368.673        -377.642          46.000    20498297.549    82538240.159        -289.349          48.000  
E18  25448433.443   133732444.583       -1432.310          43.000    25448433.176   102470296.175       -1097.465          44.000  
G28  21784006.055   114475760.106       -3066.216          41.000    21784000.173    89201858.955       -2389.152          44.000  
E15  23123126.306   121512891.636        1660.752          44.000    23123126.494    93107286.386        1272.559          47.000  
E09  24624068.550   129400463.194       -3389.501          42.000    24624067.218    99151056.012       -2597.081          42.000  
G21  18331511.812    96332889.849       -3835.179          46.000                                                                  
G17  19270729.878   101268364.531        -972.961          46.000    19270723.745    78910396.770        -758.126          42.000  
G02  17876773.170    93943153.380       -2890.449          47.000                                                                  
G31  20221002.849   106262129.083       -1329.270          46.000    20220995.911    82801638.388       -1036.045          39.000  
G03  18214735.692    95719180.766        -565.479          45.000    18214734.689    74586437.679        -440.619          46.000  
G04  17390469.562    91387593.592        -104.786          47.000    17390463.701    71211043.368         -81.673          46.000  
> 2024 06 08 09 49 30.4910000  0 27                     
E08  25559791.675   134317609.727        1772.691          40.000    25559790.087   102918673.684        1358.085          39.000  
G09  19629302.568   103152734.336        1747.135          46.000    19629296.918    80378756.041        1361.451          43.000  
E03  21405470.187   112486546.973         563.457          46.000    21405469.465    86191034.209         431.689          48.000  
G19  21002009.326   110366328.205         565.771          43.000                                                                  
E06  23727862.835   124690859.535       -3392.645          40.000                                                                  
R20  20034698.226   107134541.512       -5097.617          39.000    20034695.617    83326917.038       -3964.688          37.000  
R16  20819294.042   111212938.401        1515.151          38.000    20819289.024    86498921.386        1178.086          36.000  
R22  17706762.245    94519903.586        1921.612          50.000    17706757.086    73515389.067        1494.536          48.000  
R06  17790112.927    94931442.381       -2784.938          39.000                                                                  
R07  17481279.871    93578707.863        -173.750          50.000    17481272.397    72783509.019        -135.194          47.000  
S31  35885889.423   188581699.281        -790.866          45.000  
S33  36875861.770   193783955.456        -790.672          41.000  
E05  19366398.096   101771179.710       -1899.518          44.000    19366399.027    77980548.823       -1455.543          51.000  
E36  22376323.918   117588616.676       -2794.955          43.000    22376325.210    90100435.407       -2141.651          48.000  
R08  20608564.057   110357929.805        1815.587          47.000    20608557.573    85834242.421        1412.182          43.000  
R21  16611786.062    88893048.926       -2266.225          50.000    16611778.119    69138977.874       -1762.723          48.000  
E34  20500490.997   107730883.931        -389.769          46.000    20500488.977    82547063.533        -298.647          48.000  
E18  25456607.694   133775401.595       -1431.268          43.000    25456607.857   102503211.287       -1096.824          44.000  
G28  21801553.880   114567971.258       -3081.056          42.000    21801547.678    89273711.815       -2400.760          44.000  
E15  23113658.281   121463134.230        1656.436          44.000    23113657.879    93069160.595        1269.265          47.000  
E09  24643423.265   129502172.484       -3390.858          41.000    24643421.825    99228989.123       -2598.014          42.000  
G21  18353453.294    96448194.012       -3851.489          46.000                                                                  
G17  19276346.888   101297881.248        -994.391          47.000    19276341.319    78933396.798        -775.030          42.000  
G02  17893326.046    94030145.838       -2908.760          46.000                                                                  
G31  20228644.133   106302283.034       -1347.337          46.000    20228637.186    82832927.195       -1049.736          39.000  
G03  18217981.990    95736222.643        -570.215          49.000    18217978.581    74599717.017        -444.452          47.000  
G04  17391118.040    91391004.383        -122.355          47.000    17391112.178    71213701.150         -95.228          46.000  
> 2024 06 08 09 50 00.4910000  0 28                     
E08  25549680.647   134264482.887        1769.224          38.000    25549679.475   102877966.158        1355.365          37.000  
G09  19619354.201   103100464.458        1737.436          45.000    19619350.701    80338026.342        1353.787          43.000  
E03  21402278.877   112469775.584         554.731          46.000    21402277.781    86178183.410         425.063          48.000  
G19  20998822.356   110349578.530         550.879          42.000                                                                  
E06  23747233.614   124792652.808       -3393.408          40.000                                                                  
R20  20063313.785   107287562.613       -5103.912          40.000    20063311.966    83445933.439       -3970.016          37.000  
R16  20810814.144   111167638.766        1504.584          40.000    20810809.833    86463688.360        1170.358          36.000  
R22  17696013.271    94462525.072        1903.544          49.000    17696008.045    73470761.332        1480.633          49.000  
R06  17805781.296    95015055.148       -2789.038          39.000                                                                  
R07  17482286.645    93584097.580        -185.623          51.000    17482279.788    72787701.021        -144.288          47.000  
G06  22652192.490   119038076.0511       2778.636          36.000    22652193.282    92757171.9281       2165.244          33.000  
S31  35890401.668   188605411.704        -789.982          45.000  
S33  36880371.219   193807653.234        -789.361          41.000  
E05  19377262.579   101828274.849       -1906.861          44.000    19377263.785    78024297.029       -1461.097          51.000  
E36  22392303.325   117672586.675       -2802.973          44.000    22392304.235    90164776.043       -2147.770          49.000  
R08  20598414.380   110303579.877        1807.899          46.000    20598408.302    85791970.366        1406.067          43.000  
R21  16624559.476    88961407.101       -2290.943          50.000    16624552.319    69192145.334       -1781.837          47.000  
E34  20502745.075   107742727.934        -399.811          46.000    20502742.916    82556138.805        -306.297          48.000  
E18  25464770.638   133818294.397       -1428.352          43.000    25464770.254   102536077.171       -1094.451          44.000  
G28  21819178.877   114660592.626       -3093.688          42.000    21819172.606    89345884.331       -2410.640          44.000  
E15  23104207.732   121413472.055        1654.569          44.000    23104207.577    93031107.785        1267.619          47.000  
E09  24662778.087   129603883.217       -3390.000          41.000    24662776.878    99306923.354       -2597.536          42.000  
G21  18375480.611    96563950.502       -3865.716          45.000                                                                  
G17  19282078.322   101328002.288       -1013.669          45.000    19282073.277    78956867.702        -789.954          42.000  
G02  17909977.995    94117649.924       -2924.793          47.000                                                                  
G31  20236380.889   106342939.748       -1363.113          45.000    20236374.290    82864607.779       -1062.061          39.000  
G03  18221246.386    95753372.808        -573.035          51.000    18221242.200    74613080.771        -446.582          47.000  
G04  17391859.921    91394903.338        -137.644          46.000    17391854.070    71216739.309        -107.255          46.000  
> 2024 06 08 09 50 30.4910000  0 28                     
E08  25539585.804   134211435.671        1767.170          39.000    25539583.956   102837319.616        1354.122          37.000  
G09  19609460.650   103048472.443        1728.788          46.000    19609456.463    80297513.117        1347.166          43.000  
E03  21399135.568   112453254.737         546.876          47.000    21399134.125    86165524.593         418.917          48.000  
G19  20995717.090   110333262.018         536.804          40.000                                                                  
E06  23766603.094   124894439.326       -3392.596          40.000                                                                  
R20  20091965.411   107440772.320       -5109.206          40.000    20091962.637    83565096.524       -3974.235          37.000  
R16  20802393.188   111122656.690        1494.481          40.000    20802389.962    86428702.315        1162.447          34.000  
R22  17685363.952    94405677.026        1886.442          50.000    17685358.800    73426546.189        1467.141          49.000  
R06  17821471.695    95098780.848       -2792.163          40.000                                                                  
R07  17483358.227    93589829.851        -196.340          51.000    17483350.040    72792159.459        -152.769          46.000  
G06  22636322.691   118954681.332        2781.731          38.000    22636321.239    92692189.047        2166.973          36.000  
S31  35894907.054   188629086.598        -788.176          45.000  
S33  36884873.480   193831313.614        -787.850          41.000  
E05  19388167.828   101885579.657       -1913.406          44.000    19388168.328    78068205.887       -1466.080          51.000  
E36  22408325.600   117756786.163       -2810.073          44.000    22408327.046    90229292.526       -2153.239          49.000  
R08  20588307.085   110249455.162        1800.740          47.000    20588302.083    85749873.398        1400.608          44.000  
R21  16637469.978    89030493.967       -2314.640          50.000    16637462.599    69245879.577       -1800.218          47.000  
E34  20505053.958   107754861.810        -408.960          46.000    20505052.056    82565436.184        -313.255          49.000  
E18  25472913.453   133861082.449       -1424.020          43.000    25472912.683   102568862.819       -1091.235          44.000  
G28  21836874.360   114753582.198       -3105.481          42.000    21836867.961    89418343.762       -2419.893          44.000  
E15  23094768.149   121363866.800        1652.754          44.000    23094768.064    92993098.566        1266.369          47.000  
E09  24682125.302   129705554.202       -3388.257          41.000    24682123.860    99384827.113       -2596.098          42.000  
G21  18397587.016    96680116.808       -3878.622          46.000                                                                  
G17  19287917.259   101358686.844       -1031.760          45.000    19287912.306    78980777.745        -803.930          42.000  
G02  17926719.340    94205624.046       -2939.931          48.000                                                                  
G31  20244206.018   106384058.941       -1377.882          46.000    20244198.751    82896648.733       -1073.687          39.000  
G03  18224522.731    95770591.625        -574.689          50.000    18224518.230    74626498.036        -447.845          46.000  
G04  17392687.355    91399249.962        -151.924          46.000    17392681.648    71220126.298        -118.472          47.000  
> 2024 06 08 09 51 00.4910000  0 28                     
E08  25529499.469   134158430.247        1766.528          40.000    25529497.646   102796705.111        1353.387          37.000  
G09  19599612.484   102996720.423        1721.281          45.000    19599609.141    80257186.906        1341.112          44.000  
E03  21396032.367   112436945.677         540.407          47.000    21396030.791    86153028.038         414.095          48.000  
G19  20992686.319   110317341.012         524.512          39.000                                                                  
E06  23785963.566   124996179.019       -3390.092          41.000                                                                  
R20  20120643.666   107594127.845       -5113.920          40.000    20120640.389    83684373.036       -3977.543          35.000  
R16  20794024.623   111077956.828        1485.520          40.000    20794021.371    86393935.693        1156.416          32.000  
R22  17674807.795    94349324.050        1870.460          51.000    17674802.471    73382716.088        1454.781          49.000  
R06  17837175.226    95182577.780       -2794.334          40.000                                                                  
R07  17484485.922    93595863.865        -205.791          52.000    17484477.500    72796852.603        -160.000          46.000  
G06  22620431.547   118871171.347        2785.988          39.000    22620428.304    92627116.313        2170.866          37.000  
S31  35899397.858   188652686.058        -785.005          45.000  
S33  36889361.206   193854897.536        -784.705          41.000  
E05  19399105.709   101943053.953       -1918.335          45.000    19399104.990    78112244.620       -1469.784          50.000  
E36  22424385.643   117841175.879       -2815.738          45.000    22424385.860    90293954.746       -2157.502          49.000  
R08  20578234.117   110195516.274        1795.144          47.000    20578229.989    85707921.036        1396.175          43.000  
R21  16650508.354    89100268.602       -2336.862          49.000    16650501.317    69300148.718       -1817.702          47.000  
E34  20507410.727   107767247.914        -416.682          46.000    20507409.290    82574926.836        -319.203          49.000  
E18  25481028.923   133903726.518       -1418.737          44.000    25481027.486   102601538.137       -1087.049          44.000  
G28  21854631.940   114846899.207       -3115.641          43.000    21854625.475    89491058.307       -2427.709          44.000  
E15  23085332.304   121314281.260        1652.861          44.000    23085332.217    92955104.459        1266.511          47.000  
E09  24701458.040   129807145.490       -3384.814          41.000    24701456.496    99462669.796       -2593.538          42.000  
G21  18419762.652    96796651.915       -3890.135          45.000                                                                  
G17  19293856.196   101389895.566       -1048.666          45.000    19293851.047    79005096.197        -817.279          42.000  
G02  17943542.353    94294027.936       -2953.634          48.000                                                                  
G31  20252111.778   106425601.894       -1391.473          46.000    20252104.430    82929019.858       -1084.126          40.000  
G03  18227802.667    95787840.701        -575.208          47.000    18227798.306    74639938.884        -447.968          42.000  
G04  17393592.661    91404004.951        -164.927          47.000    17393587.119    71223831.462        -128.450          47.000  
> 2024 06 08 09 51 30.4910000  0 28                     
E08  25519415.974   134105445.075        1765.974          40.000    25519415.528   102756106.101        1353.541          39.000  
G09  19589805.957   102945186.897        1714.209          45.000    19589803.444    80217030.960        1335.633          44.000  
E03  21392964.167   112420826.044         534.234          46.000    21392963.490    86140676.647         409.315          48.000  
G19  20989727.739   110301793.980         512.085          40.000                                                                  
E06  23805310.496   125097848.265       -3387.609          41.000                                                                  
R20  20149343.922   107747601.852       -5117.684          39.000    20149340.481    83803741.665       -3980.016          36.000  
R16  20785706.746   111033514.4441       1477.020          41.000    20785702.260    86359374.098        1148.469          34.000  
R22  17664340.413    94293447.309        1854.657          50.000    17664335.307    73339256.425        1442.451          49.000  
R06  17852884.072    95266385.0451      -2795.379          37.000                                                                  
R07  17485664.851    93602175.394        -214.841          52.000    17485657.505    72801761.588        -167.111          47.000  
G06  22604513.624   118787525.614        2790.562          36.000    22604511.082    92561937.861        2174.290          37.000  
S31  35903869.690   188676185.500        -781.362          45.000  
S33  36893830.415   193878383.144        -781.147          41.000  
E05  19410070.480   102000674.040       -1922.943          45.000    19410069.387    78156395.083       -1473.481          49.000  
E36  22440476.357   117925732.919       -2821.105          45.000    22440476.416    90358745.202       -2161.733          48.000  
R08  20568190.609   110141740.647        1789.993          47.000    20568187.256    85666095.586        1392.151          41.000  
R21  16663671.660    89170706.891       -2358.941          50.000    16663664.000    69354934.036       -1834.629          47.000  
E34  20509811.819   107779865.053        -424.130          46.000    20509810.352    82584594.524        -325.077          49.000  
E18  25489112.364   133946203.777       -1412.942          44.000    25489110.453   102634085.660       -1082.681          44.000  
G28  21872447.113   114940519.297       -3125.560          43.000    21872440.629    89564009.043       -2435.493          44.000  
E15  23075896.112   121264694.806        1652.937          44.000    23075896.631    92917109.663        1266.507          47.000  
E09  24720770.210   129908633.540       -3381.215          40.000    24720768.745    99540433.379       -2590.674          43.000  
G21  18442004.623    96913531.164       -3901.601          45.000                                                                  
G17  19299890.567   101421604.661       -1065.149          46.000    19299884.834    79029804.572        -830.181          41.000  
G02  17960442.345    94382837.765       -2967.062          48.000                                                                  
G31  20260093.278   106467546.275       -1404.648          46.000    20260086.272    82961703.793       -1094.804          40.000  
G03  18231085.343    95805098.031        -575.214          46.000    18231080.621    74653386.179        -448.126          42.000  
G04  17394571.104    91409145.415        -177.708          47.000    17394565.132    71227837.011        -138.256          47.000  
> 2024 06 08 09 52 00.4910000  0 28                     
E08  25509336.097   134052472.834        1765.628          41.000    25509336.451   102715517.040        1353.068          41.000  
G09  19580040.157   102893864.608        1707.325          45.000    19580036.678    80177039.569        1330.257          44.000  
E03  21389931.622   112404887.658         528.409          47.000    21389930.700    86128464.121         404.893          49.000  
G19  20986840.090   110286613.628         500.085          41.000                                                                  
E06  23824642.383   125199437.577       -3384.675          42.000                                                                  
R20  20178064.557   107901183.358       -5121.006          39.000    20178060.403    83923193.913       -3982.513          35.000  
R16  20777436.950   110989337.577        1468.478          40.000    20777432.691    86325014.353        1141.942          35.000  
R22  17653961.146    94238042.330        1839.030          51.000    17653956.522    73296163.638        1430.344          50.000  
R06  17868605.055    95350264.244       -2796.678          39.000                                                                  
R07  17486893.219    93608754.562        -223.639          51.000    17486886.974    72806878.711        -174.014          48.000  
G06  22588567.677   118703737.926        2795.566          37.000    22588566.806    92496648.733        2177.893          37.000  
S31  35908321.022   188699578.715        -778.001          45.000  
S33  36898278.830   193901760.900        -777.441          40.000  
E05  19421060.755   102058430.335       -1927.312          46.000    19421059.529    78200649.910       -1476.684          49.000  
E36  22456597.220   118010448.575       -2826.343          45.000    22456597.129    90423657.184       -2165.672          48.000  
R08  20558177.730   110088119.937        1784.998          47.000    20558173.185    85624390.597        1388.431          42.000  
R21  16676956.377    89241799.118       -2380.448          49.000    16676949.373    69410227.964       -1851.425          47.000  
E34  20512255.262   107792706.142        -431.635          46.000    20512254.058    82594433.806        -330.728          50.000  
E18  25497162.385   133988505.529       -1406.941          45.000    25497160.435   102666498.694       -1077.984          45.000  
G28  21890318.192   115034432.260       -3135.256          43.000    21890311.426    89637187.972       -2442.728          43.000  
E15  23066458.302   121215100.851        1653.356          44.000    23066459.322    92879109.131        1266.831          48.000  
E09  24740061.581   130010008.911       -3377.052          41.000    24740059.971    99618110.648       -2587.677          43.000  
G21  18464308.889    97030744.089       -3912.532          43.000                                                                  
G17  19306018.827   101453805.153       -1081.290          46.000    19306012.488    79054895.845        -842.565          42.000  
G02  17977417.460    94472044.043       -2979.938          47.000                                                                  
G31  20268149.586   106509883.586       -1417.626          45.000    20268143.086    82994693.903       -1104.764          40.000  
G03  18234372.338    95822355.621        -575.055          49.000    18234367.288    74666833.669        -448.120          45.000  
G04  17395621.389    91414662.608        -189.916          47.000    17395614.516    71232136.129        -147.986          47.000  
> 2024 06 08 09 52 30.4910000  0 28                     
E08  25499255.867   133999508.086        1765.178          40.000    25499257.917   102674933.757        1352.488          41.000  
G09  19570312.618   102842748.140        1700.275          45.000    19570310.226    80137208.589        1324.814          45.000  
E03  21386931.843   112389124.305         522.460          47.000    21386931.191    86116385.720         400.291          49.000  
G19  20984020.846   110271794.857         487.817          40.000                                                                  
E06  23843957.593   125300939.399       -3382.120          42.000                                                                  
R20  20206803.224   108054862.046       -5124.354          38.000    20206798.245    84042721.735       -3985.533          35.000  
R16  20769215.494   110945418.017        1459.508          40.000    20769211.349    86290854.706        1135.082          35.000  
R22  17643669.557    94183106.615        1823.102          50.000    17643665.260    73253435.877        1417.952          50.000  
R06  17884329.828    95434170.546       -2797.481          39.000                                                                  
R07  17488170.491    93615593.248        -232.294          51.000    17488163.940    72812197.705        -180.775          48.000  
G06  22572594.787   118619804.117        2800.021          35.000    22572594.741    92431245.798        2181.840          38.000  
S31  35912751.302   188722859.083        -774.454          45.000  
S33  36902706.307   193925025.897        -773.812          41.000  
E05  19432075.569   102116315.309       -1931.826          45.000    19432074.404    78245003.351       -1480.147          48.000  
E36  22472746.778   118095316.115       -2831.731          45.000    22472746.911    90488685.534       -2169.722          48.000  
R08  20548190.143   110034648.328        1779.708          45.000    20548187.982    85582801.594        1384.313          43.000  
R21  16690361.842    89313537.155       -2402.081          49.000    16690354.998    69466024.227       -1868.453          47.000  
E34  20514740.601   107805766.086        -439.093          46.000    20514739.417    82604440.788        -336.453          50.000  
E18  25505177.680   134030625.112       -1400.912          45.000    25505175.606   102698772.139       -1073.455          45.000  
G28  21908243.700   115128629.860       -3144.554          44.000    21908236.558    89710588.748       -2450.423          44.000  
E15  23057019.001   121165494.906        1653.475          44.000    23057019.456    92841099.388        1267.069          48.000  
E09  24759329.913   130111264.344       -3373.468          40.000    24759328.212    99695695.991       -2584.860          43.000  
G21  18486674.326    97148281.494       -3923.522          43.000                                                                  
G17  19312237.999   101486489.136       -1097.651          46.000    19312231.887    79080363.872        -855.427          42.000  
G02  17994466.359    94561639.170       -2993.060          47.000                                                                  
G31  20276279.973   106552607.676       -1430.805          45.000    20276273.051    83027985.394       -1114.751          40.000  
G03  18237656.261    95839607.656        -575.214          51.000    18237651.705    74680276.826        -448.157          47.000  
G04  17396741.533    91420549.768        -202.518          47.000    17396734.950    71236723.534        -157.816          47.000  
> 2024 06 08 09 53 00.4910000  0 28                     
E08  25489178.768   133946554.013        1764.877          39.000    25489180.666   102634358.601        1352.437          40.000  
G09  19560625.198   102791840.720        1693.710          45.000    19560622.383    80097540.518        1319.569          44.000  
E03  21383966.272   112373538.335         516.596          47.000    21383965.139    86104443.215         395.851          49.000  
G19  20981268.838   110257340.733         475.701          39.000                                                                  
E06  23863256.296   125402354.776       -3379.077          43.000                                                                  
R20  20235560.273   108208636.740       -5127.472          38.000    20235554.904    84162324.215       -3988.208          35.000  
R16  20761043.381   110901762.006        1450.897          42.000    20761039.867    86256900.062        1127.929          36.000  
R22  17633466.629    94128646.396        1807.403          50.000    17633462.637    73211077.930        1405.675          49.000  
R06  17900058.507    95518104.378       -2798.755          39.000                                                                  
R07  17489496.996    93622692.889        -241.042          51.000    17489489.383    72817719.645        -187.565          47.000  
G06  22556595.912   118535728.448        2805.344          36.000    22556595.758    92365732.290        2185.567          38.000  
S31  35917159.928   188746027.979        -770.408          45.000  
S33  36907112.584   193948180.649        -770.040          41.000  
E05  19443114.350   102174329.886       -1935.889          44.000    19443114.207    78289456.095       -1483.317          48.000  
E36  22488925.909   118180337.289       -2836.680          45.000    22488925.722    90553831.607       -2173.440          48.000  
R08  20538232.949   109981328.232        1774.729          47.000    20538230.830    85541330.417        1380.212          41.000  
R21  16703890.722    89385921.750       -2423.602          50.000    16703882.141    69522323.359       -1885.214          47.000  
E34  20517267.466   107819048.325        -446.492          46.000    20517266.959    82614618.098        -342.139          50.000  
E18  25513158.528   134072564.357       -1395.035          45.000    25513156.155   102730907.391       -1068.976          44.000  
G28  21926223.257   115223112.423       -3154.285          44.000    21926216.064    89784211.526       -2457.904          43.000  
E15  23047577.752   121115880.946        1653.875          44.000    23047578.184    92803083.507        1267.405          48.000  
E09  24778575.195   130212400.926       -3369.243          40.000    24778573.779    99773190.288       -2581.942          44.000  
G21  18509102.036    97266144.281       -3934.088          43.000                                                                  
G17  19318550.003   101519658.896       -1113.781          46.000    19318543.945    79106210.412        -867.680          42.000  
G02  18011589.647    94651623.786       -3005.963          47.000                                                                  
G31  20284483.988   106595720.717       -1443.647          46.000    20284476.890    83061579.979       -1124.893          39.000  
G03  18240937.868    95856856.834        -574.982          50.000    18240934.447    74693717.741        -447.998          47.000  
G04  17397932.302    91426808.668        -214.878          46.000    17397925.795    71241600.612        -167.371          46.000  
> 2024 06 08 09 53 30.4910000  0 28                     
E08  25479102.812   133893603.645        1764.920          39.000    25479104.747   102593786.307        1351.987          40.000  
G09  19550976.535   102741135.428        1686.675          45.000    19550972.406    80058029.914        1314.333          43.000  
E03  21381031.521   112358121.878         511.012          46.000    21381031.573    86092630.613         391.507          49.000  
G19  20978585.664   110243244.485         463.780          39.000                                                                  
E06  23882536.848   125503674.619       -3375.699          43.000                                                                  
R20  20264333.186   108362495.859       -5130.259          39.000    20264327.247    84281992.347       -3990.036          36.000  
R16  20752919.618   110858366.069        1442.059          41.000    20752915.522    86223147.597        1121.265          32.000  
R22  17623352.249    94074657.589        1791.654          48.000    17623348.221    73169086.652        1393.473          49.000  
R06  17915791.085    95602055.545       -2798.734          39.000                                                                  
R07  17490870.892    93630043.414        -249.214          52.000    17490862.320    72823436.718        -193.799          47.000  
G06  22540568.961   118451504.991        2809.695          36.000    22540568.614    92300103.636        2189.579          37.000  
S31  35921546.589   188769078.943        -766.480          45.000  
S33  36911495.913   193971215.696        -765.914          41.000  
E05  19454176.390   102232464.942       -1939.965          43.000    19454177.341    78334001.144       -1486.452          49.000  
E36  22505131.622   118265503.750       -2841.360          44.000    22505131.804    90619089.019       -2177.100          47.000  
R08  20528305.042   109928151.815        1770.061          49.000    20528299.277    85499970.988        1376.731          42.000  
R21  16717537.282    89458943.620       -2444.617          50.000    16717528.214    69579118.131       -1901.443          47.000  
E34  20519836.024   107832546.165        -453.585          46.000    20519835.587    82624960.598        -347.576          49.000  
E18  25521103.555   134114314.965       -1388.605          45.000    25521100.588   102762898.106       -1063.950          44.000  
G28  21944254.249   115317870.051       -3163.230          43.000    21944248.358    89858048.662       -2464.764          44.000  
E15  23038133.719   121066252.835        1654.469          44.000    23038134.224    92765056.797        1267.587          47.000  
E09  24797796.042   130313409.780       -3364.910          39.000    24797795.376    99850586.671       -2578.332          44.000  
G21  18531591.651    97384321.873       -3944.399          44.000                                                                  
G17  19324951.888   101553304.764       -1129.467          45.000    19324947.005    79132427.978        -879.782          42.000  
G02  18028785.805    94741988.594       -3018.616          47.000                                                                  
G31  20292760.683   106639214.410       -1456.130          46.000    20292753.371    83095471.168       -1134.753          39.000  
G03  18244216.084    95874095.761        -574.390          47.000    18244214.679    74707150.660        -447.711          47.000  
G04  17399192.096    91433430.856        -226.784          46.000    17399185.681    71246760.776        -176.742          46.000  
> 2024 06 08 09 54 00.4910000  0 28                     
E08  25469027.307   133840658.418        1764.928          39.000    25469028.766   102553217.887        1352.075          39.000  
G09  19541366.031   102690633.668        1679.950          45.000    19541360.978    80018677.925        1308.924          42.000  
E03  21378130.260   112342875.532         505.267          46.000    21378130.088    86080948.349         387.134          49.000  
G19  20975972.658   110229507.398         451.744          41.000                                                                  
E06  23901799.342   125604898.272       -3372.689          44.000                                                                  
R20  20293120.904   108516436.244       -5133.087          39.000    20293115.105    84401723.707       -3992.195          35.000  
R16  20744844.012   110815234.803        1433.338          40.000    20744841.431    86189601.047        1114.660          34.000  
R22  17613327.605    94021144.565        1775.576          48.000    17613322.722    73127465.430        1381.040          49.000  
R06  17931526.591    95686022.497       -2799.239          39.000                                                                  
R07  17492290.373    93637644.061        -257.718          52.000    17492283.019    72829348.352        -200.380          48.000  
G06  22524514.752   118367136.479        2814.741          37.000    22524514.068    92234361.944        2193.253          39.000  
S31  35925910.395   188792011.655        -762.707          45.000  
S33  36915856.974   193994133.651        -762.249          41.000  
E05  19465261.883   102290719.665       -1943.827          43.000    19465263.217    78378637.884       -1489.517          49.000  
E36  22521366.045   118350815.559       -2846.210          45.000    22521365.991    90684457.799       -2180.925          47.000  
R08  20518401.665   109875119.782        1765.233          47.000    20518395.881    85458723.965        1372.974          44.000  
R21  16731302.225    89532601.564       -2465.961          51.000    16731293.228    69636407.613       -1918.095          48.000  
E34  20522445.946   107846261.334        -460.990          46.000    20522445.463    82635469.611        -353.174          49.000  
E18  25529012.384   134155877.085       -1382.297          45.000    25529009.716   102794744.406       -1059.302          44.000  
G28  21962338.224   115412901.298       -3172.479          45.000    21962331.898    89932099.004       -2471.947          43.000  
E15  23028687.444   121016612.900        1654.632          44.000    23028687.775    92727021.000        1267.916          47.000  
E09  24816993.158   130414290.343       -3360.711          39.000    24816992.310    99927884.783       -2575.263          44.000  
G21  18554141.131    97502812.469       -3954.964          46.000                                                                  
G17  19331444.812   101587426.217       -1145.545          45.000    19331440.227    79159016.120        -892.547          42.000  
G02  18046053.946    94832732.844       -3031.201          48.000                                                                  
G31  20301109.610   106683089.369       -1469.078          47.000    20301102.268    83129659.448       -1144.421          39.000  
G03  18247493.508    95891325.551        -574.432          45.000    18247492.053    74720576.379        -447.400          44.000  
G04  17400520.785    91440416.389        -239.141          45.000    17400515.193    71252204.066        -186.201          46.000  
> 2024 06 08 09 54 30.4910000  0 28                     
E08  25458953.573   133787724.320        1764.648          38.000    25458957.242   102512658.063        1351.803          41.000  
G09  19531795.646   102640341.458        1672.731          45.000    19531790.652    79979489.200        1303.599          42.000  
E03  21375262.967   112327804.446         499.301          46.000    21375261.819    86069400.369         382.676          48.000  
G19  20973429.335   110216135.694         439.470          43.000                                                                  
E06  23921043.812   125706029.623       -3369.522          44.000                                                                  
R20  20321924.369   108670460.508       -5135.748          39.000    20321918.880    84521520.332       -3994.737          36.000  
R16  20736820.430   110772377.507        1423.691          37.000    20736816.485    86156267.612        1107.107          35.000  
R22  17603393.229    93968116.421        1759.446          48.000    17603388.562    73086221.324        1368.419          49.000  
R06  17947265.320    95770008.529       -2799.810          39.000                                                                  
R07  17493757.238    93645498.708        -266.070          51.000    17493750.567    72835457.561        -207.059          48.000  
G06  22508435.061   118282630.127        2818.714          38.000    22508433.027    92168512.821        2196.912          39.000  
S31  35930253.192   188814832.251        -758.896          45.000  
S33  36920196.617   194016938.944        -758.475          41.000  
E05  19476371.103   102349097.868       -1948.164          43.000    19476372.326    78423369.210       -1492.636          49.000  
E36  22537628.832   118436277.320       -2851.143          45.000    22537628.791    90749941.474       -2184.750          47.000  
R08  20508525.941   109822237.452        1760.267          47.000    20508520.635    85417593.328        1368.980          43.000  
R21  16745185.214    89606899.282       -2487.311          50.000    16745177.785    69694194.682       -1934.483          48.000  
E34  20525098.468   107860200.058        -468.424          46.000    20525097.732    82646149.924        -358.896          49.000  
E18  25536886.078   134197255.389       -1376.270          45.000    25536883.705   102826449.853       -1054.762          43.000  
G28  21980474.747   115508209.329       -3181.751          43.000    21980468.359    90006365.033       -2479.123          43.000  
E15  23019240.284   120966967.963        1654.768          44.000    23019240.530    92688981.385        1267.949          47.000  
E09  24836166.448   130515046.677       -3356.513          39.000    24836165.730   100005087.674       -2571.793          45.000  
G21  18576748.701    97621619.098       -3965.497          45.000                                                                  
G17  19338029.428   101622027.044       -1161.396          45.000    19338024.284    79185977.808        -905.090          42.000  
G02  18063395.414    94923860.256       -3043.976          48.000                                                                  
G31  20309532.276   106727350.491       -1481.787          47.000    20309524.961    83164148.685       -1154.829          39.000  
G03  18250774.395    95908551.536        -574.268          49.000    18250766.753    74733999.264        -447.321          41.000  
G04  17401919.488    91447769.754        -251.109          45.000    17401914.988    71257933.982        -195.870          47.000  
> 2024 06 08 09 55 00.4910000  0 28                     
E08  25448884.000   133734808.539        1763.632          38.000    25448887.701   102472112.256        1351.421          41.000  
G09  19522266.394   102590265.915        1665.589          45.000    19522261.641    79940469.370        1297.739          43.000  
E03  21372429.158   112312914.880         493.165          46.000    21372428.134    86057991.486         378.086          48.000  
G19  20970956.625   110203136.495         427.050          42.000                                                                  
E06  23940271.801   125807073.780       -3366.721          44.000                                                                  
R20  20350743.708   108824570.410       -5138.529          39.000    20350738.817    84641383.548       -3996.913          36.000  
R16  20728851.150   110729804.545        1414.325          40.000    20728846.189    86123155.309        1099.690          38.000  
R22  17593552.201    93915583.346        1742.797          49.000    17593547.359    73045362.246        1355.516          48.000  
R06  17963008.108    95854017.680       -2800.782          38.000                                                                  
R07  17495272.635    93653611.837        -274.731          51.000    17495265.833    72841767.784        -213.660          48.000  
G06  22492329.548   118197994.184        2823.491          37.000    22492327.441    92102562.765        2200.120          39.000  
S31  35934575.437   188837546.195        -755.329          45.000  
S33  36924515.698   194039636.647        -754.794          41.000  
E05  19487505.637   102407604.516       -1952.485          44.000    19487505.792    78468198.957       -1496.044          50.000  
E36  22553921.643   118521894.807       -2856.625          45.000    22553921.625    90815544.466       -2188.964          47.000  
R08  20498680.792   109769511.662        1754.914          48.000    20498674.417    85376584.454        1364.998          44.000  
R21  16759188.643    89681841.480       -2508.720          49.000    16759182.785    69752483.034       -1951.249          48.000  
E34  20527794.234   107874369.769        -476.191          46.000    20527794.158    82657007.230        -364.932          49.000  
E18  25544725.624   134238455.714       -1370.357          44.000    25544723.487   102858018.915       -1050.089          43.000  
G28  21998664.802   115603798.324       -3191.007          45.000    21998658.124    90080849.954       -2486.497          45.000  
E15  23009793.933   120917326.088        1654.456          44.000    23009793.869    92650944.096        1267.882          47.000  
E09  24855317.332   130615683.900       -3352.425          39.000    24855316.309   100082199.328       -2568.988          45.000  
G21  18599418.230    97740745.170       -3976.056          46.000                                                                  
G17  19344705.606   101657112.852       -1177.651          45.000    19344700.616    79213317.358        -917.303          42.000  
G02  18080810.558    95015375.348       -3056.964          49.000                                                                  
G31  20318029.552   106772003.895       -1495.089          45.000    20318022.193    83198943.544       -1164.824          39.000  
G03  18254053.772    95925780.498        -574.432          50.000    18254046.538    74747424.514        -447.400          43.000  
G04  17403389.387    91455496.701        -263.744          45.000    17403385.671    71263954.989        -205.617          48.000  
> 2024 06 08 09 55 30.4910000  0 28                     
E08  25438820.836   133681916.658        1762.491          39.000    25438822.052   102431584.736        1350.569          40.000  
G09  19512779.771   102540412.706        1657.892          45.000    19512774.958    79901622.745        1292.042          42.000  
E03  21369631.565   112298211.603         486.957          46.000    21369629.952    86046725.372         373.220          47.000  
G19  20968554.792   110190515.412         414.355          40.000                                                                  
E06  23959484.050   125908034.238       -3363.983          44.000                                                                  
R20  20379578.491   108978768.128       -5141.952          37.000    20379575.239    84761315.019       -3998.928          36.000  
R16  20720936.178   110687525.137        1404.412          40.000    20720931.951    86090271.359        1092.273          38.000  
R22  17583805.968    93863554.045        1725.708          49.000    17583800.563    73004895.002        1342.182          49.000  
R06  17978756.570    95938052.676       -2801.717          39.000                                                                  
R07  17496838.068    93661987.365        -283.672          51.000    17496830.060    72848282.095        -220.578          47.000  
G06  22476200.079   118113235.526        2827.260          36.000    22476198.437    92036517.074        2203.106          38.000  
S31  35938878.174   188860158.630        -752.058          45.000  
S33  36928816.176   194062233.974        -751.530          41.000  
E05  19498665.001   102466243.006       -1957.009          45.000    19498664.297    78513129.739       -1499.356          50.000  
E36  22570244.983   118607672.207       -2862.053          45.000    22570244.667    90881269.968       -2192.892          48.000  
R08  20488865.531   109716947.161        1749.374          47.000    20488858.371    85335700.968        1360.505          43.000  
R21  16773313.707    89757431.047       -2530.538          48.000    16773308.942    69811274.921       -1968.214          48.000  
E34  20530535.896   107888776.365        -484.235          45.000    20530535.596    82668046.028        -370.994          50.000  
E18  25552532.202   134279482.413       -1364.977          43.000    25552530.628   102889454.928       -1045.537          43.000  
G28  22016908.963   115699670.996       -3200.556          45.000    22016902.042    90155555.943       -2494.017          44.000  
E15  23000349.275   120867693.746        1654.040          44.000    23000349.134    92612914.133        1267.540          47.000  
E09  24874445.686   130716205.790       -3349.123          38.000    24874444.904   100159222.580       -2565.976          45.000  
G21  18622148.600    97860193.464       -3987.132          45.000                                                                  
G17  19351475.431   101692687.265       -1193.877          45.000    19351469.968    79241037.659        -930.428          42.000  
G02  18098299.333    95107281.412       -3070.215          48.000                                                                  
G31  20326601.722   106817054.316       -1508.443          44.000    20326595.234    83234047.774       -1175.605          39.000  
G03  18257333.410    95943017.634        -574.957          50.000    18257329.408    74760856.089        -447.986          46.000  
G04  17404931.958    91463601.365        -276.499          46.000    17404927.871    71270270.314        -215.550          47.000  
> 2024 06 08 09 56 00.4910000  0 29                     
E08  25428760.755   133629051.780        1761.632          39.000    25428761.763   102391077.928        1349.448          38.000  
G09  19503336.128   102490784.858        1650.348          46.000    19503331.534    79862951.728        1286.109          43.000  
E03  21366870.006   112283696.832         480.339          47.000    21366868.048    86035603.691         368.087          47.000  
G19  20966223.303   110178275.983         401.299          39.000                                                                  
E06  23978680.649   126008912.049       -3361.496          44.000                                                                  
R20  20408430.140   109133051.721       -5144.514          39.000    20408427.647    84881313.337       -4001.198          36.000  
R16  20713078.644   110645545.643        1394.167          42.000    20713072.548    86057620.621        1084.137          35.000  
R22  17574155.262    93812034.537        1708.514          50.000    17574149.310    72964824.287        1328.876          49.000  
R06  17994509.834    96022113.849       -2802.881          39.000                                                                  
R07  17498451.167    93670625.560        -292.360          52.000    17498443.639    72855000.707        -227.489          47.000  
G06  22460048.160   118028358.513        2831.149          36.000    22460046.988    91970379.189        2205.900          38.000  
S31  35943162.630   188882671.965        -748.921          45.000  
S33  36933097.200   194084731.886        -748.311          41.000  
E05  19509848.659   102525014.274       -1961.504          46.000    19509847.970    78558162.286       -1503.059          50.000  
E36  22586598.241   118693611.222       -2867.627          45.000    22586598.464    90947119.353       -2197.257          48.000  
R08  20479079.583   109664546.426        1743.790          47.000    20479072.390    85294944.842        1356.125          43.000  
R21  16787560.239    89833668.555       -2552.284          49.000    16787556.149    69870570.774       -1985.150          49.000  
E34  20533323.092   107903423.171        -492.522          45.000    20533322.822    82679268.901        -377.375          50.000  
E18  25560306.069   134320337.262       -1359.357          42.000    25560304.996   102920759.279       -1041.298          43.000  
G28  22035206.968   115795827.602       -3210.224          42.000    22035200.384    90230483.187       -2501.206          41.000  
E15  22990906.443   120818074.937        1653.486          43.000    22990907.346    92574894.544        1266.929          48.000  
E09  24893552.347   130816613.454       -3345.284          38.000    24893551.662   100236158.330       -2563.185          45.000  
G21  18644939.532    97979963.931       -3998.094          45.000                                                                  
G17  19358338.452   101728751.013       -1210.543          46.000    19358333.225    79269139.241        -943.234          42.000  
G02  18115863.332    95199579.255       -3083.380          49.000                                                                  
G31  20335249.923   106862503.539       -1521.963          44.000    20335244.111    83269462.741       -1185.564          40.000  
G03  18260614.022    95960265.714        -575.446          47.000    18260612.632    74774296.118        -448.187          47.000  
G04  17406547.300    91472085.284        -289.238          47.000    17406542.210    71276881.157        -225.395          47.000  
R09                                                                  21457504.741                1       1908.906          15.000  
> 2024 06 08 09 56 30.4910000  0 28                     
E08  25418708.281   133576223.476        1760.148          41.000    25418707.797   102350599.084        1348.892          37.000  
G09  19493937.111   102441392.035        1642.289          48.000    19493933.311    79824463.845        1279.721          43.000  
E03  21364144.934   112269379.300         473.756          48.000    21364143.988    86024633.149         362.880          48.000  
G19  20963967.791   110166427.473         388.070          43.000                                                                  
E06  23997862.575   126109714.814       -3359.036          46.000                                                                  
R20  20437299.305   109287426.648       -5147.826          42.000    20437296.932    85001382.681       -4003.320          35.000  
R16  20705277.546   110603878.808        1383.477          44.000    20705272.798    86025213.057        1075.807          36.000  
R22  17564601.021    93761037.395        1691.074          50.000    17564595.951    72925159.867        1315.137          48.000  
R06  18010269.911    96106249.7881      -2803.882          42.000                                                                  
R07  17500115.369    93679533.967        -301.615          54.000    17500108.085    72861929.485        -234.542          47.000  
G06  22443877.202   117943374.067        2834.333          40.000    22443874.613    91904157.551        2208.503          37.000  
S31  35947429.583   188905095.421        -745.935          47.000  
S33  36937361.189   194107138.984        -745.695          43.000  
E05  19521059.530   102583925.740       -1966.232          48.000    19521058.436    78603302.240       -1506.626          50.000  
E36  22602983.703   118779720.042       -2873.130          46.000    22602984.650    91013098.820       -2201.517          48.000  
R08  20469325.519   109612318.486        1737.937          49.000    20469318.743    85254323.156        1351.705          43.000  
R21  16801930.074    89910561.295       -2574.099          52.000    16801925.390    69930376.245       -2002.125          48.000  
E34  20536157.823   107918320.042        -500.865          48.000    20536157.546    82690683.389        -383.869          50.000  
E18  25568049.173   134361028.600       -1353.839          44.000    25568048.610   102951938.355       -1037.340          43.000  
G28  22053560.155   115892274.829       -3220.029          41.000    22053553.950    90305636.888       -2509.043          38.000  
E15  22981468.854   120768480.189        1652.541          46.000    22981469.781    92536893.387        1266.346          48.000  
E09  24912639.317   130916914.619       -3341.547          40.000    24912638.642   100313012.471       -2560.687          46.000  
G21  18667793.491    98100062.725       -4008.850          46.000                                                                  
G17  19365295.954   101765312.039       -1227.127          47.000    19365290.636    79297628.322        -956.115          42.000  
G02  18133503.049    95292275.992       -3096.729          51.000                                                                  
G31  20343976.525   106908360.050       -1535.510          46.000    20343970.938    83305195.116       -1196.787          40.000  
G03  18263899.248    95977534.032        -576.123          48.000    18263898.629    74787751.868        -448.962          47.000  
G04  17408235.510    91480956.649        -302.304          49.000    17408230.028    71283793.904        -235.494          46.000  
> 2024 06 08 09 57 00.4910000  0 28                     
E08  25408664.509   133523439.490        1758.330          39.000    25408662.761   102310154.193        1347.635          37.000  
G09  19484584.040   102392241.805        1633.962          46.000    19484580.414    79786164.985        1273.155          44.000  
E03  21361458.409   112255265.777         466.700          46.000    21361458.372    86013818.905         357.634          48.000  
G19  20961790.718   110154977.366         374.760          43.000                                                                  
E06  24017031.627   126210448.134       -3356.832          44.000                                                                  
R20  20466185.436   109441892.9441      -5150.923          39.000    20466182.846    85121526.209       -4006.104          35.000  
R16  20697538.850   110562535.863        1372.510          42.000    20697533.816    85993057.434        1067.289          38.000  
R22  17555146.468    93710573.440        1672.883          47.000    17555142.641    72885910.129        1300.994          49.000  
R06  18026035.643    96190381.777       -2805.267          39.000                                                                  
R07  17501830.943    93688718.044        -311.039          52.000    17501823.197    72869072.679        -241.846          47.000  
G06  22427686.279   117858291.066        2837.249          38.000    22427682.931    91837859.108        2210.712          36.000  
S31  35951680.744   188927435.023        -743.677          45.000  
S33  36941609.182   194129463.914        -742.841          41.000  
E05  19532296.879   102642982.899       -1971.425          46.000    19532296.306    78648553.823       -1510.496          49.000  
E36  22619403.618   118866004.950       -2879.396          45.000    22619404.219    91079213.213       -2206.350          48.000  
R08  20459606.378   109560270.494        1731.568          47.000    20459598.770    85213841.333        1347.049          42.000  
R21  16816424.002    89988114.358       -2596.434          50.000    16816417.478    69990695.298       -2019.404          48.000  
E34  20539041.335   107933474.873        -509.604          45.000    20539041.469    82702295.534        -390.562          50.000  
E18  25575762.218   134401562.773       -1348.626          42.000    25575761.840   102982996.998       -1033.680          43.000  
G28  22071970.073   115989017.383       -3230.047          36.000    22071963.420    90381020.726       -2516.881          36.000  
E15  22972037.237   120718918.013        1651.334          44.000    22972038.334    92498917.208        1265.259          48.000  
E09  24931707.200   131017115.029       -3338.849          40.000    24931705.958   100389789.415       -2558.379          46.000  
G21  18690710.583    98220494.215       -4020.284          45.000                                                                  
G17  19372349.240   101802375.237       -1244.050          47.000    19372343.833    79326508.738        -969.559          43.000  
G02  18151219.052    95385376.961       -3110.242          48.000                                                                  
G31  20352781.719   106954630.693       -1549.422          45.000    20352775.767    83341250.138       -1207.679          40.000  
G03  18267192.808    95994829.739        -577.289          49.000    18267189.023    74801228.990        -449.780          45.000  
G04  17409998.599    91490221.552        -315.553          46.000    17409992.701    71291013.330        -246.043          46.000  
> 2024 06 08 09 57 30.4910000  0 29                     
E08  25398629.202   133470706.448        1756.903          39.000    25398628.198   102269748.386        1346.296          38.000  
G09  19475278.292   102343340.837        1625.823          46.000    19475275.133    79748060.319        1266.932          44.000  
E03  21358812.590   112241362.130         459.941          46.000    21358812.417    86003165.459         352.365          48.000  
G19  20959690.045   110143932.537         361.216          43.000                                                                  
E06  24036188.319   126311116.688       -3354.551          44.000                                                                  
R20  20495090.048   109596460.577       -5153.862          39.000    20495088.411    85241745.459       -4008.333          35.000  
R16  20689860.917   110521526.973        1361.395          42.000    20689857.247    85961161.644        1058.756          40.000  
R22  17545794.754    93660652.185        1654.830          47.000    17545791.087    72847082.490        1287.139          49.000  
R06  18041810.010    96274555.528       -2806.091          39.000                                                                  
R07  17503599.199    93698181.927        -320.173          52.000    17503591.105    72876433.498        -249.081          47.000  
G06  22411477.941   117773117.541        2840.591          37.000    22411474.208    91771490.127        2213.352          36.000  
S31  35955917.114   188949697.770        -740.618          45.000  
S33  36945842.563   194151710.158        -740.313          41.000  
E05  19543563.096   102702190.287       -1976.191          45.000    19543562.911    78693920.531       -1514.231          49.000  
E36  22635857.580   118952471.226       -2885.266          45.000    22635858.296    91145466.581       -2210.882          48.000  
R09  21415592.915   114358073.9783       2486.144          27.000    21415583.844    88945125.0663       1933.464          27.000  
R08  20449922.400   109508408.295        1725.585          47.000    20449913.487    85173504.186        1342.197          44.000  
R21  16831040.882    90066331.675       -2618.440          51.000    16831033.681    70051530.965       -2036.519          47.000  
E34  20541975.578   107948894.679        -518.537          45.000    20541975.656    82714110.709        -397.267          50.000  
E18  25583446.704   134441945.242       -1343.579          42.000    25583446.262   103013939.385       -1029.575          43.000  
G28  22090436.228   116086059.135       -3239.740          34.000    22090430.348    90456637.682       -2524.282          35.000  
E15  22962614.462   120669396.122        1649.966          44.000    22962614.680    92460971.879        1264.253          48.000  
E09  24950756.821   131117219.537       -3335.510          40.000    24950754.921   100466492.865       -2555.578          46.000  
G21  18713691.819    98341261.793       -4031.012          45.000                                                                  
G17  19379498.463   101839945.760       -1260.802          46.000    19379493.508    79355784.463        -982.396          43.000  
G02  18169012.401    95478886.361       -3123.737          48.000                                                                  
G31  20361666.832   107001320.791       -1563.197          45.000    20361660.543    83377632.015       -1217.984          40.000  
G03  18270491.142    96012159.160        -578.247          51.000    18270484.473    74814732.481        -450.562          43.000  
G04  17411836.898    91499885.214        -328.711          45.000    17411831.379    71298543.456        -256.252          46.000  
> 2024 06 08 09 58 00.4910000  0 29                     
E08  25388607.400   133418038.627        1753.927          39.000    25388605.950   102229392.560        1343.882          39.000  
G09  19466023.312   102294703.365        1616.340          45.000    19466020.200    79710161.010        1259.490          45.000  
E03  21356209.924   112227681.703         451.792          46.000    21356209.074    85992683.048         346.232          48.000  
G19  20957667.175   110133306.939         346.642          41.000                                                                  
E06  24055334.820   126411732.721       -3353.510          44.000                                                                  
R20  20524015.046   109751135.891       -5158.316          38.000    20524013.726    85362048.440       -4011.397          35.000  
R16  20682250.372   110480869.648        1348.753          43.000    20682246.321    85929539.318        1049.054          41.000  
R22  17536548.368    93611291.173        1635.408          48.000    17536543.762    72808690.632        1272.032          49.000  
R06  18057594.043    96358782.676       -2809.271          38.000                                                                  
R07  17505422.506    93707937.908        -330.648          52.000    17505414.150    72884021.508        -257.249          47.000  
G06  22395254.695   117687869.048        2842.520          36.000    22395251.354    91705062.711        2214.977          36.000  
S31  35960141.220   188971896.119        -739.388          45.000  
S33  36950063.895   194173892.818        -739.037          41.000  
E05  19554860.784   102761559.992       -1982.284          45.000    19554860.526    78739411.609       -1518.883          49.000  
E36  22652348.655   119039131.692       -2892.352          45.000    22652349.175    91211868.746       -2216.266          48.000  
R09  21401618.468   114283417.275        2490.740          35.000    21401614.836    88887108.1741       1937.278          33.000  
R08  20440275.740   109456745.941        1718.080          49.000    20440265.996    85133322.330        1336.547          39.000  
R21  16845784.993    90145225.181       -2641.590          51.000    16845775.697    70112892.557       -2054.710          46.000  
E34  20544963.560   107964593.898        -528.627          46.000    20544962.995    82726139.992        -405.051          50.000  
E18  25591105.472   134482188.985       -1339.521          42.000    25591104.321   103044775.476       -1026.400          43.000  
G28  22108961.469   116183411.239       -3250.282          31.000    22108955.988    90532496.532       -2532.921          32.000  
E15  22953201.476   120619929.673        1647.379          45.000    22953201.496    92423069.033        1262.174          48.000  
E09  24969789.865   131217240.459       -3333.096          40.000    24969788.571   100543132.275       -2553.899          46.000  
G21  18736738.970    98462376.594       -4043.428          45.000                                                                  
G17  19386746.719   101878035.665       -1278.962          46.000    19386741.480    79385464.919        -996.667          43.000  
G02  18186887.092    95572816.095       -3138.470          48.000                                                                  
G31  20370633.712   107048443.205       -1578.688          45.000    20370627.159    83414350.796       -1229.917          41.000  
G03  18273797.449    96029536.270        -580.469          50.000    18273789.464    74828273.196        -452.466          42.000  
G04  17413754.294    91509960.346        -343.279          45.000    17413748.713    71306394.214        -267.464          46.000  
> 2024 06 08 09 58 30.4910000  0 29                     
E08  25378604.174   133365473.112        1750.374          39.000    25378602.916   102189115.121        1340.925          39.000  
G09  19456825.287   102246366.399        1605.828          46.000    19456821.519    79672495.867        1251.259          44.000  
E03  21353656.212   112214260.689         442.747          46.000    21353655.206    85982399.403         339.144          48.000  
G19  20955731.008   110123137.575         330.845          40.000                                                                  
E06  24074478.320   126512331.355       -3353.408          43.000                                                                  
R20  20552965.527   109905951.773       -5163.159          37.000    20552964.637    85482460.770       -4016.361          35.000  
R16  20674712.603   110440604.809        1335.005          43.000    20674707.926    85898222.206        1038.343          39.000  
R22  17527414.275    93562530.787        1614.896          49.000    17527409.322    72770765.900        1255.866          48.000  
R06  18073394.349    96443097.880       -2812.311          38.000                                                                  
R07  17507306.155    93718021.764        -342.052          52.000    17507298.158    72891864.519        -266.031          47.000  
G06  22379023.565   117602584.054        2843.930          35.000    22379021.746    91638606.848        2215.453          37.000  
S31  35964360.551   188994067.371        -738.929          45.000  
S33  36954280.134   194196048.415        -738.766          41.000  
E05  19566196.013   102821126.906       -1989.397          45.000    19566195.704    78785053.796       -1524.241          49.000  
E36  22668883.630   119126022.044       -2900.642          45.000    22668883.796    91278447.046       -2222.646          48.000  
R09  21387611.414   114208621.739        2495.087          39.000    21387607.596    88828933.910        1940.689          39.000  
R08  20430671.903   109405320.175        1709.910          49.000    20430662.376    85093324.528        1330.092          40.000  
R21  16860661.063    90224829.841       -2665.723          51.000    16860651.465    70174807.261       -2073.427          46.000  
E34  20548011.942   107980609.867        -539.544          47.000    20548010.661    82738411.972        -413.449          49.000  
E18  25598744.793   134522329.791       -1336.754          43.000    25598743.035   103075532.698       -1024.327          44.000  
E15  22943806.727   120570556.655        1643.712          45.000    22943805.913    92385237.775        1259.353          47.000  
E09  24988813.637   131317213.076       -3332.055          39.000    24988812.688   100619734.676       -2553.199          46.000  
G21  18759859.320    98583872.382       -4056.683          46.000                                                                  
G17  19394100.215   101916679.500       -1297.850          46.000    19394095.067    79415576.986       -1011.257          43.000  
G02  18204848.738    95667200.613       -3154.187          49.000                                                                  
G31  20379690.361   107096034.242       -1594.673          46.000    20379683.548    83451434.699       -1242.276          41.000  
G03  18277119.120    96046997.852        -583.954          49.000    18277115.099    74841879.663        -454.968          45.000  
G04  17415757.533    91520482.476        -358.646          46.000    17415751.608    71314593.296        -279.415          47.000  
G28                                                                  22127547.289    90608623.940       -2541.965          28.000  
> 2024 06 08 09 59 00.4910000  0 29                     
E08  25368624.728   133313038.340        1745.481          39.000    25368624.899   102148937.850        1337.455          39.000  
G09  19447689.615   102198358.279        1594.643          46.000    19447685.722    79635086.952        1242.736          44.000  
E03  21351156.239   112201126.586         432.656          46.000    21351155.655    85972335.619         331.487          48.000  
G19  20953887.892   110113452.832         314.532          42.000                                                                  
E06  24093623.698   126612938.941       -3353.911          43.000                                                                  
R20  20581947.649   110060932.682       -5169.017          37.000    20581947.452    85603001.399       -4020.369          34.000  
R16  20667254.368   110400764.467        1320.291          43.000    20667249.788    85867235.243        1027.183          39.000  
R22  17518398.696    93514402.814        1593.349          50.000    17518392.778    72733333.021        1239.400          48.000  
R06  18089216.338    96527527.388       -2816.205          38.000                                                                  
R07  17509254.772    93728459.473        -353.997          51.000    17509247.612    72899982.737        -275.343          47.000  
G06  22362791.117   117517292.271        2842.685          34.000    22362791.465    91572145.689        2215.306          37.000  
S31  35968579.147   189016237.821        -739.274          45.000  
S33  36958495.974   194218202.970        -738.774          41.000  
E05  19577574.067   102880917.263       -1996.882          45.000    19577573.450    78830867.181       -1530.017          49.000  
E36  22685467.272   119213169.209       -2909.340          45.000    22685466.962    91345222.127       -2229.317          47.000  
R09  21373585.398   114133718.839        2498.275          43.000    21373580.215    88770676.142        1942.979          42.000  
R08  20421117.040   109354159.411        1700.628          47.000    20421108.948    85053532.857        1322.746          43.000  
R21  16875674.286    90305171.372       -2690.494          51.000    16875665.856    70237295.092       -2092.617          47.000  
E34  20551125.610   107996971.239        -551.300          47.000    20551123.985    82750948.605        -422.464          49.000  
E18  25606370.048   134562394.771       -1334.315          44.000    25606367.548   103106231.833       -1022.637          44.000  
E15  22934434.736   120521306.446        1639.340          45.000    22934433.679    92347500.601        1256.110          47.000  
E09  25007833.371   131417163.887       -3331.453          40.000    25007832.621   100696320.371       -2552.817          46.000  
G21  18783056.313    98705774.354       -4070.457          46.000                                                                  
G17  19401564.430   101955903.503       -1317.287          46.000    19401558.757    79446141.119       -1026.561          42.000  
G02  18222901.440    95762065.814       -3170.379          49.000                                                                  
G31  20388841.237   107144121.163       -1611.496          46.000    20388833.874    83488905.033       -1255.674          40.000  
G03  18280462.335    96064572.021        -587.933          47.000    18280460.526    74855573.765        -458.221          47.000  
G04  17417849.724    91531478.418        -374.635          46.000    17417844.451    71323161.573        -291.888          47.000  
G28                                                                  22146208.862    90685039.782       -2551.766          28.000  
> 2024 06 08 09 59 30.4910000  0 29                     
E08  25358676.256   133260755.592        1739.897          40.000    25358675.417   102108877.058        1333.625          39.000  
G09  19438620.441   102150700.314        1582.457          47.000    19438616.579    79597950.942        1232.864          43.000  
E03  21348716.594   112188299.851         422.159          47.000    21348714.626    85962507.340         323.494          47.000  
G19  20952142.370   110104273.936         297.215          43.000                                                                  
E06  24112773.876   126713574.803       -3355.429          43.000                                                                  
R20  20610964.298   110216095.856       -5175.541          37.000    20610963.877    85723683.884       -4025.076          33.000  
R16  20659880.474   110361373.583        1305.012          43.000    20659875.205    85836597.890        1015.152          40.000  
R22  17509505.825    93466931.735        1571.035          50.000    17509499.710    72696411.054        1222.076          47.000  
R06  18105063.649    96612089.922       -2821.375          38.000                                                                  
R07  17511274.904    93739270.194        -367.022          51.000    17511267.171    72908391.102        -285.420          47.000  
G06  22346564.325   117432016.442        2841.862          35.000    22346564.368    91505697.006        2214.356          37.000  
S31  35972802.289   189038430.029        -740.423          45.000  
S33  36962716.150   194240378.607        -739.943          41.000  
E05  19588999.222   102940950.256       -2005.340          46.000    19588997.697    78876866.493       -1536.593          49.000  
E36  22702103.301   119300593.118       -2919.003          44.000    22702102.840    91412209.269       -2236.653          47.000  
R09  21359543.456   114058733.342        2500.415          41.000    21359537.438    88712354.116        1944.989          42.000  
R08  20411615.399   109303284.428        1690.762          46.000    20411608.174    85013963.450        1315.175          41.000  
R21  16890828.486    90386268.927       -2716.180          51.000    16890821.584    70300370.967       -2112.555          47.000  
E34  20554309.673   108013699.587        -563.957          48.000    20554307.205    82763766.416        -432.165          49.000  
E18  25613983.762   134602404.070       -1333.144          44.000    25613981.010   103136888.278       -1021.290          45.000  
E15  22925089.954   120472201.318        1634.170          45.000    22925089.078    92309874.605        1252.067          47.000  
E09  25026852.757   131517112.431       -3331.948          39.000    25026852.213   100772904.311       -2553.002          46.000  
G21  18806334.931    98828100.727       -4084.932          46.000                                                                  
G17  19409142.769   101995726.382       -1337.733          47.000    19409136.681    79477171.907       -1042.503          42.000  
G02  18241048.694    95857430.691       -3187.390          48.000                                                                  
G31  20398089.617   107192723.629       -1628.990          44.000    20398082.796    83526777.108       -1269.432          40.000  
G03  18283833.691    96082279.732        -592.773          48.000    18283830.685    74869371.927        -462.000          47.000  
G04  17420036.131    91542967.990        -391.625          46.000    17420031.181    71332114.482        -305.100          48.000  
G28                                                                  22164944.612                       -2561.921          25.000  
