     3.00           OBSERVATION DATA    M: Mixed            RINEX VERSION / TYPE
CONVBIN demo5 b34j                      20240609 013620 UTC PGM / RUN BY / DATE 
log: SAUC00CHL_R_20241600900_15M_30S_MO.ubx                 COMMENT             
format: u-blox UBX                                          COMMENT             
format: u-blox UBX                                          COMMENT             
log: SAUC00CHL_R_20241600900_15M_30S_MO.ubx                 COMMENT             
SAUC00CHL                                                   MARKER NAME         
                                                            MARKER NUMBER       
GEODETIC                                                    MARKER TYPE         
El Sauce            Obstech                                 OBSERVER / AGENCY   
UNKNOWN             UBLOX-ZED-F9P                           REC # / TYPE / VERS 
UNKNWOWN            TWIVSP6037L                             ANT # / TYPE        
  1813185.0000 -5195981.0000 -3216438.0000                  APPROX POSITION XYZ 
        0.0000        0.0000        0.0000                  ANTENNA: DELTA H/E/N
G    8 C1C L1C D1C S1C C2X L2X D2X S2X                      SYS / # / OBS TYPES 
R    8 C1C L1C D1C S1C C2C L2C D2C S2C                      SYS / # / OBS TYPES 
E    8 C1X L1X D1X S1X C7X L7X D7X S7X                      SYS / # / OBS TYPES 
S    4 C1C L1C D1C S1C                                      SYS / # / OBS TYPES 
  2024    06    08    09    00   00.4890000     GPS         TIME OF FIRST OBS   
  2024    06    08    09    14   30.4900000     GPS         TIME OF LAST OBS    
                                                            END OF HEADER       
> 2024 06 08 09 00 00.4890000  0 27                     
G09  20886140.320   109757448.0941       2565.830          40.000    20886138.303    85525281.2961       1999.420          38.000  
E03  21997307.336   115596669.4661       1447.926          43.000    21997306.939    88574113.4611       1109.437          44.000  
G19  21728693.894   114185096.6281       1852.701          37.000                                                                  
E06  21897665.592   115073104.2641      -3055.548          45.000                                                                  
R20  17530662.003    93744330.3861      -3805.438          39.000    17530658.190    72912322.3011      -2960.382          39.000  
R22  19183667.528   102403719.4471       3107.038          45.000    19183663.216    79647244.5541       2416.626          46.000  
R06  16469444.362    87884115.8671      -1873.452          40.000                                                                  
R07  17782800.412    95192755.5381       1244.412          50.000    17782793.135    74038877.4051        967.801          46.000  
S31  35450579.775   186294125.7251       -807.731          46.000  
S33  36440896.662   191498260.5881       -807.262          40.000  
E05  18576080.432    97618024.5451       -893.369          47.000    18576078.654    74798260.7461       -684.552          49.000  
E36  21067184.929   110709037.6401      -1892.408          47.000    21067183.417    84829070.0571      -1449.979          48.000  
R05  19908618.577   106423059.0631      -4417.867          46.000    19908612.704    82773493.7691      -3435.938          45.000  
R21  16079463.292    86044488.9171        249.741          51.000    16079456.781    66923431.3711        194.234          48.000  
E34  20557158.074   108028673.2331        456.892          47.000    20557158.223    82775239.4341        350.049          51.000  
E18  24612346.945   129338781.6371      -1589.380          42.000    24612346.958    99103723.6071      -1217.824          47.000  
G28  20502160.775   107739614.5961      -1511.646          44.000    20502155.117    83952913.6741      -1178.210          43.000  
E15  24102507.265   126659567.1601       1711.273          41.000    24102508.487    97050841.1391       1311.436          45.000  
E09  22779842.225   119708987.6951      -3181.446          45.000    22779840.822    91725120.1541      -2437.719          46.000  
G21  16665830.211    87579678.5311      -2103.858          47.000                                                                  
G17  19295947.071   101400889.7241        981.747          44.000    19295940.969    79013663.3051        765.001          39.000  
G02  16763235.448    88091478.3431      -1130.012          48.000                                                                  
G08  20358702.548   106985715.7751      -4395.198          40.000    20358696.421    83365468.3771      -3424.578          38.000  
G31  19931686.643   104741755.6521        185.862          44.000    19931680.000    81616930.9541        144.778          41.000  
E11  24103492.740   126664720.1681      -3161.434          33.000    24103487.414    97055035.5451      -2421.993          38.000  
G03  18003744.592    94610399.9521       -239.832          48.000    18003740.357    73722451.8241       -186.831          45.000  
G04  17788155.681    93477443.4821       1445.516          46.000    17788149.498    72839577.6051       1126.304          44.000  
> 2024 06 08 09 00 30.4890000  0 27                     
G09  20871515.020   109680589.168        2558.467          42.000    20871511.633    85465391.253        1994.140          36.000  
E03  21989069.700   115553381.047        1438.590          42.000    21989069.065    88540944.424        1102.237          44.000  
G19  21718151.406   114129693.804        1840.950          38.000                                                                  
E06  21915131.534   115164889.287       -3062.936          44.000                                                                  
R20  17552067.214    93858795.535       -3825.116          39.000    17552064.529    73001350.749       -2975.268          39.000  
R22  19166225.661   102310616.874        3100.184          44.000    19166221.939    79574831.456        2411.137          46.000  
R06  16480020.685    87940550.667       -1888.601          41.000                                                                  
R07  17775873.149    95155677.004        1227.776          49.000    17775865.814    74010038.572         954.991          45.000  
S31  35455196.928   186318387.946        -809.188          46.000  
S33  36445508.517   191522495.833        -808.336          41.000  
E05  18581220.513    97645035.404        -906.642          48.000    18581218.939    74818957.400        -694.783          49.000  
E36  21078018.750   110765974.110       -1902.836          46.000    21078018.084    84872696.706       -1458.048          48.000  
R05  19933411.620   106555589.466       -4416.855          46.000    19933405.646    82876572.981       -3435.387          45.000  
R21  16078133.067    86037374.529         224.890          51.000    16078127.550    66917897.972         175.157          48.000  
E34  20554573.075   108015090.149         449.184          47.000    20554573.373    82764831.612         344.153          51.000  
E18  24621423.376   129386476.902       -1589.865          42.000    24621423.078    99140269.319       -1218.198          47.000  
G28  20510845.978   107785254.783       -1530.426          44.000    20510840.153    83988477.465       -1192.676          43.000  
E15  24092739.047   126608232.238        1711.426          41.000    24092739.504    97011506.629        1311.363          44.000  
E09  22798022.800   119804529.824       -3187.580          45.000    22798021.743    91798327.768       -2442.414          46.000  
G21  16677901.198    87643111.188       -2124.493          47.000                                                                  
G17  19290401.922   101371745.196         961.703          45.000    19290394.418    78990953.267         749.416          38.000  
G02  16769742.570    88125675.006       -1149.229          48.000                                                                  
G08  20383801.236   107117613.338       -4397.374          38.000    20383795.667    83468245.705       -3426.995          38.000  
G31  19930668.734   104736408.731         171.056          44.000    19930662.133    81612764.531         133.173          40.000  
E11  24121558.622   126759658.199       -3167.920          33.000    24121553.648    97127780.209       -2426.893          38.000  
G03  18005130.025    94617680.426        -245.125          48.000    18005126.245    73728124.930        -191.069          45.000  
G04  17779951.199    93434325.834        1429.444          47.000    17779944.625    72805979.476        1113.861          44.000  
> 2024 06 08 09 01 00.4890000  0 27                     
G09  20856925.089   109603912.441        2553.564          42.000    20856920.181    85405643.172        1989.936          36.000  
E03  21980878.252   115510340.538        1431.032          41.000    21980878.686    88507965.331        1096.768          44.000  
G19  21707667.815   114074596.236        1832.265          39.000                                                                  
E06  21932633.251   115256864.772       -3068.052          44.000                                                                  
R20  17573575.469    93973804.637       -3841.711          40.000    17573572.046    73090802.290       -2988.141          39.000  
R22  19148815.820   102217688.971        3095.282          43.000    19148813.705    79502554.226        2407.531          47.000  
R06  16490674.439    87997403.390       -1901.428          41.000                                                                  
R07  17769033.406    95119061.857        1213.499          49.000    17769025.325    73981560.161         943.769          45.000  
S31  35459814.407   186342653.775        -808.240          46.000  
S33  36450121.201   191546734.658        -807.373          41.000  
E05  18586429.817    97672409.435        -917.667          48.000    18586428.135    74839932.317        -703.204          50.000  
E36  21088905.703   110823188.971       -1910.966          45.000    21088905.792    84916536.655       -1464.232          49.000  
R05  19958191.193   106688054.789       -4413.716          47.000    19958185.942    82979601.553       -3432.794          45.000  
R21  16076935.236    86030965.977         202.488          50.000    16076930.359    66912913.575         157.394          48.000  
E34  20552025.501   108001703.256         443.602          46.000    20552025.861    82754574.131         339.926          51.000  
E18  24630496.541   129434154.896       -1588.301          43.000    24630496.096    99176801.788       -1216.896          48.000  
G28  20519631.069   107831420.407       -1546.912          45.000    20519624.920    84024450.686       -1205.414          42.000  
E15  24082964.305   126556862.461        1713.608          42.000    24082963.867    96972145.392        1313.097          44.000  
E09  22816231.927   119900219.270       -3191.334          44.000    22816231.104    91871648.245       -2445.240          47.000  
G21  16690084.229    87707131.870       -2143.099          47.000                                                                  
G17  19284963.787   101343166.105         943.976          44.000    19284955.665    78968683.868         735.214          38.000  
G02  16776354.003    88160418.867       -1166.454          48.000                                                                  
G08  20408906.453   107249540.804       -4397.186          38.000    20408900.474    83571046.300       -3426.581          38.000  
G31  19929729.533   104731473.642         158.312          44.000    19929723.021    81608919.009         123.498          41.000  
E11  24139652.061   126854743.237       -3171.424          34.000    24139647.947    97200637.562       -2429.915          38.000  
G03  18006538.182    94625081.096        -247.771          49.000    18006534.235    73733891.686        -193.080          45.000  
G04  17771832.344    93391656.553        1415.603          47.000    17771825.615    72772730.715        1103.035          45.000  
> 2024 06 08 09 01 30.4890000  0 27                     
G09  20842356.574   109527357.125        2550.684          41.000    20842352.046    85345989.716        1987.604          35.000  
E03  21972723.351   115467486.277        1426.096          43.000    21972724.056    88475128.984        1092.783          44.000  
G19  21697231.237   114019743.814        1824.836          41.000                                                                  
E06  21950159.842   115348966.561       -3071.521          44.000                                                                  
R20  17595172.527    94089291.017       -3856.915          41.000    17595168.722    73180624.995       -2999.988          39.000  
R22  19131428.892   102124876.021        3092.189          45.000    19131427.164    79430366.429        2405.173          46.000  
R06  16501394.688    88054602.9301      -1912.140          41.000                                                                  
R07  17762267.888    95082846.245        1200.961          51.000    17762260.311    73953392.477         934.173          46.000  
S31  35464420.709   186366860.206        -805.443          46.000  
S33  36454722.678   191570916.068        -804.654          40.000  
E05  18591695.821    97700083.405        -926.844          48.000    18591694.646    74861137.047        -710.161          50.000  
E36  21099834.345   110880620.094       -1917.233          46.000    21099834.641    84960542.325       -1469.062          49.000  
R05  19982947.650   106820389.288       -4408.456          48.000    19982941.856    83082528.381       -3428.645          45.000  
R21  16075858.199    86025202.307         181.886          52.000    16075852.776    66908430.721         141.578          47.000  
E34  20549503.477   107988451.557         440.202          47.000    20549504.003    82744420.233         337.276          51.000  
E18  24639554.049   129481752.677       -1584.320          44.000    24639553.711    99213272.814       -1214.199          48.000  
G28  20528504.363   107878048.817       -1561.353          45.000    20528498.172    84060784.507       -1216.614          42.000  
E15  24073170.219   126505396.371        1717.753          43.000    24073169.914    96932710.359        1316.425          44.000  
E09  22834456.795   119995991.873       -3193.041          45.000    22834456.040    91945032.460       -2446.780          47.000  
G21  16702366.895    87771677.719       -2159.740          49.000                                                                  
G17  19279621.204   101315091.532         928.164          45.000    19279613.700    78946807.586         723.077          39.000  
G02  16783058.610    88195648.179       -1181.769          49.000                                                                  
G08  20434003.925   107381432.741       -4395.526          37.000    20433998.806    83673819.191       -3425.159          38.000  
G31  19928857.287   104726889.704         147.563          44.000    19928850.507    81605347.155         114.819          40.000  
E11  24157762.322   126949912.313       -3173.137          34.000    24157757.987    97273559.277       -2431.419          38.000  
G03  18007957.617    94632539.021        -248.835          49.000    18007952.810    73739703.066        -193.871          45.000  
G04  17763785.534    93349374.446        1403.735          46.000    17763779.644    72739783.656        1093.559          45.000  
> 2024 06 08 09 02 00.4890000  0 27                     
G09  20827804.271   109450885.981        2547.614          39.000    20827799.746    85286401.814        1985.596          36.000  
E03  21964597.954   115424780.106        1421.236          43.000    21964597.776    88442406.072        1089.074          45.000  
G19  21686833.883   113965099.420        1818.434          40.000                                                                  
E06  21967702.431   115441153.780       -3074.100          44.000                                                                  
R20  17616850.664    94205212.904       -3871.094          39.000    17616846.232    73270786.443       -3010.638          38.000  
R22  19114057.976   102032142.102        3090.030          45.000    19114054.684    79358240.062        2403.325          46.000  
R06  16512173.359    88112116.730       -1921.958          42.000                                                                  
R07  17755569.556    95046990.565        1189.497          50.000    17755563.079    73925504.739         925.144          47.000  
S31  35469008.733   186390970.003        -801.951          46.000  
S33  36459305.515   191594999.398        -800.770          40.000  
E05  18597011.637    97728017.449        -935.112          47.000    18597010.462    74882541.059        -716.583          50.000  
E36  21110797.318   110938228.744       -1922.981          46.000    21110797.391    85004684.015       -1473.483          49.000  
R05  20007671.187   106952551.293       -4402.162          47.000    20007665.626    83185321.053       -3424.140          44.000  
R21  16074895.552    86020046.234         162.017          51.000    16074888.468    66904420.438         125.970          46.000  
E34  20547000.472   107975297.429         437.140          46.000    20547000.805    82734341.098         334.941          51.000  
E18  24648589.253   129529230.746       -1580.185          43.000    24648588.580    99249652.094       -1210.820          48.000  
G28  20537457.608   107925100.707       -1575.207          44.000    20537451.876    84097448.324       -1227.356          43.000  
E15  24063350.417   126453795.885        1722.528          41.000    24063350.651    96893172.353        1319.747          44.000  
E09  22852689.936   120091806.897       -3194.233          44.000    22852688.922    92018449.161       -2447.534          47.000  
G21  16714742.004    87836709.274       -2175.622          47.000                                                                  
G17  19274367.319   101287483.857         912.689          45.000    19274360.413    78925295.122         711.185          40.000  
G02  16789847.955    88231324.604       -1196.456          49.000                                                                  
G08  20459086.456   107513247.029       -4392.206          37.000    20459082.330    83776531.603       -3422.620          38.000  
G31  19928044.664   104722619.762         137.512          43.000    19928037.608    81602019.928         106.879          40.000  
E11  24175880.169   127045125.639       -3174.521          35.000    24175876.532    97346514.895       -2432.065          38.000  
G03  18009380.212    94640014.639        -249.240          48.000    18009375.282    73745528.243        -194.197          44.000  
G04  17755805.329    93307441.740        1392.132          45.000    17755800.306    72707108.826        1084.825          46.000  
> 2024 06 08 09 02 30.4890000  0 27                     
G09  20813264.486   109374484.496        2545.773          36.000    20813261.426    85226868.293        1983.705          37.000  
E03  21956495.821   115382206.618        1416.994          43.000    21956497.074    88409784.866        1085.704          46.000  
G19  21676472.207   113910649.346        1811.709          39.000                                                                  
E06  21985258.218   115533408.571       -3076.112          44.000                                                                  
R20  17638606.260    94321551.050       -3884.411          40.000    17638601.983    73361271.674       -3021.149          39.000  
R22  19096698.866   101939474.581        3087.911          45.000    19096694.739    79286165.334        2401.691          47.000  
R06  16523006.042    88169920.491       -1931.449          42.000                                                                  
R07  17748934.798    95011478.690        1178.082          50.000    17748929.697    73897884.424         916.287          48.000  
S31  35473574.552   186414964.795        -797.804          46.000  
S33  36463866.728   191618968.203        -797.150          40.000  
E05  18602373.233    97756194.634        -943.115          46.000    18602372.455    74904131.363        -722.679          50.000  
E36  21121790.799   110995999.084       -1928.092          46.000    21121790.676    85048949.598       -1477.448          49.000  
R05  20032359.502   107084522.289       -4395.655          47.000    20032353.580    83287965.174       -3418.849          44.000  
R21  16074043.295    86015483.643         142.268          52.000    16074035.280    66900871.735         110.596          46.000  
E34  20544513.427   107962226.155         434.434          47.000    20544513.461    82724325.460         332.921          51.000  
E18  24657598.161   129576572.473       -1575.648          43.000    24657597.390    99285926.913       -1207.420          48.000  
G28  20546488.790   107972559.714       -1588.593          44.000    20546483.276    84134429.388       -1237.787          42.000  
E15  24053501.655   126402045.862        1727.581          41.000    24053502.600    96853519.764        1323.765          44.000  
E09  22870927.785   120187646.451       -3194.792          45.000    22870926.922    92091884.668       -2448.120          48.000  
G21  16727206.419    87902209.927       -2190.970          47.000                                                                  
G17  19269200.174   101260329.143         897.792          46.000    19269193.008    78904135.605         699.513          40.000  
G02  16796718.662    88267432.507       -1210.579          49.000                                                                  
G08  20484151.752   107644964.593       -4388.824          38.000    20484147.419    83879168.642       -3419.702          38.000  
G31  19927289.310   104718649.357         127.493          44.000    19927282.387    81598926.126          99.365          41.000  
E11  24194004.444   127140366.517       -3175.005          35.000    24194000.516    97419491.647       -2432.755          38.000  
G03  18010802.759    94647491.322        -249.044          48.000    18010798.287    73751354.237        -194.019          45.000  
G04  17747889.031    93265843.510        1381.109          45.000    17747884.621    72674694.645        1076.055          45.000  
> 2024 06 08 09 03 00.4890000  0 27                     
G09  20798735.448   109298138.632        2544.056          40.000    20798732.591    85167378.127        1982.826          38.000  
E03  21948417.364   115339750.847        1413.506          44.000    21948418.361    88377253.854        1082.963          47.000  
G19  21666143.824   113856379.844        1806.021          37.000                                                                  
E06  22002823.178   115625713.359       -3077.482          45.000                                                                  
R20  17660435.799    94438286.877       -3897.595          38.000    17660432.215    73452066.172       -3031.567          39.000  
R22  19079349.144   101846861.021        3086.041          45.000    19079344.930    79214132.591        2400.354          47.000  
R06  16533889.031    88227995.488       -1940.139          42.000                                                                  
R07  17742361.774    94976294.109        1167.525          49.000    17742356.708    73870518.672         908.050          47.000  
S31  35478115.866   186438829.535        -793.175          46.000  
S33  36468403.316   191642807.507        -792.261          41.000  
E05  18607777.589    97784598.293        -950.400          46.000    18607777.401    74925895.209        -728.306          50.000  
E36  21132812.265   111053915.610       -1932.845          47.000    21132811.797    85093327.186       -1481.065          49.000  
R05  20057008.024   107216283.761       -4388.335          48.000    20057002.099    83390446.330       -3413.259          43.000  
R21  16073299.122    86011500.768         123.232          52.000    16073291.074    66897773.927          95.825          47.000  
E34  20542039.218   107949223.356         432.472          47.000    20542038.990    82714362.288         331.312          50.000  
E18  24666577.759   129623761.570       -1570.206          43.000    24666577.201    99322084.780       -1203.189          48.000  
G28  20555594.519   108020409.767       -1601.318          44.000    20555588.582    84171715.163       -1247.803          42.000  
E15  24043623.322   126350131.516        1733.321          41.000    24043623.309    96813741.262        1327.959          44.000  
E09  22889166.998   120283493.039       -3194.805          45.000    22889165.735    92165325.526       -2447.907          48.000  
G21  16739756.740    87968163.580       -2205.785          47.000                                                                  
G17  19264116.820   101233612.792         883.444          46.000    19264109.236    78883317.660         688.516          40.000  
G02  16803669.413    88303956.838       -1224.306          49.000                                                                  
G08  20509194.838   107776566.589       -4384.546          38.000    20509190.633    83981715.637       -3417.078          39.000  
G31  19926588.960   104714964.552         118.113          45.000    19926581.651    81596054.858          91.872          41.000  
E11  24212130.411   127235618.514       -3174.833          36.000    24212126.075    97492476.911       -2432.801          37.000  
G03  18012222.706    94654952.759        -248.497          49.000    18012218.145    73757168.334        -193.475          44.000  
G04  17740034.033    93224565.174        1370.687          45.000    17740029.088    72642529.715        1067.823          45.000  
> 2024 06 08 09 03 30.4890000  0 27                     
G09  20784218.542   109221848.336        2542.049          41.000    20784214.084    85107931.195        1980.833          38.000  
E03  21940360.346   115297411.720        1409.527          43.000    21940361.126    88344812.201        1079.812          46.000  
G19  21655850.290   113802291.311        1800.551          38.000                                                                  
E06  22020397.379   115718064.481       -3079.052          45.000                                                                  
R20  17682339.041    94555416.163       -3910.834          39.000    17682336.008    73543166.725       -3041.620          39.000  
R22  19062010.506   101754303.197        3084.461          45.000    19062005.139    79142143.183        2398.788          47.000  
R06  16544821.820    88286337.032       -1949.130          42.000                                                                  
R07  17735850.003    94941435.411        1156.602          49.000    17735843.969    73843406.395         899.645          46.000  
S31  35482632.402   186462563.407        -788.735          46.000  
S33  36472914.372   191666515.183        -788.162          40.000  
E05  18613224.943    97813225.732        -958.029          46.000    18613224.835    74947830.519        -734.081          50.000  
E36  21143860.823   111111976.726       -1937.683          47.000    21143860.436    85137815.565       -1484.695          49.000  
R05  20081617.099   107347831.718       -4381.131          48.000    20081610.695    83492761.427       -3407.555          43.000  
R21  16072662.626    86008098.195         103.747          50.000    16072655.609    66895127.496          80.752          47.000  
E34  20539577.977   107936288.567         430.024          47.000    20539577.476    82704451.219         329.527          51.000  
E18  24675527.809   129670795.689       -1565.032          43.000    24675527.612    99358123.901       -1199.324          48.000  
G28  20564773.845   108068648.724       -1614.380          43.000    20564768.125    84209303.981       -1258.038          41.000  
E15  24033713.295   126298051.985        1738.698          41.000    24033713.037    96773836.159        1332.258          44.000  
E09  22907407.021   120379343.089       -3195.010          45.000    22907405.283    92238769.062       -2448.046          47.000  
G21  16752392.834    88034568.005       -2220.902          47.000                                                                  
G17  19259116.845   101207334.616         868.719          47.000    19259109.402    78862841.176         676.768          40.000  
G02  16810698.461    88340896.069       -1238.136          49.000                                                                  
G08  20534214.401   107908048.146       -4380.572          38.000    20534210.805    84084168.744       -3413.220          38.000  
G31  19925941.848   104711565.298         108.710          45.000    19925934.806    81593406.093          84.704          41.000  
E11  24230257.383   127330879.057       -3175.303          35.000    24230253.857    97565468.717       -2433.096          37.000  
G03  18013638.823    94662396.581        -247.661          48.000    18013634.272    73762968.736        -192.947          44.000  
G04  17732239.991    93183606.087        1359.977          45.000    17732235.116    72610613.559        1059.719          45.000  
> 2024 06 08 09 04 00.4890000  0 27                     
G09  20769709.415   109145605.053        2541.008          40.000    20769705.190    85048520.935        1979.945          37.000  
E03  21932323.993   115255179.855        1406.076          44.000    21932324.471    88312452.725        1077.438          46.000  
G19  21645591.387   113748375.624        1794.817          39.000                                                                  
E06  22037977.875   115810450.074       -3079.969          46.000                                                                  
R20  17704313.688    94672926.318       -3923.385          38.000    17704311.551    73634563.530       -3051.762          40.000  
R22  19044680.630   101661794.760        3083.038          45.000    19044675.731    79070192.193        2397.848          48.000  
R06  16555802.529    88344931.961       -1957.106          41.000                                                                  
R07  17729396.977    94906891.785        1146.444          48.000    17729390.193    73816539.174         891.668          45.000  
S31  35487121.448   186486154.173        -783.780          46.000  
S33  36477398.795   191690081.218        -782.733          41.000  
E05  18618713.043    97842065.945        -964.624          46.000    18618712.840    74969928.872        -739.149          50.000  
E36  21154934.920   111170172.564       -1941.946          46.000    21154934.486    85182407.171       -1487.895          48.000  
R05  20106184.011   107479154.336       -4373.486          48.000    20106177.609    83594901.242       -3401.477          43.000  
R21  16072133.196    86005267.928          84.901          50.000    16072126.907    66892926.204          66.013          47.000  
E34  20537128.013   107923413.102         428.305          48.000    20537127.285    82694585.605         328.211          50.000  
E18  24684446.477   129717664.213       -1559.196          43.000    24684446.322    99394036.143       -1194.832          48.000  
G28  20574025.353   108117266.079       -1626.550          43.000    20574019.552    84247187.644       -1267.603          41.000  
E15  24023770.247   126245798.117        1744.747          41.000    24023769.706    96733797.495        1336.887          44.000  
E09  22925644.931   120475184.782       -3194.394          45.000    22925643.674    92312206.200       -2447.684          48.000  
G21  16765113.501    88101412.654       -2235.347          48.000                                                                  
G17  19254198.066   101181485.947         854.670          47.000    19254190.752    78842699.387         665.747          40.000  
G02  16817804.902    88378240.707       -1251.411          49.000                                                                  
G08  20559209.250   108039396.169       -4375.555          39.000    20559205.297    84186517.837       -3409.637          38.000  
G31  19925348.050   104708442.791          99.654          45.000    19925340.944    81590972.988          77.637          42.000  
E11  24248384.575   127426137.422       -3174.827          35.000    24248380.790    97638458.826       -2432.396          37.000  
G03  18015049.552    94669812.202        -246.593          47.000    18015045.480    73768747.164        -192.052          44.000  
G04  17724504.861    93142957.277        1350.002          45.000    17724499.427    72578939.185        1051.705          45.000  
> 2024 06 08 09 04 30.4890000  0 27                     
G09  20755208.985   109069404.568        2539.121          41.000    20755205.763    84989144.036        1978.409          38.000  
E03  21924307.073   115213050.013        1402.696          44.000    21924307.161    88280171.438        1074.619          46.000  
G19  21635364.933   113694629.019        1788.549          40.000                                                                  
E06  22055563.374   115902862.336       -3080.849          46.000                                                                  
R20  17726358.161    94790807.351       -3935.091          39.000    17726355.966    73726248.776       -3060.968          40.000  
R22  19027359.864   101569333.319        3081.163          46.000    19027355.114    78998277.741        2396.578          48.000  
R06  16566829.380    88403771.248       -1965.335          42.000                                                                  
R07  17723001.979    94872657.137        1135.915          48.000    17722994.448    73789912.259         883.547          45.000  
S31  35491582.670   186509596.889        -779.223          46.000  
S33  36481854.980   191713499.243        -777.959          40.000  
E05  18624240.424    97871112.087        -971.695          46.000    18624240.273    74992185.022        -744.598          50.000  
E36  21166033.565   111228497.381       -1946.214          46.000    21166033.257    85227097.629       -1491.277          48.000  
R05  20130706.767   107610242.755       -4365.711          48.000    20130701.253    83696858.922       -3395.624          43.000  
R21  16071711.197    86003006.075          65.829          51.000    16071704.709    66891167.000          51.208          48.000  
E34  20534688.714   107910592.377         426.373          48.000    20534687.442    82684761.943         326.744          50.000  
E18  24693332.603   129764360.678       -1553.667          43.000    24693332.215    99429816.552       -1190.538          47.000  
G28  20583347.613   108166255.515       -1639.172          43.000    20583341.330    84285361.203       -1277.002          41.000  
E15  24013791.960   126193364.949        1750.815          41.000    24013792.336    96693621.446        1341.378          45.000  
E09  22943879.997   120571010.437       -3194.005          45.000    22943878.672    92385631.039       -2447.323          48.000  
G21  16777916.254    88168690.911       -2250.079          48.000                                                                  
G17  19249359.786   101156062.290         840.292          46.000    19249352.934    78822888.735         655.096          40.000  
G02  16824987.836    88415985.816       -1264.922          49.000                                                                  
G08  20584176.713   108170601.658       -4371.283          39.000    20584173.352    84288755.878       -3406.195          39.000  
G31  19924805.157   104705592.905          90.458          44.000    19924798.431    81588752.329          70.644          41.000  
E11  24266511.264   127521386.972       -3174.823          36.000    24266505.892    97711442.205       -2432.548          35.000  
G03  18016454.448    94677193.123        -245.432          48.000    18016450.689    73774498.534        -191.267          45.000  
G04  17716827.703    93102613.935        1339.592          44.000    17716821.901    72547502.822        1044.003          44.000  
> 2024 06 08 09 05 00.4890000  0 27                     
G09  20740717.982   108993255.555        2537.243          37.000    20740714.577    84929807.185        1977.017          36.000  
E03  21916310.241   115171030.060        1398.611          43.000    21916310.441    88247974.352        1071.661          45.000  
G19  21625172.041   113641061.156        1782.186          39.000                                                                  
E06  22073154.932   115995306.611       -3082.156          45.000                                                                  
R20  17748474.361    94909065.816       -3948.106          39.000    17748470.537    73818227.561       -3070.736          39.000  
R22  19010050.059   101476929.836        3078.994          46.000    19010044.733    78926408.386        2394.581          48.000  
R06  16577902.046    88462859.492       -1974.025          42.000                                                                  
R07  17716666.077    94838738.891        1125.095          49.000    17716658.028    73763531.395         874.980          45.000  
S31  35496016.958   186532899.240        -774.582          45.000  
S33  36486284.587   191736776.552        -773.413          40.000  
E05  18629807.779    97900370.371        -978.956          45.000    18629808.031    75014603.720        -750.067          50.000  
E36  21177158.168   111286958.548       -1951.090          46.000    21177158.095    85271892.557       -1495.060          48.000  
R05  20155187.124   107741102.738       -4358.314          48.000    20155180.829    83798638.887       -3389.772          43.000  
R21  16071397.101    86001322.150          46.236          51.000    16071390.292    66889857.279          35.881          47.000  
E34  20532260.920   107897834.903         423.963          48.000    20532259.800    82674986.749         324.873          50.000  
E18  24702187.109   129810891.699       -1548.527          43.000    24702186.745    99465470.184       -1186.524          47.000  
G28  20592742.242   108215623.752       -1651.965          43.000    20592735.979    84323829.957       -1287.445          41.000  
E15  24003781.585   126140760.619        1755.964          41.000    24003782.372    96653314.256        1345.516          45.000  
E09  22962112.774   120666825.431       -3194.009          44.000    22962111.313    92459047.719       -2447.191          47.000  
G21  16790802.392    88236409.745       -2264.829          47.000                                                                  
G17  19244603.443   101131072.493         825.442          44.000    19244597.119    78803416.176         643.260          39.000  
G02  16832248.765    88454138.287       -1278.714          50.000                                                                  
G08  20609117.774   108301668.757       -4366.742          38.000    20609114.614    84390886.068       -3402.789          38.000  
G31  19924316.453   104703024.558          80.655          44.000    19924309.565    81586751.021          62.725          41.000  
E11  24284636.619   127616634.052       -3174.556          35.000    24284631.072    97784423.693       -2432.888          36.000  
G03  18017854.123    94684545.979        -244.836          49.000    18017850.271    73780228.032        -190.848          45.000  
G04  17709210.096    93062584.303        1328.889          45.000    17709204.494    72516310.959        1035.273          44.000  
> 2024 06 08 09 05 30.4890000  0 27                     
G09  20726239.137   108917171.299        2534.703          38.000    20726234.198    84870520.757        1975.014          34.000  
E03  21908337.997   115129132.312        1394.501          44.000    21908337.569    88215870.913        1068.537          45.000  
G19  21615013.931   113587685.178        1775.937          38.000                                                                  
E06  22090754.593   116087792.776       -3083.713          46.000                                                                  
R20  17770660.866    95027709.423       -3961.194          39.000    17770657.356    73910505.889       -3081.082          40.000  
R22  18992752.791   101384599.847        3076.294          46.000    18992748.565    78854596.171        2392.615          48.000  
R06  16589023.612    88522205.591       -1982.657          41.000                                                                  
R07  17710391.158    94805148.603        1114.093          50.000    17710383.689    73737405.609         866.392          46.000  
S31  35500426.297   186556070.965        -770.185          46.000  
S33  36490689.198   191759923.525        -769.446          40.000  
E05  18635418.197    97929851.524        -986.594          46.000    18635418.306    75037193.178        -755.965          50.000  
E36  21188311.060   111345567.860       -1956.120          46.000    21188310.925    85316800.993       -1498.971          48.000  
R05  20179625.865   107871743.459       -4351.087          48.000    20179619.022    83900248.365       -3384.186          42.000  
R21  16071193.596    86000230.343          26.393          51.000    16071185.706    66889008.083          20.562          47.000  
E34  20529847.847   107885153.703         421.284          48.000    20529846.689    82665270.012         322.747          50.000  
E18  24711012.001   129857268.338       -1543.380          43.000    24711011.786    99501005.539       -1182.620          47.000  
G28  20602210.915   108265381.978       -1665.173          43.000    20602204.852    84362602.609       -1297.601          41.000  
E15  23993741.244   126087997.690        1761.376          41.000    23993741.995    96612885.542        1349.617          45.000  
E09  22980345.903   120762639.644       -3193.883          45.000    22980344.511    92532463.807       -2447.355          47.000  
G21  16803774.780    88304580.501       -2280.065          47.000                                                                  
G17  19239932.599   101106529.389         810.367          44.000    19239926.215    78784291.686         631.482          39.000  
G02  16839588.494    88492710.406       -1292.906          50.000                                                                  
G08  20634034.597   108432606.077       -4362.860          38.000    20634030.742    84492915.138       -3399.658          38.000  
G31  19923883.037   104700751.112          70.744          44.000    19923876.645    81584979.505          55.425          41.000  
E11  24302763.197   127711889.656       -3175.284          35.000    24302757.547    97857411.692       -2433.237          35.000  
G03  18019249.812    94691881.893        -244.446          48.000    18019245.672    73785944.326        -190.455          44.000  
G04  17701655.421    93022881.106        1317.657          45.000    17701649.581    72485373.432        1026.740          44.000  
> 2024 06 08 09 06 00.4890000  0 27                     
G09  20711775.915   108841161.081        2532.202          40.000    20711771.762    84811291.996        1973.166          37.000  
E03  21900391.053   115087365.122        1389.746          45.000    21900389.462    88183867.498        1064.907          45.000  
G19  21604893.527   113534510.487        1769.039          38.000                                                                  
E06  22108363.065   116180326.547       -3085.525          46.000                                                                  
R20  17792920.751    95146743.667       -3974.673          40.000    17792917.992    74003088.028       -3091.032          40.000  
R22  18975471.320   101292354.723        3072.923          45.000    18975467.726    78782849.988        2390.187          47.000  
R06  16600194.269    88581814.499       -1991.493          41.000                                                                  
R07  17704178.984    94771893.415        1102.568          50.000    17704172.067    73711540.456         857.496          47.000  
S31  35504812.498   186579121.445        -766.614          46.000  
S33  36495070.805   191782949.461        -765.738          40.000  
E05  18641072.312    97959562.154        -994.520          46.000    18641072.022    75059958.471        -762.072          50.000  
E36  21199493.712   111404333.095       -1961.720          46.000    21199493.538    85361828.903       -1503.100          48.000  
R05  20204025.070   108002170.997       -4344.292          48.000    20204018.641    84001692.039       -3378.955          43.000  
R21  16071101.346    85999740.217           5.843          51.000    16071093.782    66888626.866           4.609          46.000  
E34  20527450.664   107872557.724         418.033          47.000    20527449.544    82655618.553         320.445          50.000  
E18  24719809.049   129903497.687       -1538.737          43.000    24719808.913    99536428.026       -1179.143          47.000  
G28  20611755.466   108315537.288       -1678.650          43.000    20611749.210    84401684.694       -1308.234          42.000  
E15  23983672.037   126035084.797        1765.894          41.000    23983673.120    96572341.909        1353.152          45.000  
E09  22998579.595   120858458.895       -3194.349          45.000    22998578.289    92605883.735       -2447.677          47.000  
G21  16816834.460    88373209.308       -2295.645          47.000                                                                  
G17  19235349.042   101082441.841         794.938          45.000    19235342.924    78765522.181         619.076          39.000  
G02  16847009.814    88531710.310       -1307.528          50.000                                                                  
G08  20658926.327   108563418.198       -4358.667          37.000    20658923.644    84594846.632       -3396.411          38.000  
G31  19923508.474   104698782.031          60.285          43.000    19923502.020    81583445.169          46.925          40.000  
E11  24320891.953   127807160.570       -3176.019          35.000    24320887.175    97930411.450       -2433.909          35.000  
G03  18020643.933    94699207.950        -244.338          47.000    18020639.027    73791652.958        -190.515          44.000  
G04  17694163.553    92983512.937        1306.300          46.000    17694157.643    72454696.963        1017.697          44.000  
> 2024 06 08 09 06 30.4890000  0 27                     
G09  20697327.811   108765234.619        2529.031          41.000    20697323.924    84752128.569        1970.696          38.000  
E03  21892469.128   115045737.236        1384.927          45.000    21892467.882    88151970.832        1061.334          45.000  
G19  21594815.036   113481547.758        1761.619          41.000                                                                  
E06  22125981.995   116272914.204       -3087.417          45.000                                                                  
R20  17815255.123    95266174.377       -3987.845          42.000    17815252.313    74095978.592       -3101.593          40.000  
R22  18958209.316   101200206.552        3069.656          46.000    18958205.235    78711179.225        2387.443          48.000  
R06  16611414.506    88641692.4891      -2000.608          42.000                                                                  
R07  17698030.572    94738982.012        1090.945          50.000    17698024.107    73685942.739         848.505          47.000  
S31  35509177.077   186602057.758        -762.923          46.000  
S33  36499430.749   191805861.742        -762.339          41.000  
E05  18646771.111    97989509.486       -1002.425          45.000    18646770.802    75082905.122        -768.079          50.000  
E36  21210707.864   111463262.589       -1967.501          46.000    21210707.534    85406982.660       -1507.553          48.000  
R05  20228385.623   108132391.407       -4337.549          50.000    20228379.815    84102974.592       -3373.744          44.000  
R21  16071123.334    85999862.345         -14.667          52.000    16071116.705    66888721.855         -11.388          47.000  
E34  20525071.375   107860056.456         414.753          47.000    20525070.814    82646039.678         317.844          50.000  
E18  24728579.635   129949587.357       -1534.470          43.000    24728579.562    99571743.470       -1175.680          47.000  
G28  20621376.505   108366097.367       -1692.383          44.000    20621370.376    84441082.179       -1318.976          41.000  
E15  23973575.623   125982031.016        1770.305          40.000    23973577.081    96531690.321        1356.696          45.000  
E09  23016815.484   120954289.617       -3194.791          44.000    23016814.221    92679312.463       -2448.121          46.000  
G21  16829983.091    88442304.342       -2311.375          47.000                                                                  
G17  19230853.927   101058818.849         779.249          45.000    19230848.249    78747114.665         607.128          39.000  
G02  16854514.055    88571146.708       -1322.219          49.000                                                                  
G08  20683795.787   108694110.251       -4354.736          38.000    20683793.650    84696684.570       -3393.146          38.000  
G31  19923193.527   104697126.332          49.501          44.000    19923186.764    81582154.996          38.635          40.000  
E11  24339026.291   127902454.316       -3177.091          36.000    24339021.365    98003428.637       -2433.809          36.000  
G03  18022037.978    94706531.765        -244.348          48.000    18022033.324    73797359.836        -190.424          44.000  
G04  17686737.146    92944489.022        1294.775          46.000    17686732.356    72424288.729        1008.704          44.000  
> 2024 06 08 09 07 00.4890000  0 27                     
G09  20682896.862   108689400.648        2526.178          42.000    20682893.688    84693037.227        1968.414          39.000  
E03  21884575.947   115004256.493        1380.304          46.000    21884574.251    88120186.910        1057.599          45.000  
G19  21584779.976   113428805.935        1754.487          42.000                                                                  
E06  22143611.969   116365561.120       -3089.124          45.000                                                                  
R20  17837664.014    95386006.103       -4001.234          41.000    17837661.627    74189181.036       -3111.749          41.000  
R22  18940967.363   101108166.299        3066.478          46.000    18940962.664    78639592.394        2384.715          48.000  
R06  16622687.602    88701841.602       -2009.658          42.000                                                                  
R07  17691947.552    94706421.105        1079.540          48.000    17691941.667    73660617.618         839.560          47.000  
S31  35513521.507   186624886.314        -759.396          46.000  
S33  36503770.520   191828666.290        -758.550          41.000  
E05  18652515.760    98019699.658       -1010.305          45.000    18652515.791    75106037.849        -774.130          50.000  
E36  21221954.992   111522363.622       -1972.937          47.000    21221953.947    85452267.856       -1511.775          48.000  
R05  20252708.050   108262409.761       -4330.647          47.000    20252702.233    84204099.974       -3368.244          44.000  
R21  16071262.828    86000606.096         -35.278          50.000    16071255.918    66889300.331         -27.396          47.000  
E34  20522712.232   107847658.412         411.472          47.000    20522711.498    82636539.894         315.333          50.000  
E18  24737325.214   129995543.886       -1529.699          43.000    24737324.703    99606956.905       -1171.973          47.000  
G28  20631075.717   108417068.792       -1705.688          44.000    20631069.671    84480800.181       -1329.321          41.000  
E15  23963453.654   125928844.467        1775.001          40.000    23963456.268    96490937.023        1360.060          45.000  
E09  23035054.933   121050137.184       -3195.117          45.000    23035053.184    92752754.108       -2448.201          46.000  
G21  16843220.750    88511871.490       -2326.696          47.000                                                                  
G17  19226448.765   101035669.827         763.553          46.000    19226442.726    78729076.466         595.401          39.000  
G02  16862102.571    88611026.740       -1336.813          49.000                                                                  
G08  20708643.653   108824686.353       -4350.722          38.000    20708641.348    84798432.193       -3390.105          38.000  
G31  19922939.996   104695792.610          39.112          44.000    19922933.041    81581115.752          30.531          41.000  
E11  24357165.595   127997777.232       -3177.576          30.000    24357160.599    98076468.303       -2435.576          31.000  
G03  18023432.482    94713859.944        -244.437          48.000    18023428.353    73803070.125        -190.557          45.000  
G04  17679377.713    92905817.515        1282.892          44.000    17679373.558    72394155.074         999.927          45.000  
> 2024 06 08 09 07 30.4890000  0 27                     
G09  20668484.070   108613663.070        2522.815          40.000    20668482.410    84634020.983        1966.071          41.000  
E03  21876710.449   114962925.843        1375.280          45.000    21876709.285    88088517.978        1053.718          45.000  
G19  21574786.615   113376289.622        1746.902          41.000                                                                  
E06  22161253.404   116458267.822       -3091.212          45.000                                                                  
R20  17860148.316    95506237.768       -4014.415          41.000    17860145.341    74282694.588       -3122.157          40.000  
R22  18923746.485   101016240.132        3062.457          44.000    18923741.542    78568094.250        2381.783          47.000  
R06  16634009.924    88762262.598       -2018.356          41.000                                                                  
R07  17685930.391    94674212.815        1067.767          48.000    17685924.563    73635566.770         830.451          47.000  
S31  35517845.607   186647610.687        -755.734          46.000  
S33  36508090.087   191851366.448        -754.911          41.000  
E05  18658307.352    98050133.983       -1018.396          45.000    18658307.015    75129357.664        -780.464          50.000  
E36  21233234.329   111581638.655       -1978.685          47.000    21233233.577    85497686.374       -1516.177          48.000  
R05  20276992.670   108392226.601       -4323.798          48.000    20276986.977    84305068.641       -3363.082          44.000  
R21  16071519.469    86001975.945         -56.040          51.000    16071512.350    66890365.769         -43.603          48.000  
E34  20520372.779   107835367.237         407.978          47.000    20520372.644    82627121.998         312.567          50.000  
E18  24746045.853   130041369.084       -1525.328          44.000    24746045.045    99642069.705       -1168.701          47.000  
G28  20640853.918   108468453.386       -1719.525          44.000    20640847.634    84520840.117       -1339.917          41.000  
E15  23953308.322   125875528.465        1779.434          40.000    23953310.452    96450084.525        1363.503          45.000  
E09  23053297.388   121146002.156       -3195.727          45.000    23053295.897    92826209.076       -2448.767          46.000  
G21  16856549.814    88581912.530       -2342.606          48.000                                                                  
G17  19222134.788   101012998.069         747.836          46.000    19222127.837    78711410.178         582.842          38.000  
G02  16869776.703    88651353.434       -1351.706          48.000                                                                  
G08  20733469.426   108955145.820       -4346.335          38.000    20733467.675    84900088.895       -3386.786          38.000  
G31  19922748.341   104694785.003          28.258          45.000    19922741.476    81580330.636          22.014          41.000  
G03  18024827.608    94721194.341        -244.408          48.000    18024824.265    73808785.249        -190.607          45.000  
G04  17672086.677    92867501.714        1271.375          45.000    17672082.586    72364298.603         990.662          45.000  
E11                                                                  24375307.856                       -2447.412          19.000  
> 2024 06 08 09 08 00.4890000  0 27                     
G09  20654087.356   108538011.983        2519.934          41.000    20654086.349    84575072.200        1963.550          40.000  
E03  21868870.886   114921734.462        1370.378          44.000    21868871.356    88056955.772        1049.962          46.000  
G19  21564833.537   113323989.101        1739.541          38.000                                                                  
E06  22178903.700   116551020.973       -3092.869          45.000                                                                  
R20  17882703.595    95626856.013       -4027.699          39.000    17882701.943    74376508.763       -3132.606          41.000  
R22  18906545.111   100924420.174        3058.254          44.000    18906540.474    78496678.763        2378.636          47.000  
R06  16645380.250    88822940.764       -2027.303          41.000                                                                  
R07  17679977.177    94642345.111        1056.171          49.000    17679970.829    73610780.795         821.503          46.000  
S31  35522147.876   186670218.511        -752.075          46.000  
S33  36512387.456   191873950.527        -751.491          41.000  
E05  18664142.799    98080800.034       -1026.422          45.000    18664142.305    75152855.027        -786.550          49.000  
E36  21244544.911   111641076.383       -1984.380          46.000    21244544.049    85543229.562       -1520.515          48.000  
R05  20301237.962   108521828.003       -4316.926          48.000    20301232.009    84405869.733       -3357.632          45.000  
R21  16071890.493    86003962.028         -76.888          51.000    16071883.834    66891910.523         -59.828          48.000  
E34  20518052.334   107823172.853         404.412          46.000    20518051.955    82617778.262         309.957          50.000  
E18  24754739.415   130087050.898       -1520.628          45.000    24754737.985    99677072.657       -1165.251          48.000  
G28  20650708.626   108520239.086       -1733.362          43.000    20650702.022    84561192.612       -1350.495          41.000  
E15  23943136.848   125822072.605        1784.050          41.000    23943138.059    96409124.871        1366.746          45.000  
E09  23071540.682   121241871.330       -3196.156          45.000    23071538.775    92899667.270       -2449.023          45.000  
G21  16869965.841    88652415.214       -2358.288          48.000                                                                  
G17  19217909.691   100990792.906         731.750          46.000    19217901.650    78694107.442         570.234          39.000  
G02  16877533.603    88692115.610       -1366.528          49.000                                                                  
G08  20758270.481   109085474.200       -4342.656          38.000    20758268.288    85001643.449       -3383.638          38.000  
G31  19922617.152   104694093.556          17.369          46.000    19922610.156    81579791.873          13.236          41.000  
G03  18026221.412    94728523.005        -244.736          47.000    18026218.328    73814495.913        -190.756          44.000  
G04  17664861.363    92829531.119        1259.393          45.000    17664856.897    72334711.139         981.317          45.000  
E11                                                                  24393455.813                       -2443.445          18.000  
> 2024 06 08 09 08 30.4890000  0 26                     
G09  20639713.742   108462474.864        2515.588          41.000    20639710.415    84516212.111        1960.132          38.000  
E03  21861064.346   114880708.810        1364.347          44.000    21861065.322    88025520.561        1045.446          47.000  
G19  21554926.227   113271932.271        1730.847          37.000                                                                  
E06  22196567.196   116643844.619       -3095.709          45.000                                                                  
R20  17905336.207    95747883.513       -4041.334          40.000    17905334.006    74470641.253       -3143.258          39.000  
R22  18889368.703   100832736.304        3053.476          44.000    18889364.836    78425369.122        2374.831          47.000  
R06  16656804.795    88883899.557       -2036.737          42.000                                                                  
R07  17674093.583    94610844.188        1043.622          50.000    17674085.785    73586280.090         811.749          46.000  
S31  35526432.627   186692735.469        -749.493          46.000  
S33  36516667.725   191896443.908        -748.326          41.000  
E05  18670026.676    98111722.613       -1035.424          45.000    18670026.391    75176548.949        -793.370          49.000  
E36  21255891.411   111700702.727       -1991.069          46.000    21255890.838    85588917.284       -1525.709          48.000  
R05  20325446.395   108651238.669       -4310.865          48.000    20325440.678    84506522.479       -3352.832          45.000  
R21  16072381.338    86006592.528         -98.766          50.000    16072375.330    66893956.479         -76.852          48.000  
E34  20515755.192   107811102.428         399.989          46.000    20515755.156    82608529.513         306.447          50.000  
E18  24763410.422   130132614.631       -1516.956          45.000    24763408.438    99711985.118       -1162.481          48.000  
G28  20660644.148   108572451.084       -1747.559          43.000    20660637.957    84601877.298       -1361.768          41.000  
E15  23932943.856   125768503.686        1787.246          41.000    23932944.292    96368078.565        1369.241          45.000  
E09  23089789.567   121337768.792       -3197.645          45.000    23089787.224    92973147.145       -2449.938          44.000  
G21  16883474.951    88723405.263       -2374.744          48.000                                                                  
G17  19213778.312   100969082.055         715.151          45.000    19213770.359    78677189.891         557.167          40.000  
G02  16885377.653    88733338.956       -1382.085          49.000                                                                  
G08  20783051.208   109215694.275       -4339.051          40.000    20783048.392    85103113.654       -3381.430          38.000  
G31  19922550.517   104693745.856           5.423          45.000    19922544.187    81579520.963           4.080          41.000  
G03  18027620.553    94735871.264        -245.687          47.000    18027615.800    73820221.824        -191.409          44.000  
G04  17657707.799    92791932.541        1246.875          46.000    17657701.587    72305413.559         971.558          45.000  
> 2024 06 08 09 09 00.4890000  0 26                     
G09  20625366.192   108387084.453        2510.168          41.000    20625364.574    84457466.391        1955.835          40.000  
E03  21853295.428   114839880.818        1357.353          45.000    21853296.057    87994236.824        1040.018          47.000  
G19  21545072.344   113220152.509        1720.654          38.000                                                                  
E06  22214250.027   116736768.271       -3099.376          45.000                                                                  
R20  17928051.067    95869348.792       -4056.303          40.000    17928047.601    74565114.235       -3154.706          38.000  
R22  18872225.637   100741224.177        3047.328          44.000    18872221.538    78354193.074        2370.036          46.000  
R06  16668286.849    88945167.892       -2047.926          42.000                                                                  
R07  17668283.750    94579741.366        1029.749          50.000    17668275.459    73562089.018         801.007          46.000  
S31  35530706.199   186715193.078        -747.875          46.000  
S33  36520937.374   191918878.100        -747.336          41.000  
E05  18675965.329    98142931.987       -1045.420          45.000    18675965.078    75200462.633        -801.005          49.000  
E36  21267279.808   111760549.113       -1998.860          46.000    21267279.413    85634773.598       -1531.601          48.000  
R05  20349624.876   108780488.040       -4306.037          47.000    20349618.895    84607049.790       -3349.164          45.000  
R21  16072999.305    86009901.592        -122.008          50.000    16072993.162    66896530.203         -94.878          47.000  
E34  20513487.536   107799188.629         394.144          46.000    20513488.018    82599400.772         302.007          50.000  
E18  24772064.561   130178091.009       -1514.773          46.000    24772062.513    99746830.642       -1160.668          48.000  
G28  20670666.722   108625120.141       -1763.678          42.000    20670660.148    84642918.120       -1374.359          41.000  
E15  23922735.579   125714854.042        1789.141          42.000    23922734.993    96326970.390        1371.136          45.000  
E09  23108049.131   121433724.087       -3199.759          45.000    23108047.319    93046671.336       -2451.629          44.000  
G21  16897082.340    88794913.060       -2392.561          48.000                                                                  
G17  19209746.677   100947897.772         696.984          45.000    19209739.504    78660682.684         542.964          40.000  
G02  16893316.396    88775055.263       -1399.079          49.000                                                                  
G08  20807815.991   109345834.386       -4336.646          39.000    20807812.955    85204521.559       -3379.853          38.000  
G31  19922555.610   104693774.657          -7.773          45.000    19922549.470    81579543.407          -5.883          41.000  
G03  18029028.634    94743269.864        -247.722          48.000    18029023.892    73825987.008        -193.141          44.000  
G04  17650630.124    92754738.204        1232.861          46.000    17650623.233    72276430.992         960.498          44.000  
> 2024 06 08 09 09 30.4890000  0 27                     
G09  20611055.188   108311869.831        2503.815          43.000    20611052.745    84398857.671        1950.751          41.000  
E03  21845569.765   114799278.489        1349.122          46.000    21845569.455    87963125.971        1033.755          47.000  
G19  21535277.984   113168679.070        1710.165          39.000                                                                  
E06  22231956.795   116829817.420       -3104.177          45.000                                                                  
R20  17950853.597    95991278.171       -4072.361          42.000    17950849.107    74659948.192       -3167.558          39.000  
R22  18855121.240   100649915.523        3039.768          45.000    18855116.191    78283175.220        2364.244          46.000  
R06  16679830.828    89006770.533       -2059.541          41.000                                                                  
R07  17662552.066    94549064.314        1014.880          49.000    17662545.227    73538229.108         789.441          46.000  
S31  35534973.602   186737618.195        -747.404          46.000  
S33  36525200.230   191941279.719        -746.620          40.000  
E05  18681963.954    98174454.513       -1056.351          45.000    18681963.642    75224616.270        -809.395          49.000  
E36  21278715.402   111820643.007       -2007.685          46.000    21278715.148    85680819.574       -1538.379          48.000  
R05  20373778.483   108909601.840       -4301.898          47.000    20373772.581    84707471.657       -3345.917          45.000  
R08  21582611.216   115573894.7291       2503.936          44.000    21582628.934    89891111.5751       1947.354          36.000  
R21  16073749.466    86013918.598        -146.339          49.000    16073743.340    66899654.534        -113.651          47.000  
E34  20511255.324   107787460.166         387.394          46.000    20511256.287    82590414.036         296.770          50.000  
E18  24780706.487   130223506.854       -1513.180          45.000    24780704.798    99781629.803       -1159.619          48.000  
G28  20680781.131   108678272.933       -1780.377          43.000    20680775.085    84684335.890       -1387.164          40.000  
E15  23912516.558   125661151.985        1790.315          41.000    23912515.354    96285822.078        1372.001          45.000  
E09  23126324.567   121529762.853       -3203.037          44.000    23126322.387    93120259.500       -2454.277          43.000  
G21  16910793.194    88866964.308       -2411.149          48.000                                                                  
G17  19205820.691   100927268.556         677.959          45.000    19205814.340    78644608.004         528.505          40.000  
G02  16901353.973    88817292.273       -1417.114          49.000                                                                  
G08  20832569.466   109475919.028       -4336.000          39.000    20832567.350    85305886.191       -3378.519          38.000  
G31  19922638.091   104694208.745         -21.658          43.000    19922632.024    81579881.669         -16.925          41.000  
G03  18030450.873    94750745.785        -250.957          48.000    18030447.404    73831812.417        -195.532          45.000  
G04  17643633.118    92717976.379        1217.566          45.000    17643627.722    72247785.466         948.767          44.000  
> 2024 06 08 09 10 00.4890000  0 27                     
G09  20596783.729   108236868.444        2495.911          42.000    20596779.605    84340415.083        1944.794          40.000  
E03  21837894.300   114758938.387        1339.691          47.000    21837892.767    87932216.042        1026.337          47.000  
G19  21525550.299   113117550.044        1698.102          41.000                                                                  
E06  22249694.034   116923026.216       -3110.203          45.000                                                                  
R20  17973748.105    96113704.936       -4089.421          42.000    17973744.010    74755168.995       -3180.898          40.000  
R22  18838061.832   100558850.526        3030.839          46.000    18838056.757    78212346.923        2357.239          47.000  
R06  16691443.634    89068740.976       -2072.387          41.000                                                                  
R07  17656907.639    94518849.755         998.895          49.000    17656901.331    73514728.926         776.947          47.000  
S31  35539241.548   186760046.473        -748.279          46.000  
S33  36529463.740   191963685.542        -747.413          41.000  
E05  18688028.646    98206325.161       -1068.774          44.000    18688028.406    75249036.652        -818.818          49.000  
E36  21290204.534   111881020.487       -2017.769          46.000    21290204.846    85727082.846       -1546.190          49.000  
R05  20397912.726   109038615.111       -4299.292          47.000    20397907.574    84807815.313       -3343.872          46.000  
R08  21568603.708   115498885.619        2496.264          42.000    21568606.145    89832771.189        1941.463          38.000  
R21  16074640.099    86018682.189        -171.753          50.000    16074633.345    66903359.557        -133.589          47.000  
E34  20509065.999   107775954.356         379.242          46.000    20509066.920    82581597.893         290.568          50.000  
E18  24789343.516   130268897.583       -1513.085          45.000    24789342.305    99816409.707       -1159.449          48.000  
G28  20690994.921   108731944.749       -1798.173          44.000    20690988.327    84726158.111       -1401.651          40.000  
E15  23902294.360   125607434.551        1790.530          41.000    23902292.859    96244661.995        1371.818          45.000  
E09  23144622.720   121625919.318       -3207.636          44.000    23144620.326    93193937.846       -2457.726          43.000  
G21  16924614.285    88939595.611       -2430.960          48.000                                                                  
G17  19202008.477   100907231.761         657.486          46.000    19202001.837    78628994.931         512.250          40.000  
G02  16909497.546    88860086.116       -1436.419          49.000                                                                  
G08  20857319.480   109605981.058       -4335.780          39.000    20857317.544    85407233.199       -3378.290          38.000  
G31  19922803.505   104695085.630         -37.163          42.000    19922798.929    81580564.954         -29.126          42.000  
G03  18031895.234    94758334.487        -255.544          48.000    18031891.709    73837725.692        -199.056          45.000  
G04  17636726.478    92681683.982        1201.215          44.000    17636721.104    72219505.684         936.108          43.000  
> 2024 06 08 09 10 30.4890000  0 27                     
G09  20582557.933   108162116.382        2487.262          43.000    20582555.795    84282166.767        1938.208          42.000  
E03  21830273.853   114718895.705        1329.497          46.000    21830272.865    87901533.988        1018.765          47.000  
G19  21515894.079   113066801.975        1684.851          40.000                                                                  
E06  22267467.923   117016427.445       -3116.775          45.000                                                                  
R20  17996740.869    96236660.722       -4107.394          41.000    17996738.344    74850801.255       -3194.731          40.000  
R22  18821055.128   100468068.161        3021.169          47.000    18821049.269    78141738.424        2349.666          46.000  
R06  16703132.096    89131111.651       -2085.984          41.000                                                                  
R07  17651356.212    94489131.929         982.098          49.000    17651349.200    73491615.074         763.886          46.000  
S31  35543516.709   186782513.375        -749.753          46.000  
S33  36533734.664   191986128.721        -749.017          41.000  
E05  18694165.338    98238577.412       -1081.669          43.000    18694166.008    75273749.435        -828.765          49.000  
E36  21301754.795   111941716.233       -2028.794          47.000    21301754.919    85773589.971       -1554.440          49.000  
R05  20422034.681   109167560.978       -4297.455          48.000    20422029.662    84908106.559       -3342.334          46.000  
R08  21554643.285   115424123.508        2487.801          43.000    21554639.519    89774622.944        1935.323          39.000  
R21  16075677.168    86024229.374        -198.110          50.000    16075670.023    66907674.026        -154.105          47.000  
E34  20506925.619   107764707.100         370.367          46.000    20506926.592    82572979.866         283.739          50.000  
E18  24797982.473   130314297.191       -1513.787          44.000    24797981.577    99851196.427       -1160.045          48.000  
G28  20701314.182   108786169.501       -1817.117          44.000    20701306.812    84768411.126       -1415.680          40.000  
E15  23892075.893   125553737.304        1789.647          42.000    23892074.571    96203517.392        1371.042          44.000  
E09  23162949.339   121722226.343       -3212.959          44.000    23162947.085    93267731.542       -2461.715          44.000  
G21  16938551.907    89012839.986       -2451.805          48.000                                                                  
G17  19198314.896   100887823.257         636.017          46.000    19198308.425    78613871.379         496.045          40.000  
G02  16917752.979    88903471.534       -1456.391          48.000                                                                  
G08  20882071.009   109736052.161       -4335.920          39.000    20882069.122    85508587.329       -3378.831          38.000  
G31  19923061.541   104696441.031         -53.534          42.000    19923056.747    81581621.087         -41.666          42.000  
G03  18033367.410    94766070.067        -260.616          48.000    18033363.159    73843753.429        -202.802          45.000  
G04  17629915.863    92645896.463        1184.247          44.000    17629911.356    72191619.314         922.845          44.000  
> 2024 06 08 09 11 00.4890000  0 27                     
G09  20568383.002   108087627.291        2478.345          42.000    20568381.311    84224123.424        1930.951          41.000  
E03  21822712.344   114679163.097        1318.866          46.000    21822711.806    87871089.543        1010.557          47.000  
G19  21506310.802   113016448.731        1671.555          39.000                                                                  
E06  22285280.233   117110031.421       -3123.917          45.000                                                                  
R20  18019834.608    96360155.252       -4125.859          40.000    18019832.753    74946852.552       -3208.894          41.000  
R22  18804103.556   100377584.529        3010.750          45.000    18804099.179    78071362.269        2341.692          46.000  
R06  16714897.400    89193891.746       -2099.857          40.000                                                                  
R07  17645899.981    94459922.965         964.661          49.000    17645892.753    73468896.995         750.415          46.000  
S31  35547801.387   186805029.452        -751.806          46.000  
S33  36538015.269   192008623.233        -751.257          41.000  
E05  18700377.273    98271222.343       -1095.154          43.000    18700378.245    75298763.090        -839.185          49.000  
E36  21313367.981   112002742.394       -2040.221          47.000    21313367.645    85820350.274       -1563.174          48.000  
R05  20446146.153   109296449.756       -4295.716          47.000    20446140.690    85008353.389       -3341.016          46.000  
R08  21540731.312   115349621.503        2478.757          40.000    21540725.621    89716676.997        1927.736          40.000  
R21  16076862.971    86030574.261        -225.275          50.000    16076856.177    66912608.933        -175.118          47.000  
E34  20504837.319   107753731.860         360.901          46.000    20504838.065    82564570.259         276.530          50.000  
E18  24806625.187   130359717.194       -1514.733          44.000    24806624.693    99885998.765       -1160.725          48.000  
G28  20711739.755   108840958.550       -1836.455          44.000    20711732.649    84811103.908       -1430.731          40.000  
E15  23881864.250   125500073.456        1787.865          42.000    23881862.716    96162398.342        1369.979          44.000  
E09  23181306.433   121818694.258       -3218.555          44.000    23181304.321    93341648.531       -2466.282          43.000  
G21  16952609.076    89086708.936       -2473.309          48.000                                                                  
G17  19194743.606   100869055.698         614.503          45.000    19194737.327    78599247.310         478.556          40.000  
G02  16926123.888    88947460.892       -1476.786          48.000                                                                  
G08  20906826.900   109866141.449       -4336.977          40.000    20906824.887    85609955.602       -3379.513          39.000  
G31  19923414.388   104698288.612         -70.256          44.000    19923408.412    81583060.757         -54.653          41.000  
G03  18034869.411    94773964.158        -266.173          48.000    18034865.233    73849904.712        -207.490          45.000  
G04  17623204.541    92610626.782        1166.815          44.000    17623200.088    72164136.439         909.253          44.000  
> 2024 06 08 09 11 30.4900000  0 27                     
G09  20554260.694   108013418.688        2468.457          42.000    20554258.612    84166298.637        1923.198          39.000  
E03  21815213.780   114639758.395        1307.488          46.000    21815213.473    87840896.338        1001.862          47.000  
G19  21496807.214   112966509.233        1656.963          40.000                                                                  
E06  22303135.050   117203857.978       -3131.571          46.000                                                                  
R20  18043032.743    96484205.0541      -4144.482          39.000    18043031.539    75043338.875       -3223.577          41.000  
R22  18787212.250   100287419.250        2999.282          46.000    18787208.535    78001233.736        2332.889          46.000  
R06  16726742.088    89257099.328       -2114.670          41.000                                                                  
R07  17640541.285    94431240.330         946.646          50.000    17640535.086    73446588.323         736.357          46.000  
S31  35552099.305   186827614.925        -754.545          46.000  
S33  36542308.700   192031186.324        -753.661          41.000  
E05  18706668.008    98304278.492       -1109.096          43.000    18706668.829    75324091.816        -849.899          50.000  
E36  21325047.896   112064119.636       -2052.356          47.000    21325047.010    85867379.572       -1572.348          48.000  
R05  20470251.034   109425302.781       -4294.881          48.000    20470245.158    85108572.441       -3340.351          45.000  
R08  21526871.218   115275396.768        2469.001          46.000    21526864.481    89658946.727        1920.733          40.000  
R21  16078201.073    86037737.369        -253.077          51.000    16078195.247    66918180.268        -196.850          47.000  
E34  20502804.799   107743048.141         350.574          47.000    20502805.013    82556384.029         268.742          51.000  
E18  24815276.085   130405177.128       -1516.626          44.000    24815275.530    99920831.689       -1162.001          48.000  
G28  20722276.761   108896331.549       -1856.055          44.000    20722270.020    84854251.704       -1446.173          40.000  
E15  23871661.650   125446460.753        1785.619          42.000    23871660.836    96121318.496        1368.224          45.000  
E09  23199698.141   121915343.131       -3224.950          44.000    23199695.912    93415704.162       -2471.109          44.000  
G21  16966788.606    89161222.052       -2494.847          49.000                                                                  
G17  19191297.737   100850948.275         592.088          44.000    19191290.730    78585137.618         461.069          39.000  
G02  16934614.136    88992074.371       -1498.297          49.000                                                                  
G08  20931588.754   109996268.857       -4338.251          39.000    20931588.310    85711353.544       -3380.591          39.000  
G31  19923864.235   104700647.957         -87.752          45.000    19923857.246    81584899.225         -68.256          41.000  
G03  18036404.746    94782035.146        -272.592          48.000    18036401.827    73856193.804        -212.378          47.000  
G04  17616595.877    92575893.115        1148.221          45.000    17616590.323    72137071.259         894.713          44.000  
> 2024 06 08 09 12 00.4900000  0 27                     
G09  20540199.085   107939518.668        2457.674          44.000    20540196.625    84108714.200        1915.104          41.000  
E03  21807782.369   114600706.233        1295.585          46.000    21807782.031    87810973.260         992.751          47.000  
G19  21487388.337   112917010.343        1642.502          41.000                                                                  
E06  22321034.382   117297920.440       -3139.671          45.000                                                                  
R20  18066335.480    96608828.454       -4164.497          37.000    18066336.112    75140268.136       -3238.909          40.000  
R22  18770385.692   100197604.044        2987.671          45.000    18770383.762    77931377.473        2323.818          46.000  
R06  16738669.534    89320748.987       -2129.464          41.000                                                                  
R07  17635286.378    94403107.358         928.257          50.000    17635280.100    73424707.143         722.063          47.000  
S31  35556414.159   186850289.060        -757.477          46.000  
S33  36546619.413   192053838.909        -756.915          41.000  
E05  18713041.551    98337764.039       -1123.475          44.000    18713041.006    75349749.576        -860.995          50.000  
E36  21336797.866   112125865.329       -2064.675          47.000    21336796.448    85914691.208       -1581.965          48.000  
R05  20494350.395   109554131.049       -4294.197          49.000    20494345.327    85208772.197       -3340.054          46.000  
R08  21513068.358   115201476.846        2458.616          46.000    21513059.440    89601453.420        1912.467          37.000  
R21  16079696.299    86045742.419        -281.177          49.000    16079690.996    66924406.436        -218.671          47.000  
E34  20500831.908   107732679.436         340.181          46.000    20500831.987    82548439.185         260.579          51.000  
E18  24823937.439   130450694.764       -1518.536          44.000    24823937.302    99955708.846       -1163.430          48.000  
G28  20732928.034   108952305.490       -1876.111          44.000    20732921.531    84897867.793       -1462.030          40.000  
E15  23861473.733   125392925.226        1783.114          41.000    23861473.538    96080297.801        1366.159          46.000  
E09  23218126.820   122012186.150       -3231.492          44.000    23218124.781    93489908.565       -2476.268          44.000  
G21  16981094.176    89236394.766       -2516.996          49.000                                                                  
G17  19187981.739   100833525.041         569.068          44.000    19187974.028    78571561.069         443.399          37.000  
G02  16943226.202    89037330.502       -1519.736          49.000                                                                  
G08  20956360.888   110126444.176       -4340.106          39.000    20956359.832    85812788.848       -3382.092          39.000  
G31  19924414.938   104703542.131        -105.687          45.000    19924407.729    81587154.461         -82.350          40.000  
G03  18037978.342    94790303.465        -279.150          47.000    18037975.760    73862636.631        -217.586          47.000  
G04  17610092.939    92541720.040        1129.423          45.000    17610087.259    72110442.901         880.008          44.000  
> 2024 06 08 09 12 30.4900000  0 27                     
G09  20526196.941   107865940.981        2446.844          43.000    20526195.868    84051381.075        1906.486          42.000  
E03  21800420.369   114562020.711        1282.869          45.000    21800420.021    87781331.132         982.979          47.000  
G19  21478055.538   112867966.950        1626.810          40.000                                                                  
E06  22338982.058   117392235.078       -3148.351          46.000                                                                  
R20  18089750.088    96734037.555       -4183.945          38.000    18089750.912    75237652.962       -3254.204          40.000  
R22  18753629.701   100108154.719        2975.225          46.000    18753627.393    77861805.822        2314.034          47.000  
R06  16750683.913    89384854.962       -2144.829          42.000                                                                  
R07  17630136.539    94375537.882         909.204          50.000    17630129.538    73403264.248         707.055          46.000  
S31  35560748.998   186873068.390        -761.372          46.000  
S33  36550949.667   192076595.270        -760.868          41.000  
E05  18719498.553    98371693.872       -1138.723          45.000    18719497.840    75375747.763        -872.615          50.000  
E36  21348620.508   112187996.500       -2077.914          47.000    21348619.484    85962298.197       -1592.161          47.000  
R05  20518449.488   109682952.548       -4294.473          43.000    20518443.980    85308966.719       -3340.089          41.000  
R08  21499323.864   115127875.616        2447.495          46.000    21499314.952    89544208.048        1903.278          38.000  
R21  16081353.715    86054606.082        -310.259          50.000    16081347.142    66931300.406        -241.257          46.000  
E34  20498922.075   107722641.621         328.615          46.000    20498921.812    82540747.871         251.813          51.000  
E18  24832613.436   130496285.991       -1521.277          43.000    24832613.012    99990642.381       -1165.662          48.000  
G28  20743696.948   109008896.373       -1897.125          44.000    20743690.356    84941964.599       -1478.217          40.000  
E15  23851302.675   125339481.076        1779.306          41.000    23851303.606    96039347.100        1363.499          46.000  
E09  23236595.367   122109239.767       -3239.150          43.000    23236593.389    93564274.305       -2481.923          44.000  
G21  16995527.430    89312244.094       -2540.107          48.000                                                                  
G17  19184799.211   100816800.598         545.391          44.000    19184790.519    78558529.010         424.847          37.000  
G02  16951963.947    89083245.719       -1541.889          49.000                                                                  
G08  20981144.500   110256683.698       -4343.030          38.000    20981143.248    85914274.182       -3384.210          39.000  
G31  19925070.360   104706987.399        -124.502          45.000    19925063.155    81589839.128         -97.202          40.000  
G03  18039592.225    94798783.814        -286.709          47.000    18039589.426    73869244.688        -223.519          47.000  
G04  17603699.119    92508122.130        1110.003          44.000    17603694.541    72084262.744         864.843          44.000  
> 2024 06 08 09 13 00.4900000  0 27                     
G09  20512262.046   107792711.285        2434.919          45.000    20512258.700    83994319.016        1897.173          39.000  
E03  21793133.256   114523726.428        1269.318          45.000    21793132.477    87751988.787         972.718          46.000  
G19  21468814.098   112819405.239        1610.146          41.000                                                                  
E06  22356981.434   117486824.077       -3157.923          46.000                                                                  
R20  18113279.530    96859853.493       -4204.270          40.000    18113278.928    75335509.788       -3270.001          39.000  
R22  18736948.055   100019099.681        2961.250          47.000    18736944.191    77792540.812        2303.339          47.000  
R06  16762785.882    89449439.037       -2161.445          40.000                                                                  
R07  17625096.419    94348555.508         889.140          50.000    17625088.723    73382277.969         691.601          47.000  
S31  35565107.995   186895975.234        -766.076          46.000  
S33  36555305.107   192099480.654        -765.264          40.000  
E05  18726044.541    98406090.932       -1154.729          46.000    18726043.517    75402103.950        -884.865          50.000  
E36  21360521.454   112250537.194       -2091.885          46.000    21360520.427    86010218.986       -1602.985          47.000  
R05  20542551.471   109811790.141       -4295.383          36.000    20542546.014    85409173.778       -3340.884          35.000  
R08  21485643.147   115054618.436        2435.623          46.000    21485635.862    89487230.216        1894.590          41.000  
R21  16083176.840    86064354.533        -340.184          51.000    16083168.060    66938882.541        -264.511          46.000  
E34  20497080.059   107712960.040         316.350          47.000    20497079.584    82533329.533         242.271          51.000  
E18  24841307.087   130541974.244       -1525.027          43.000    24841307.197   100025650.285       -1168.624          48.000  
G28  20754588.263   109066127.351       -1918.842          44.000    20754581.214    84986560.187       -1495.154          40.000  
E15  23841153.986   125286153.352        1775.413          41.000    23841155.717    95998485.643        1360.165          46.000  
E09  23255108.495   122206526.260       -3247.219          44.000    23255106.071    93638818.488       -2488.094          43.000  
G21  17010094.581    89388793.455       -2563.775          48.000                                                                  
G17  19181754.870   100800800.293         520.695          44.000    19181746.191    78546061.192         405.995          39.000  
G02  16960831.111    89129844.585       -1565.211          49.000                                                                  
G08  21005944.200   110387008.585       -4346.273          37.000    21005943.048    86015826.028       -3386.731          38.000  
G31  19925835.387   104711009.381        -144.276          45.000    19925828.478    81592973.150        -112.174          41.000  
G03  18041250.851    94807499.786        -294.763          47.000    18041247.607    73876036.372        -229.839          47.000  
G04  17597419.659    92475124.205        1089.451          44.000    17597414.383    72058550.075         849.054          44.000  
> 2024 06 08 09 13 30.4900000  0 27                     
G09  20498399.710   107719862.157        2421.991          43.000    20498394.943    83937553.435        1887.465          39.000  
E03  21785926.501   114485855.075        1255.230          45.000    21785925.924    87722970.500         961.940          46.000  
G19  21459672.022   112771358.366        1592.838          42.000                                                                  
E06  22375039.343   117581716.741       -3168.153          46.000                                                                  
R20  18136928.556    96986306.644       -4225.654          40.000    18136925.427    75433862.263       -3286.813          38.000  
R22  18720345.405    99930474.318        2946.889          47.000    18720341.129    77723609.984        2292.173          46.000  
R06  16774982.990    89514529.628       -2178.070          41.000                                                                  
R07  17620171.519    94322192.033         868.535          50.000    17620164.108    73361773.069         675.506          47.000  
S31  35569497.314   186919041.477        -771.551          46.000  
S33  36559690.282   192122525.636        -770.635          41.000  
E05  18732685.103    98440985.215       -1171.222          46.000    18732683.682    75428841.148        -897.618          50.000  
E36  21372506.136   112313518.566       -2106.722          46.000    21372505.495    86058477.443       -1614.235          47.000  
R05  20566661.864   109940673.494       -4297.620          31.000    20566656.769    85509416.444       -3342.520          28.000  
R08  21472032.295   114981738.091        2423.289          46.000    21472026.814    89430545.561        1884.905          41.000  
R21  16085169.765    86075020.774        -370.788          51.000    16085160.426    66947178.487        -288.397          45.000  
E34  20495312.011   107703667.190         303.105          47.000    20495311.151    82526209.035         232.350          51.000  
E18  24850026.060   130587790.098       -1529.253          44.000    24850025.559   100060755.941       -1171.828          48.000  
G28  20765606.177   109124028.783       -1941.211          44.000    20765599.140    85031678.176       -1512.604          39.000  
E15  23831034.785   125232974.301        1770.232          41.000    23831036.080    95957738.075        1356.212          46.000  
E09  23273671.270   122304075.043       -3256.092          44.000    23273669.218    93713563.656       -2494.888          43.000  
G21  17024799.747    89466072.854       -2587.988          48.000                                                                  
G17  19178854.036   100785556.842         495.524          44.000    19178847.444    78534183.174         386.290          40.000  
G02  16969833.606    89177157.813       -1589.015          48.000                                                                  
G08  21030766.111   110517446.935       -4349.512          38.000    21030764.815    86117466.287       -3389.412          39.000  
G31  19926716.072   104715640.537        -164.564          44.000    19926710.165    81596581.873        -128.175          41.000  
G03  18042960.030    94816482.111        -303.762          47.000    18042956.339    73883035.614        -236.726          46.000  
G04  17591260.144    92442758.185        1068.445          44.000    17591255.063    72033329.809         832.477          44.000  
> 2024 06 08 09 14 00.4900000  0 27                     
G09  20484609.421   107647398.516        2409.292          41.000    20484606.164    83881088.389        1876.970          39.000  
E03  21778800.734   114448410.654        1241.058          45.000    21778800.371    87694279.357         950.914          46.000  
G19  21450628.664   112723831.872        1575.604          43.000                                                                  
E06  22393154.580   117676914.861       -3178.360          46.000                                                                  
R20  18160695.537    97113395.625       -4247.065          41.000    18160691.740    75532709.236       -3303.127          39.000  
R22  18703825.458    99842286.125        2932.250          48.000    18703820.145    77655019.166        2280.640          46.000  
R06  16787277.339    89580127.260       -2195.196          43.000                                                                  
R07  17615362.190    94296450.029         847.556          50.000    17615354.625    73341751.526         659.325          46.000  
S31  35573917.672   186942271.261        -777.029          46.000  
S33  36564106.212   192145733.143        -776.531          41.000  
E05  18739420.331    98476379.184       -1188.015          46.000    18739418.985    75455961.201        -910.388          50.000  
E36  21384575.482   112376944.169       -2121.738          46.000    21384575.383    86107076.277       -1625.692          48.000  
R05  20590781.999   110069519.1721      -4298.143          26.000    20590774.488                1      -3342.337          24.000  
R08  21458493.523   114909238.938        2410.260          44.000    21458488.206    89374157.385        1874.613          40.000  
R21  16087335.029    86086610.364        -401.833          50.000    16087325.950    66956192.581        -312.524          45.000  
E34  20493618.795   107694767.873         289.979          47.000    20493617.647    82519390.075         222.360          51.000  
E18  24858769.763   130633736.506       -1533.720          44.000    24858768.836   100095961.633       -1175.222          48.000  
G28  20776752.701   109182603.288       -1963.843          43.000    20776745.314    85077320.663       -1530.292          40.000  
E15  23820944.570   125179948.452        1765.167          41.000    23820945.231    95917107.882        1352.426          45.000  
E09  23292284.620   122401887.943       -3264.732          44.000    23292282.344    93788511.210       -2501.661          43.000  
G21  17039644.451    89544083.889       -2612.747          48.000                                                                  
G17  19176098.147   100771074.544         469.906          45.000    19176092.375    78522898.278         366.473          41.000  
G02  16978973.991    89225189.015       -1613.149          48.000                                                                  
G08  21055609.223   110647999.459       -4353.848          38.000    21055608.273    86219195.510       -3392.350          39.000  
G31  19927713.837   104720885.085        -185.312          43.000    19927708.500    81600668.506        -144.086          42.000  
G03  18044720.735    94825733.886        -312.817          47.000    18044717.493    73890244.804        -243.862          47.000  
G04  17585222.211    92411028.291        1047.032          43.000    17585217.180    72008605.220         815.861          43.000  
> 2024 06 08 09 14 30.4900000  0 27                     
G09  20470894.049   107575319.381        2396.258          42.000    20470889.095    83824922.867        1867.049          37.000  
E03  21771756.968   114411391.167        1227.029          46.000    21771755.679    87665913.789         940.197          46.000  
G19  21441683.203   112676824.661        1558.165          43.000                                                                  
E06  22411327.599   117772413.963       -3188.310          46.000                                                                  
R20  18184580.307    97241115.840       -4267.615          39.000    18184576.681    75632047.195       -3319.385          40.000  
R22  18687386.627    99754536.339        2917.687          47.000    18687381.735    77586769.337        2269.335          46.000  
R06  16799664.905    89646226.505       -2211.791          42.000                                                                  
R07  17610669.288    94271326.742         827.159          51.000    17610661.968    73322211.205         643.419          47.000  
S31  35578368.204   186965659.677        -782.258          46.000  
S33  36568553.238   192169100.825        -781.722          41.000  
E05  18746249.826    98512269.096       -1204.495          46.000    18746248.528    75483461.276        -922.986          50.000  
E36  21396729.946   112440811.402       -2136.269          47.000    21396729.297    86156013.511       -1636.884          48.000  
R05  20614908.094   110198522.400       -4299.583          29.000    20614902.760    85709914.1061      -3343.840          28.000  
R08  21445025.445   114837119.484        2397.681          45.000    21445020.462    89318064.460        1864.695          42.000  
R21  16089672.051    86099121.838        -432.512          49.000    16089664.158    66965923.741        -336.397          46.000  
E34  20491999.930   107686260.867         277.121          47.000    20491998.901    82512871.746         212.235          51.000  
E18  24867537.555   130679810.307       -1537.884          44.000    24867536.407   100131264.936       -1178.470          48.000  
G28  20788026.052   109241847.416       -1985.962          43.000    20788019.104    85123484.930       -1547.449          39.000  
E15  23810883.736   125127074.357        1759.896          41.000    23810883.663    95876593.974        1348.517          45.000  
E09  23310947.217   122499960.650       -3273.454          44.000    23310944.697    93863657.840       -2508.280          43.000  
G21  17054627.938    89622823.163       -2636.917          48.000                                                                  
G17  19173486.434   100757351.612         444.801          44.000    19173480.823    78512205.106         346.442          41.000  
G02  16988250.424    89273935.912       -1636.904          48.000                                                                  
G08  21080472.957   110778660.578       -4357.106          38.000    21080472.397    86321009.367       -3395.286          39.000  
G31  19928827.684   104726741.865        -205.549          43.000    19928823.027    81605232.244        -160.192          42.000  
G03  18046532.050    94835252.070        -321.861          47.000    18046529.857    73897661.574        -250.915          48.000  
G04  17579305.378    92379932.659        1025.883          44.000    17579299.967    71984293.8851        799.431          43.000  
