     3.00           OBSERVATION DATA    M: Mixed            RINEX VERSION / TYPE
CONVBIN demo5 b34j                      20240609 013620 UTC PGM / RUN BY / DATE 
log: SAUC00CHL_R_20241601900_15M_30S_MO.ubx                 COMMENT             
format: u-blox UBX                                          COMMENT             
format: u-blox UBX                                          COMMENT             
log: SAUC00CHL_R_20241601900_15M_30S_MO.ubx                 COMMENT             
SAUC00CHL                                                   MARKER NAME         
                                                            MARKER NUMBER       
GEODETIC                                                    MARKER TYPE         
El Sauce            Obstech                                 OBSERVER / AGENCY   
UNKNOWN             UBLOX-ZED-F9P                           REC # / TYPE / VERS 
UNKNWOWN            TWIVSP6037L                             ANT # / TYPE        
  1813185.0000 -5195981.0000 -3216438.0000                  APPROX POSITION XYZ 
        0.0000        0.0000        0.0000                  ANTENNA: DELTA H/E/N
G    8 C1C L1C D1C S1C C2X L2X D2X S2X                      SYS / # / OBS TYPES 
R    8 C1C L1C D1C S1C C2C L2C D2C S2C                      SYS / # / OBS TYPES 
E    8 C1X L1X D1X S1X C7X L7X D7X S7X                      SYS / # / OBS TYPES 
S    4 C1C L1C D1C S1C                                      SYS / # / OBS TYPES 
  2024    06    08    19    00   00.0070000     GPS         TIME OF FIRST OBS   
  2024    06    08    19    14   30.0070000     GPS         TIME OF LAST OBS    
                                                            END OF HEADER       
> 2024 06 08 19 00 00.0070000  0 26                     
E08  28711273.424   150878636.3021      -3602.626          42.000    28711282.871   115608255.2091      -2760.643          44.000  
G23  26511900.536   139320900.2671      -1330.743          40.000    26511903.140   108561759.0851      -1036.846          40.000  
G12  24424765.881   128353202.9091       1074.827          47.000    24424765.896   100016021.4281        837.486          41.000  
R13  22581542.936   120584179.1481      -1773.151          41.000    22581543.334    93787987.0151      -1379.241          41.000  
R12  24816093.520   132563108.7841      -3129.266          50.000    24816093.312   103104953.2331      -2434.312          41.000  
R14  23762332.796   126666839.4801        711.717          51.000    23762336.376    98518840.8261        553.604          46.000  
R03  21830840.733   116862201.7871      -1637.571          51.000    21830837.691    90892895.5441      -1273.916          49.000  
R22  24900619.662   132921211.0201       -923.513          46.000    24900618.706   103383236.5911       -718.407          43.000  
R04  23836793.997   127644946.0161       2094.693          49.000    23836791.189    99279414.5731       1629.256          46.000  
G19  23161685.312   121715789.2581      -1181.047          47.000                                                                  
S31  40705595.415   213909277.3041       -745.101          45.000  
S33  41697083.075   219119524.4071       -746.978          41.000  
G17  24007525.744   126160680.6841      -2413.438          47.000    24007523.146    98307144.8981      -1880.288          42.000  
R02  23724484.230   126598294.1481      -4821.639          50.000    23724489.447    98465343.8241      -3750.213          46.000  
R23  24306842.270   130025342.5511       1899.764          47.000                                                                  
G25  26695945.657   140288104.5761       1693.047          37.000    26695968.942   109315461.3771       1319.196          38.000  
E18  26636987.154   139978587.3551      -5775.688          44.000    26636989.958   107256467.2341      -4425.530          45.000  
E21  29398307.106   154489160.1641       1239.820          42.000    29398326.808   118374916.5561        949.969          44.000  
G13  22741433.103   119507062.6451      -2779.157          48.000                                                                  
E07  25513651.837   134075189.2461      -1781.620          44.000    25513656.789   102732947.9091      -1365.121          50.000  
G05  27221801.254   143051268.2821      -3342.998          40.000    27221814.456   111468447.4661      -2605.127          35.000  
G22  24501913.788   128758612.1091      -3587.194          47.000                                                                  
G24  24097202.200   126631894.7481       1251.000          47.000    24097202.906    98674476.0151        974.792          47.000  
G15  22634528.260   118945277.2661      -1110.302          48.000    22634524.849    92684690.0191       -865.074          43.000  
E30  26629904.513   139941270.4781      -2404.369          46.000    26629907.884   107227837.2821      -1842.310          50.000  
E27  25895543.074   136082237.9741       -355.273          46.000    25895546.587   104270954.8151       -272.268          50.000  
> 2024 06 08 19 00 30.0070000  0 26                     
E08  28731847.487   150986751.534       -3604.991          42.000    28731856.898   115691096.379       -2762.336          44.000  
G23  26519532.157   139361007.222       -1343.080          41.000    26519536.647   108593011.015       -1046.539          41.000  
G12  24418652.277   128321076.249        1067.026          46.000    24418652.528    99990987.853         831.479          41.000  
R13  22591510.823   120637398.357       -1774.308          41.000    22591509.574    93829379.739       -1380.417          40.000  
R12  24833657.474   132656931.855       -3125.412          49.000    24833657.005   103177926.680       -2431.095          40.000  
R14  23758337.753   126645540.263         708.281          50.000    23758339.359    98502274.923         550.953          45.000  
R03  21840087.972   116911703.588       -1662.352          50.000    21840083.923    90931396.849       -1292.960          48.000  
R22  24905868.853   132949235.960        -944.815          45.000    24905868.359   103405033.739        -734.735          42.000  
R04  23825108.688   127582371.998        2077.034          48.000    23825105.793    99230745.883        1615.538          46.000  
G19  23168479.224   121751493.979       -1199.193          46.000                                                                  
S31  40709843.474   213931600.245        -742.943          45.000  
S33  41701342.043   219141905.059        -744.883          40.000  
G17  24021350.129   126233329.853       -2429.902          47.000    24021347.905    98363754.641       -1893.300          42.000  
R02  23751612.634   126743057.338       -4829.017          49.000    23751618.637    98577937.027       -3755.980          46.000  
R23  24296223.115   129968536.584        1887.505          47.000                                                                  
G25  26686289.112   140237364.236        1690.122          39.000    26686313.171   109275924.285        1316.736          39.000  
E18  26669967.642   140151902.571       -5778.573          44.000    26669970.708   107389267.169       -4427.619          45.000  
E21  29391238.322   154452015.677        1236.688          42.000    29391258.398   118346455.889         947.542          45.000  
G13  22757338.373   119590646.521       -2793.030          48.000                                                                  
E07  25523853.735   134128797.605       -1792.060          45.000    25523858.152   102774024.423       -1373.121          50.000  
G05  27240861.057   143151426.238       -3334.083          41.000    27240873.643   111546492.726       -2597.814          35.000  
G22  24522397.419   128866253.718       -3588.744          47.000                                                                  
G24  24090061.668   126594369.657        1250.811          47.000    24090061.552    98645235.691         974.642          46.000  
G15  22640914.116   118978833.454       -1126.656          49.000    22640910.588    92710837.649        -877.691          44.000  
E30  26643632.251   140013412.284       -2404.875          46.000    26643636.150   107283114.794       -1842.777          50.000  
E27  25897587.257   136092979.006        -360.583          47.000    25897590.505   104279184.987        -276.257          50.000  
> 2024 06 08 19 01 00.0070000  0 26                     
E08  28752434.867   151094936.474       -3607.364          42.000    28752444.322   115773990.967       -2764.160          44.000  
G23  26527236.873   139401487.082       -1355.592          42.000    26527240.021   108624553.549       -1056.488          41.000  
G12  24412582.997   128289181.395        1059.283          47.000    24412582.682    99966134.908         825.310          41.000  
R13  22601481.773   120690650.7941      -1775.563          39.000    22601481.161    93870798.306       -1380.908          38.000  
R12  24851198.467   132750632.119       -3121.201          48.000    24851197.596   103250804.624       -2427.915          40.000  
R14  23754361.173   126624345.566         704.781          49.000    23754362.764    98485790.351         548.150          45.000  
R03  21849472.583   116961943.456       -1686.899          50.000    21849468.956    90970472.227       -1312.039          48.000  
R22  24911237.999   132977897.422        -965.918          45.000    24911237.772   103427326.002        -751.332          42.000  
R04  23813522.693   127520324.987        2059.526          48.000    23813518.666    99182487.097        1601.866          46.000  
G19  23175375.337   121787737.348       -1217.057          45.000                                                                  
S31  40714078.722   213953856.605        -740.818          45.000  
S33  41705588.246   219164220.336        -742.736          41.000  
G17  24035268.078   126306467.980       -2445.978          47.000    24035265.509    98420745.363       -1905.865          42.000  
R02  23778781.969   126888037.030       -4836.170          49.000    23778788.796    98690698.623       -3761.502          46.000  
R23  24285671.367   129912094.845        1875.382          46.000                                                                  
G25  26676653.764   140186723.590        1686.422          41.000    26676675.550   109236464.776        1314.059          39.000  
E18  26702963.656   140325298.107       -5781.175          44.000    26702966.744   107522128.670       -4429.822          45.000  
E21  29384186.364   154414961.777        1233.688          42.000    29384207.028   118318064.645         945.217          46.000  
G13  22773322.335   119674645.290       -2806.775          47.000                                                                  
E07  25534115.057   134182718.238       -1802.497          46.000    25534118.924   102815340.201       -1381.026          50.000  
G05  27259869.584   143251318.039       -3325.401          41.000    27259882.349   111624330.629       -2590.829          34.000  
G22  24542889.401   128973940.659       -3590.248          47.000                                                                  
G24  24082920.814   126556844.048        1250.973          48.000    24082919.943    98615994.950         974.757          46.000  
G15  22647389.967   119012874.678       -1142.737          47.000    22647388.982    92737363.253        -890.355          45.000  
E30  26657363.229   140085567.668       -2405.272          46.000    26657366.943   107338402.679       -1843.070          50.000  
E27  25899660.992   136103872.420        -365.498          47.000    25899663.130   104287531.935        -280.182          49.000  
> 2024 06 08 19 01 30.0070000  0 26                     
E08  28773038.001   151203206.955       -3610.813          42.000    28773048.011   115856951.094       -2766.747          45.000  
G23  26535014.304   139442355.310       -1369.192          42.000    26535017.595   108656398.718       -1066.790          41.000  
G12  24406560.460   128257535.632        1050.281          46.000    24406559.939    99941476.052         818.191          40.000  
R13  22611464.111   120743952.717       -1777.873          40.000    22611462.447    93912255.366       -1382.726          39.000  
R12  24868719.389   132844227.002       -3118.563          48.000    24868719.529   103323600.574       -2425.598          41.000  
R14  23750408.881   126603272.274         700.004          50.000    23750410.704    98469400.173         544.280          47.000  
R03  21858998.763   117012937.244       -1712.645          50.000    21858995.292    91010134.007       -1332.143          48.000  
R22  24916730.922   133007213.489        -988.513          46.000    24916729.599   103450127.402        -769.092          42.000  
R04  23802037.486   127458826.298        2040.399          48.000    23802033.467    99134654.814        1587.000          45.000  
G19  23182377.147   121824536.210       -1236.337          44.000                                                                  
S31  40718304.642   213976065.038        -739.816          45.000  
S33  41709825.285   219186487.029        -741.751          41.000  
G17  24049281.553   126380110.578       -2463.607          47.000    24049279.196    98478129.217       -1919.791          42.000  
R02  23805994.243   127033246.494       -4844.425          49.000    23806001.147    98803638.929       -3767.898          46.000  
R23  24275191.899   129856039.836        1861.647          46.000                                                                  
G25  26667038.664   140136199.949        1682.062          39.000    26667059.264   109197096.536        1310.690          37.000  
E18  26735977.445   140498787.495       -5784.753          43.000    26735980.982   107655062.071       -4432.693          46.000  
E21  29377156.108   154378015.769        1229.336          42.000    29377175.668   118289756.084         941.979          46.000  
G13  22789388.149   119759075.080       -2821.856          46.000                                                                  
E07  25544438.799   134236968.049       -1814.293          46.000    25544442.202   102856908.193       -1390.129          50.000  
G05  27278830.929   143350958.523       -3317.687          40.000    27278843.312   111701972.733       -2585.271          32.000  
G22  24563393.471   129081688.517       -3592.964          47.000                                                                  
G24  24075783.749   126519336.450        1249.438          48.000    24075782.715    98586768.270         973.659          46.000  
G15  22653963.260   119047418.310       -1160.255          45.000    22653963.010    92764280.288        -904.090          45.000  
E30  26671099.532   140157752.717       -2407.038          46.000    26671103.233   107393713.324       -1844.478          50.000  
E27  25901765.335   136114934.603        -371.924          47.000    25901767.813   104296008.201        -285.031          49.000  
> 2024 06 08 19 02 00.0070000  0 27                     
E08  28793664.950   151311601.540       -3615.386          42.000    28793675.088   115940006.300       -2770.390          45.000  
G23  26542871.707   139483650.374       -1384.314          39.000    26542875.463   108688576.466       -1078.379          41.000  
G12  24400593.144   128226178.659        1040.215          46.000    24400591.732    99917042.208         810.680          39.000  
R13  22621463.736   120797343.947       -1781.304          41.000    22621461.257    93953781.892       -1385.331          40.000  
R12  24886228.702   132937757.062       -3116.990          48.000    24886228.753   103396346.114       -2424.287          42.000  
R14  23746485.642   126582359.660         694.101          49.000    23746489.643    98453134.972         539.913          48.000  
R03  21868673.431   117064724.264       -1739.713          50.000    21868669.728    91050412.720       -1353.104          48.000  
R22  24922352.199   133037225.503       -1012.347          45.000    24922351.549   103473470.022        -787.256          42.000  
R04  23790663.623   127397920.432        2020.041          49.000    23790659.894    99087283.621        1571.047          45.000  
G19  23189493.158   121861930.056       -1256.745          45.000                                                                  
S31  40722529.447   213998265.565        -740.123          45.000  
S33  41714061.311   219208745.682        -742.179          41.000  
G17  24063398.890   126454296.231       -2482.148          47.000    24063396.147    98535936.194       -1934.097          41.000  
R02  23833256.643   127178722.167       -4853.711          49.000    23833263.624    98916786.287       -3775.217          45.000  
R23  24264793.621   129800416.351        1846.725          46.000                                                                  
R24  26120681.696   139679010.0531       3051.184          43.000    26120696.779   108639262.7373       2373.220          41.000  
G25  26657452.921   140085833.500        1676.285          41.000    26657473.242   109157850.818        1305.950          38.000  
E18  26769016.455   140672407.095       -5789.608          43.000    26769019.615   107788095.215       -4436.294          46.000  
E21  29370152.468   154341217.681        1223.891          41.000    29370171.704   118261560.859         937.723          44.000  
G13  22805543.607   119843974.438       -2838.110          45.000                                                                  
E07  25554831.986   134291586.629       -1826.936          46.000    25554835.704   102898758.752       -1399.937          50.000  
G05  27297750.479   143450385.502       -3310.856          40.000    27297762.390   111779448.462       -2579.870          33.000  
G22  24583915.997   129189535.251       -3596.884          47.000                                                                  
G24  24068657.549   126481888.092        1247.030          48.000    24068656.963    98557587.775         971.691          46.000  
G15  22660641.634   119082503.920       -1178.797          47.000    22660639.899    92791619.687        -918.660          45.000  
E30  26684849.051   140230006.292       -2409.830          46.000    26684852.659   107449076.467       -1846.503          50.000  
E27  25903909.493   136126204.690        -379.381          47.000    25903912.213   104304643.782        -290.626          49.000  
> 2024 06 08 19 02 30.0070000  0 28                     
E08  28814320.724   151420145.188       -3620.835          42.000    28814330.753   116023175.712       -2774.404          45.000  
G23  26550815.597   139525396.835       -1399.253          39.000    26550819.338   108721105.997       -1090.529          40.000  
G12  24394685.747   128195136.790        1029.284          46.000    24394684.369    99892853.904         802.083          39.000  
R13  22631483.335   120850850.015       -1785.510          40.000    22631481.654    93995397.714       -1388.789          40.000  
R12  24903730.578   133031248.717       -3115.983          47.000    24903730.147   103469061.774       -2423.550          42.000  
R14  23742595.927   126561633.385         687.512          48.000    23742602.131    98437014.705         534.759          48.000  
R03  21878501.229   117117329.889       -1767.366          51.000    21878497.308    91091328.135       -1374.551          49.000  
R22  24928109.392   133067960.716       -1036.824          45.000    24928108.933   103497375.208        -806.489          42.000  
R04  23779406.504   127337637.669        1998.785          49.000    23779403.151    99040397.060        1554.434          46.000  
G19  23196727.945   121899944.919       -1277.682          46.000                                                                  
S31  40726757.163   214020483.506        -741.141          45.000  
S33  41718300.042   219231021.923        -743.122          40.000  
G17  24077623.902   126529049.423       -2501.404          47.000    24077621.143    98594185.464       -1949.150          41.000  
R02  23860572.731   127324485.944       -4863.768          48.000    23860579.970    99030157.703       -3782.993          45.000  
R23  24254481.751   129745255.305        1830.746          47.000                                                                  
R24  26103552.814   139587408.548        3055.490          44.000    26103569.859   108568017.066        2376.651          41.000  
G25  26647903.901   140035651.010        1669.595          44.000    26647922.696   109118748.410        1300.605          34.000  
E18  26802083.950   140846179.614       -5795.091          43.000    26802087.245   107921245.530       -4440.407          45.000  
E21  29363181.958   154304593.949        1217.719          41.000    29363200.691   118233499.213         933.151          42.000  
G13  22821793.471   119929368.548       -2855.060          46.000                                                                  
E07  25565299.930   134346600.058       -1840.599          45.000    25565304.478   102940911.843       -1410.324          50.000  
G05  27316634.695   143549622.976       -3305.020          40.000    27316648.574   111856776.538       -2575.534          33.000  
G22  24604462.319   129297505.222       -3601.224          47.000                                                                  
G24  24061547.244   126444526.638        1243.904          47.000    24061547.859    98528474.980         969.301          47.000  
G15  22667426.387   119118157.646       -1198.140          48.000    22667424.345    92819401.806        -933.651          45.000  
E30  26698616.274   140302353.586       -2413.274          46.000    26698619.724   107504511.432       -1849.105          50.000  
E27  25906099.024   136137708.224        -387.511          47.000    25906100.974   104313458.235        -296.915          48.000  
G06                                                                  27291785.155   111755306.3891       1171.690          30.000  
> 2024 06 08 19 03 00.0070000  0 28                     
E08  28835008.381   151528858.602       -3626.952          43.000    28835018.748   116106475.217       -2779.068          46.000  
G23  26558849.329   139567615.240       -1415.657          41.000    26558853.076   108754003.207       -1103.014          41.000  
G12  24388842.395   128164432.004        1017.420          47.000    24388842.103    99868928.282         793.004          40.000  
R13  22641528.265   120904492.731       -1790.729          39.000    22641526.924    94037119.781       -1392.921          39.000  
R12  24921229.112   133124724.769       -3116.144          46.000    24921229.487   103541765.290       -2423.458          42.000  
R14  23738745.199   126541115.240         679.995          47.000    23738751.349    98421056.323         528.955          47.000  
R03  21888484.974   117170775.154       -1795.940          50.000    21888481.636    91132896.614       -1396.900          49.000  
R22  24934008.373   133099442.187       -1062.282          46.000    24934007.088   103521860.752        -826.221          42.000  
R04  23768269.790   127278004.128        1976.527          49.000    23768266.628    98994015.407        1537.342          46.000  
G19  23204085.022   121938602.567       -1299.721          47.000                                                                  
S31  40730992.970   214042742.107        -743.221          45.000  
S33  41722546.654   219253339.184        -744.947          41.000  
G17  24091960.659   126604390.144       -2521.493          46.000    24091957.879    98652892.513       -1964.502          41.000  
G06  27283188.056   143374128.5161       1501.925          38.000    27283204.462   111720179.659        1170.077          36.000  
R02  23887946.886   127470556.416       -4874.402          48.000    23887954.133    99143767.661       -3791.312          45.000  
R23  24244261.911   129690583.865        1813.728          47.000                                                                  
R24  26086402.928   139495693.256        3058.792          45.000    26086418.467   108496682.933        2379.075          41.000  
G25  26638393.507   139985674.705        1661.887          43.000    26638411.174   109079806.750        1295.062          36.000  
E18  26835184.429   141020123.657       -5801.202          44.000    26835187.796   108054527.270       -4445.128          45.000  
E21  29356250.533   154268166.790        1210.715          42.000    29356267.728   118205588.212         927.634          42.000  
G13  22838142.135   120015278.065       -2872.681          47.000                                                                  
E07  25575847.359   134402030.032       -1854.939          44.000    25575852.460   102983384.131       -1421.299          50.000  
G05  27335486.245   143648691.168       -3299.716          38.000    27335500.422   111933972.654       -2571.557          33.000  
G22  24625035.433   129405618.809       -3606.609          47.000                                                                  
G24  24054458.553   126407275.567        1239.518          47.000    24054459.598    98499448.195         965.858          47.000  
G15  22674322.391   119154401.494       -1218.287          48.000    22674320.675    92847643.756        -949.354          44.000  
E30  26712405.277   140374815.607       -2417.654          46.000    26712408.550   107560034.297       -1852.457          50.000  
E27  25908336.672   136149466.536        -396.651          47.000    25908338.452   104322467.899        -303.811          48.000  
> 2024 06 08 19 03 30.0070000  0 28                     
E08  28855734.372   151637772.304       -3634.147          43.000    28855744.736   116189928.172       -2784.632          46.000  
G23  26566979.875   139610335.791       -1432.627          42.000    26566982.849   108787291.704       -1116.462          41.000  
G12  24383069.825   128134095.891        1004.774          47.000    24383069.640    99845289.944         782.791          41.000  
R13  22651605.265   120958303.392       -1796.784          40.000    22651603.683    94078972.514       -1397.690          39.000  
R12  24938731.261   133218217.391       -3117.118          47.000    24938731.296   103614481.720       -2424.227          42.000  
R14  23734940.532   126520836.447         671.496          48.000    23734945.051    98405284.125         522.264          46.000  
R03  21898631.027   117225090.843       -1825.383          49.000    21898628.465    91175142.091       -1419.710          49.000  
R22  24940051.705   133131702.852       -1088.562          45.000    24940050.623   103546952.384        -846.950          42.000  
R04  23757262.539   127219055.887        1953.150          49.000    23757258.882    98948166.786        1519.015          46.000  
G19  23211569.791   121977934.277       -1322.679          48.000                                                                  
S31  40735242.295   214065073.158        -745.944          45.000  
S33  41726807.188   219275727.756        -747.993          41.000  
G17  24106415.536   126680348.524       -2542.499          46.000    24106412.729    98712080.866       -1981.157          41.000  
G06  27274620.898   143329105.548        1499.372          40.000    27274635.790   111685097.616        1168.431          36.000  
R02  23915383.737   127616961.627       -4886.001          48.000    23915390.490    99257637.965       -3800.332          45.000  
R23  24234139.788   129636439.133        1795.637          47.000                                                                  
R24  26069236.672   139403900.408        3060.565          45.000    26069252.772   108425288.524        2379.889          41.000  
G25  26628928.121   139935936.682        1653.855          42.000    26628944.679   109041050.653        1289.335          36.000  
E18  26868323.129   141194267.538       -5808.355          44.000    26868326.354   108187962.132       -4450.670          45.000  
E21  29349362.773   154231968.205        1202.468          44.000    29349378.857   118177852.326         921.338          42.000  
G13  22854594.087   120101733.453       -2891.382          47.000                                                                  
E07  25586479.900   134457908.102       -1870.442          44.000    25586485.912   103026199.794       -1433.164          50.000  
G05  27354311.640   143747619.971       -3295.643          38.000    27354325.113   112011060.122       -2567.284          33.000  
G22  24645642.049   129513906.532       -3612.856          47.000                                                                  
G24  24047397.246   126370168.045        1234.117          47.000    24047398.064    98470533.263         961.619          47.000  
G15  22681336.365   119191266.867       -1239.440          47.000    22681335.633    92876369.977        -966.023          43.000  
E30  26726222.058   140447423.104       -2423.015          46.000    26726225.237   107615668.617       -1856.588          49.000  
E27  25910627.837   136161510.667        -406.716          47.000    25910630.438   104331696.567        -311.627          48.000  
> 2024 06 08 19 04 00.0070000  0 28                     
E08  28876503.474   151746914.300       -3641.963          43.000    28876514.375   116273556.045       -2790.556          47.000  
G23  26575210.042   139653586.104       -1450.430          42.000    26575213.451   108820993.066       -1130.258          40.000  
G12  24377372.600   128104158.284         991.189          47.000    24377373.651    99821962.104         772.530          42.000  
R13  22661719.951   121012310.544       -1803.325          41.000    22661717.530    94120978.091       -1403.007          39.000  
R12  24956242.374   133311756.464       -3118.831          45.000    24956242.199   103687234.315       -2425.790          43.000  
R14  23731188.140   126500825.737         662.442          48.000    23731190.686    98389720.462         515.135          46.000  
R03  21908945.270   117280304.898       -1855.455          49.000    21908942.471    91218086.294       -1443.100          48.000  
R22  24946245.793   133164772.976       -1115.688          44.000    24946245.963   103572673.580        -868.163          42.000  
R04  23746387.564   127160826.706        1928.848          49.000    23746385.036    98902877.462        1500.242          47.000  
G19  23219187.519   122017969.087       -1346.321          47.000                                                                  
S31  40739511.057   214087505.032        -749.501          45.000  
S33  41731087.380   219298218.471        -751.335          41.000  
G17  24120992.479   126756952.711       -2564.240          45.000    24120990.179    98771772.417       -1998.163          42.000  
G06  27266069.807   143284172.144        1496.480          40.000    27266083.833   111650085.380        1165.820          37.000  
R02  23942887.205   127763727.194       -4898.139          48.000    23942893.915    99371788.514       -3809.800          44.000  
R23  24224122.630   129582855.359        1776.594          45.000                                                                  
R24  26052062.508   139312063.456        3061.944          44.000    26052079.654   108353859.803        2381.390          42.000  
G25  26619513.883   139886466.683        1644.519          42.000    26619530.374   109002503.537        1281.453          37.000  
E18  26901504.719   141368637.111       -5816.141          44.000    26901507.873   108321569.915       -4456.358          45.000  
E21  29342524.026   154196027.633        1193.677          45.000    29342539.401   118150314.130         914.702          43.000  
G13  22871155.917   120188762.905       -2910.565          47.000                                                                  
E07  25597204.402   134514263.349       -1886.433          45.000    25597210.366   103069381.079       -1445.503          51.000  
G05  27373116.013   143846436.183       -3292.168          38.000    27373132.255   112088059.877       -2565.116          34.000  
G22  24666286.600   129622395.833       -3619.727          47.000                                                                  
G24  24040369.344   126333234.848        1227.953          47.000    24040369.128    98441754.161         956.818          46.000  
G15  22688477.196   119228783.066       -1261.445          48.000    22688473.797    92905603.291        -982.985          43.000  
E30  26740071.992   140520204.432       -2428.992          46.000    26740074.993   107671436.124       -1861.165          49.000  
E27  25912979.082   136173869.242        -417.134          46.000    25912982.540   104341166.156        -319.671          49.000  
> 2024 06 08 19 04 30.0070000  0 28                     
E08  28897317.292   151856292.479       -3649.788          43.000    28897328.763   116357364.909       -2796.679          47.000  
G23  26583543.245   139697373.859       -1468.517          42.000    26583546.107   108855113.140       -1144.246          39.000  
G12  24371753.268   128074627.872         977.640          47.000    24371753.945    99798951.573         761.802          42.000  
R13  22671872.106   121066523.084       -1810.475          40.000    22671870.009    94163143.384       -1408.248          40.000  
R12  24973762.435   133405351.301       -3120.793          45.000    24973762.898   103760030.209       -2426.965          43.000  
R14  23727486.353   126481092.047         653.339          49.000    23727489.336    98374372.232         508.129          47.000  
R03  21919429.102   117336425.525       -1885.608          49.000    21919426.260    91261735.604       -1466.636          48.000  
R22  24952595.099   133198662.482       -1143.277          45.000    24952594.817   103599032.068        -889.074          43.000  
R04  23735650.722   127103329.346        1904.525          50.000    23735647.734    98858157.330        1481.178          47.000  
G19  23226940.746   122058715.929       -1370.014          45.000                                                                  
S31  40743800.980   214110048.221        -753.093          45.000  
S33  41735387.820   219320819.916        -755.262          41.000  
G17  24135693.741   126834209.878       -2585.881          44.000    24135691.734    98831972.757       -2014.949          42.000  
G06  27257538.589   143239340.625        1492.689          38.000    27257552.229   111615152.541        1163.119          36.000  
R02  23970461.030   127910857.947       -4910.291          49.000    23970466.602    99486223.088       -3818.922          44.000  
R23  24214212.289   129529846.109        1757.495          45.000                                                                  
R24  26034882.889   139220195.623        3062.927          44.000    26034898.751   108282407.102        2382.281          40.000  
G25  26610151.291   139837274.146        1635.282          40.000    26610169.498   108964172.622        1274.539          38.000  
E18  26934730.516   141543238.176       -5823.605          44.000    26934733.395   108455355.112       -4462.493          45.000  
E21  29335734.272   154160354.441        1184.745          44.000    29335750.807   118122980.803         907.721          43.000  
G13  22887827.303   120276374.145       -2929.974          46.000                                                                  
E07  25608022.001   134571104.693       -1902.751          46.000    25608027.414   103112934.810       -1457.918          51.000  
G05  27391899.682   143945147.008       -3288.472          38.000    27391915.826   112164977.549       -2563.018          34.000  
G22  24686971.178   129731094.137       -3626.654          46.000                                                                  
G24  24033376.355   126296486.573        1221.916          47.000    24033375.133    98413119.169         952.119          45.000  
G15  22695742.387   119266958.998       -1283.344          48.000    22695738.483    92935350.720       -1000.161          43.000  
E30  26753956.537   140593167.806       -2434.933          45.000    26753959.449   107727343.118       -1865.830          49.000  
E27  25915392.961   136186550.745        -427.912          46.000    25915396.043   104350883.186        -327.983          50.000  
> 2024 06 08 19 05 00.0070000  0 28                     
E08  28918178.103   151965914.939       -3658.319          43.000    28918189.622   116441360.919       -2803.122          47.000  
G23  26591979.288   139741706.737       -1487.115          40.000    26591983.101   108889658.006       -1158.760          40.000  
G12  24366213.356   128045514.041         963.197          48.000    24366213.770    99776265.617         750.816          42.000  
R13  22682063.697   121120960.7741      -1818.079          39.000    22682062.471    94205475.208       -1414.039          40.000  
R12  24991296.045   133499011.521       -3123.366          45.000    24991296.217   103832876.984       -2429.136          43.000  
R14  23723838.098   126461643.798         643.360          49.000    23723840.608    98359246.006         500.309          47.000  
R03  21930084.547   117393459.468       -1916.575          50.000    21930080.874    91306095.267       -1490.633          48.000  
R22  24959100.302   133233368.3261      -1171.207          46.000    24959099.010   103626035.593        -911.048          43.000  
R04  23725052.988   127046577.028        1879.077          50.000    23725049.796    98814016.668        1461.432          47.000  
G19  23234831.041   122100183.650       -1394.493          45.000                                                                  
S31  40748113.535   214132711.730        -757.802          45.000  
S33  41739711.495   219343541.534        -759.571          41.000  
G17  24150520.688   126912127.384       -2608.446          44.000    24150518.604    98892687.674       -2032.590          42.000  
G06  27249028.598   143194623.418        1488.312          40.000    27249042.142   111580308.692        1159.375          35.000  
R02  23998103.021   128058359.508       -4923.037          49.000    23998108.313    99600946.072       -3828.998          43.000  
R23  24204411.674   129477425.616        1737.271          44.000                                                                  
R24  26017700.078   139128310.483        3062.891          45.000    26017715.062   108210940.944        2382.232          41.000  
G25  26600843.348   139788368.735        1625.267          42.000    26600862.366   108926065.409        1265.985          38.000  
E18  26968001.262   141718076.736       -5832.276          44.000    26968003.985   108589322.253       -4468.709          45.000  
E21  29328997.784   154124958.170        1175.110          44.000    29329015.093   118095859.654         900.325          43.000  
G13  22904611.007   120364575.257       -2950.018          45.000                                                                  
E07  25618933.472   134628441.206       -1919.737          46.000    25618938.339   103156867.947       -1470.872          51.000  
G05  27410665.127   144043759.833       -3285.726          39.000    27410679.621   112241818.793       -2559.709          34.000  
G22  24707696.906   129840009.348       -3634.326          46.000                                                                  
G24  24026420.695   126259934.150        1214.682          47.000    24026419.002    98384636.788         946.686          45.000  
G15  22703133.561   119305803.604       -1306.103          48.000    22703131.015    92965619.217       -1017.799          43.000  
E30  26767877.577   140666321.625       -2441.838          46.000    26767880.374   107783396.020       -1871.135          50.000  
E27  25917868.935   136199563.813        -439.467          46.000    25917872.429   104360854.256        -336.771          50.000  
> 2024 06 08 19 05 30.0070000  0 28                     
E08  28939088.301   152075796.548       -3667.466          43.000    28939099.785   116525555.501       -2810.264          47.000  
G23  26600522.312   139786599.338       -1506.215          41.000    26600526.658   108924639.005       -1173.726          40.000  
G12  24360755.489   128016833.137         948.336          47.000    24360755.063    99753917.030         738.874          41.000  
R13  22692298.850   121175617.104       -1826.205          40.000    22692298.170    94247985.643       -1420.118          40.000  
R12  25008845.979   133592753.542       -3126.508          46.000    25008845.086   103905787.399       -2431.885          43.000  
R14  23720246.387   126442496.447         632.707          50.000    23720249.034    98344353.768         492.184          47.000  
R03  21940912.689   117451422.915       -1947.996          50.000    21940909.122    91351177.899       -1515.131          49.000  
R22  24965761.792   133268933.392       -1200.071          45.000    24965761.113   103653697.240        -933.359          43.000  
R04  23714597.496   126990589.716        1852.917          49.000    23714594.994    98770470.982        1441.167          46.000  
G19  23242862.953   122142388.011       -1419.718          46.000                                                                  
S31  40752452.292   214155512.093        -762.721          46.000  
S33  41744061.627   219366400.753        -764.519          41.000  
G17  24165476.419   126990719.964       -2631.386          44.000    24165474.309    98953928.612       -2050.516          42.000  
G06  27240544.338   143150039.899        1483.559          40.000    27240557.198   111545569.008        1156.027          37.000  
R02  24025816.824   128206244.118       -4936.247          49.000    24025821.530    99715967.003       -3839.485          41.000  
R23  24194725.725   129425614.874        1716.325          45.000                                                                  
R24  26000516.492   139036428.526        3062.262          45.000    26000532.800   108139477.323        2381.738          42.000  
G25  26591595.055   139739767.086        1614.541          42.000    26591612.576   108888194.786        1258.201          37.000  
E18  27001319.591   141893165.523       -5841.134          44.000    27001322.417   108723481.148       -4475.405          45.000  
E21  29322317.838   154089855.183        1164.744          44.000    29322334.867   118068963.216         892.474          43.000  
G13  22921509.720   120453381.161       -2970.672          45.000                                                                  
E07  25629942.129   134686288.792       -1937.327          47.000    25629946.180   103201192.670       -1484.312          51.000  
G05  27429414.641   144142288.938       -3283.771          39.000    27429428.643   112318594.847       -2558.352          35.000  
G22  24728467.172   129949156.341       -3642.610          46.000                                                                  
G24  24019505.215   126223595.171        1207.436          47.000    24019504.356    98356320.745         940.714          46.000  
G15  22710654.473   119345332.980       -1329.409          46.000    22710653.834    92996421.307       -1035.928          44.000  
E30  26781837.923   140739681.107       -2449.231          47.000    26781840.368   107839606.515       -1876.687          50.000  
E27  25920410.676   136212923.956        -451.762          46.000    25920414.918   104371091.259        -345.982          50.000  
> 2024 06 08 19 06 00.0070000  0 28                     
E08  28960050.098   152185950.388       -3676.743          43.000    28960061.626   116609958.655       -2817.133          47.000  
G23  26609174.640   139832064.354       -1525.116          41.000    26609178.112   108960066.029       -1188.425          38.000  
G12  24355381.991   127988599.318         933.258          46.000    24355381.434    99731916.824         727.365          40.000  
R13  22702580.996   121230514.9781      -1834.376          40.000    22702579.388    94290685.598       -1426.850          39.000  
R12  25026412.323   133686592.232       -3129.971          46.000    25026412.127   103978772.963       -2434.373          43.000  
R14  23716714.365   126423663.851         622.212          50.000    23716715.582    98329706.378         483.983          46.000  
R03  21951916.361   117510328.356       -1979.588          49.000    21951913.660    91396993.184       -1539.689          49.000  
R22  24972585.844   133305359.779       -1228.910          46.000    24972585.395   103682028.829        -956.092          43.000  
R04  23704288.039   126935385.964        1826.670          50.000    23704285.041    98727534.727        1420.888          46.000  
G19  23251037.871   122185343.008       -1444.679          48.000                                                                  
S31  40756819.848   214178464.158        -767.975          46.000  
S33  41748439.821   219389410.051        -769.617          41.000  
G17  24180563.086   127070000.226       -2654.625          45.000    24180560.806    99015705.381       -2068.257          42.000  
G06  27232089.000   143105607.404        1477.758          40.000    27232101.901   111510947.050        1152.000          37.000  
R02  24053605.231   128354522.110       -4949.500          50.000    24053608.493    99831293.903       -3849.507          41.000  
R23  24185158.603   129374433.287        1695.130          46.000                                                                  
R24  25983338.623   138944568.172        3061.200          46.000    25983354.843   108068030.558        2380.792          42.000  
G25  26582405.770   139691483.731        1603.939          38.000    26582423.173   108850572.265        1249.751          39.000  
E18  27034687.561   142068515.579       -5849.750          44.000    27034690.561   108857840.217       -4482.271          45.000  
E21  29315695.521   154055060.043        1154.467          43.000    29315712.566   118042302.640         884.514          42.000  
G13  22938526.498   120542804.854       -2991.364          45.000                                                                  
E07  25641050.175   134744661.524       -1954.875          48.000    25641053.638   103245919.792       -1497.830          50.000  
G05  27448150.535   144240746.938       -3281.143          40.000    27448164.575   112395315.578       -2556.393          34.000  
G22  24749283.942   130058547.385       -3650.732          46.000                                                                  
G24  24012633.323   126187485.641        1199.348          47.000    24012633.997    98328183.472         934.653          46.000  
G15  22718310.034   119385561.133       -1352.851          47.000    22718309.219    93027767.896       -1054.213          44.000  
E30  26795839.444   140813259.675       -2456.668          47.000    26795841.883   107895984.884       -1882.284          50.000  
E27  25923022.464   136226644.840        -463.666          47.000    25923025.731   104381604.684        -355.360          50.000  
> 2024 06 08 19 06 30.0070000  0 29                     
E08  28981067.473   152296395.991       -3686.527          42.000    28981079.205   116694585.376       -2824.764          47.000  
G23  26617938.291   139878120.886       -1545.380          40.000    26617942.042   108995954.009       -1204.052          39.000  
G12  24350097.713   127960833.291         917.452          46.000    24350097.426    99710281.137         714.935          40.000  
R13  22712911.003   121285678.629       -1843.657          39.000    22712910.017    94333590.678       -1433.958          39.000  
R12  25044000.469   133780548.993       -3134.220          46.000    25044000.175   104051850.356       -2437.742          43.000  
R14  23713243.250   126405166.372         610.648          49.000    23713244.138    98315319.595         474.977          46.000  
R03  21963099.324   117570194.644       -2011.857          48.000    21963097.400    91443555.803       -1564.704          49.000  
R22  24979575.440   133342669.090       -1258.596          46.000    24979575.001   103711047.111        -978.735          43.000  
R04  23694131.350   126880990.423        1799.476          50.000    23694125.984    98685227.096        1399.588          45.000  
G19  23259359.128   122229069.008       -1470.644          48.000                                                                  
S31  40761220.408   214201588.561        -773.877          46.000  
S33  41752851.296   219412592.332        -775.892          41.000  
G17  24195784.737   127149987.085       -2678.367          45.000    24195781.989    99078032.773       -2087.069          43.000  
G06  27223666.945   143061349.823        1472.018          38.000    27223679.366   111476461.321        1147.038          37.000  
R02  24081469.573   128503210.383       -4963.425          49.000    24081474.179    99946939.875       -3860.387          43.000  
R23  24175713.841   129323905.821        1672.972          48.000                                                                  
R24  25966169.036   138852754.689        3059.460          46.000    25966184.791   107996620.273        2379.626          42.000  
G25  26573281.279   139643539.945        1592.059          40.000    26573299.420   108813214.262        1240.668          39.000  
E18  27068108.636   142244144.343       -5859.251          43.000    27068111.742   108992412.807       -4489.622          46.000  
E21  29309137.214   154020593.769        1143.125          44.000    29309152.628   118015894.004         875.953          42.000  
G10  27632268.773   145208559.4431       -183.629          38.000    27632271.753   113149673.9411       -143.916          35.000  
G13  22955664.637   120632865.740       -3012.921          45.000                                                                  
E07  25652262.063   134803579.925       -1973.385          47.000    25652264.974   103291065.003       -1511.915          49.000  
G05  27466876.402   144339152.693       -3279.745          40.000    27466890.171   112471995.579       -2554.915          33.000  
G22  24770150.421   130168201.857       -3659.910          45.000                                                                  
G24  24005809.962   126151627.798        1190.672          46.000    24005810.747    98300242.302         927.840          46.000  
G15  22726103.451   119426508.812       -1377.250          48.000    22726101.394    93059675.170       -1073.160          44.000  
E30  26809886.658   140887077.179       -2464.800          47.000    26809888.950   107952546.347       -1888.587          50.000  
E27  25925706.375   136240746.570        -476.644          47.000    25925709.292   104392409.922        -365.231          50.000  
> 2024 06 08 19 07 00.0070000  0 29                     
E08  29002140.285   152407130.037       -3696.001          42.000    29002151.411   116779433.085       -2831.955          46.000  
G23  26626813.869   139924765.293       -1564.437          41.000    26626818.128   109032300.080       -1219.171          39.000  
G12  24344902.922   127933533.179         902.273          46.000    24344902.742    99689008.505         702.783          41.000  
R13  22723289.707   121341093.4761      -1851.713          38.000    22723289.134    94376698.858       -1439.993          40.000  
R12  25061612.443   133874621.733       -3137.629          47.000    25061611.109   104125017.968       -2440.396          43.000  
R14  23709833.919   126387000.959         599.895          48.000    23709836.780    98301191.054         466.767          47.000  
R03  21974461.498   117631018.587       -2043.277          48.000    21974459.606    91490863.282       -1589.282          49.000  
R22  24986729.778   133380859.640       -1287.643          46.000    24986729.452   103740750.825       -1001.551          44.000  
R04  23684123.689   126827404.377        1772.612          49.000    23684120.085    98643549.088        1378.796          46.000  
G19  23267825.978   122273563.269       -1495.993          48.000                                                                  
S31  40765653.111   214224883.019        -779.269          45.000  
S33  41757295.336   219435945.544        -781.144          41.000  
G17  24211139.563   127230677.251       -2701.329          45.000    24211137.036    99140908.173       -2105.142          43.000  
G06  27215278.570   143017268.299        1466.706          39.000    27215289.121   111442112.789        1142.530          36.000  
R02  24109409.053   128652302.797       -4976.361          48.000    24109414.646   100062900.181       -3870.548          43.000  
R23  24166391.044   129274035.366        1651.402          47.000                                                                  
R24  25949008.314   138760989.852        3057.916          45.000    25949024.005   107925247.901        2378.528          41.000  
G25  26564222.210   139595933.949        1581.067          41.000    26564238.878   108776119.440        1232.318          37.000  
E18  27101581.723   142420046.471       -5867.818          43.000    27101585.053   109127194.847       -4496.265          46.000  
E21  29302640.700   153986454.463        1132.446          43.000    29302655.385   117989735.899         867.592          42.000  
G10  27633380.429   145214395.865        -205.606          41.000    27633383.469   113154221.680        -160.271          38.000  
G13  22972923.709   120723560.294       -3033.832          45.000                                                                  
E07  25663576.782   134863041.632       -1991.120          47.000    25663579.749   103336626.523       -1525.609          48.000  
G05  27485591.160   144437501.765       -3277.406          40.000    27485604.930   112548631.407       -2554.020          33.000  
G22  24791066.616   130278115.963       -3668.054          45.000                                                                  
G24  23999034.087   126116021.125        1182.714          46.000    23999035.100    98272496.865         921.616          47.000  
G15  22734032.282   119468173.644       -1400.756          49.000    22734029.831    93092141.254       -1091.442          44.000  
E30  26823978.643   140961130.647       -2472.358          47.000    26823980.730   108009288.601       -1894.422          49.000  
E27  25928462.148   136255226.392        -489.063          47.000    25928464.485   104403504.879        -374.701          49.000  
> 2024 06 08 19 07 30.0070000  0 29                     
E08  29023265.976   152518146.208       -3704.843          42.000    29023277.501   116864496.962       -2838.660          46.000  
G23  26635801.548   139971990.915       -1583.792          41.000    26635804.744   109069098.998       -1233.892          38.000  
G12  24339795.279   127906694.044         887.228          46.000    24339795.386    99668095.047         691.475          41.000  
R13  22733717.359   121396773.592       -1859.952          40.000    22733715.829    94420005.606       -1446.836          40.000  
R12  25079243.519   133968805.542       -3140.970          47.000    25079242.878   104198271.932       -2442.694          43.000  
R14  23706486.752   126369161.805         589.473          49.000    23706491.672    98287316.266         458.529          48.000  
R03  21986002.046   117692792.741       -2074.622          49.000    21985999.421    91538909.799       -1613.610          48.000  
R22  24994047.695   133419926.593       -1316.409          45.000    24994047.297   103771136.201       -1023.816          43.000  
R04  23674267.521   126774626.395        1746.091          49.000    23674265.081    98602499.581        1358.085          46.000  
G19  23276437.894   122318820.470       -1520.939          48.000                                                                  
S31  40770117.323   214248343.377        -784.565          45.000  
S33  41761770.813   219459463.861        -786.424          41.000  
G17  24226626.658   127312063.206       -2724.124          44.000    24226624.386    99204325.717       -2122.567          43.000  
G06  27206922.680   142973360.897        1460.665          38.000    27206932.266   111407899.899        1138.136          37.000  
R02  24137422.887   128801790.158       -4989.011          48.000    24137430.528   100179167.631       -3880.368          44.000  
R23  24157191.658   129224820.881        1629.728          48.000                                                                  
R24  25931856.274   138669272.623        3056.781          45.000    25931871.722   107853912.606        2377.478          41.000  
G25  26555226.447   139548661.027        1570.747          40.000    26555241.285   108739284.164        1224.072          37.000  
E18  27135105.577   142596213.741       -5876.209          43.000    27135108.574   109262180.036       -4502.528          46.000  
E21  29296204.515   153952637.253        1122.120          43.000    29296220.260   117963824.580         859.855          43.000  
G10  27634616.319   145220893.474        -227.371          42.000    27634619.437   113159284.675        -176.957          37.000  
G13  22990301.770   120814882.421       -3054.041          45.000                                                                  
E07  25674994.539   134923041.293       -2008.581          46.000    25674997.053   103382600.232       -1538.943          48.000  
G05  27504294.429   144535787.381       -3274.625          40.000    27504308.499   112625217.697       -2551.642          33.000  
G22  24812030.852   130388283.663       -3675.981          46.000                                                                  
G24  23992305.448   126080662.168        1174.846          45.000    23992306.370    98244944.443         915.562          46.000  
G15  22742096.076   119510550.206       -1424.086          48.000    22742093.608    93125161.938       -1109.705          43.000  
E30  26838114.301   141035414.162       -2479.444          48.000    26838116.320   108066207.121       -1899.888          50.000  
E27  25931288.565   136270078.597        -500.886          48.000    25931290.432   104414885.172        -383.790          49.000  
> 2024 06 08 19 08 00.0070000  0 29                     
E08  29044438.959   152629406.691       -3712.114          42.000    29044449.988   116949748.045       -2844.264          46.000  
G23  26644891.885   140019759.374       -1600.780          42.000    26644894.898   109106320.965       -1247.059          37.000  
G12  24334768.707   127880279.059         874.052          47.000    24334768.247    99647512.098         680.799          40.000  
R13  22744185.117   121452671.056       -1866.453          40.000    22744183.829    94463481.393       -1451.435          40.000  
R12  25096888.336   134063063.445       -3142.544          47.000    25096887.938   104271583.545       -2444.120          43.000  
R14  23703194.318   126351611.219         580.811          49.000    23703199.274    98273665.933         451.743          48.000  
R03  21997712.672   117755478.231       -2103.917          50.000    21997709.376    91587665.125       -1636.396          48.000  
R22  25001523.729   133459833.173       -1343.710          45.000    25001523.202   103802174.596       -1044.994          43.000  
R04  23664556.579   126722622.720        1721.039          50.000    23664552.885    98562052.284        1338.682          46.000  
G19  23285187.770   122364803.391       -1544.304          47.000                                                                  
S31  40774606.196   214271933.272        -787.922          46.000  
S33  41766270.647   219483111.782        -789.743          41.000  
G17  24242238.971   127394106.775       -2745.204          44.000    24242236.868    99268255.722       -2138.947          43.000  
G06  27198593.195   142929594.206        1456.900          37.000    27198602.472   111373796.781        1134.537          36.000  
R02  24165503.378   128951631.094       -5000.006          48.000    24165512.151   100295710.063       -3888.860          45.000  
R23  24148107.733   129176230.016        1609.843          47.000                                                                  
R24  25914707.797   138577569.901        3057.202          46.000    25914722.697   107782588.618        2377.551          41.000  
G25  26546286.278   139501685.040        1561.711          42.000    26546300.959   108702680.237        1216.658          37.000  
E18  27168671.785   142772606.342       -5882.900          43.000    27168675.256   109397337.910       -4507.605          47.000  
E21  29289822.791   153919105.789        1113.619          43.000    29289839.267   117938132.243         853.211          44.000  
G10  27635971.931   145228015.814        -246.959          40.000    27635973.823   113164834.477        -192.588          37.000  
G13  23007792.361   120906794.121       -3072.858          45.000                                                                  
E07  25686507.190   134983542.078       -2024.254          47.000    25686510.343   103428957.940       -1551.146          48.000  
G05  27522977.692   144633970.916       -3270.456          40.000    27522991.956   112701724.445       -2548.258          31.000  
G22  24833036.264   130498666.600       -3682.291          46.000                                                                  
G24  23985617.283   126045515.961        1168.500          45.000    23985617.608    98217557.821         910.546          46.000  
G15  22750287.694   119553601.652       -1445.743          47.000    22750285.006    93158708.462       -1126.436          42.000  
E30  26852287.102   141109890.292       -2485.087          48.000    26852288.540   108123273.226       -1904.193          49.000  
E27  25934178.213   136285265.957        -511.024          47.000    25934180.198   104426522.274        -391.706          49.000  
> 2024 06 08 19 08 30.0070000  0 29                     
E08  29065643.096   152740835.365       -3716.593          41.000    29065654.627   117035127.988       -2847.781          46.000  
G23  26654071.288   140067994.267       -1615.077          42.000    26654073.029   109143906.338       -1258.395          37.000  
G12  24329808.995   127854213.184         863.738          48.000    24329807.509    99627201.156         672.674          40.000  
R13  22754678.985   121508708.931       -1869.549          39.000    22754678.163    94507066.422       -1453.972          40.000  
R12  25114533.787   134157319.821       -3141.181          48.000    25114533.074   104344894.004       -2443.063          43.000  
R14  23699942.402   126334272.336         575.031          49.000    23699945.449    98260180.208         447.213          47.000  
R03  22009579.350   117818996.714       -2130.464          51.000    22009574.719    91637068.350       -1657.084          48.000  
R22  25009142.814   133500503.663       -1367.668          46.000    25009142.113   103833807.190       -1063.750          43.000  
R04  23654976.375   126671320.531        1699.075          51.000    23654972.367    98522150.602        1321.438          46.000  
G19  23294061.657   122411436.967       -1564.636          47.000                                                                  
S31  40779105.597   214295577.454        -788.367          46.000  
S33  41770781.032   219506814.038        -790.472          41.000  
G17  24257961.715   127476731.715       -2763.180          44.000    24257959.572    99332638.734       -2153.137          42.000  
G06  27190276.246   142885896.585        1456.035          36.000    27190286.562   111339747.401        1134.704          38.000  
R02  24193635.017   129101745.415       -5007.514          48.000    24193643.973   100412465.140       -3894.829          45.000  
R23  24139125.774   129128190.748        1592.832          46.000                                                                  
R24  25897548.442   138485809.389        3060.327          46.000    25897563.114   107711219.728        2380.164          42.000  
G25  26537389.182   139454931.507        1555.352          42.000    26537402.795   108666249.638        1212.086          36.000  
E18  27202265.995   142949146.194       -5886.609          43.000    27202269.787   109532608.620       -4510.373          47.000  
E21  29283481.411   153885785.445        1107.686          43.000    29283498.171   117912601.678         848.673          44.000  
G10  27637431.558   145235688.173        -264.525          38.000    27637434.508   113170812.918        -205.802          37.000  
G13  23025380.425   120999219.305       -3088.794          45.000                                                                  
E07  25698100.860   135044468.826       -2037.317          47.000    25698104.626   103475642.029       -1561.066          49.000  
G05  27541627.012   144731976.366       -3263.119          40.000    27541641.606   112778092.494       -2542.033          31.000  
G22  24854067.765   130609188.598       -3685.858          46.000                                                                  
G24  23978955.455   126010509.250        1165.157          46.000    23978955.524    98190279.901         907.838          45.000  
G15  22758594.134   119597252.787       -1464.281          47.000    22758591.252    93192722.309       -1141.078          41.000  
E30  26866481.773   141184483.260       -2487.816          48.000    26866483.056   108180428.844       -1906.134          49.000  
E27  25937117.025   136300712.959        -518.580          47.000    25937119.622   104438358.294        -397.423          49.000  
> 2024 06 08 19 09 00.0070000  0 29                     
E08  29086866.641   152852366.051       -3718.658          41.000    29086878.602   117120586.060       -2849.144          46.000  
G23  26663326.964   140116628.855       -1626.876          42.000    26663328.377   109181803.120       -1267.522          38.000  
G12  24324903.059   127828431.627         855.587          48.000    24324902.196    99607111.735         666.817          41.000  
R13  22765186.526   121564810.8511      -1870.924          38.000    22765186.164    94550709.044       -1455.282          40.000  
R12  25132166.457   134251508.561       -3137.576          49.000    25132165.571   104418151.843       -2440.304          44.000  
R14  23696716.470   126317078.286         571.541          48.000    23696720.029    98246807.122         444.563          47.000  
R03  22021587.433   117883280.457       -2154.594          50.000    22021583.947    91687066.794       -1675.854          48.000  
R22  25016892.640   133541872.248       -1389.714          45.000    25016891.296   103865982.741       -1080.870          42.000  
R04  23645514.995   126620657.433        1678.929          51.000    23645511.283    98482745.994        1306.011          46.000  
G19  23303046.983   122458655.351       -1582.781          47.000                                                                  
S31  40783603.118   214319211.985        -786.888          46.000  
S33  41775289.516   219530506.201        -788.312          41.000  
G17  24273782.884   127559871.049       -2779.010          44.000    24273780.482    99397422.586       -2165.569          42.000  
G06  27181959.611   142842206.212        1457.277          37.000    27181971.515   111305703.669        1135.458          38.000  
R02  24221804.353   129252063.180       -5013.120          46.000    24221813.435   100529378.447       -3899.238          44.000  
R23  24130236.824   129080641.877        1577.602          47.000                                                                  
R24  25880366.259   138393929.157        3065.429          46.000    25880380.794   107639757.775        2384.406          42.000  
G25  26528521.063   139408335.748        1551.337          42.000    26528534.246   108629941.966        1208.829          34.000  
E18  27235875.463   143125765.093       -5887.684          42.000    27235879.391   109667939.912       -4511.341          47.000  
E21  29277169.033   153852611.430        1104.089          44.000    29277184.236   117887183.201         846.004          42.000  
G10  27638983.608   145243845.699        -279.372          40.000    27638988.090   113177169.347        -217.519          38.000  
G13  23043054.090   121092091.387       -3102.362          46.000                                                                  
E07  25709763.754   135105756.278       -2048.050          47.000    25709767.840   103522602.493       -1569.288          49.000  
G05  27560229.923   144829736.567       -3253.850          41.000    27560243.955   112854269.472       -2534.836          30.000  
G22  24875113.238   130719783.060       -3686.783          46.000                                                                  
G24  23972308.750   125975578.685        1163.919          46.000    23972308.342    98163061.299         906.927          45.000  
G15  22767001.579   119641438.363       -1480.871          47.000    22766999.841    93227152.606       -1154.066          42.000  
E30  26880685.557   141259127.272       -2488.151          48.000    26880687.359   108237623.585       -1906.371          49.000  
E27  25940093.064   136316353.979        -523.716          46.000    25940096.229   104450342.984        -401.233          49.000  
> 2024 06 08 19 09 30.0070000  0 29                     
E08  29108098.783   152963938.259       -3719.413          41.000    29108110.755   117206075.959       -2849.886          46.000  
G23  26672645.788   140165602.238       -1637.517          42.000    26672649.207   109219963.973       -1276.127          38.000  
G12  24320039.658   127802875.044         848.662          47.000    24320038.524    99587197.663         661.290          41.000  
R13  22775696.258   121620935.973       -1870.840          39.000    22775696.848    94594361.881       -1454.797          40.000  
R12  25149774.562   134345570.031       -3132.708          48.000    25149774.119   104491310.699       -2436.865          44.000  
R14  23693506.131   126299968.848         569.274          48.000    23693509.861    98233499.826         442.882          47.000  
R03  22033726.121   117948266.676       -2177.498          49.000    22033724.097    91737611.598       -1693.647          49.000  
R22  25024761.915   133583879.088       -1410.324          45.000    25024761.313   103898654.747       -1096.798          44.000  
R04  23636163.003   126570576.269        1660.138          51.000    23636159.093    98443793.988        1291.135          47.000  
G19  23312132.561   122506398.848       -1599.737          48.000                                                                  
S31  40788087.343   214342777.877        -784.047          45.000  
S33  41779784.520   219554128.903        -786.132          41.000  
G17  24289689.669   127643463.537       -2793.530          44.000    24289687.579    99462559.531       -2176.837          42.000  
G06  27173636.546   142798467.064        1459.112          38.000    27173647.307   111271621.951        1137.154          37.000  
R02  24249999.913   129402520.269       -5016.961          46.000    24250009.445   100646400.097       -3902.124          43.000  
R23  24121429.900   129033527.001        1563.572          47.000                                                                  
R24  25863150.486   138301872.769        3071.863          46.000    25863165.637   107568158.839        2389.447          42.000  
G25  26519673.116   139361838.866        1548.992          42.000    26519686.612   108593711.433        1207.205          36.000  
E18  27269488.115   143302400.729       -5887.747          42.000    27269491.925   109803284.041       -4511.350          47.000  
E21  29270873.081   153819524.782        1101.887          44.000    29270886.722   117861831.641         844.393          41.000  
G10  27640619.098   145252429.505        -293.017          42.000    27640622.314   113183858.001        -228.262          38.000  
G13  23060799.889   121185349.792       -3114.807          45.000                                                                  
E07  25721484.115   135167344.890       -2057.453          48.000    25721488.271   103569793.719       -1576.485          50.000  
G05  27578774.287   144927189.973       -3242.958          39.000    27578787.340   112930207.362       -2527.608          30.000  
G22  24896160.740   130830389.153       -3686.431          46.000                                                                  
G24  23965665.646   125940666.694        1163.825          45.000    23965665.256    98135857.157         906.992          45.000  
G15  22775500.640   119686098.721       -1496.107          48.000    22775498.668    93261952.873       -1165.914          42.000  
E30  26894887.595   141333762.288       -2487.105          47.000    26894890.050   108294811.459       -1905.785          48.000  
E27  25943095.675   136332129.182        -527.571          46.000    25943098.535   104462430.477        -404.232          49.000  
> 2024 06 08 19 10 00.0070000  0 29                     
E08  29129333.469   153075525.550       -3719.744          40.000    29129345.562   117291577.378       -2850.110          46.000  
G23  26682024.578   140214887.609       -1647.981          41.000    26682028.468   109258367.866       -1283.944          38.000  
G12  24315213.861   127777518.334         841.790          46.000    24315213.469    99567439.302         656.119          40.000  
R13  22786205.063   121677048.086       -1869.836          39.000    22786204.735    94638004.641       -1454.462          40.000  
R12  25167354.455   134439478.631       -3127.698          48.000    25167353.995   104564350.639       -2432.785          44.000  
R14  23690307.453   126282917.247         567.499          48.000    23690310.625    98220237.525         441.407          47.000  
R03  22045993.362   118013928.216       -2199.854          50.000    22045990.651    91788681.655       -1711.033          49.000  
R22  25032746.110   133626498.842       -1430.867          45.000    25032745.684   103931803.414       -1112.787          44.000  
R04  23626914.947   126521054.878        1641.428          50.000    23626910.873    98405277.323        1276.779          47.000  
G19  23321313.733   122554641.545       -1616.275          49.000                                                                  
S31  40792553.897   214366248.920        -780.792          45.000  
S33  41784262.259   219577658.347        -782.736          41.000  
G17  24305677.898   127727482.208       -2807.631          44.000    24305675.717    99528028.573       -2187.604          42.000  
G06  27165299.670   142754657.237        1461.433          40.000    27165310.126   111237485.140        1139.017          37.000  
R02  24278216.526   129553086.813       -5020.612          45.000    24278226.509   100763506.862       -3904.827          44.000  
R23  24112699.743   128986825.243        1549.791          48.000                                                                  
R24  25845898.760   138209619.269        3078.424          47.000    25845913.811   107496406.698        2394.189          43.000  
G25  26510839.016   139315416.127        1546.268          41.000    26510853.112   108557538.654        1205.134          37.000  
E18  27303098.694   143479024.679       -5887.162          41.000    27303102.256   109938619.221       -4510.794          47.000  
E21  29264587.683   153786500.496        1099.710          43.000    29264600.977   117836527.837         842.646          40.000  
G10  27642328.868   145261414.398        -306.140          39.000    27642330.914   113190859.115        -238.881          35.000  
G13  23078615.155   121278967.956       -3126.587          45.000                                                                  
E07  25733256.043   135229209.156       -2066.731          47.000    25733260.779   103617196.157       -1583.591          50.000  
G05  27597256.206   145024310.136       -3231.749          41.000    27597268.716   113005885.553       -2518.670          31.000  
G22  24917205.845   130940980.418       -3686.021          46.000                                                                  
G24  23959021.253   125905749.692        1163.981          46.000    23959020.984    98108649.128         906.984          46.000  
G15  22784085.551   119731208.082       -1511.109          48.000    22784083.791    93297102.987       -1177.398          43.000  
E30  26909083.630   141408362.303       -2486.031          47.000    26909085.959   108351972.508       -1904.816          49.000  
E27  25946117.921   136348012.709        -531.232          46.000    25946121.250   104474600.952        -407.013          50.000  
> 2024 06 08 19 10 30.0070000  0 29                     
E08  29150568.427   153187114.506       -3719.692          41.000    29150580.628   117377080.092       -2850.137          45.000  
G23  26691460.155   140264470.916       -1657.794          40.000    26691464.915   109297003.957       -1291.623          39.000  
G12  24310423.094   127752349.302         835.750          45.000    24310423.475    99547827.216         651.221          40.000  
R13  22796708.161   121733134.341       -1869.043          38.000    22796707.709    94681627.307       -1454.102          40.000  
R12  25184904.081   134533222.315       -3122.210          48.000    25184903.049   104637262.323       -2428.507          44.000  
R14  23687117.548   126265910.603         566.071          49.000    23687119.948    98207010.185         440.161          46.000  
R03  22058383.235   118080249.989       -2221.865          51.000    22058379.891    91840265.210       -1728.102          48.000  
R22  25040842.899   133669719.106       -1450.843          45.000    25040841.794   103965419.157       -1128.392          44.000  
R04  23617769.980   126472084.439        1622.980          50.000    23617766.188    98367189.217        1262.350          47.000  
G19  23330586.763   122603370.720       -1632.448          49.000                                                                  
S31  40796999.974   214389614.191        -777.267          45.000  
S33  41788719.362   219601081.928        -778.826          41.000  
G17  24321744.526   127811913.177       -2821.247          45.000    24321742.835    99593818.899       -2198.490          42.000  
G06  27156947.322   142710767.683        1464.108          41.000    27156958.057   111203286.203        1140.714          38.000  
R02  24306450.291   129703746.550       -5023.641          46.000    24306461.011   100880686.081       -3907.177          44.000  
R23  24104045.183   128940528.282        1536.263          47.000                                                                  
R24  25828607.455   138117160.127        3085.223          45.000    25828622.629   107424494.647        2399.505          42.000  
G25  26502015.084   139269055.583        1544.313          40.000    26502030.078   108521414.316        1203.479          36.000  
E18  27336704.082   143655621.727       -5886.104          42.000    27336707.513   110073933.815       -4510.179          47.000  
E21  29258311.770   153753526.547        1098.229          43.000    29258325.821   117811262.618         841.517          41.000  
G10  27644110.868   145270788.320        -319.285          39.000    27644114.308   113198163.458        -248.651          37.000  
G13  23096495.567   121372932.148       -3138.100          45.000                                                                  
E07  25745078.120   135291336.571       -2075.344          47.000    25745083.081   103664800.232       -1590.263          50.000  
G05  27615671.283   145121083.059       -3219.969          41.000    27615683.919   113081293.191       -2509.578          32.000  
G22  24938245.087   131051543.197       -3685.265          46.000                                                                  
G24  23952373.705   125870817.215        1164.688          45.000    23952373.760    98081429.025         907.569          46.000  
G15  22792752.940   119776753.985       -1525.592          49.000    22792751.249    93332593.291       -1188.818          43.000  
E30  26923270.606   141482914.269       -2484.328          47.000    26923272.634   108409096.736       -1903.602          49.000  
E27  25949158.381   136363991.694        -534.398          46.000    25949162.122   104486844.590        -409.427          50.000  
> 2024 06 08 19 11 00.0070000  0 29                     
E08  29171804.473   153298709.814       -3720.170          41.000    29171816.745   117462587.640       -2850.289          45.000  
G23  26700953.644   140314356.397       -1667.892          41.000    26700958.903   109335875.530       -1299.858          40.000  
G12  24305669.757   127727373.429         829.125          45.000    24305670.766    99528365.601         646.241          40.000  
R13  22807207.096   121789215.6931      -1868.408          38.000    22807206.890    94725233.670       -1453.308          40.000  
R12  25202423.270   134626807.722       -3116.947          48.000    25202423.016   104710050.869       -2424.206          45.000  
R14  23683936.953   126248954.092         564.267          50.000    23683938.687    98193821.822         438.887          46.000  
R03  22070897.577   118147236.325       -2244.083          51.000    22070893.024    91892365.638       -1745.338          47.000  
R22  25049053.205   133713546.253       -1471.133          45.000    25049052.723   103999506.946       -1144.266          44.000  
R04  23608729.321   126423674.224        1604.188          49.000    23608726.137    98329536.841        1247.699          48.000  
G19  23339953.092   122652591.830       -1649.157          49.000                                                                  
S31  40801427.165   214412879.666        -773.988          46.000  
S33  41793157.522   219624404.745        -775.897          41.000  
G17  24337890.651   127896760.805       -2835.176          45.000    24337888.874    99659933.870       -2209.351          43.000  
G06  27148581.525   142666807.393        1466.323          41.000    27148593.094   111169032.099        1142.481          39.000  
R02  24334702.913   129854501.274       -5026.820          47.000    24334712.846   100997939.198       -3909.843          43.000  
R23  24095468.025   128894646.771        1522.480          48.000                                                                  
R24  25811279.891   138024505.422        3091.510          45.000    25811294.725   107352430.534        2404.517          42.000  
G25  26493204.135   139222763.496        1541.836          39.000    26493220.334   108485343.305        1201.429          38.000  
E18  27370305.115   143832194.535       -5885.361          42.000    27370308.265   110209229.823       -4509.595          47.000  
E21  29252046.724   153720609.038        1096.310          43.000    29252061.634   117786040.634         839.989          41.000  
G10  27645969.368   145280557.170        -332.229          39.000    27645974.018   113205775.407        -258.913          36.000  
G13  23114443.320   121467246.900       -3149.774          46.000                                                                  
E07  25756951.338   135353732.676       -2084.405          47.000    25756956.536   103712610.187       -1597.104          49.000  
G05  27634020.868   145217512.774       -3208.765          39.000    27634034.052   113156433.353       -2500.403          30.000  
G22  24959279.407   131162081.866       -3684.301          45.000                                                                  
G24  23945724.271   125835876.813        1164.688          46.000    23945725.302    98054202.759         907.576          45.000  
G15  22801503.211   119822742.053       -1540.460          47.000    22801502.248    93368428.137       -1200.250          43.000  
E30  26937449.302   141557423.200       -2483.095          47.000    26937451.335   108466187.986       -1902.631          49.000  
E27  25952219.160   136380071.380        -537.760          47.000    25952221.960   104499165.379        -411.944          50.000  
> 2024 06 08 19 11 30.0070000  0 29                     
E08  29193040.098   153410299.873       -3719.646          42.000    29193051.801   117548091.201       -2850.193          44.000  
G23  26710503.103   140364532.052       -1677.364          42.000    26710506.512   109374973.135       -1306.976          39.000  
G12  24300952.137   127702580.743         823.215          45.000    24300953.409    99509046.762         641.263          41.000  
R13  22817700.665   121845249.636       -1867.188          40.000    22817699.790    94768815.641       -1452.417          39.000  
R12  25219910.771   134720224.271       -3111.079          48.000    25219910.534   104782708.110       -2419.821          44.000  
R14  23680763.204   126232036.684         563.164          50.000    23680764.201    98180663.861         437.982          46.000  
R03  22083532.076   118214874.488       -2265.577          50.000    22083527.777    91944973.052       -1762.316          47.000  
R22  25057375.072   133757969.833       -1490.914          46.000    25057374.892   104034058.641       -1159.747          44.000  
R04  23599793.227   126375817.262        1585.919          50.000    23599789.932    98292314.772        1233.428          48.000  
G19  23349410.331   122702293.583       -1664.824          48.000                                                                  
S31  40805833.647   214436035.570        -770.202          46.000  
S33  41797574.919   219647617.690        -771.883          41.000  
G17  24354114.199   127982012.320       -2848.573          46.000    24354112.176    99726363.552       -2219.592          43.000  
G06  27140201.088   142622769.400        1469.164          42.000    27140212.388   111134717.404        1144.457          39.000  
R02  24362970.197   130005336.671       -5029.318          47.000    24362980.118   101115255.020       -3911.717          44.000  
R23  24086966.811   128849174.742        1508.812          47.000                                                                  
R24  25793915.235   137931649.059        3098.529          46.000    25793929.294   107280209.632        2409.753          42.000  
G25  26484404.951   139176529.861        1540.093          39.000    26484422.739   108449317.891        1200.007          40.000  
E18  27403898.318   144008729.807       -5883.935          42.000    27403901.788   110344497.069       -4508.334          47.000  
E21  29245791.782   153687737.912        1094.860          43.000    29245806.252   117760854.178         838.824          42.000  
G10  27647902.975   145290710.853        -345.017          39.000    27647906.179   113213687.282        -268.908          35.000  
G13  23132455.388   121561900.577       -3160.805          46.000                                                                  
E07  25768873.254   135416386.856       -2092.939          46.000    25768879.168   103760617.889       -1603.588          49.000  
G05  27652303.252   145313587.128       -3196.707          38.000    27652316.596   113231296.625       -2491.339          30.000  
G22  24980307.505   131272585.079       -3682.906          45.000                                                                  
G24  23939071.799   125800919.906        1165.243          45.000    23939073.100    98026963.640         907.974          45.000  
G15  22810336.771   119869161.404       -1554.504          47.000    22810335.346    93404599.038       -1211.255          42.000  
E30  26951617.391   141631878.034       -2480.925          47.000    26951619.704   108523237.761       -1901.046          49.000  
E27  25955296.683   136396240.822        -540.406          48.000    25955298.923   104511554.952        -414.179          50.000  
> 2024 06 08 19 12 00.0070000  0 30                     
E08  29214275.042   153521886.077       -3719.620          42.000    29214286.445   117633591.775       -2849.937          44.000  
G23  26720106.581   140414998.660       -1687.286          42.000    26720110.440   109414297.467       -1314.452          40.000  
G12  24296270.304   127677973.478         817.040          46.000    24296271.073    99489872.364         636.964          41.000  
R13  22828189.538   121901254.271       -1866.193          40.000    22828187.575    94812374.791       -1451.587          39.000  
R12  25237367.516   134813475.102       -3105.593          48.000    25237367.513   104855236.458       -2415.318          45.000  
R14  23677596.229   126215159.715         561.862          49.000    23677598.029    98167537.325         437.091          46.000  
R03  22096289.176   118283165.174       -2287.218          50.000    22096285.853    91998087.972       -1778.961          48.000  
R22  25065809.504   133802992.481       -1510.771          46.000    25065809.301   104069076.270       -1175.005          45.000  
R04  23590959.723   126328519.484        1567.240          49.000    23590957.593    98255527.617        1218.988          48.000  
G19  23358959.683   122752478.131       -1680.741          47.000                                                                  
S31  40810219.675   214459084.020        -766.437          46.000  
S33  41801972.205   219670725.194        -768.525          41.000  
G17  24370413.609   128067668.631       -2861.887          46.000    24370412.185    99793108.700       -2230.104          44.000  
G06  27131806.740   142578659.375        1471.276          41.000    27131818.044   111100346.542        1146.629          39.000  
R02  24391253.185   130156250.919       -5031.588          47.000    24391262.086   101232632.178       -3913.777          43.000  
R23  24078543.346   128804118.766        1494.870          47.000                                                                  
R24  25776514.010   137838597.607        3104.876          46.000    25776527.401   107207837.040        2414.861          41.000  
G25  26475618.759   139130357.675        1537.781          40.000    26475635.842   108413340.284        1198.156          40.000  
E18  27437484.510   144185226.969       -5882.453          42.000    27437487.898   110479735.164       -4507.353          46.000  
E21  29239545.701   153654915.891        1093.424          44.000    29239560.420   117735705.319         837.645          42.000  
G10  27649908.979   145301252.055        -357.788          38.000    27649912.270   113221901.121        -278.438          36.000  
G13  23150532.669   121656894.390       -3172.303          47.000                                                                  
E19  30365439.917   159571472.9161       2006.412          33.000    30365445.082   122269065.0291       1537.926          35.000  
E07  25780845.701   135479301.297       -2101.516          47.000    25780850.974   103808825.023       -1610.095          48.000  
G05  27670517.744   145409306.583       -3184.729          38.000    27670531.725   113305883.286       -2481.294          29.000  
G22  25001329.193   131383053.884       -3681.616          44.000                                                                  
G24  23932417.279   125765950.749        1165.802          45.000    23932417.981    97999714.973         908.511          45.000  
G15  22819251.964   119916014.183       -1568.884          47.000    22819250.418    93441107.714       -1222.595          41.000  
E30  26965776.141   141706280.589       -2479.203          47.000    26965778.001   108580247.483       -1899.664          49.000  
E27  25958390.971   136412501.945        -543.487          48.000    25958393.160   104524014.766        -416.474          50.000  
> 2024 06 08 19 12 30.0070000  0 30                     
E08  29235509.034   153633471.196       -3719.571          42.000    29235520.835   117719091.509       -2850.062          44.000  
G23  26729765.461   140465758.414       -1697.086          41.000    26729770.076   109453850.283       -1322.145          40.000  
G12  24291624.590   127653555.821         810.759          47.000    24291624.263    99470845.743         631.728          41.000  
R13  22838672.424   121957232.774       -1865.302          40.000    22838670.597    94855913.635       -1450.757          40.000  
R12  25254794.385   134906564.568       -3100.283          48.000    25254794.708   104927639.323       -2411.373          45.000  
R14  23674438.101   126198327.430         560.524          48.000    23674441.323    98154445.554         435.892          47.000  
R03  22109169.084   118352109.854       -2309.027          50.000    22109165.939    92051711.555       -1795.909          48.000  
R22  25074357.134   133848618.200       -1531.034          46.000    25074356.397   104104562.981       -1190.873          45.000  
R04  23582233.298   126281788.507        1548.218          51.000    23582229.995    98219181.278        1204.264          47.000  
G19  23368601.844   122803148.786       -1696.965          47.000                                                                  
S31  40814585.925   214482029.898        -763.184          46.000  
S33  41806349.840   219693728.537        -765.192          41.000  
G17  24386790.926   128153732.303       -2875.582          46.000    24386789.415    99860171.292       -2240.776          44.000  
G06  27123401.151   142534484.740        1473.449          42.000    27123411.456   111065925.301        1148.349          39.000  
R02  24419550.460   130307244.542       -5034.449          47.000    24419558.745   101350071.042       -3915.668          43.000  
R23  24070199.729   128759487.759        1480.485          47.000                                                                  
R24  25759077.810   137745359.437        3110.918          46.000    25759090.647   107135319.241        2419.769          41.000  
G25  26466844.797   139084251.144        1535.719          40.000    26466861.543   108377413.788        1196.915          40.000  
E18  27471063.634   144361687.120       -5881.348          42.000    27471067.075   110614944.911       -4506.596          46.000  
E21  29233310.755   153622147.257        1091.480          45.000    29233324.095   117710597.330         836.551          42.000  
G10  27651989.069   145312184.625        -371.012          41.000    27651991.733   113230420.021        -290.217          33.000  
G13  23168674.585   121752230.913       -3183.623          46.000                                                                  
E19  30353982.939   159511262.437        2007.129          34.000    30353987.386   122222929.775        1538.378          35.000  
E07  25792868.066   135542479.704       -2110.327          47.000    25792873.412   103857234.428       -1617.007          48.000  
G05  27688666.430   145504674.501       -3172.770          39.000    27688679.529   113380196.080       -2472.704          32.000  
G22  25022344.391   131493490.685       -3680.836          44.000                                                                  
G24  23925762.197   125730975.089        1166.039          45.000    23925761.716    97972461.244         908.517          44.000  
G15  22828250.475   119963303.995       -1583.630          47.000    22828248.828    93477956.939       -1234.198          41.000  
E30  26979924.913   141780634.091       -2477.561          47.000    26979927.026   108637219.637       -1898.380          49.000  
E27  25961502.968   136428858.161        -546.814          47.000    25961505.422   104536547.447        -418.958          49.000  
> 2024 06 08 19 13 00.0070000  0 30                     
E08  29256742.468   153745051.640       -3719.218          42.000    29256754.557   117804587.647       -2849.765          44.000  
G23  26739478.876   140516807.290       -1706.531          40.000    26739484.269   109493628.355       -1329.633          40.000  
G12  24287013.134   127629325.259         804.523          46.000    24287013.403    99451964.886         627.097          40.000  
R13  22849149.607   122013189.4241      -1864.667          40.000    22849148.697    94899430.027       -1450.354          40.000  
R12  25272190.127   134999490.810       -3094.909          48.000    25272190.177   104999915.246       -2407.192          45.000  
R14  23671288.980   126181536.399         558.961          48.000    23671293.241    98141385.861         434.814          49.000  
R03  22122170.303   118421704.397       -2330.772          51.000    22122166.700    92105840.586       -1812.658          48.000  
R22  25083016.328   133894844.789       -1550.772          46.000    25083015.539   104140516.991       -1206.427          45.000  
R04  23573613.115   126235625.140        1529.318          51.000    23573608.766    98183276.413        1189.389          47.000  
G19  23378336.282   122854302.400       -1713.119          48.000                                                                  
S31  40818932.392   214504871.313        -759.656          46.000  
S33  41810706.948   219716627.209        -761.530          41.000  
G17  24403245.056   128240198.523       -2889.005          46.000    24403243.556    99927547.563       -2251.131          44.000  
G06  27114982.496   142490246.376        1475.413          41.000    27114991.866   111031454.408        1149.910          39.000  
R02  24447860.125   130458310.859       -5036.781          47.000    24447867.617   101467566.448       -3917.451          42.000  
R23  24061936.390   128715283.363        1466.436          47.000                                                                  
R24  25741605.817   137651936.552        3117.115          44.000    25741619.227   107062657.846        2424.352          41.000  
G25  26458082.526   139038208.292        1533.519          39.000    26458099.924   108341536.979        1194.916          43.000  
E18  27504634.817   144538104.784       -5879.837          43.000    27504638.148   110750122.102       -4505.453          45.000  
E21  29227084.897   153589429.825        1089.737          45.000    29227097.641   117685528.564         834.868          41.000  
G10  27654143.777   145323506.244        -383.728          41.000    27654144.514   113239241.897        -298.737          33.000  
G13  23186880.522   121847905.840       -3194.696          45.000                                                                  
E19  30342521.068   159451028.444        2008.426          33.000    30342525.195   122176776.536        1539.365          35.000  
E07  25804941.432   135605919.347       -2119.036          48.000    25804945.576   103905843.992       -1623.661          48.000  
G05  27706746.152   145599686.043       -3161.306          38.000    27706759.277   113454231.189       -2462.649          30.000  
G22  25043352.529   131603891.856       -3679.528          43.000                                                                  
G24  23919105.534   125695992.285        1166.091          45.000    23919104.265    97945201.942         908.756          43.000  
G15  22837332.520   120011028.034       -1598.212          47.000    22837330.448    93515144.443       -1245.264          41.000  
E30  26994064.022   141854935.410       -2475.857          47.000    26994066.125   108694151.819       -1897.055          48.000  
E27  25964632.499   136445306.482        -549.895          47.000    25964635.135   104549150.704        -421.235          49.000  
> 2024 06 08 19 13 30.0070000  0 30                     
E08  29277976.166   153856633.212       -3719.438          42.000    29277988.463   117890084.643       -2849.907          44.000  
G23  26749249.408   140568150.496       -1716.206          41.000    26749254.873   109533635.806       -1337.567          40.000  
G12  24282438.743   127605288.680         797.805          45.000    24282438.563    99433235.159         621.515          40.000  
R13  22859623.087   122069116.919       -1863.910          39.000    22859622.357    94942929.163       -1449.737          41.000  
R12  25289557.737   135092261.364       -3089.938          48.000    25289556.986   105072070.088       -2403.187          45.000  
R14  23668147.050   126164792.963         557.257          47.000    23668152.362    98128363.172         433.445          49.000  
R03  22135293.652   118491953.491       -2352.587          51.000    22135290.004    92160478.724       -1829.803          48.000  
R22  25091790.095   133941679.258       -1571.219          46.000    25091790.227   104176943.828       -1222.235          46.000  
R04  23565100.244   126190039.796        1509.686          51.000    23565096.846    98147821.126        1174.395          48.000  
G19  23388163.728   122905945.165       -1729.526          48.000                                                                  
S31  40823260.362   214527615.307        -756.617          45.000  
S33  41815046.154   219739428.827        -758.465          41.000  
G17  24419776.633   128327072.524       -2902.583          46.000    24419775.032    99995241.582       -2261.754          44.000  
G06  27106553.469   142445954.559        1477.184          42.000    27106562.192   110996941.861        1150.997          38.000  
R02  24476184.278   130609453.088       -5039.369          46.000    24476192.403   101585120.854       -3919.460          43.000  
R23  24053755.315   128671517.037        1451.384          48.000                                                                  
R24  25724102.059   137558340.274        3122.606          44.000    25724115.747   106989861.597        2428.562          40.000  
G25  26449334.027   138992236.434        1531.006          40.000    26449351.083   108305715.418        1193.084          41.000  
E18  27538198.624   144714483.957       -5878.658          43.000    27538201.721   110885269.795       -4504.312          45.000  
E21  29220869.567   153556770.772        1087.605          44.000    29220882.793   117660504.497         833.212          42.000  
G10  27656373.094   145335224.158        -397.424          40.000    27656374.619   113248372.612        -308.972          36.000  
G13  23205152.402   121943924.998       -3206.251          45.000                                                                  
E19  30331055.210   159390779.960        2008.264          34.000    30331060.492   122130612.145        1538.994          36.000  
E07  25817065.188   135669626.885       -2128.048          49.000    25817068.996   103954658.830       -1630.653          48.000  
G05  27724758.889   145694346.997       -3149.589          40.000    27724773.039   113527993.120       -2454.048          32.000  
G22  25064355.719   131714263.117       -3678.711          43.000                                                                  
G24  23912448.754   125661011.070        1165.846          46.000    23912447.489    97917943.882         908.468          43.000  
G15  22846499.349   120059192.906       -1612.933          49.000    22846495.739    93552675.480       -1256.903          41.000  
E30  27008194.498   141929190.767       -2474.448          47.000    27008196.583   108751048.765       -1896.120          48.000  
E27  25967781.177   136461853.295        -553.222          47.000    25967783.558   104561829.441        -423.967          48.000  
> 2024 06 08 19 14 00.0070000  0 31                     
E08  29299209.542   153968213.553       -3719.483          42.000    29299222.255   117975580.698       -2849.904          44.000  
G23  26759074.896   140619785.024       -1726.221          41.000    26759080.492   109573870.210       -1344.889          40.000  
G12  24277900.532   127581444.838         791.645          44.000    24277901.687    99414655.632         616.512          41.000  
R13  22870091.614   122125023.6441      -1863.257          39.000    22870091.545    94986409.841       -1449.408          41.000  
R12  25306894.760   135184875.267       -3084.719          48.000    25306894.995   105144103.058       -2399.222          45.000  
R14  23665014.383   126148095.293         555.652          48.000    23665019.307    98115376.065         432.131          48.000  
R03  22148537.957   118562853.695       -2374.397          51.000    22148534.377    92215623.244       -1846.699          48.000  
R22  25100676.978   133989120.362       -1591.644          44.000    25100676.795   104213842.484       -1238.051          45.000  
R04  23556695.338   126145034.780        1490.116          51.000    23556693.517    98112817.212        1159.080          48.000  
G19  23398083.833   122958075.263       -1745.999          49.000                                                                  
S31  40827569.851   214550260.397        -753.463          46.000  
S33  41819366.455   219762131.663        -755.069          41.000  
G17  24436385.567   128414351.406       -2916.223          46.000    24436383.547   100063251.057       -2272.348          43.000  
G06  27098114.325   142401611.554        1478.851          42.000    27098123.282   110962389.447        1152.376          37.000  
R02  24504521.607   130760665.993       -5041.834          46.000    24504529.549   101702730.189       -3921.635          42.000  
R23  24045656.484   128628191.934        1436.497          48.000                                                                  
R24  25706565.344   137464573.422        3127.939          43.000    25706580.020   106916932.691        2432.766          40.000  
G25  26440598.879   138946334.710        1528.467          41.000    26440614.931   108269948.510        1190.838          41.000  
E18  27571754.647   144890820.562       -5877.449          44.000    27571757.321   111020384.879       -4503.575          44.000  
E21  29214664.529   153524169.130        1085.680          43.000    29214678.841   117635524.420         831.766          43.000  
G10  27658678.672   145347337.040        -410.376          38.000    27658681.004   113257811.212        -320.248          39.000  
G13  23223489.376   122040285.761       -3217.897          45.000                                                                  
E19  30319588.262   159330517.788        2008.944          34.000    30319592.884   122084437.231        1539.311          36.000  
E07  25829239.163   135733600.802       -2137.200          49.000    25829243.243   104003677.757       -1637.581          48.000  
E15  30480364.099   160175389.5841       1496.161          40.000    30480387.157   122731892.5671       1146.262          43.000  
G05  27742705.260   145788654.486       -3138.056          31.000    27742718.009                       -2445.669          23.000  
G22  25085352.710   131824602.251       -3677.515          43.000                                                                  
G24  23905792.168   125626032.058        1165.879          45.000    23905791.308    97890687.556         908.354          44.000  
G15  22855748.389   120107796.399       -1627.679          49.000    22855745.481    93590548.329       -1268.530          42.000  
E30  27022315.906   142003398.217       -2472.866          47.000    27022318.010   108807909.001       -1894.911          49.000  
E27  25970947.681   136478496.833        -556.615          46.000    25970950.556   104574582.280        -426.454          48.000  
> 2024 06 08 19 14 30.0070000  0 31                     
E08  29320442.519   154079793.366       -3719.448          42.000    29320456.014   118061076.322       -2849.942          44.000  
G23  26768955.612   140671711.003       -1735.959          38.000    26768962.346   109614331.757       -1352.375          40.000  
G12  24273400.410   127557795.549         784.857          44.000    24273401.895    99396227.698         611.596          41.000  
R13  22880556.724   122180905.085       -1862.317          39.000    22880556.047    95029873.167       -1448.560          40.000  
R12  25324202.996   135277334.891       -3079.523          48.000    25324203.509   105216016.036       -2395.304          45.000  
R14  23661891.855   126131444.766         554.020          49.000    23661894.422    98102425.661         430.999          47.000  
R03  22161904.461   118634404.488       -2395.907          51.000    22161899.964    92271273.773       -1863.625          47.000  
R22  25109677.979   134037169.974       -1611.901          44.000    25109677.911   104251214.398       -1253.713          45.000  
R04  23548399.874   126100615.066        1470.729          50.000    23548396.752    98078268.528        1144.025          47.000  
G19  23408096.747   123010693.872       -1762.107          49.000                                                                  
S31  40831860.656   214572809.610        -750.241          46.000  
S33  41823668.722   219784738.945        -752.285          41.000  
G17  24453071.214   128502034.743       -2929.611          46.000    24453069.016   100131575.705       -2282.936          43.000  
G06  27089666.680   142357222.589        1480.392          42.000    27089675.801   110927801.257        1153.426          38.000  
R02  24532872.250   130911947.677       -5043.847          45.000    24532878.903   101820393.049       -3923.126          41.000  
R23  24037640.345   128585314.302        1421.733          48.000                                                                  
R24  25688998.915   137370642.677        3133.637          44.000    25689013.042   106843876.263        2437.187          38.000  
G25  26431878.175   138900505.431        1526.217          42.000    26431892.674   108234238.002        1189.386          40.000  
E18  27605302.081   145067113.488       -5875.703          44.000    27605304.772   111155466.477       -4502.106          44.000  
E21  29208470.039   153491627.042        1083.610          42.000    29208486.120   117610589.961         830.489          44.000  
G10  27661058.014   145359846.708        -423.767          38.000    27661063.046   113267558.911        -329.923          38.000  
G13  23241891.701   122136988.605       -3229.176          46.000                                                                  
E19  30308119.220   159270245.809        2008.677          35.000    30308123.147   122038254.776        1539.253          36.000  
E07  25841463.948   135797842.594       -2145.886          49.000    25841468.288   104052901.954       -1644.284          49.000  
E15  30471802.576   160130399.113        1502.810          38.000    30471825.007   122697419.970        1151.705          41.000  
G22  25106343.860   131934909.763       -3676.503          44.000                                                                  
G24  23899136.844   125591059.023        1165.511          46.000    23899136.469    97863435.856         908.195          43.000  
G15  22865080.491   120156840.311       -1642.383          48.000    22865078.766    93628764.341       -1279.810          42.000  
E30  27036427.984   142077559.020       -2471.349          47.000    27036430.395   108864733.483       -1893.596          49.000  
E27  25974133.409   136495238.368        -559.773          46.000    25974136.325   104587410.219        -428.927          48.000  
G05                                                                  27760588.711                       -2436.911          14.000  
