     3.00           OBSERVATION DATA    M: Mixed            RINEX VERSION / TYPE
CONVBIN demo5 b34j                      20240609 013620 UTC PGM / RUN BY / DATE 
log: SAUC00CHL_R_20241601830_15M_30S_MO.ubx                 COMMENT             
format: u-blox UBX                                          COMMENT             
format: u-blox UBX                                          COMMENT             
log: SAUC00CHL_R_20241601830_15M_30S_MO.ubx                 COMMENT             
SAUC00CHL                                                   MARKER NAME         
                                                            MARKER NUMBER       
GEODETIC                                                    MARKER TYPE         
El Sauce            Obstech                                 OBSERVER / AGENCY   
UNKNOWN             UBLOX-ZED-F9P                           REC # / TYPE / VERS 
UNKNWOWN            TWIVSP6037L                             ANT # / TYPE        
  1813185.0000 -5195981.0000 -3216438.0000                  APPROX POSITION XYZ 
        0.0000        0.0000        0.0000                  ANTENNA: DELTA H/E/N
G    8 C1C L1C D1C S1C C2X L2X D2X S2X                      SYS / # / OBS TYPES 
R    8 C1C L1C D1C S1C C2C L2C D2C S2C                      SYS / # / OBS TYPES 
E    8 C1X L1X D1X S1X C7X L7X D7X S7X                      SYS / # / OBS TYPES 
S    4 C1C L1C D1C S1C                                      SYS / # / OBS TYPES 
  2024    06    08    18    30   00.0060000     GPS         TIME OF FIRST OBS   
  2024    06    08    18    44   30.0060000     GPS         TIME OF LAST OBS    
                                                            END OF HEADER       
> 2024 06 08 18 30 00.0060000  0 30                     
E08  27527171.474   144656192.2571      -3247.159          43.000    27527177.650   110840423.1151      -2487.909          48.000  
G23  26209789.249   137733319.8381       -374.574          42.000    26209788.754   107324690.9261       -291.757          40.000  
G12  24888190.048   130788443.4001       1664.963          45.000    24888192.287   101913594.7231       1297.237          39.000  
G30  26672646.277   140165590.9641      -3137.011          36.000    26672649.686   109220039.8211      -2445.198          31.000  
R13  22020135.139   117586301.5241      -1489.718          39.000    22020132.443    91456291.5231      -1158.795          40.000  
R12  23739088.731   126810008.5401      -3212.115          49.000    23739088.732    98630281.8911      -2498.419          46.000  
R14  24061138.647   128259595.9821       1115.319          48.000    24061144.687    99757638.9171        867.502          44.000  
R03  21550236.738   115360113.0111          9.185          52.000    21550231.615    89724606.9471          7.040          49.000  
R22  24811539.075   132445684.6831        398.592          46.000    24811539.430   103013379.9861        310.052          45.000  
R04  24707211.241   132306017.7251       3043.431          49.000    24707208.080   102904664.7201       2366.967          44.000  
G19  22957377.362   120642132.8731         16.613          46.000                                                                  
S31  40444184.399   212535548.5181       -742.959          45.000  
S33  41435005.513   217742282.3811       -744.352          40.000  
G17  23374478.378   122833995.0481      -1224.709          45.000    23374476.055    95714921.9831       -954.188          42.000  
E02  29604352.833   155571969.2051      -3222.747          27.000    29604357.818   119204523.6201      -2469.889          29.000  
R02  22217843.493   118558629.3191      -3987.957          51.000    22217844.859    92212286.3471      -3101.763          48.000  
R23  25052907.585   134016209.1531       2482.225          45.000                                                                  
R01  26050687.198   139255851.6951      -5253.721          39.000    26050702.377   108310122.2891      -4086.185          33.000  
G25  27323663.858   143586804.1211       2001.168          37.000    27323683.098   111885881.4281       1558.928          35.000  
E18  24730467.685   129959761.2731      -5235.321          45.000    24730470.482    99579704.6411      -4011.608          47.000  
E21  29869099.956   156963076.3691       1542.543          37.000    29869122.553   120270487.1161       1181.862          42.000  
G13  21955244.257   115375626.9641      -1759.297          49.000                                                                  
E07  25027651.438   131521248.9061      -1018.566          44.000    25027655.811   100776034.5071       -780.472          50.000  
G14  25471012.524   133851195.9091      -3900.389          45.000    25471012.390   104299653.6031      -3039.190          42.000  
G05  26019175.571   136731385.2861      -3589.292          43.000    26019192.251   106543852.7991      -2796.681          40.000  
G22  23319132.437   122543065.7971      -3238.710          46.000                                                                  
G24  24533786.917   128926150.4901       1317.620          43.000    24533788.291   100462205.3751       1026.550          43.000  
G15  22435506.769   117899423.7121        -23.602          49.000    22435503.483    91869741.7841        -18.327          45.000  
E30  25836105.188   135769825.9391      -2166.099          46.000    25836107.996   104031535.7811      -1659.710          50.000  
E27  25847788.875   135831282.5311        128.870          47.000    25847793.070   104078662.3371         98.719          49.000  
> 2024 06 08 18 30 30.0060000  0 30                     
E08  27545724.264   144753687.924       -3252.419          43.000    27545730.597   110915127.430       -2492.052          49.000  
G23  26211969.206   137744778.330        -389.017          40.000    26211970.881   107333619.578        -303.281          41.000  
G12  24878706.811   130738613.257        1657.297          44.000    24878709.791   101874766.438        1291.519          39.000  
G30  26690554.874   140259704.322       -3137.356          35.000    26690558.562   109293374.795       -2444.577          32.000  
R13  22028516.990   117631062.742       -1494.113          40.000    22028516.071    91491105.772       -1161.967          41.000  
R12  23757121.845   126906337.642       -3209.628          48.000    23757121.593    98705204.498       -2496.443          46.000  
R14  24054878.018   128226223.051        1109.589          48.000    24054884.392    99731682.506         863.195          45.000  
R03  21550256.302   115360217.685         -15.933          52.000    21550250.764    89724688.329         -12.388          48.000  
R22  24809349.548   132433996.680         380.713          47.000    24809349.323   103004289.467         296.254          44.000  
R04  24690189.540   132214866.739        3033.561          50.000    24690186.077   102833769.496        2359.455          46.000  
G19  22957332.107   120641900.464          -0.801          47.000                                                                  
S31  40448419.583   212557803.760        -740.755          45.000  
S33  41439251.611   217764596.610        -742.831          40.000  
G17  23381524.890   122871022.496       -1243.365          46.000    23381522.071    95743774.587        -969.121          42.000  
R02  22240309.483   118678511.519       -4003.925          51.000    22240310.423    92305527.926       -3114.228          47.000  
R23  25038997.193   133941797.010        2479.043          45.000                                                                  
R01  26080160.877   139413405.739       -5249.567          40.000    26080176.153   108432664.592       -4083.231          32.000  
G25  27312249.238   143526812.924        1998.683          38.000    27312268.119   111839134.425        1557.567          32.000  
E18  24760388.675   130116994.755       -5246.579          45.000    24760391.211    99700182.270       -4020.210          47.000  
E21  29860301.916   156916848.280        1539.674          37.000    29860325.910   120235065.779        1179.677          43.000  
G13  21965331.822   115428636.833       -1774.597          49.000                                                                  
E07  25033496.579   131551967.828       -1029.273          44.000    25033501.334   100799572.366        -788.556          50.000  
G14  25493274.876   133968183.960       -3898.480          45.000    25493274.224   104390813.095       -3037.848          42.000  
G05  26039655.529   136839012.947       -3585.818          41.000    26039673.779   106627718.357       -2793.936          40.000  
G22  23337639.406   122640319.063       -3244.517          47.000                                                                  
G24  24526260.271   128886598.504        1319.653          43.000    24526260.738   100431385.697        1028.143          42.000  
G15  22435685.981   117900366.484         -39.027          48.000    22435683.230    91870476.388         -30.408          46.000  
E30  25848481.157   135834862.952       -2169.377          46.000    25848484.208   104081369.375       -1662.274          50.000  
E27  25847072.978   135827520.075         122.027          47.000    25847077.238   104075779.471          93.608          50.000  
E02                                                                  29622744.967   119278559.388       -2466.372          27.000  
> 2024 06 08 18 31 00.0060000  0 30                     
E08  27564309.235   144851353.296       -3258.502          44.000    27564315.939   110989961.767       -2496.666          49.000  
G23  26214235.778   137756695.028        -404.883          40.000    26214239.608   107342905.285        -315.558          42.000  
G12  24869269.805   130689024.603        1648.774          44.000    24869272.794   101836126.313        1284.741          40.000  
G30  26708469.398   140353843.520       -3138.284          35.000    26708473.209   109366732.9571      -2446.254          33.000  
R13  22036926.530   117675954.8891      -1499.286          40.000    22036924.405    91526030.468       -1165.965          40.000  
R12  23775142.646   127002601.904       -3207.843          47.000    23775143.229    98780076.669       -2495.095          46.000  
R14  24048651.895   128193032.921        1103.186          49.000    24048658.190    99705868.307         858.035          46.000  
R03  21550418.752   115361090.472         -42.129          51.000    21550413.879    89725367.122         -32.607          48.000  
R22  24807263.854   132422864.831         361.483          47.000    24807263.709   102995631.491         281.129          44.000  
R04  24673225.397   132124027.774        3022.664          49.000    24673222.828   102763116.956        2350.953          48.000  
G19  22957389.919   120642200.695         -19.108          47.000                                                                  
S31  40452646.717   212580017.791        -739.999          45.000  
S33  41443489.813   217786869.289        -742.342          40.000  
G17  23388679.806   122908621.496       -1262.963          47.000    23388677.190    95773072.520        -984.094          43.000  
R02  22262867.238   118798885.764       -4020.917          51.000    22262868.952    92399152.216       -3127.417          47.000  
R23  25025107.206   133867498.456        2474.518          45.000                                                                  
R01  26109617.423   139570869.999       -5247.311          40.000    26109632.285   108555137.083       -4081.427          32.000  
G25  27300851.733   143466916.657        1995.097          38.000    27300870.496   111792461.441        1554.053          33.000  
E18  24790375.868   130274577.590       -5258.650          46.000    24790378.210    99820927.558       -4029.381          47.000  
E21  29851522.053   156870718.826        1535.982          37.000    29851548.273   120199720.036        1176.870          43.000  
G13  21975510.737   115482127.182       -1791.186          50.000                                                                  
E07  25039405.821   131583019.831       -1040.767          44.000    25039410.317   100823365.462        -797.499          50.000  
G14  25515528.941   134085130.534       -3897.534          45.000    25515528.259   104481940.280       -3037.140          42.000  
G05  26060119.778   136946551.096       -3583.188          42.000    26060136.922   106711514.244       -2792.170          38.000  
G22  23356182.910   122737765.067       -3251.414          47.000                                                                  
G24  24518726.535   128847011.162        1320.055          43.000    24518726.472   100400538.483        1028.666          42.000  
G15  22435956.767   117901787.802         -55.530          47.000    22435953.527    91871583.870         -43.139          46.000  
E30  25860879.033   135900013.886       -2173.698          46.000    25860882.010   104131290.243       -1665.544          50.000  
E27  25846398.335   135823974.633         114.428          47.000    25846402.430   104073062.892          87.617          50.000  
E02                                                                  29641111.063                       -2462.850          25.000  
> 2024 06 08 18 31 30.0060000  0 30                     
E08  27582932.296   144949214.634       -3265.620          45.000    27582938.617   111064946.291       -2502.351          49.000  
G23  26216595.955   137769097.032        -421.967          41.000    26216599.074   107352569.120        -328.761          39.000  
G12  24859884.697   130639705.949        1638.980          44.000    24859889.336   101797696.524        1276.972          41.000  
G30  26726393.513   140448036.186       -3141.336          36.000    26726399.024   109440129.735       -2448.242          34.000  
R13  22045365.894   117721025.937       -1505.573          37.000    22045363.863    91561085.786       -1171.399          40.000  
R12  23793156.251   127098828.072       -3207.395          47.000    23793156.706    98854919.194       -2494.621          46.000  
R14  24042465.136   128160053.132        1095.373          49.000    24042471.662    99680217.677         851.933          47.000  
R03  21550730.565   115362760.633         -69.582          52.000    21550725.272    89726666.079         -54.001          47.000  
R22  24805287.870   132412319.515         341.189          47.000    24805288.102   102987429.704         265.247          44.000  
R04  24656324.993   132033532.540        3010.275          47.000    24656322.823   102692731.823        2341.301          47.000  
G19  22957554.223   120643062.576         -38.617          47.000                                                                  
S31  40456871.134   212602215.841        -740.122          45.000  
S33  41447725.044   217809126.175        -741.998          40.000  
G17  23395948.645   122946819.813       -1283.738          46.000    23395946.131    95802837.479       -1000.470          43.000  
R02  22285521.853   118919775.850       -4038.722          50.000    22285523.905    92493177.709       -3141.311          47.000  
R23  25011244.329   133793346.300        2468.768          46.000                                                                  
R01  26139062.059   139728268.482       -5246.442          39.000    26139077.256   108677558.395       -4080.779          31.000  
G25  27289477.879   143407143.134        1989.925          38.000    27289496.276   111745883.988        1550.616          35.000  
E18  24820433.602   130432532.753       -5271.793          45.000    24820436.163    99941958.140       -4039.439          48.000  
E21  29842767.741   156824715.805        1530.674          37.000    29842794.470   120164471.179        1172.937          44.000  
G13  21985786.410   115536125.263       -1808.902          50.000                                                                  
E07  25045384.045   131614432.757       -1053.806          44.000    25045388.379   100847435.094        -807.335          50.000  
G14  25537780.448   134202061.444       -3897.979          46.000    25537779.305   104573055.260       -3037.488          41.000  
G05  26080571.418   137054024.086       -3581.670          41.000    26080588.525   106795259.348       -2791.293          40.000  
G22  23374767.787   122835429.239       -3259.559          47.000                                                                  
G24  24511191.796   128807416.515        1319.634          44.000    24511191.504   100369685.618        1028.172          41.000  
G15  22436323.517   117903716.530         -73.206          47.000    22436320.767    91873086.784         -57.248          46.000  
E30  25873303.973   135965304.821       -2179.231          46.000    25873306.274   104181318.373       -1669.690          50.000  
E27  25845770.173   135820673.111         105.578          47.000    25845774.027   104070533.210          80.813          50.000  
E02                                                                  29659465.172                       -2460.897          25.000  
> 2024 06 08 18 32 00.0060000  0 30                     
E08  27601600.421   145047309.935       -3274.481          46.000    27601605.578   111140110.060       -2508.858          49.000  
G23  26219057.560   137782023.008        -440.221          43.000    26219057.400   107362641.217        -343.105          39.000  
G12  24850558.175   130590696.420        1627.940          44.000    24850564.294   101759507.604        1268.640          42.000  
G30  26744335.218   140542321.569       -3145.190          37.000    26744340.358   109513598.758       -2450.677          34.000  
R13  22053843.502   117766302.3461      -1512.998          38.000    22053843.910    91596301.495       -1176.654          41.000  
R12  23811170.176   127195054.884       -3208.021          46.000    23811170.642    98929762.228       -2495.228          46.000  
R14  24036324.840   128127322.018        1086.237          49.000    24036330.519    99654760.437         844.979          47.000  
R03  21551198.907   115365269.399         -98.141          52.000    21551193.567    89728617.278         -76.282          47.000  
R22  24803430.466   132402403.229         319.631          47.000    24803430.899   102979717.126         248.604          45.000  
R04  24639498.194   131943425.359        2996.571          48.000    24639494.864   102622648.456        2330.613          46.000  
G19  22957832.360   120644526.621         -59.437          47.000                                                                  
S31  40461099.746   212624438.462        -741.749          45.000  
S33  41451965.001   217831407.268        -743.727          40.000  
G17  23403338.609   122985656.326       -1305.817          46.000    23403336.461    95833099.729       -1017.390          43.000  
R02  22308279.502   119041217.760       -4057.776          49.000    22308282.486    92587632.377       -3156.011          47.000  
R23  24997417.283   133719384.310        2461.626          46.000                                                                  
R01  26168502.856   139885691.8891      -5245.757          40.000    26168516.474   108799957.093       -4079.766          30.000  
G25  27278134.121   143347532.136        1984.029          37.000    27278153.612   111699433.218        1545.887          34.000  
E18  24850568.646   130590894.938       -5286.090          45.000    24850571.575   100063300.619       -4050.458          48.000  
E21  29834044.811   156778878.802        1524.283          37.000    29834071.447   120129349.511        1168.047          43.000  
G13  21996165.106   115590670.232       -1827.696          49.000                                                                  
E07  25051438.765   131646246.072       -1067.803          45.000    25051442.669   100871811.515        -818.123          51.000  
G14  25560035.504   134319014.147       -3899.084          45.000    25560034.781   104664187.233       -3038.361          41.000  
G05  26101017.261   137161468.422       -3581.630          41.000    26101035.070   106878982.098       -2791.107          39.000  
G22  23393401.541   122933348.699       -3268.740          48.000                                                                  
G24  24503663.623   128767854.373        1317.546          43.000    24503663.805   100338858.050        1026.490          42.000  
G15  22436794.352   117906192.676         -92.169          48.000    22436791.608    91875016.241         -71.809          45.000  
E30  25885762.529   136030773.452       -2185.823          46.000    25885764.454   104231482.664       -1674.879          49.000  
E27  25845195.846   135817654.086          95.261          47.000    25845199.475   104068219.977          73.012          50.000  
E02                                                                  29677810.901                       -2462.275          18.000  
> 2024 06 08 18 32 30.0060000  0 30                     
E08  27620316.677   145145665.249       -3283.030          46.000    27620322.018   111215473.069       -2515.565          49.000  
G23  26221623.034   137795499.660        -458.562          42.000    26221621.501   107373142.373        -356.908          38.000  
G12  24841296.006   130542023.732        1616.442          45.000    24841302.202   101721581.151        1259.640          43.000  
G30  26762300.457   140636726.962       -3148.803          37.000    26762304.610   109587161.286       -2453.661          34.000  
R13  22062367.346   117811811.558       -1521.064          39.000    22062366.861    91631697.522       -1182.978          42.000  
R12  23829189.493   127291308.987       -3209.211          47.000    23829189.446    99004626.489       -2495.975          46.000  
R14  24030235.627   128094866.607        1076.949          49.000    24030241.662    99629517.624         837.584          47.000  
R03  21551828.590   115368645.181        -127.260          51.000    21551824.265    89731242.821         -99.012          47.000  
R22  24801696.852   132393146.196         297.252          48.000    24801696.031   102972517.293         231.173          44.000  
R04  24622750.379   131853737.985        2982.366          49.000    24622746.743   102552891.632        2319.572          47.000  
G19  22958230.602   120646621.095         -80.601          47.000                                                                  
S31  40465338.396   212646712.772        -743.485          45.000  
S33  41456214.796   217853740.579        -745.719          40.000  
G17  23410854.783   123025157.565       -1328.080          45.000    23410853.145    95863879.949       -1035.042          42.000  
R02  22331145.991   119163235.206       -4077.113          50.000    22331147.520    92682534.662       -3171.163          46.000  
R23  24983632.167   133645645.300        2453.991          46.000                                                                  
R01  26197939.629   140043056.388       -5245.577          40.000    26197954.040   108922352.007       -4079.892          31.000  
G25  27266827.506   143288111.533        1977.513          37.000    27266844.973   111653130.825        1540.914          34.000  
E18  24880785.483   130749686.895       -5300.304          45.000    24880788.526   100184972.395       -4061.391          48.000  
E21  29825359.540   156733235.466        1518.027          38.000    29825385.881   120094376.251        1163.171          43.000  
G13  22006654.390   115645789.201       -1847.066          49.000                                                                  
E07  25057574.504   131678487.421       -1082.050          45.000    25057578.234   100896515.897        -829.126          51.000  
G14  25582299.699   134436014.345       -3901.038          44.000    25582299.341   104755356.190       -3039.838          41.000  
G05  26121463.040   137268908.213       -3581.627          42.000    26121479.735   106962701.361       -2791.078          38.000  
G22  23412088.449   123031548.262       -3278.188          48.000                                                                  
G24  24496146.369   128728352.670        1315.667          43.000    24496147.275   100308077.548        1025.026          43.000  
G15  22437375.454   117909244.414        -111.586          48.000    22437372.116    91877394.206         -86.989          45.000  
E30  25898259.475   136096445.651       -2192.663          46.000    25898261.424   104281802.945       -1680.064          49.000  
E27  25844680.580   135814944.210          85.068          47.000    25844683.679   104066143.630          65.151          49.000  
E02                                                                  29696157.714                       -2454.790          14.000  
> 2024 06 08 18 33 00.0060000  0 29                     
E08  27639087.348   145244306.570       -3293.093          46.000    27639092.819   111291055.209       -2523.200          49.000  
G23  26224296.999   137809553.652        -478.170          43.000    26224296.063   107384093.429        -372.501          39.000  
G12  24832103.167   130493715.666        1604.038          45.000    24832107.876   101683938.796        1250.014          42.000  
G30  26780293.914   140731279.655       -3154.093          37.000    26780296.847   109660838.593       -2458.354          34.000  
R13  22070937.816   117857569.7001      -1529.936          37.000    22070936.480    91667294.143       -1189.697          40.000  
R12  23847219.227   127387616.993       -3211.279          47.000    23847218.460    99079532.686       -2497.649          46.000  
R14  24024202.762   128062713.562        1066.559          47.000    24024208.345    99604509.995         829.478          45.000  
R03  21552627.160   115372917.307        -157.533          51.000    21552622.984    89734565.564        -122.569          48.000  
R22  24800091.593   132384578.598         273.898          48.000    24800090.962   102965853.638         212.944          44.000  
R04  24606086.786   131764502.193        2966.848          49.000    24606083.024   102483486.074        2307.345          47.000  
G19  22958754.442   120649374.159        -102.915          47.000                                                                  
S31  40469592.115   212669065.489        -746.591          45.000  
S33  41460479.519   217876151.614        -748.396          40.000  
G17  23418503.735   123065350.743       -1351.353          45.000    23418501.497    95895199.316       -1052.984          41.000  
R02  22354124.953   119285851.698       -4097.247          50.000    22354125.580    92777902.897       -3186.706          46.000  
R23  24969895.339   133572161.417        2445.041          46.000                                                                  
R01  26227381.783   140200440.476       -5247.051          27.000    26227395.552                       -4083.850          18.000  
G25  27255562.951   143228909.321        1969.680          40.000    27255581.360   111606998.617        1534.427          38.000  
E18  24911088.777   130908931.309       -5315.805          45.000    24911091.779   100306990.848       -4073.154          48.000  
E21  29816716.484   156687813.297        1510.324          39.000    29816742.026   120059572.452        1157.064          43.000  
G13  22017258.022   115701508.983       -1867.529          50.000                                                                  
E07  25063797.032   131711184.231       -1097.735          45.000    25063800.434   100921569.270        -841.043          52.000  
G14  25604578.194   134553087.522       -3903.778          44.000    25604577.942   104846582.011       -3041.876          41.000  
G05  26141911.713   137376367.810       -3582.484          41.000    26141928.115   107046436.099       -2791.688          37.000  
G22  23430833.162   123130052.411       -3288.684          47.000                                                                  
G24  24488646.108   128688939.196        1312.051          43.000    24488646.983   100277365.781        1022.443          42.000  
G15  22438071.113   117912899.966        -132.067          48.000    22438067.788    91880242.635        -102.979          44.000  
E30  25910799.873   136162347.162       -2200.875          46.000    25910802.199   104332298.934       -1686.247          49.000  
E27  25844228.967   135812570.115          73.314          47.000    25844231.679   104064324.562          56.153          49.000  
> 2024 06 08 18 33 30.0060000  0 29                     
E08  27657916.178   145343252.950       -3303.387          46.000    27657921.980   111366871.095       -2531.225          49.000  
G23  26227084.160   137824204.671        -498.579          43.000    26227085.749   107395509.811        -388.704          41.000  
G12  24822983.411   130445792.944        1590.792          45.000    24822988.125   101646596.726        1239.455          41.000  
G30  26798318.768   140826000.148       -3160.612          35.000    26798321.560   109734646.643       -2461.793          33.000  
R13  22079560.688   117903613.527       -1539.523          40.000    22079558.282    91703106.015       -1197.606          40.000  
R12  23865261.946   127483998.601       -3214.193          48.000    23865261.089    99154496.106       -2499.968          46.000  
R14  24018231.725   128030882.486        1055.494          49.000    24018236.457    99579752.713         820.967          46.000  
R03  21553597.426   115378107.060        -188.503          51.000    21553592.999    89738602.022        -146.639          48.000  
R22  24798619.438   132376723.538         249.632          47.000    24798619.880   102959744.217         194.032          45.000  
R04  24589510.790   131675742.788        2950.372          48.000    24589507.716   102414450.989        2294.782          46.000  
G19  22959408.098   120652807.582        -126.085          47.000                                                                  
S31  40473864.352   212691516.494        -750.470          45.000  
S33  41464762.903   217898661.036        -752.269          40.000  
G17  23426287.311   123106255.115       -1375.718          45.000    23426285.342    95927072.880       -1072.037          41.000  
R02  22377218.206   119409083.814       -4118.282          50.000    22377219.657    92873749.934       -3202.986          46.000  
R23  24956210.034   133498957.530        2435.054          45.000                                                                  
R01  26256833.745                1      -5264.209          15.000                                                                  
G25  27244343.351   143169946.196        1960.872          40.000    27244362.847   111561052.676        1528.088          36.000  
E18  24941481.173   131068643.955       -5331.607          45.000    24941484.002   100429368.055       -4085.249          48.000  
E21  29808117.192   156642632.925        1501.732          38.000    29808144.352   120024953.944        1150.800          44.000  
G13  22027978.988   115757849.683       -1888.684          49.000                                                                  
E07  25070110.481   131744357.085       -1113.902          46.000    25070113.133   100946987.411        -853.412          51.000  
G14  25626874.053   134670252.304       -3906.982          44.000    25626873.442   104937879.233       -3044.867          41.000  
G05  26162367.396   137483864.953       -3584.578          40.000    26162384.601   107130200.103       -2792.833          38.000  
G22  23449639.422   123228879.117       -3299.837          47.000                                                                  
G24  24481167.103   128649634.867        1308.049          43.000    24481167.063   100246739.070        1019.318          42.000  
G15  22438885.973   117917180.819        -153.359          48.000    22438882.271    91883578.326        -119.675          44.000  
E30  25923387.254   136228496.765       -2209.245          45.000    25923390.314   104382985.030       -1692.817          50.000  
E27  25843844.455   135810551.415          61.168          47.000    25843847.323   104062777.831          46.960          49.000  
> 2024 06 08 18 34 00.0060000  0 28                     
E08  27676806.749   145442525.343       -3314.708          45.000    27676813.147   111442936.765       -2539.820          49.000  
G23  26229990.016   137839474.336        -519.404          43.000    26229992.490   107407408.175        -404.729          41.000  
G12  24813941.497   130398278.222        1576.729          46.000    24813944.958   101609572.559        1228.726          41.000  
G30  26816378.083   140920910.532       -3167.132          34.000    26816382.874   109808601.7261      -2468.239          32.000  
R13  22088240.434   117949964.8171      -1549.931          40.000    22088237.952    91739149.231       -1205.340          42.000  
R12  23883322.815   127580475.193       -3217.713          49.000    23883321.234    99229533.411       -2502.647          45.000  
R14  24012325.257   127999394.943        1043.616          49.000    24012329.726    99555262.668         811.724          46.000  
R03  21554743.672   115384238.014        -220.288          52.000    21554738.309    89743370.512        -171.241          47.000  
R22  24797286.974   132369606.008         224.721          48.000    24797286.372   102954208.375         174.850          44.000  
R04  24573029.701   131587486.217        2933.343          48.000    24573026.776   102345807.039        2281.327          47.000  
G19  22960195.116   120656944.386        -149.871          48.000                                                                  
S31  40478159.648   212714088.335        -754.687          45.000  
S33  41469069.496   217921292.492        -756.816          40.000  
G17  23434210.592   123147892.818       -1400.414          46.000    23434208.376    95959517.885       -1091.012          40.000  
R02  22400430.053   119532950.095       -4139.570          49.000    22400432.827    92970090.176       -3219.611          46.000  
R23  24942582.451   133426060.944        2424.440          43.000                                                                  
G25  27233173.280   143111244.697        1951.910          37.000    27233193.351   111515310.712        1521.156          41.000  
E18  24971965.909   131228842.525       -5348.255          45.000    24971969.013   100552117.580       -4097.997          48.000  
E21  29799569.472   156597716.758        1492.652          38.000    29799596.631   119990537.905        1143.632          44.000  
G13  22038822.545   115814833.223       -1910.334          49.000                                                                  
E07  25076517.031   131778028.354       -1130.875          45.000    25076520.469   100972787.465        -866.410          51.000  
G14  25649190.967   134787529.250       -3911.078          43.000    25649190.414   105029263.805       -3047.681          41.000  
G05  26182833.652   137591418.719       -3586.177          38.000    26182851.234   107214008.199       -2794.474          39.000  
G22  23468510.339   123328048.327       -3311.492          47.000                                                                  
G24  24473712.718   128610462.502        1303.556          43.000    24473712.022   100216215.210        1015.585          42.000  
G15  22439823.505   117922109.797        -175.337          48.000    22439820.422    91887419.045        -136.616          44.000  
E30  25936025.887   136294915.168       -2218.607          45.000    25936029.330   104433877.046       -1699.891          50.000  
E27  25843531.782   135808909.633          48.283          47.000    25843534.922   104061519.897          36.941          49.000  
> 2024 06 08 18 34 30.0060000  0 28                     
E08  27695761.270   145542132.600       -3325.939          43.000    27695767.800   111519259.009       -2548.319          48.000  
G23  26233016.016   137855372.142        -540.386          42.000    26233016.853   107419795.964        -421.089          41.000  
G12  24804979.282   130351181.913        1562.792          46.000    24804981.011   101572874.434        1217.866          39.000  
G30  26834477.168   141016021.032       -3173.763          34.000    26834481.325   109882713.695       -2473.534          32.000  
R13  22096974.306   117996612.108       -1560.078          38.000    22096974.339    91775430.405       -1213.352          42.000  
R12  23901402.613   127677056.206       -3221.228          49.000    23901401.683    99304651.940       -2505.322          45.000  
R14  24006483.926   127968260.647        1031.854          49.000    24006489.205    99531047.298         802.693          46.000  
R03  21556067.005   115391321.360        -252.012          52.000    21556061.288    89748879.727        -196.011          47.000  
R22  24796094.133   132363238.714         199.683          48.000    24796093.002   102949256.034         155.412          43.000  
R04  24556645.458   131499747.191        2915.943          49.000    24556641.568   102277565.588        2267.982          46.000  
G19  22961118.558   120661795.630        -173.718          48.000                                                                  
S31  40482480.142   212736791.330        -759.091          45.000  
S33  41473400.871   217944053.995        -761.117          40.000  
G17  23442275.585   123190273.638       -1425.070          45.000    23442272.763    95992541.980       -1110.527          40.000  
R02  22423763.103   119657456.788       -4160.952          49.000    22423765.338    93066928.552       -3236.232          46.000  
R23  24929014.931   133353485.914        2413.574          43.000                                                                  
G25  27222054.570   143052815.601        1942.889          38.000    27222075.308   111469781.055        1513.853          39.000  
E18  25002544.160   131389532.628       -5364.590          45.000    25002547.364   100675243.752       -4110.515          48.000  
E21  29791075.089   156553075.229        1483.157          37.000    29791101.355   119956332.285        1136.666          44.000  
G13  22049790.742   115872469.386       -1932.095          50.000                                                                  
E07  25083021.069   131812208.397       -1147.918          45.000    25083024.509   100998977.364        -879.504          51.000  
G14  25671531.261   134904926.791       -3915.405          43.000    25671530.423   105120742.360       -3050.934          41.000  
G05  26203312.647   137699036.451       -3588.437          38.000    26203330.541   107297866.189       -2796.157          40.000  
G22  23487448.325   123427568.147       -3323.270          47.000                                                                  
G24  24466285.246   128571432.830        1298.738          43.000    24466285.093   100185802.522        1011.906          42.000  
G15  22440886.767   117927698.077        -197.390          47.000    22440883.847    91891773.533        -153.774          44.000  
E30  25948717.371   136361610.996       -2227.757          44.000    25948721.169   104484981.637       -1707.054          50.000  
E27  25843292.817   135807654.192          35.336          47.000    25843296.014   104060557.969          27.236          49.000  
> 2024 06 08 18 35 00.0060000  0 28                     
E08  27714781.776   145642085.816       -3338.350          43.000    27714788.206   111595846.350       -2557.878          48.000  
G23  26236162.656   137871909.677        -562.588          41.000    26236163.272   107432682.271        -438.604          40.000  
G12  24796099.025   130304516.684        1547.692          47.000    24796101.513   101536512.242        1206.119          40.000  
G30  26852616.536   141111344.060       -3181.324          33.000    26852620.826   109956991.208       -2478.985          32.000  
R13  22105768.996   118043556.1891      -1571.111          41.000    22105768.231    91811958.010       -1222.102          41.000  
R12  23919505.052   127773753.078       -3225.754          49.000    23919504.132    99379860.562       -2508.920          45.000  
R14  24000711.545   127937490.774        1019.044          49.000    24000716.959    99507115.396         792.786          46.000  
R03  21557569.501   115399370.207        -284.859          51.000    21557564.753    89755139.900        -221.641          47.000  
R22  24795043.667   132357636.581         173.615          47.000    24795043.284   102944898.789         135.016          43.000  
R04  24540359.781   131412542.080        2897.274          48.000    24540356.375   102209739.419        2253.532          46.000  
G19  22962180.302   120667374.495        -198.708          48.000                                                                  
S31  40486827.413   212759637.259        -764.449          45.000  
S33  41477759.224   217966958.651        -766.403          40.000  
G17  23450484.203   123233409.203       -1451.111          46.000    23450481.282    96026154.134       -1130.676          40.000  
R02  22447217.340   119782611.946       -4183.255          49.000    22447220.033    93164271.276       -3253.628          46.000  
R23  24915511.161   133281249.868        2401.558          44.000                                                                  
G25  27210989.965   142994671.838        1932.525          37.000    27211010.904   111424473.717        1506.062          39.000  
E18  25033217.807   131550722.197       -5381.921          45.000    25033220.542   100798752.628       -4123.684          48.000  
E21  29782633.827   156508720.893        1473.306          36.000    29782660.004   119922346.766        1128.725          43.000  
G13  22060885.500   115930770.288       -1955.035          50.000                                                                  
E07  25089623.998   131846909.742       -1165.929          44.000    25089627.686   101025566.702        -893.374          50.000  
G14  25693896.761   135022455.694       -3920.349          43.000    25693895.751   105212323.312       -3054.950          41.000  
G05  26223806.856   137806727.732       -3591.521          41.000    26223823.839   107381781.473       -2798.386          40.000  
G22  23506454.700   123527448.464       -3335.901          47.000                                                                  
G24  24458887.383   128532558.834        1292.911          42.000    24458887.816   100155511.147        1007.316          42.000  
G15  22442078.127   117933958.945        -220.510          47.000    22442075.614    91896652.100        -171.810          45.000  
E30  25961464.278   136428595.208       -2238.255          45.000    25961467.493   104536307.189       -1714.941          50.000  
E27  25843128.621   135806796.794          21.482          46.000    25843133.137   104059901.043          16.397          49.000  
> 2024 06 08 18 35 30.0060000  0 28                     
E08  27733872.082   145742406.517       -3350.330          42.000    27733878.956   111672715.262       -2567.195          48.000  
G23  26239434.031   137889109.041        -585.096          40.000    26239436.063   107446084.275        -455.400          40.000  
G12  24787305.331   130258305.863        1532.474          47.000    24787308.913   101500504.158        1193.875          42.000  
G30  26870800.782   141206902.354       -3189.377          35.000    26870805.693   110031452.083       -2484.568          32.000  
R13  22114628.463   118090858.228       -1582.655          41.000    22114626.088    91848748.519       -1230.771          41.000  
R12  23937632.319   127870588.089       -3230.409          49.000    23937631.640    99455176.647       -2512.513          45.000  
R14  23995011.889   127907107.767        1005.900          49.000    23995016.988    99483484.427         782.532          47.000  
R03  21559258.502   115408409.001        -318.112          51.000    21559253.151    89762170.014        -247.521          47.000  
R22  24794142.884   132352825.188         146.784          47.000    24794142.532   102941156.535         114.199          44.000  
R04  24524179.161   131325898.131        2878.457          47.000    24524177.674   102142349.737        2238.850          47.000  
G19  22963385.112   120673704.929        -223.888          49.000                                                                  
S31  40491206.367   212782648.070        -769.980          45.000  
S33  41482149.298   217990028.821        -772.097          40.000  
G17  23458840.488   123277321.800       -1476.889          45.000    23458837.203    96060371.722       -1150.820          40.000  
R02  22470796.945   119908434.947       -4205.501          49.000    22470799.926    93262133.417       -3270.789          46.000  
R23  24902075.621   133209380.504        2389.175          44.000                                                                  
G25  27199984.599   142936836.703        1922.294          37.000    27200005.488   111379406.894        1498.136          36.000  
E18  25063989.547   131712429.491       -5399.148          46.000    25063992.213   100922658.217       -4136.931          47.000  
E21  29774252.880   156464676.893        1462.530          36.000    29774278.525   119888599.007        1120.628          43.000  
G13  22072109.849   115989758.322       -1978.023          50.000                                                                  
E07  25096330.358   131882155.408       -1184.322          44.000    25096334.547   101052573.105        -907.458          50.000  
G14  25716290.721   135140137.077       -3925.684          43.000    25716290.383   105304023.081       -3058.746          42.000  
G05  26244317.327   137914511.797       -3594.453          41.000    26244334.820   107465769.141       -2801.012          40.000  
G22  23525533.604   123627709.593       -3348.685          46.000                                                                  
G24  24451524.743   128493864.083        1286.387          43.000    24451524.482   100125359.415        1002.504          42.000  
G15  22443402.523   117940916.171        -243.898          48.000    22443399.988    91902073.273        -189.886          45.000  
E30  25974269.898   136495889.098       -2248.619          45.000    25974273.101   104587870.055       -1723.016          50.000  
E27  25843045.956   135806359.557           7.290          47.000    25843050.049   104059566.046           5.537          50.000  
> 2024 06 08 18 36 00.0060000  0 28                     
E08  27753035.685   145843109.224       -3363.188          43.000    27753042.366   111749876.855       -2577.085          48.000  
G23  26242835.751   137906985.365        -607.443          42.000    26242838.949   107460013.809        -473.328          41.000  
G12  24778600.247   130212565.383        1516.649          46.000    24778604.739   101464862.531        1181.883          41.000  
G30  26889034.265   141302711.770       -3198.071          37.000    26889038.564   110106108.676       -2491.985          32.000  
R13  22123551.680   118138512.865       -1594.496          40.000    22123551.548    91885813.234       -1240.459          43.000  
R12  23955788.506   127967576.061       -3235.821          49.000    23955788.134    99530611.687       -2516.584          45.000  
R14  23989387.489   127877126.577         992.458          49.000    23989391.997    99460165.950         771.852          45.000  
R03  21561134.323   115418454.319        -351.871          51.000    21561129.779    89769982.998        -273.718          47.000  
R22  24793393.370   132348822.815         119.566          48.000    24793392.720   102938043.504          93.051          44.000  
R04  24508107.222   131239835.475        2858.789          47.000    24508106.466   102075412.204        2223.220          48.000  
G19  22964735.691   120680803.659        -249.681          48.000                                                                  
S31  40495619.740   212805841.808        -776.406          45.000  
S33  41486573.735   218013280.230        -778.231          40.000  
G17  23467347.165   123322026.755       -1503.622          45.000    23467344.722    96095206.779       -1171.596          41.000  
R02  22494503.835   120034937.493       -4228.174          49.000    22494505.887    93360524.138       -3288.464          46.000  
R23  24888712.243   133137898.360        2375.987          44.000                                                                  
G25  27189039.351   142879326.421        1911.555          37.000    27189062.086   111334593.350        1489.512          39.000  
E18  25094862.290   131874665.850       -5416.679          45.000    25094864.635   101046969.203       -4150.621          47.000  
E21  29765934.563   156420959.254        1451.449          37.000    29765959.205   119855101.336        1112.245          44.000  
G13  22083468.360   116049448.666       -2001.621          49.000                                                                  
E07  25103143.686   131917961.349       -1203.132          45.000    25103148.312   101080008.794        -921.770          51.000  
G14  25738715.719   135257985.143       -3931.171          41.000    25738715.781   105395852.715       -3063.355          42.000  
G05  26264847.940   138022402.077       -3598.163          42.000    26264865.621   107549839.577       -2804.035          39.000  
G22  23544687.934   123728364.928       -3361.818          47.000                                                                  
G24  24444198.668   128455364.903        1279.788          43.000    24444198.347   100095360.080         997.281          42.000  
G15  22444862.272   117948586.193        -267.677          49.000    22444859.444    91908049.887        -208.656          44.000  
E30  25987136.804   136563506.890       -2259.610          45.000    25987140.275   104639681.090       -1731.307          50.000  
E27  25843045.930   135806357.528          -7.408          47.000    25843049.865   104059564.520          -5.690          50.000  
> 2024 06 08 18 36 30.0060000  0 28                     
E08  27772272.778   145944196.624       -3376.163          44.000    27772278.617   111827333.221       -2586.865          48.000  
G23  26246368.023   137925542.012        -629.886          43.000    26246370.532   107474473.453        -490.905          41.000  
G12  24769984.788   130167299.673        1500.763          45.000    24769990.517   101429590.895        1169.481          42.000  
G30  26907315.230   141398776.303       -3206.420          38.000    26907319.606   110180963.998       -2498.347          32.000  
R13  22132541.690   118186522.194       -1605.953          41.000    22132542.799    91923153.733       -1249.493          42.000  
R12  23973973.826   128064720.600       -3240.854          48.000    23973973.791    99606168.516       -2520.733          45.000  
R14  23983839.488   127847550.252         978.857          50.000    23983843.158    99437162.349         761.303          45.000  
R03  21563199.892   115429511.084        -385.530          51.000    21563195.600    89778582.656        -299.928          47.000  
R22  24792796.269   132345635.886          92.576          49.000    24792795.824   102935564.744          72.102          44.000  
R04  24492146.738   131154362.121        2839.154          48.000    24492144.308   102008932.992        2208.165          46.000  
G19  22966233.203   120688675.849        -275.426          47.000                                                                  
S31  40500068.442   212829219.557        -782.231          45.000  
S33  41491033.595   218036717.281        -784.662          40.000  
G17  23476005.703   123367527.235       -1530.008          45.000    23476003.328    96130661.718       -1192.057          41.000  
R02  22518337.565   120162119.609       -4250.665          49.000    22518340.573    93459443.383       -3306.097          46.000  
R23  24875423.823   133066811.953        2362.706          45.000                                                                  
G25  27178158.575   142822145.594        1900.577          36.000    27178181.454   111290036.436        1480.576          38.000  
E18  25125835.351   132037430.858       -5434.420          45.000    25125837.809   101171685.265       -4164.122          47.000  
E21  29757677.870   156377572.323        1440.375          37.000    29757702.949   119821857.088        1103.741          44.000  
G13  22094961.423   116109845.140       -2025.070          49.000                                                                  
E07  25110065.311   131954331.806       -1221.768          45.000    25110069.521   101107877.044        -936.121          51.000  
G14  25761173.640   135376002.336       -3936.676          41.000    25761173.483   105487814.119       -3067.828          41.000  
G05  26285399.377   138130399.853       -3601.877          42.000    26285416.139   107633993.761       -2806.738          39.000  
G22  23563917.793   123829416.552       -3375.094          48.000                                                                  
G24  24436911.013   128417066.032        1273.163          43.000    24436910.761   100065516.830         992.182          43.000  
G15  22446458.232   117956973.804        -291.590          48.000    22446455.098    91914585.643        -227.130          44.000  
E30  26000066.208   136631451.222       -2270.204          45.000    26000069.644   104691742.318       -1739.652          50.000  
E27  25843129.213   135806794.090         -21.921          47.000    25843132.551   104059899.058         -16.943          50.000  
> 2024 06 08 18 37 00.0060000  0 28                     
E08  27791578.545   146045650.309       -3387.415          45.000    27791584.728   111905070.270       -2595.549          48.000  
G23  26250025.940   137944761.108        -651.119          44.000    26250027.708   107489449.281        -507.595          40.000  
G12  24761458.519   130122492.235        1486.628          46.000    24761463.322   101394676.362        1158.129          41.000  
G30  26925640.860   141495079.128       -3213.501          38.000    26925645.286   110256005.013       -2504.143          31.000  
R13  22141596.993   118234867.290       -1616.687          42.000    22141594.883    91960755.452       -1256.941          39.000  
R12  23992185.748   128162003.125       -3244.580          48.000    23992185.326    99681832.652       -2523.446          45.000  
R14  23978362.383   127818360.903         967.049          49.000    23978366.522    99414459.763         752.260          44.000  
R03  21565451.429   115441562.384        -417.650          51.000    21565446.946    89787955.868        -324.838          48.000  
R22  24792349.179   132343249.453          66.692          48.000    24792349.133   102933708.570          52.011          45.000  
R04  24476293.290   131069464.990        2820.831          48.000    24476289.595   101942901.929        2193.979          47.000  
G19  22967874.906   120697304.971        -299.726          47.000                                                                  
S31  40504549.237   212852765.820        -787.425          45.000  
S33  41495525.179   218060321.860        -788.967          40.000  
G17  23484812.538   123413805.613       -1554.945          46.000    23484809.905    96166722.825       -1211.789          41.000  
R02  22542293.942   120289959.862       -4271.735          48.000    22542297.857    93558874.488       -3322.436          46.000  
R23  24862206.526   132996108.549        2350.960          46.000                                                                  
G25  27167338.061   142765277.447        1890.739          37.000    27167359.326   111245723.286        1473.363          37.000  
E18  25156905.101   132200702.928       -5450.279          46.000    25156907.444   101296789.847       -4176.033          47.000  
E21  29749481.639   156334499.177        1431.077          37.000    29749506.193   119788853.308        1096.542          45.000  
G13  22106585.428   116170930.270       -2047.209          49.000                                                                  
E07  25117091.453   131991249.883       -1239.187          46.000    25117095.126   101136164.889        -949.394          51.000  
G14  25783661.154   135494169.974       -3940.886          41.000    25783659.748   105579892.765       -3070.935          41.000  
G05  26305966.450   138238484.846       -3603.789          41.000    26305983.346   107718215.969       -2807.994          37.000  
G22  23583219.381   123930844.514       -3386.650          48.000                                                                  
G24  24429657.772   128378951.088        1267.970          43.000    24429658.116   100035816.900         987.963          44.000  
G15  22448187.413   117966062.902        -314.063          47.000    22448184.572    91921668.020        -244.912          44.000  
E30  26013054.577   136699703.587       -2279.446          45.000    26013057.704   104744039.561       -1746.760          49.000  
E27  25843292.418   135807651.435         -34.946          47.000    25843295.631   104060555.993         -26.872          49.000  
> 2024 06 08 18 37 30.0060000  0 28                     
E08  27810942.522   146147408.748       -3396.349          45.000    27810948.716   111983040.814       -2602.317          47.000  
G23  26253797.970   137964581.557        -670.106          43.000    26253799.499   107504893.668        -522.397          40.000  
G12  24753008.236   130078082.769        1474.354          45.000    24753011.746   101360071.861        1148.994          41.000  
G30  26944000.624   141591559.832       -3218.404          38.000    26944005.018   110331184.641       -2508.207          32.000  
R13  22150701.779   118283485.148       -1624.737          39.000    22150697.432    91998569.417       -1263.523          39.000  
R12  24010411.018   128259361.328       -3245.844          48.000    24010411.013    99757555.638       -2524.505          45.000  
R14  23972947.393   127789495.990         957.326          49.000    23972951.066    99392009.477         744.598          44.000  
R03  21567877.659   115454547.636        -447.752          51.000    21567873.099    89798055.479        -348.294          48.000  
R22  24792041.437   132341604.425          43.014          49.000    24792041.078   102932429.086          33.653          44.000  
R04  24460534.898   130985086.262        2804.498          47.000    24460532.416   101877274.080        2181.291          45.000  
G19  22969649.672   120706631.769        -321.847          47.000                                                                  
S31  40509050.430   212876420.088        -789.601          45.000  
S33  41500037.477   218084034.276        -791.758          40.000  
G17  23493755.200   123460801.072       -1577.870          45.000    23493752.500    96203342.672       -1229.598          40.000  
R02  22566363.262   120418392.857       -4290.369          49.000    22566365.723    93658766.603       -3336.792          46.000  
R23  24849049.732   132925730.959        2341.108          46.000                                                                  
G25  27156563.691   142708662.234        1883.020          34.000    27156585.846   111201607.097        1467.663          39.000  
E18  25188058.670   132364417.337       -5463.908          45.000    25188061.261   101422233.388       -4186.574          46.000  
E21  29741333.571   156291679.813        1423.780          38.000    29741357.695   119756043.999        1090.904          45.000  
G13  22118328.933   116232643.428       -2066.979          49.000                                                                  
E07  25124209.815   132028655.346       -1254.354          46.000    25124213.400   101164826.204        -961.034          51.000  
G14  25806164.748   135612426.118       -3942.603          41.000    25806163.252   105672040.386       -3072.268          42.000  
G05  26326539.114   138346594.275       -3603.389          42.000    26326555.654   107802457.134       -2807.157          38.000  
G22  23602580.330   124032586.021       -3396.024          49.000                                                                  
G24  24422428.693   128340960.369        1264.899          44.000    24422428.492   100006213.782         985.629          44.000  
G15  22450039.110   117975793.879        -334.420          46.000    22450036.125    91929250.517        -260.623          43.000  
E30  26026089.959   136768202.166       -2286.719          45.000    26026092.651   104796525.465       -1752.171          49.000  
E27  25843524.097   135808868.570         -45.916          47.000    25843527.084   104061488.597         -35.107          49.000  
> 2024 06 08 18 38 00.0060000  0 28                     
E08  27830355.150   146249418.395       -3403.828          46.000    27830360.723   112061203.854       -2608.228          48.000  
G23  26257673.073   137984950.243        -687.289          43.000    26257674.719   107520765.265        -535.765          37.000  
G12  24744622.322   130034019.160        1463.676          45.000    24744626.216   101325736.952        1140.465          41.000  
G30  26962384.182   141688166.140       -3221.891          37.000    26962389.072   110406462.073       -2510.107          33.000  
R13  22159844.739   118332336.0261      -1630.888          39.000    22159845.350    92036552.786       -1268.469          42.000  
R12  24028641.331   128356741.225       -3245.604          48.000    24028640.544    99833295.530       -2524.481          45.000  
R14  23967582.516   127760901.906         949.230          48.000    23967587.707    99369769.867         738.390          45.000  
R03  21570467.599   115468414.039        -476.267          51.000    21570463.527    89808840.425        -370.463          47.000  
R22  24791862.397   132340649.979          20.959          48.000    24791862.135   102931686.709          16.309          45.000  
R04  24444865.190   130901177.073        2789.772          47.000    24444862.808   101812011.432        2169.549          46.000  
G19  22971547.994   120716604.763        -342.639          48.000                                                                  
S31  40513561.996   212900129.008        -790.552          45.000  
S33  41504560.510   218107802.542        -792.610          40.000  
G17  23502824.699   123508460.675       -1598.983          45.000    23502821.138    96240480.044       -1246.167          40.000  
R02  22590532.580   120547361.113       -4307.129          49.000    22590533.705    93759075.069       -3350.055          45.000  
R23  24835944.436   132855630.701        2332.703          45.000                                                                  
G25  27145827.736   142652248.052        1877.754          32.000    27145850.841   111157647.738        1463.135          39.000  
E18  25219285.885   132528517.391       -5475.620          45.000    25219288.624   101547972.424       -4195.715          47.000  
E21  29733223.959   156249062.245        1418.078          39.000    29733247.432   119723389.302        1086.547          45.000  
G13  22130181.927   116294931.703       -2085.232          48.000                                                                  
E07  25131410.335   132066496.106       -1267.916          46.000    25131414.054   101193821.040        -971.379          51.000  
G14  25828674.483   135730716.935       -3943.037          41.000    25828673.446   105764215.013       -3072.543          42.000  
G05  26347105.212   138454672.743       -3601.472          41.000    26347121.704   107886674.297       -2806.624          37.000  
G22  23621990.262   124134587.472       -3403.680          48.000                                                                  
G24  24415213.527   128303042.432        1263.229          45.000    24415213.009    99976667.370         984.324          44.000  
G15  22452002.941   117986114.993        -353.193          47.000    22452000.196    91937292.895        -275.387          43.000  
E30  26039161.476   136836893.333       -2292.201          45.000    26039164.081   104849158.945       -1756.381          49.000  
E27  25843813.551   135810392.506         -55.251          46.000    25843816.843   104062656.291         -42.323          49.000  
> 2024 06 08 18 38 30.0060000  0 28                     
E08  27849803.206   146351617.439       -3409.070          46.000    27849808.806   112139512.009       -2612.092          48.000  
G23  26261642.631   138005805.882        -702.618          43.000    26261642.829   107537016.271        -547.140          39.000  
G12  24736292.676   129990241.605        1455.183          47.000    24736294.434   101291624.890        1134.147          41.000  
G30  26980780.519   141784837.668       -3222.542          37.000    26980785.558   110481790.392       -2511.559          33.000  
R13  22169020.540   118381326.440       -1634.715          40.000    22169019.792    92074656.366       -1271.443          41.000  
R12  24046863.025   128454080.497       -3243.196          48.000    24046863.107    99909003.812       -2522.615          44.000  
R14  23962256.127   127732515.795         943.415          48.000    23962262.818    99347692.058         733.659          46.000  
R03  21573210.724   115483100.326        -502.435          50.000    21573206.018    89820263.052        -390.884          47.000  
R22  24791802.075   132340326.801           0.910          48.000    24791801.316   102931435.349           0.696          45.000  
R04  24429272.998   130817679.716        2777.112          48.000    24429270.900   101747069.081        2159.947          47.000  
G19  22973557.561   120727164.363        -361.080          47.000                                                                  
S31  40518072.819   212923832.754        -789.287          45.000  
S33  41509082.073   218131564.896        -791.080          40.000  
G17  23512008.745   123556722.913       -1618.186          46.000    23512004.629    96278086.992       -1260.747          39.000  
R02  22614789.562   120676799.361       -4321.765          49.000    22614790.350    93859749.061       -3361.249          45.000  
R23  24822880.634   132785750.756        2326.375          45.000                                                                  
G25  27135119.696   142595974.955        1873.910          35.000    27135143.048   111113798.270        1460.569          38.000  
E18  25250573.580   132692938.179       -5485.188          45.000    25250576.800   101673957.224       -4202.977          47.000  
E21  29725140.485   156206586.197        1414.451          40.000    29725163.739   119690843.034        1083.673          44.000  
G13  22142133.109   116357734.088       -2101.280          48.000                                                                  
E07  25138682.754   132104711.774       -1279.420          46.000    25138686.328   101223103.159        -980.271          51.000  
G14  25851179.361   135848980.357       -3940.851          41.000    25851178.412   105856368.278       -3070.704          42.000  
G05  26367653.396   138562657.283       -3597.215          40.000    26367670.835   107970818.164       -2803.048          38.000  
G22  23641437.812   124236785.675       -3409.145          48.000                                                                  
G24  24407999.618   128265137.409        1264.008          44.000    24408000.125    99947131.028         985.066          45.000  
G15  22454067.683   117996966.981        -369.881          46.000    22454065.233    91945748.937        -288.247          44.000  
E30  26052258.225   136905715.003       -2295.472          46.000    26052260.693   104901892.424       -1758.878          50.000  
E27  25844149.692   135812161.999         -62.310          46.000    25844153.371   104064012.131         -47.760          49.000  
> 2024 06 08 18 39 00.0060000  0 28                     
E08  27869274.921   146453939.562       -3412.695          46.000    27869280.378   112217914.469       -2614.972          48.000  
G23  26265692.334   138027082.730        -716.139          44.000    26265692.566   107553595.532        -558.403          39.000  
G12  24728004.514   129946685.103        1448.260          47.000    24728005.891   101257685.053        1128.727          41.000  
G30  26999176.796   141881509.410       -3222.815          36.000    26999181.992   110557118.792       -2511.395          33.000  
R13  22178211.691   118430403.772       -1637.348          36.000    22178208.079    92112827.602       -1273.493          37.000  
R12  24065065.380   128551312.108       -3239.312          48.000    24065064.848    99984628.351       -2519.369          44.000  
R14  23956957.562   127704271.226         939.205          48.000    23956965.418    99325724.329         730.438          47.000  
R03  21576095.020   115498540.762        -527.218          50.000    21576090.315    89832272.224        -410.039          47.000  
R22  24791847.421   132340570.999         -17.537          48.000    24791847.080   102931625.336         -13.690          45.000  
R04  24413746.062   130734531.773        2765.772          48.000    24413744.269   101682398.488        2151.121          48.000  
G19  22975666.305   120738246.458        -377.861          47.000                                                                  
S31  40522569.875   212947466.382        -786.606          45.000  
S33  41513590.623   218155256.930        -788.294          40.000  
G17  23521294.570   123605522.064       -1635.436          45.000    23521290.942    96316112.377       -1274.708          39.000  
R02  22639121.482   120806637.152       -4334.497          49.000    22639122.587    93960733.810       -3371.387          45.000  
R23  24809846.609   132716029.397        2321.404          43.000                                                                  
G25  27124428.528   142539778.426        1871.982          37.000    27124449.637   111070008.413        1458.935          40.000  
E18  25281910.189   132857610.347       -5493.165          46.000    25281912.964   101800134.644       -4209.145          47.000  
E21  29717071.828   156164186.896        1412.016          38.000    29717094.586   119658355.563        1081.983          43.000  
G13  22154169.274   116420985.114       -2115.715          48.000                                                                  
E07  25146014.029   132143237.487       -1289.269          46.000    25146017.228   101252622.836        -987.843          50.000  
G14  25873666.434   135967149.934       -3937.080          41.000    25873665.109   105948448.431       -3067.827          42.000  
G05  26388171.995   138670479.805       -3591.368          41.000    26388189.061   108054835.792       -2798.095          38.000  
G22  23660910.068   124339113.353       -3412.997          48.000                                                                  
G24  24400776.024   128227181.099        1266.002          44.000    24400777.634    99917554.723         986.516          45.000  
G15  22456221.946   118008285.407        -385.056          47.000    22456219.313    91954568.423        -300.206          44.000  
E30  26065367.091   136974600.733       -2297.069          46.000    26065369.239   104954674.968       -1760.135          50.000  
E27  25844520.637   135814111.398         -67.969          45.000    25844524.356   104065505.804         -52.016          49.000  
> 2024 06 08 18 39 30.0060000  0 28                     
E08  27888763.286   146556352.873       -3415.391          45.000    27888769.077   112296386.793       -2616.922          48.000  
G23  26269816.636   138048749.311        -728.444          44.000    26269815.983   107570478.475        -567.883          39.000  
G12  24719750.855   129903319.327        1442.158          46.000    24719754.729   101223893.882        1123.824          43.000  
G30  27017566.758   141978150.808       -3220.702          35.000    27017572.241   110632423.507       -2509.556          32.000  
R13  22187410.114   118479535.626       -1639.523          37.000    22187408.361    92151041.219       -1274.750          39.000  
R12  24083241.155   128648404.198       -3234.185          48.000    24083240.679   100060144.363       -2515.479          45.000  
R14  23951679.465   127676136.038         935.751          48.000    23951687.257    99303841.678         727.864          47.000  
R03  21579115.435   115514705.030        -551.033          51.000    21579110.483    89844844.392        -428.546          47.000  
R22  24791993.784   132341353.729         -35.241          48.000    24791994.055   102932234.210         -27.532          45.000  
R04  24398278.741   130651706.529        2755.361          47.000    24398277.001   101617978.881        2143.073          47.000  
G19  22977868.199   120749821.004        -394.232          46.000                                                                  
S31  40527047.809   212970998.830        -782.820          45.000  
S33  41518079.725   218178847.838        -784.958          40.000  
G17  23530676.873   123654827.297       -1652.082          46.000    23530673.869    96354532.087       -1287.337          40.000  
R02  22663521.250   120936839.370       -4346.124          49.000    22663523.760    94062001.983       -3380.310          47.000  
R23  24796837.183   132646440.288        2317.336          44.000                                                                  
G25  27113744.119   142483628.370        1870.405          38.000    27113764.837   111026254.748        1457.579          40.000  
E18  25313287.430   133022498.930       -5499.967          46.000    25313289.986   101926477.867       -4214.236          47.000  
E21  29709010.951   156121834.038        1410.823          37.000    29709034.576   119625903.703        1081.105          43.000  
G13  22166284.993   116484653.689       -2129.351          48.000                                                                  
E07  25153398.674   132182042.818       -1298.216          46.000    25153401.441   101282356.770        -994.739          50.000  
G14  25896129.570   136085193.521       -3932.877          42.000    25896128.144   106040430.423       -3064.432          41.000  
G05  26408652.755   138778106.911       -3584.361          42.000    26408669.546   108138701.259       -2793.244          37.000  
G22  23680400.475   124441537.676       -3415.951          47.000                                                                  
G24  24393538.317   128189143.696        1269.105          44.000    24393539.167    99887915.225         989.017          45.000  
G15  22458459.366   118020040.511        -399.219          47.000    22458456.838    91963728.174        -311.047          44.000  
E30  26078481.675   137043518.663       -2297.926          46.000    26078483.844   105007482.202       -1760.728          50.000  
E27  25844920.158   135816209.401         -72.535          46.000    25844923.691   104067113.358         -55.585          49.000  
> 2024 06 08 18 40 00.0060000  0 28                     
E08  27908268.780   146658856.555       -3418.401          44.000    27908275.164   112374928.354       -2619.260          48.000  
G23  26274013.124   138070805.215        -741.703          41.000    26274013.501   107587664.791        -577.954          40.000  
G12  24711534.538   129860144.995        1435.812          47.000    24711539.591   101190251.942        1118.761          43.000  
G30  27035951.528   142074762.478       -3219.881          34.000    27035956.536   110707705.094       -2509.333          31.000  
R13  22196622.697   118528717.4221      -1640.479          41.000    22196622.460    92189296.009       -1275.781          42.000  
R12  24101390.891   128745356.494       -3229.544          48.000    24101390.303   100135551.632       -2511.725          44.000  
R14  23946421.537   127648109.630         932.238          48.000    23946429.094    99282043.583         725.236          47.000  
R03  21582270.389   115531593.743        -575.147          51.000    21582265.691    89857980.004        -447.415          48.000  
R22  24792241.609   132342677.467         -53.194          48.000    24792241.885   102933263.875         -41.433          45.000  
R04  24382872.650   130569208.011        2744.327          48.000    24382870.657   101553813.428        2134.521          47.000  
G19  22980164.273   120761889.155        -410.567          45.000                                                                  
S31  40531506.555   212994430.581        -779.472          45.000  
S33  41522549.568   218202338.616        -781.534          40.000  
G17  23540155.712   123704637.951       -1668.785          46.000    23540152.709    96393345.617       -1300.238          40.000  
R02  22687988.635   121067402.000       -4358.264          49.000    22687991.884    94163550.461       -3389.532          47.000  
R23  24783854.008   132576987.954        2312.565          45.000                                                                  
G25  27103068.200   142427525.673        1869.034          39.000    27103089.402   110982537.962        1456.486          39.000  
E18  25344705.279   133187600.008       -5506.904          46.000    25344707.696   102052983.918       -4219.660          48.000  
E21  29700960.091   156079528.257        1409.625          36.000    29700983.938   119593487.941        1079.954          43.000  
G13  22178480.410   116548739.970       -2143.276          48.000                                                                  
E07  25160836.323   132221128.317       -1307.667          46.000    25160838.851   101312305.360       -1001.922          49.000  
G14  25918568.042   136203110.056       -3928.440          42.000    25918566.761   106132313.419       -3061.230          42.000  
G05  26429096.188   138885536.413       -3577.942          43.000    26429112.557   108222412.717       -2788.154          37.000  
G22  23699909.267   124544056.549       -3419.089          48.000                                                                  
G24  24386284.886   128151026.345        1271.679          45.000    24386285.188    99858213.450         990.941          45.000  
G15  22460779.871   118032233.062        -413.746          48.000    22460777.305    91973228.800        -322.332          44.000  
E30  26091602.336   137112467.783       -2298.962          46.000    26091604.466   105060313.346       -1761.522          50.000  
E27  25845348.066   135818455.712         -77.435          47.000    25845351.286   104068834.542         -59.286          49.000  
> 2024 06 08 18 40 30.0060000  0 28                     
E08  27927790.184   146761442.863       -3421.149          43.000    27927796.958   112453533.224       -2621.181          48.000  
G23  26278280.895   138093243.067        -754.299          39.000    26278283.840   107605148.772        -587.749          40.000  
G12  24703354.618   129817156.341        1429.823          47.000    24703357.797   101156754.602        1114.016          41.000  
G30  27054329.422   142171338.070       -3218.345          36.000    27054334.516   110782958.537       -2508.495          33.000  
R13  22205842.232   118577947.144       -1641.292          39.000    22205841.467    92227585.726       -1276.904          41.000  
R12  24119513.025   128842161.490       -3224.405          48.000    24119512.298   100210844.368       -2507.989          44.000  
R14  23941183.536   127620184.760         929.274          48.000    23941189.588    99260324.473         722.693          46.000  
R03  21585559.783   115549200.629        -598.840          51.000    21585555.396    89871674.214        -465.778          48.000  
R22  24792590.395   132344537.653         -70.984          49.000    24792590.096   102934710.779         -55.142          45.000  
R04  24367528.129   130487033.939        2733.743          49.000    24367524.941   101489900.275        2126.266          47.000  
G19  22982553.440   120774445.549        -426.850          45.000                                                                  
S31  40535945.388   213017755.080        -775.704          45.000  
S33  41526999.293   218225721.346        -777.597          40.000  
G17  23549729.388   123754946.942       -1685.373          47.000    23549726.440    96432547.442       -1313.219          41.000  
R02  22712521.404   121198314.494       -4369.562          49.000    22712524.931    94265371.090       -3398.504          47.000  
R23  24770895.835   132507670.647        2308.321          46.000                                                                  
G25  27092400.743   142371464.318        1868.010          38.000    27092421.899   110938853.451        1455.434          40.000  
E18  25376160.991   133352902.814       -5513.565          45.000    25376163.799   102179644.523       -4224.639          48.000  
E21  29692917.599   156037263.484        1407.977          38.000    29692941.450   119561103.612        1078.882          44.000  
G13  22190753.667   116613236.752       -2156.781          48.000                                                                  
E07  25168325.724   132260487.624       -1316.629          46.000    25168328.444   101342463.752       -1008.666          49.000  
G14  25940980.926   136320891.672       -3923.786          41.000    25940979.616   106224091.271       -3057.605          42.000  
G05  26449499.801   138992759.268       -3570.539          42.000    26449516.948   108305963.157       -2782.149          37.000  
G22  23719433.666   124646661.459       -3421.609          47.000                                                                  
G24  24379015.450   128112823.436        1274.845          45.000    24379015.536    99828445.006         993.350          45.000  
G15  22463182.133   118044857.517        -427.997          47.000    22463179.522    91983065.986        -333.484          44.000  
E30  26104727.240   137181440.210       -2299.540          46.000    26104729.287   105113162.326       -1761.923          49.000  
E27  25845803.015   135820843.251         -82.104          47.000    25845805.775   104070663.935         -62.786          49.000  
> 2024 06 08 18 41 00.0060000  0 28                     
E08  27947326.676   146864106.963       -3423.355          42.000    27947333.799   112532197.692       -2623.075          48.000  
G23  26282621.411   138116058.496        -766.776          42.000    26282624.049   107622926.959        -597.539          39.000  
G12  24695208.667   129774350.036        1423.858          46.000    24695210.345   101123399.361        1109.543          41.000  
G30  27072699.842   142267874.039       -3217.325          36.000    27072704.797   110858181.085       -2507.475          32.000  
R13  22215066.881   118627230.3641      -1643.046          39.000    22215065.833    92265906.136       -1277.223          37.000  
R12  24137607.102   128938815.036       -3219.305          48.000    24137606.073   100286019.298       -2503.964          45.000  
R14  23935962.451   127592356.725         926.078          48.000    23935967.603    99238680.696         720.189          44.000  
R03  21588982.679   115567522.570        -622.608          51.000    21588978.508    89885924.579        -484.279          48.000  
R22  24793039.030   132346932.940         -88.764          49.000    24793038.184   102936573.894         -69.024          45.000  
R04  24352242.328   130405184.481        2722.792          47.000    24352239.430   101426239.651        2117.836          46.000  
G19  22985035.914   120787487.203        -442.810          46.000                                                                  
S31  40540362.790   213040968.665        -771.594          45.000  
S33  41531427.899   218248993.442        -774.029          40.000  
G17  23559396.903   123805749.696       -1701.547          46.000    23559394.102    96472134.030       -1326.064          42.000  
R02  22737118.757   121329569.052       -4380.762          50.000    22737122.660    94367457.745       -3407.306          47.000  
R23  24757962.861   132438489.352        2303.801          46.000                                                                  
G25  27081740.029   142315441.463        1866.678          38.000    27081761.560   110895198.789        1454.670          42.000  
E18  25407653.967   133518399.473       -5519.662          45.000    25407656.653   102306453.685       -4229.378          48.000  
E21  29684881.828   155995036.398        1406.923          39.000    29684906.164   119528748.154        1078.042          45.000  
G13  22203104.161   116678140.046       -2170.199          48.000                                                                  
E07  25175867.196   132300117.379       -1325.521          46.000    25175869.880   101372829.377       -1015.544          49.000  
G14  25963367.379   136438533.316       -3919.062          42.000    25963366.373   106315760.034       -3053.811          42.000  
G05  26469862.137   139099769.377       -3563.727          40.000    26469880.534   108389347.791       -2776.173          37.000  
G22  23738974.574   124749346.682       -3424.000          48.000                                                                  
G24  24371728.313   128074532.222        1277.880          45.000    24371728.524    99798607.776         995.665          45.000  
G15  22465665.364   118057911.260        -442.287          46.000    22465663.136    91993237.696        -344.643          44.000  
E30  26117855.611   137250431.031       -2299.979          45.000    26117857.576   105166025.391       -1762.303          49.000  
E27  25846283.431   135823367.736         -86.366          47.000    25846286.371   104072598.277         -66.243          49.000  
> 2024 06 08 18 41 30.0060000  0 28                     
E08  27966877.109   146966843.754       -3425.787          42.000    27966884.260   112610917.863       -2625.054          48.000  
G23  26287035.276   138139246.873        -779.280          44.000    26287035.215   107640995.695        -607.534          38.000  
G12  24687096.564   129731722.168        1417.646          45.000    24687097.911   101090183.191        1104.827          41.000  
G30  27091062.489   142364366.725       -3216.977          31.000    27091066.620   110933369.873       -2505.556          28.000  
R13  22224302.021   118676534.229       -1644.375          42.000    22224298.308    92304253.691       -1278.797          40.000  
R12  24155671.785   129035312.249       -3214.237          49.000    24155670.708   100361072.655       -2499.930          45.000  
R14  23930759.656   127564620.983         922.672          48.000    23930763.623    99217108.732         717.582          44.000  
R03  21592537.020   115586555.626        -646.464          50.000    21592533.471    89900728.035        -502.868          49.000  
R22  24793587.605   132349861.309        -106.743          49.000    24793586.725   102938851.647         -82.980          45.000  
R04  24337018.192   130323660.007        2711.754          48.000    24337015.171   101362831.738        2109.251          47.000  
G19  22987609.850   120801010.914        -459.054          46.000                                                                  
S31  40544758.177   213064067.469        -768.435          45.000  
S33  41535834.374   218272151.024        -770.189          40.000  
G17  23569157.066   123857041.642       -1718.129          46.000    23569154.843    96512101.798       -1338.820          42.000  
R02  22761778.103   121461157.766       -4391.937          49.000    22761782.054    94469804.302       -3416.150          47.000  
R23  24745055.025   132369444.888        2298.955          46.000                                                                  
G25  27071086.008   142259453.651        1865.171          38.000    27071107.962   110851571.507        1453.699          42.000  
E18  25439182.086   133684081.909       -5526.084          44.000    25439184.756   102433405.196       -4234.253          48.000  
E21  29676852.438   155952843.433        1405.559          39.000    29676877.159   119496418.839        1077.019          45.000  
G13  22215531.832   116743445.314       -2183.741          48.000                                                                  
E07  25183458.358   132340013.814       -1334.578          45.000    25183462.160   101403399.351       -1022.606          50.000  
G14  25985726.737   136556029.731       -3914.414          43.000    25985725.272   106407315.617       -3049.929          42.000  
G05  26490184.332   139206559.876       -3556.176          42.000    26490202.511   108472561.435       -2771.508          37.000  
G22  23758528.970   124852106.115       -3426.879          48.000                                                                  
G24  24364424.230   128036149.722        1280.690          45.000    24364424.601    99768699.389         997.908          46.000  
G15  22468230.601   118071390.990        -456.760          46.000    22468228.157    92003741.329        -355.812          44.000  
E30  26130986.404   137319435.089       -2300.812          45.000    26130988.632   105218898.609       -1762.827          49.000  
E27  25846789.000   135826024.718         -91.082          47.000    25846791.985   104074634.135         -69.768          50.000  
> 2024 06 08 18 42 00.0060000  0 28                     
E08  27986439.993   147069647.311       -3427.996          43.000    27986447.108   112689689.189       -2626.562          47.000  
G23  26291519.316   138162802.600        -791.365          43.000    26291517.615   107659350.658        -616.824          38.000  
G12  24679017.641   129689268.306        1412.199          47.000    24679019.455   101057102.657        1100.215          41.000  
R13  22233540.423   118725863.8531      -1644.924          40.000    22233539.628    92342622.728       -1279.426          43.000  
R12  24173706.070   129131647.768       -3208.674          49.000    24173705.401   100436000.231       -2495.485          45.000  
R14  23925572.931   127536971.654         920.163          49.000    23925575.956    99195603.941         715.986          44.000  
R03  21596225.463   115606295.551        -669.772          51.000    21596221.220    89916081.284        -521.031          48.000  
R22  24794235.237   132353320.269        -124.153          49.000    24794234.986   102941542.102         -96.507          45.000  
R04  24321854.126   130242459.932        2701.290          48.000    24321852.628   101299676.176        2101.027          48.000  
G19  22990274.444   120815012.617        -474.672          47.000                                                                  
S31  40549130.922   213087047.081        -764.360          45.000  
S33  41540218.677   218295189.335        -766.062          41.000  
G17  23579009.547   123908817.517       -1733.994          46.000    23579007.403    96552446.649       -1351.187          42.000  
R02  22786498.869   121593071.344       -4402.590          49.000    22786501.845    94572403.526       -3424.157          46.000  
R23  24732172.715   132300536.706        2294.585          46.000                                                                  
G25  27060437.584   142203496.727        1864.655          38.000    27060460.363   110807968.274        1453.227          42.000  
E18  25470743.816   133849941.179       -5531.692          44.000    25470746.691   102560492.190       -4238.508          47.000  
E21  29668827.101   155910680.158        1404.980          38.000    29668853.308   119464112.341        1076.427          44.000  
G13  22228034.811   116809147.667       -2196.711          49.000                                                                  
E07  25191099.872   132380172.409       -1343.129          45.000    25191104.445   101434170.190       -1029.043          50.000  
G14  26008055.954   136673374.809       -3909.220          43.000    26008055.105   106498753.294       -3046.027          42.000  
G05  26510462.857   139313123.507       -3548.580          42.000    26510480.760   108555598.271       -2765.252          37.000  
G22  23778095.834   124954932.956       -3428.692          48.000                                                                  
G24  24357102.689   127997672.084        1284.179          46.000    24357103.037    99738716.852        1000.578          46.000  
G15  22470875.858   118085292.480        -470.603          47.000    22470873.697    92014573.615        -366.645          43.000  
E30  26144119.043   137388446.339       -2300.560          46.000    26144120.837   105271777.367       -1762.761          49.000  
E27  25847318.285   135828808.772         -94.988          47.000    25847321.815   104076767.373         -72.801          49.000  
G30                                                                  27109418.414                       -2501.539          23.000  
> 2024 06 08 18 42 30.0060000  0 28                     
E08  28006016.718   147172524.571       -3430.579          44.000    28006024.017   112768517.016       -2628.629          47.000  
G23  26296072.319   138186732.952        -804.131          42.000    26296072.592   107677997.564        -626.553          38.000  
G12  24670973.663   129646997.354        1405.698          47.000    24670974.744   101024164.610        1095.182          41.000  
R13  22242783.732   118775230.214       -1646.579          39.000    22242784.178    92381018.643       -1280.635          43.000  
R12  24191711.459   129227829.245       -3203.742          49.000    24191710.374   100510808.045       -2491.925          45.000  
R14  23920402.630   127509416.153         916.699          49.000    23920406.467    99174172.149         712.983          44.000  
R03  21600045.983   115626750.967        -694.042          50.000    21600042.750    89931991.004        -539.736          48.000  
R22  24794984.356   132357320.006        -142.649          48.000    24794983.594   102944653.149        -110.993          45.000  
R04  24306753.315   130161596.651        2689.517          48.000    24306752.099   101236782.569        2091.911          48.000  
G19  22993031.306   120829501.267        -491.034          46.000                                                                  
S31  40553482.342   213109915.249        -760.636          45.000  
S33  41544581.279   218318116.388        -762.605          40.000  
G17  23588955.921   123961084.680       -1750.670          47.000    23588953.284    96593174.325       -1364.430          41.000  
R02  22811281.432   121725314.232       -4413.788          49.000    22811284.010    94675258.892       -3433.043          45.000  
R23  24719318.090   132231777.894        2289.157          45.000                                                                  
G25  27049795.734   142147579.621        1863.187          37.000    27049820.411   110764396.062        1451.793          41.000  
E18  25502340.175   134015981.311       -5537.938          44.000    25502342.988   102687717.753       -4243.283          47.000  
E21  29660811.494   155868555.200        1403.045          39.000    29660836.221   119431835.141        1075.316          44.000  
G13  22240614.295   116875254.383       -2210.486          48.000                                                                  
E07  25198792.821   132420601.510       -1352.426          45.000    25198798.216   101465148.325       -1036.118          51.000  
G14  26030358.452   136790575.428       -3904.448          43.000    26030357.345   106590078.383       -3042.375          41.000  
G05  26530698.520   139419465.706       -3541.214          42.000    26530716.836   108638462.549       -2759.834          38.000  
G22  23797677.967   125057833.392       -3431.413          48.000                                                                  
G24  24349763.950   127959108.464        1286.567          45.000    24349765.237    99708667.315        1002.627          46.000  
G15  22473603.149   118099624.857        -485.268          47.000    22473601.063    92025741.641        -378.003          43.000  
E30  26157254.046   137457471.656       -2301.350          46.000    26157255.864   105324666.903       -1763.388          48.000  
E27  25847873.228   135831727.528         -99.661          47.000    25847877.153   104079003.818         -76.435          50.000  
G30                                                                  27127762.146                       -2505.097          18.000  
> 2024 06 08 18 43 00.0060000  0 28                     
E08  28025609.542   147275485.499       -3433.472          44.000    28025617.062   112847408.942       -2630.770          47.000  
G23  26300698.388   138211048.232        -817.167          42.000    26300701.168   107696944.498        -636.602          38.000  
G12  24662965.982   129604920.726        1399.216          47.000    24662967.854   100991377.976        1090.368          42.000  
R13  22252038.152   118824636.2371      -1647.909          42.000    22252035.602    92419449.441       -1281.469          38.000  
R12  24209689.578   129323867.599       -3198.970          49.000    24209688.703   100585504.489       -2488.096          45.000  
R14  23915252.588   127481965.050         913.313          48.000    23915256.959    99152821.538         710.502          44.000  
R03  21604003.981   115647933.600        -718.259          51.000    21603999.594    89948466.355        -558.639          48.000  
R22  24795837.096   132361873.857        -161.186          48.000    24795836.848   102948195.149        -125.271          45.000  
R04  24291719.282   130081085.442        2677.828          48.000    24291716.856   101174162.792        2082.750          47.000  
G19  22995882.382   120844488.680        -508.193          45.000                                                                  
S31  40557815.042   213132683.391        -757.443          45.000  
S33  41548924.965   218340943.251        -759.292          40.000  
G17  23598997.708   124013853.279       -1767.220          47.000    23598994.581    96634292.723       -1377.049          41.000  
R02  22836127.391   121857893.389       -4424.880          50.000    22836129.311    94778375.759       -3441.597          45.000  
R23  24706494.924   132163184.556        2283.468          44.000                                                                  
G25  27039163.450   142091713.791        1861.648          33.000    27039190.016   110720863.909        1450.323          41.000  
E18  25533971.892   134182209.232       -5543.931          44.000    25533975.116   102815087.225       -4247.943          47.000  
E21  29652805.016   155826479.982        1401.504          40.000    29652829.520   119399596.057        1073.944          44.000  
G13  22253272.930   116941776.542       -2224.483          47.000                                                                  
E07  25206540.150   132461312.454       -1361.746          45.000    25206545.630   101496342.413       -1043.423          51.000  
G14  26052635.831   136907641.446       -3900.089          43.000    26052634.274   106681298.601       -3039.089          41.000  
G05  26550894.822   139525595.043       -3534.116          43.000    26550911.979   108721160.978       -2754.123          39.000  
G22  23817274.762   125160816.327       -3434.179          48.000                                                                  
G24  24342411.478   127920470.906        1289.074          46.000    24342412.414    99678560.185        1004.506          46.000  
G15  22476414.946   118114399.890        -499.921          47.000    22476412.605    92037254.584        -389.515          44.000  
E30  26170393.330   137526520.887       -2302.020          46.000    26170395.494   105377574.745       -1763.934          48.000  
E27  25848456.600   135834791.463        -104.603          47.000    25848460.006   104081351.503         -80.045          49.000  
G30                                                                  27146102.170                       -2510.623          18.000  
> 2024 06 08 18 43 30.0060000  0 27                     
E08  28045217.687   147378525.040       -3436.202          45.000    28045224.996   112926361.095       -2632.845          47.000  
G23  26305398.268   138235743.763        -829.844          43.000    26305400.500   107716187.668        -646.549          38.000  
G12  24654995.701   129563034.798        1392.716          47.000    24654998.010   100958739.946        1085.090          43.000  
R13  22261298.406   118874086.587       -1649.169          39.000    22261295.388    92457910.929       -1282.932          40.000  
R12  24227640.891   129419757.993       -3194.259          49.000    24227639.396   100660085.865       -2484.378          45.000  
R14  23910121.285   127454613.245         909.595          48.000    23910125.106    99131548.124         707.596          43.000  
R03  21608096.057   115669839.747        -742.646          50.000    21608092.000    89965504.457        -577.783          48.000  
R22  24796793.699   132366979.985        -179.836          48.000    24796793.629   102952166.706        -139.875          46.000  
R04  24276750.420   130000926.573        2665.657          47.000    24276747.122   101111817.060        2073.485          47.000  
G19  22998828.574   120859971.948        -524.547          45.000                                                                  
S31  40562128.350   213155348.389        -754.337          45.000  
S33  41553248.746   218363665.956        -755.604          40.000  
G17  23609133.882   124067118.694       -1784.160          47.000    23609130.468    96675798.253       -1390.117          41.000  
R02  22861034.243   121990800.913       -4436.023          50.000    22861035.982    94881748.021       -3450.066          45.000  
R23  24693703.040   132094757.653        2277.747          44.000                                                                  
G25  27028543.372   142035896.220        1859.385          35.000    27028568.386   110677369.309        1448.801          41.000  
E18  25565639.196   134348617.038       -5550.199          45.000    25565641.542   102942594.519       -4252.752          47.000  
E21  29644807.214   155784450.964        1399.937          40.000    29644832.091   119367392.411        1072.630          45.000  
G13  22266009.546   117008709.707       -2238.271          47.000                                                                  
E07  25214341.139   132502301.552       -1371.192          45.000    25214345.693   101527749.636       -1050.615          51.000  
G14  26074886.094   137024567.775       -3895.589          43.000    26074884.766   106772409.950       -3035.312          41.000  
G05  26571048.635   139631505.462       -3527.079          42.000    26571065.262   108803688.854       -2748.214          38.000  
G22  23836886.851   125263876.047       -3436.825          48.000                                                                  
G24  24335044.263   127881756.585        1291.445          46.000    24335043.874    99648393.233        1006.326          45.000  
G15  22479311.046   118129614.431        -514.914          47.000    22479308.308    92049110.002        -401.087          44.000  
E30  26183535.897   137595588.957       -2302.877          45.000    26183538.771   105430497.002       -1764.481          48.000  
E27  25849066.227   135837996.150        -109.456          47.000    25849069.722   104083807.066         -83.755          49.000  
> 2024 06 08 18 44 00.0060000  0 27                     
E08  28064842.951   147481651.835       -3439.367          46.000    28064849.975   113005380.109       -2635.132          47.000  
G23  26310172.576   138260828.319        -842.751          43.000    26310172.081   107735733.984        -656.775          35.000  
G12  24647062.494   129521349.813        1385.917          46.000    24647065.547   100926258.488        1079.784          43.000  
R13  22270562.131   118923556.0931      -1651.175          37.000    22270567.528    92496409.672       -1284.194          43.000  
R12  24245565.702   129515510.208       -3189.579          49.000    24245564.362   100734559.777       -2480.842          45.000  
R14  23905009.721   127427369.996         906.315          48.000    23905014.388    99110359.168         704.821          45.000  
R03  21612325.604   115692479.310        -767.153          51.000    21612321.510    89983112.976        -596.629          49.000  
R22  24797856.114   132372650.338        -198.591          48.000    24797855.938   102956577.088        -154.502          46.000  
R04  24261849.949   129921134.501        2653.646          47.000    24261846.042   101049756.570        2063.799          46.000  
G19  23001871.384   120875961.485        -541.598          45.000                                                                  
S31  40566423.155   213177918.865        -750.775          45.000  
S33  41557555.011   218386295.669        -753.060          40.000  
G17  23619366.449   124120890.147       -1801.078          47.000    23619362.848    96717698.109       -1403.714          40.000  
R02  22886003.437   122124042.482       -4447.035          50.000    22886005.862    94985380.096       -3458.738          45.000  
R23  24680945.220   132026511.312        2271.807          45.000                                                                  
G25  27017933.769   141980137.257        1857.380          35.000    27017958.072   110633920.389        1447.202          40.000  
E18  25597341.043   134515210.410       -5556.292          45.000    25597343.492   103070243.993       -4257.488          47.000  
E21  29636819.150   155742478.336        1398.053          39.000    29636844.795   119335232.029        1071.221          46.000  
G13  22278826.335   117076062.580       -2252.247          47.000                                                                  
E07  25222196.292   132543578.773       -1380.952          46.000    25222200.450   101559377.622       -1058.107          51.000  
G14  26097111.426   137141362.923       -3891.362          43.000    26097110.342   106863419.098       -3032.050          41.000  
G05  26591162.506   139737204.080       -3519.905          42.000    26591178.053   108886051.698       -2742.837          38.000  
G22  23856514.124   125367020.116       -3439.729          47.000                                                                  
G24  24327664.653   127842976.303        1293.675          46.000    24327663.310    99618174.875        1007.847          44.000  
G15  22482292.093   118145278.846        -529.717          47.000    22482289.730    92061316.018        -412.874          45.000  
E30  26196684.077   137664684.494       -2303.802          45.000    26196687.131   105483440.317       -1765.340          48.000  
E27  25849705.240   135841350.805        -114.549          47.000    25849708.020   104086377.558         -87.821          49.000  
> 2024 06 08 18 44 30.0060000  0 27                     
E08  28084486.601   147584876.162       -3442.507          46.000    28084493.142   113084473.855       -2637.750          47.000  
G23  26315022.178   138286312.773        -856.431          42.000    26315020.614   107755591.815        -666.995          35.000  
G12  24639169.761   129479877.549        1378.677          46.000    24639172.784   100893942.793        1074.208          43.000  
R13  22279847.446   118973112.524       -1653.256          42.000    22279848.428    92534953.496       -1285.676          43.000  
R12  24263466.986   129611135.005       -3185.458          48.000    24263465.655   100808934.561       -2477.539          45.000  
R14  23899922.382   127400246.440         902.002          49.000    23899926.076    99089263.320         701.664          45.000  
R03  21616693.861   115715864.316        -792.088          50.000    21616690.513    90001301.297        -615.961          49.000  
R22  24799026.129   132378898.437        -217.987          47.000    24799026.228   102961436.787        -169.439          46.000  
R04  24247020.830   129841724.724        2640.488          47.000    24247017.221   100987993.431        2053.665          47.000  
G19  23005012.898   120892469.486        -559.088          46.000                                                                  
S31  40570702.399   213200407.480        -748.361          45.000  
S33  41561845.548   218408842.328        -750.265          40.000  
G17  23629697.181   124175178.598       -1818.430          47.000    23629693.537    96760000.786       -1416.752          40.000  
R02  22911037.002   122257625.918       -4458.444          50.000    22911039.659    95089278.083       -3467.819          46.000  
R23  24668225.280   131958462.148        2264.788          46.000                                                                  
G25  27007336.693   141924448.862        1854.417          35.000    27007361.375   110590526.541        1445.475          39.000  
E18  25629078.812   134681996.742       -5562.813          44.000    25629081.731   103198041.319       -4262.289          47.000  
E21  29628844.840   155700573.859        1395.771          38.000    29628870.045   119303123.922        1069.172          46.000  
G13  22291725.796   117143846.450       -2266.779          47.000                                                                  
E07  25230108.872   132585155.752       -1390.911          46.000    25230112.348   101591235.292       -1065.699          51.000  
G14  26119313.913   137258037.080       -3887.173          43.000    26119312.776   106954333.967       -3029.139          41.000  
G05  26611237.837   139842699.255       -3513.171          43.000    26611252.642   108968256.058       -2737.834          38.000  
G22  23876159.467   125470258.146       -3442.864          47.000                                                                  
G24  24320274.839   127804142.523        1295.239          46.000    24320274.323    99587914.833        1009.263          45.000  
G15  22485359.899   118161405.571        -545.441          46.000    22485358.682    92073882.277        -425.018          45.000  
E30  26209839.868   137733817.737       -2305.020          45.000    26209842.725   105536412.532       -1766.305          48.000  
E27  25850373.813   135844866.302        -119.928          47.000    25850376.818   104089071.294         -91.836          49.000  
