     3.00           OBSERVATION DATA    M: Mixed            RINEX VERSION / TYPE
CONVBIN demo5 b34j                      20240609 013620 UTC PGM / RUN BY / DATE 
log: SAUC00CHL_R_20241601800_15M_30S_MO.ubx                 COMMENT             
format: u-blox UBX                                          COMMENT             
format: u-blox UBX                                          COMMENT             
log: SAUC00CHL_R_20241601800_15M_30S_MO.ubx                 COMMENT             
SAUC00CHL                                                   MARKER NAME         
                                                            MARKER NUMBER       
GEODETIC                                                    MARKER TYPE         
El Sauce            Obstech                                 OBSERVER / AGENCY   
UNKNOWN             UBLOX-ZED-F9P                           REC # / TYPE / VERS 
UNKNWOWN            TWIVSP6037L                             ANT # / TYPE        
  1813185.0000 -5195981.0000 -3216438.0000                  APPROX POSITION XYZ 
        0.0000        0.0000        0.0000                  ANTENNA: DELTA H/E/N
G    8 C1C L1C D1C S1C C2X L2X D2X S2X                      SYS / # / OBS TYPES 
R    8 C1C L1C D1C S1C C2C L2C D2C S2C                      SYS / # / OBS TYPES 
E    8 C1X L1X D1X S1X C7X L7X D7X S7X                      SYS / # / OBS TYPES 
S    4 C1C L1C D1C S1C                                      SYS / # / OBS TYPES 
  2024    06    08    18    00   00.0050000     GPS         TIME OF FIRST OBS   
  2024    06    08    18    14   30.0050000     GPS         TIME OF LAST OBS    
                                                            END OF HEADER       
> 2024 06 08 18 00 00.0050000  0 29                     
E08  26488500.354   139197954.9961      -2761.982          46.000    26488503.863   106658143.5071      -2116.224          47.000  
G23  26247047.730   137929124.2821        623.816          43.000    26247048.000   107477268.8061        486.190          42.000  
G12  25544325.008   134236301.7191       2185.824          45.000    25544339.471   104600198.8431       1703.262          41.000  
G30  25613922.079   134601980.4061      -3011.090          42.000    25613925.252   104884619.8691      -2346.324          41.000  
R13  21586966.121   115273187.6051      -1003.843          41.000    21586964.420    89657211.1411       -780.809          40.000  
R12  22651791.500   121001868.1091      -3173.322          49.000    22651791.123    94112840.9501      -2468.170          48.000  
R14  24512411.874   130665010.7901       1605.977          46.000    24512427.798   101628486.5911       1248.938          46.000  
R03  21806501.539   116731925.4181       1504.075          50.000    21806496.466    90791572.1791       1169.929          47.000  
R22  25119684.557   134090587.4511       1398.742          38.000    25119688.400   104292700.7561       1087.197          38.000  
R04  25814331.238   138234587.1921       3502.215          41.000    25814331.005   107515771.7461       2724.237          42.000  
G19  23141782.713   121611162.8591       1057.488          48.000                                                                  
S31  40183596.781   211166131.2641       -740.914          45.000  
S33  41173753.200   216369384.1111       -742.769          40.000  
G17  23157414.739   121693317.4241        -17.978          42.000    23157414.030    94826079.7081        -14.066          41.000  
E02  28480431.916   149665729.0161      -3281.624          44.000    28480436.101   114678964.8091      -2514.295          45.000  
R02  21072023.907   112444344.8461      -2703.983          51.000    21072023.836    87456738.1031      -2103.112          47.000  
R01  24284857.186   129816428.5591      -5122.559          43.000    24284866.282   100968326.0211      -3984.251          39.000  
E18  23097587.289   121378913.9491      -4170.800          44.000    23097591.953    93004767.5751      -3195.688          50.000  
E21  30435703.234   159940667.1951       1791.839          39.000    30435725.740   122552033.1811       1372.875          38.000  
G13  21523605.316   113107352.4221       -735.216          47.000                                                                  
G20  26412500.289   138798635.7421      -3565.102          32.000                                                                  
E07  24796983.324   130309077.4961       -305.292          46.000    24796986.831    99847228.8421       -233.852          50.000  
G14  24141744.411   126865854.1051      -3784.554          46.000    24141742.104    98856532.8491      -2949.261          42.000  
G05  24788404.589   130263748.4291      -3498.820          45.000    24788414.363   101504162.0751      -2726.429          39.000  
G22  22300782.768   117191603.6411      -2622.937          48.000                                                                  
G24  24977366.477   131257157.2721       1302.357          44.000    24977367.259   102278568.9671       1014.852          41.000  
G15  22589394.275   118708113.3731        926.503          46.000    22589391.737    92499889.3341        722.057          44.000  
E30  25151505.270   132172237.3781      -1765.307          44.000    25151509.870   101274942.3931      -1352.575          51.000  
E27  25977459.486   136512681.8921        671.807          46.000    25977465.317   104600766.8301        514.826          49.000  
> 2024 06 08 18 00 30.0050000  0 29                     
E08  26504288.730   139280925.791       -2769.720          45.000    26504292.497   106721718.439       -2122.411          47.000  
G23  26243529.211   137910631.491         608.714          43.000    26243528.899   107462858.742         474.467          42.000  
G12  25531861.793   134170810.702        2179.545          45.000    25531875.288   104549167.711        1698.248          40.000  
G30  25631113.106   134692318.942       -3012.134          42.000    25631115.826   104955013.448       -2346.801          41.000  
R13  21592628.193   115303425.413       -1012.601          40.000    21592626.837    89680729.455        -787.769          40.000  
R12  22669614.098   121097075.446       -3174.397          49.000    22669614.030    94186891.018       -2468.970          47.000  
R14  24503393.843   130616940.765        1598.477          47.000    24503408.235   101591099.587        1243.147          47.000  
R03  21798129.856   116687111.036        1483.083          50.000    21798125.265    90756716.569        1153.494          48.000  
R22  25111858.161   134048815.248        1386.050          37.000    25111862.388   104260211.751        1077.901          37.000  
R04  25794716.178   138129549.619        3499.713          42.000    25794715.613   107434075.887        2722.018          44.000  
G19  23135784.552   121579641.844        1043.411          48.000                                                                  
S31  40187821.384   211188332.464        -739.860          45.000  
S33  41177988.882   216391642.989        -741.579          40.000  
G17  23157570.117   121694126.254         -36.198          45.000    23157567.891    94826710.039         -28.426          41.000  
E02  28499161.864   149764155.276       -3280.598          44.000    28499165.983   114754382.290       -2513.683          45.000  
R02  21087289.636   112525805.822       -2727.091          51.000    21087289.535    87520096.550       -2121.176          47.000  
R01  24313618.231   129970171.338       -5127.472          44.000    24313627.615   101087903.067       -3987.672          38.000  
E18  23121455.792   121504342.434       -4191.822          45.000    23121459.927    93100875.173       -3211.808          49.000  
E21  30425480.744   159886944.296        1789.438          38.000    30425503.185   122510868.560        1370.988          39.000  
G13  21527844.019   113129626.769        -750.363          47.000                                                                  
G20  26432836.209   138905500.338       -3559.140          35.000                                                                  
E07  24798753.243   130318376.426        -315.133          46.000    24798756.415    99854353.994        -241.439          50.000  
G14  24163357.402   126979430.895       -3787.526          46.000    24163355.422    98945034.207       -2951.387          43.000  
G05  24808387.566   130368753.596       -3502.171          46.000    24808397.184   101585983.785       -2728.854          40.000  
G22  22315787.139   117270455.554       -2634.521          47.000                                                                  
G24  24969926.704   131218059.341        1303.806          43.000    24969928.140   102248103.194        1016.194          41.000  
G15  22584140.315   118680505.004         913.387          46.000    22584138.015    92478376.335         711.712          44.000  
E30  25161601.452   132225290.492       -1772.147          44.000    25161605.976   101315593.467       -1357.929          51.000  
E27  25973646.557   136492644.406         663.548          46.000    25973651.706   104585413.615         508.506          48.000  
> 2024 06 08 18 01 00.0050000  0 29                     
E08  26520122.612   139364135.198       -2777.808          44.000    26520126.759   106785476.195       -2128.502          47.000  
G23  26240096.361   137892595.489         593.255          42.000    26240097.152   107448804.672         462.212          41.000  
G12  25519437.667   134105524.471        2172.575          44.000    25519450.456   104498296.060        1693.288          38.000  
G30  25648308.891   134782687.083       -3012.984          41.000    25648312.556   105025430.109       -2347.824          40.000  
R13  21598341.350   115333939.7831      -1021.909          40.000    21598340.704    89704459.014        -794.678          41.000  
R12  22687445.766   121192321.494       -3175.716          51.000    22687444.066    94260971.241       -2470.109          47.000  
R14  24494418.497   130569099.983        1590.563          46.000    24494432.392   101553890.788        1237.146          46.000  
R03  21789877.737   116642935.448        1461.522          51.000    21789873.734    90722357.827        1136.679          49.000  
R22  25104101.005   134007396.4091       1373.842          37.000    25104105.647   104228007.601        1068.561          35.000  
R04  25775117.108   138024599.953        3496.490          41.000    25775116.924   107352448.386        2719.438          44.000  
G19  23129867.560   121548549.408        1028.830          48.000                                                                  
S31  40192041.452   211210507.470        -739.231          45.000  
S33  41182219.529   216413875.426        -740.317          40.000  
G17  23157829.387   121695483.689         -54.661          46.000    23157826.657    94827767.873         -42.820          41.000  
E02  28517886.868   149862556.006       -3279.739          44.000    28517891.170   114829780.222       -2513.268          45.000  
R02  21102686.410   112607964.542       -2750.518          51.000    21102686.093    87583997.681       -2139.243          47.000  
R01  24342407.306   130124059.307       -5132.082          44.000    24342415.508   101207593.069       -3991.731          37.000  
E18  23145445.132   121630405.777       -4212.935          45.000    23145448.539    93197469.231       -3228.148          48.000  
E21  30415273.221   159833299.908        1786.350          37.000    30415294.866   122469764.110        1369.101          39.000  
G13  21532170.940   113152363.399        -765.889          47.000                                                                  
G20  26453136.398   139012160.595       -3552.298          36.000                                                                  
E07  24800580.828   130327980.584        -325.590          46.000    24800584.050    99861713.009        -249.489          50.000  
G14  24184987.367   127093096.622       -3790.844          46.000    24184985.243    99033604.858       -2953.743          42.000  
G05  24828389.985   130473865.529       -3505.762          46.000    24828399.783   101667888.669       -2731.667          40.000  
G22  22330858.076   117349655.634       -2646.082          46.000                                                                  
G24  24962478.670   131178916.982        1305.187          43.000    24962479.149   102217602.752        1017.002          41.000  
G15  22578961.521   118653292.096         900.296          45.000    22578959.857    92457171.493         701.455          44.000  
E30  25171739.001   132278557.340       -1779.479          46.000    25171742.320   101356408.305       -1363.545          52.000  
E27  25969881.116   136472857.013         655.101          46.000    25969885.999   104570252.056         502.024          48.000  
> 2024 06 08 18 01 30.0050000  0 29                     
E08  26536007.225   139447609.056       -2787.383          44.000    26536011.378   106849436.587       -2135.785          47.000  
G23  26236756.202   137875043.776         576.454          41.000    26236757.668   107435127.938         449.387          42.000  
G12  25507057.204   134040470.459        2164.335          45.000    25507071.168   104447605.438        1686.205          39.000  
G30  25665516.633   134873111.543       -3015.593          41.000    25665519.957   105095890.615       -2349.656          40.000  
R13  21604110.073   115364745.422       -1032.441          40.000    21604109.378    89728419.026        -802.770          40.000  
R12  22705287.938   121287631.123       -3178.465          51.000    22705286.074    94335100.928       -2472.048          47.000  
R14  24485491.816   130521515.494        1581.367          47.000    24485504.857   101516881.380        1230.074          46.000  
R03  21781749.803   116599428.738        1438.597          50.000    21781746.761    90688519.322        1118.938          50.000  
R22  25096418.397   133966387.844        1359.535          38.000    25096423.134   104196112.361        1058.203          36.000  
R04  25755539.720   137919768.510        3491.972          41.000    25755540.183   107270912.897        2716.028          44.000  
G19  23124037.149   121517914.635        1013.099          47.000                                                                  
S31  40196261.373   211232682.830        -739.703          45.000  
S33  41186450.721   216436109.087        -741.584          40.000  
G17  23158197.770   121697418.044         -74.455          46.000    23158194.717    94829275.238         -58.232          41.000  
E02  28536612.022   149960956.497       -3280.289          43.000    28536616.136   114905177.954       -2513.635          45.000  
R02  21118218.053   112690845.836       -2775.149          51.000    21118218.679    87648460.817       -2158.475          47.000  
R01  24371227.589   130278115.994       -5138.343          43.000    24371235.553   101327414.236       -3996.828          37.000  
E18  23169559.855   121757126.198       -4235.341          46.000    23169562.594    93294566.764       -3245.319          48.000  
E21  30405084.664   159779761.187        1782.499          37.000    30405107.264   122428740.696        1365.645          40.000  
G13  21536590.835   113175589.882        -782.910          48.000                                                                  
G20  26473397.618   139118641.145       -3547.010          34.000                                                                  
E07  24802472.199   130337917.483        -337.137          46.000    24802474.920    99869326.980        -258.371          49.000  
G14  24206638.719   127206875.544       -3794.900          46.000    24206636.476    99122263.725       -2957.188          43.000  
G05  24848417.941   130579107.531       -3510.740          47.000    24848426.638   101749894.891       -2735.354          39.000  
G22  22346000.842   117429228.065       -2658.972          47.000                                                                  
G24  24955026.234   131139756.851        1305.057          43.000    24955027.230   102187088.491        1017.072          41.000  
G15  22573863.730   118626503.178         885.436          46.000    22573862.192    92436297.013         689.991          44.000  
E30  25181921.809   132332063.092       -1787.953          47.000    25181924.021   101397406.212       -1369.928          52.000  
E27  25966168.856   136453346.179         645.279          47.000    25966173.093   104555302.419         494.423          48.000  
> 2024 06 08 18 02 00.0050000  0 29                     
E08  26551948.256   139531384.490       -2797.852          44.000    26551953.155   106913628.087       -2143.824          47.000  
G23  26233514.931   137858015.021         558.336          40.000    26233516.889   107421858.750         435.153          41.000  
G12  25494729.710   133975687.636        2154.493          47.000    25494742.361   104397126.095        1678.953          38.000  
G30  25682742.023   134963630.321       -3019.318          42.000    25682744.745   105166424.660       -2352.923          39.000  
R13  21609941.347   115395881.9441      -1043.678          40.000    21609940.295    89752637.964        -811.822          40.000  
R12  22723149.274   121383041.070       -3182.353          51.000    22723147.175    94409308.651       -2475.291          47.000  
R14  24476618.000   130474225.173        1571.057          46.000    24476632.953   101480100.710        1221.843          46.000  
R03  21773755.783   116556633.392        1414.152          51.000    21773752.174    90655234.115        1099.795          50.000  
R22  25088818.767   133925817.8361       1344.450          39.000    25088821.911   104164558.944        1045.475          36.000  
R04  25735992.264   137815097.828        3485.697          42.000    25735993.785   107189502.411        2711.260          43.000  
G19  23118301.697   121487778.167         995.764          46.000                                                                  
S31  40200488.602   211254896.785        -741.404          45.000  
S33  41190688.658   216458380.539        -743.769          40.000  
G17  23158682.637   121699968.936         -95.786          45.000    23158680.382    94831263.002         -74.601          42.000  
E02  28555344.353   150059393.340       -3282.264          43.000    28555348.067   114980603.525       -2514.925          45.000  
R02  21133891.187   112774485.970       -2801.193          50.000    21133892.759    87713514.147       -2178.609          47.000  
R01  24400085.081   130432376.149       -5145.678          44.000    24400093.218   101447393.629       -4001.977          37.000  
E18  23193805.194   121884537.123       -4258.925          46.000    23193807.940    93392193.373       -3263.246          48.000  
E21  30394924.171   159726366.675        1777.334          38.000    30394946.997   122387827.784        1361.600          42.000  
G13  21541111.581   113199344.999        -801.090          48.000                                                                  
G20  26493634.012   139224977.703       -3542.551          37.000                                                                  
E07  24804434.569   130348225.928        -350.156          47.000    24804436.572    99877225.632        -268.365          49.000  
G14  24228318.480   127320803.285       -3800.568          46.000    24228317.008    99211038.521       -2961.271          44.000  
G05  24868476.037   130684514.700       -3516.750          46.000    24868485.099   101832029.827       -2740.486          39.000  
G22  22361221.005   117509208.154       -2673.242          48.000                                                                  
G24  24947578.352   131100616.980        1303.740          43.000    24947579.470   102156590.025        1015.904          41.000  
G15  22568854.720   118600177.706         869.359          46.000    22568852.547    92415783.681         677.372          44.000  
E30  25192156.192   132385844.179       -1797.611          47.000    25192158.067   101438615.100       -1377.429          52.000  
E27  25962515.922   136434149.640         634.277          47.000    25962520.445   104540593.597         485.970          49.000  
> 2024 06 08 18 02 30.0050000  0 29                     
E08  26567956.032   139615504.339       -2810.084          44.000    26567961.080   106978083.490       -2153.249          47.000  
G23  26230381.810   137841553.586         538.965          39.000    26230383.655   107409031.624         420.138          41.000  
G12  25482461.846   133911220.615        2143.243          46.000    25482472.396   104346892.790        1669.513          34.000  
G30  25699993.397   135054287.081       -3024.603          42.000    25699996.145   105237066.183       -2357.036          39.000  
R13  21615842.696   115427395.319       -1056.797          39.000    21615842.260    89777148.428        -822.226          41.000  
R12  22741036.422   121478593.569       -3187.922          50.000    22741034.978    94483627.212       -2479.420          47.000  
R14  24467808.722   130427272.970        1558.983          46.000    24467823.635   101443583.068        1212.690          44.000  
R03  21765903.028   116514596.470        1388.044          51.000    21765899.248    90622538.780        1079.561          49.000  
R22  25081310.822   133885736.506        1327.385          39.000    25081312.423   104133384.706        1032.514          38.000  
R04  25716485.108   137710635.831        3478.018          43.000    25716486.531   107108254.241        2705.027          44.000  
G19  23112670.261   121458185.894         976.610          45.000                                                                  
S31  40204730.937   211277191.982        -744.740          45.000  
S33  41194942.123   216480733.478        -746.917          40.000  
G17  23159292.938   121703180.645        -118.684          43.000    23159291.429    94833765.697         -92.554          42.000  
E02  28574091.084   150157908.802       -3285.482          43.000    28574094.957   115056089.359       -2517.423          45.000  
R02  21149715.319   112858926.251       -2828.463          51.000    21149717.275    87779189.827       -2199.874          47.000  
R01  24428989.272   130586879.701       -5154.647          44.000    24428997.385   101567562.332       -4008.895          38.000  
E18  23218189.484   122012677.592       -4283.927          46.000    23218192.669    93490378.962       -3282.493          48.000  
E21  30384798.897   159673160.451        1769.999          38.000    30384822.160   122347059.180        1356.039          40.000  
G13  21545741.196   113223673.295        -820.865          48.000                                                                  
G20  26513850.735   139331211.170       -3539.744          39.000                                                                  
E07  24806475.287   130358950.343        -364.827          47.000    24806477.231    99885443.005        -279.543          49.000  
G14  24250034.265   127434921.152       -3807.678          46.000    24250032.513    99299961.508       -2966.986          43.000  
G05  24888574.202   130790126.918       -3524.294          47.000    24888582.042   101914324.534       -2745.866          38.000  
G22  22376526.080   117589637.040       -2688.788          47.000                                                                  
G24  24940141.956   131061540.996        1301.116          43.000    24940142.378   102126141.352        1013.688          40.000  
G15  22563942.194   118574361.290         851.553          47.000    22563939.684    92395667.000         663.581          44.000  
E30  25202450.257   132439942.608       -1808.905          47.000    25202452.296   101480067.152       -1386.156          51.000  
E27  25958930.790   136415310.759         621.566          47.000    25958935.921   104526158.831         476.124          50.000  
> 2024 06 08 18 03 00.0050000  0 29                     
E08  26584033.271   139699989.087       -2822.477          44.000    26584038.523   107042818.493       -2162.602          48.000  
G23  26227361.859   137825681.546         518.867          38.000    26227362.536   107396663.745         404.369          40.000  
G12  25470257.053   133847091.802        2131.842          45.000    25470266.322   104296922.932        1660.785          35.000  
G30  25717275.625   135145103.110       -3029.759          43.000    25717278.438   105307831.851       -2361.345          40.000  
R13  21621817.984   115459303.328       -1070.362          39.000    21621818.237    89801965.819        -832.620          41.000  
R12  22758953.703   121574308.164       -3193.354          50.000    22758952.926    94558071.808       -2483.726          47.000  
R14  24459067.962   130380679.901        1547.001          45.000    24459083.279   101407344.692        1203.188          45.000  
R03  21758196.225   116473342.819        1361.857          51.000    21758192.607    90590452.646        1059.165          49.000  
R22  25073897.894   133846175.4051       1310.260          40.000    25073900.135   104102609.687        1019.282          38.000  
R04  25697021.613   137606407.628        3470.212          44.000    25697022.719   107027187.827        2699.020          45.000  
G19  23107146.826   121429161.564         957.670          45.000                                                                  
S31  40208993.224   211299589.944        -748.418          45.000  
S33  41199215.399   216503189.591        -750.606          40.000  
G17  23160033.167   121707076.076        -141.469          42.000    23160033.055    94836801.141        -110.112          42.000  
E02  28592856.590   150256522.889       -3288.829          43.000    28592860.626   115131650.790       -2520.178          45.000  
R02  21165693.588   112944186.338       -2855.833          50.000    21165694.641    87845503.159       -2221.240          46.000  
R01  24457941.062   130741644.712       -5163.262          44.000    24457950.032   101687934.345       -4015.729          37.000  
E18  23242715.571   122141564.427       -4308.808          45.000    23242719.137    93589136.418       -3301.621          49.000  
E21  30374715.428   159620164.545        1762.894          40.000    30374737.258   122306451.674        1350.930          40.000  
G13  21550484.053   113248597.346        -840.964          48.000                                                                  
G20  26534049.906   139437360.553       -3537.253          39.000                                                                  
E07  24808599.141   130370112.920        -379.681          46.000    24808601.378    99893996.112        -290.837          50.000  
G14  24271790.066   127549248.148       -3814.418          46.000    24271788.565    99389047.449       -2972.317          44.000  
G05  24908714.300   130895962.382       -3531.634          47.000    24908722.596   101996793.222       -2751.849          38.000  
G22  22391920.150   117670533.630       -2704.443          47.000                                                                  
G24  24932722.022   131022550.265        1298.108          42.000    24932721.751   102095759.074        1011.444          40.000  
G15  22559130.381   118549077.117         833.667          46.000    22559128.242    92375965.078         649.720          43.000  
E30  25212807.874   132494378.209       -1820.442          45.000    25212810.470   101521777.532       -1394.861          50.000  
E27  25955417.470   136396850.697         608.638          47.000    25955423.382   104512014.303         466.443          50.000  
> 2024 06 08 18 03 30.0050000  0 29                     
E08  26600182.811   139784853.259       -2835.094          45.000    26600187.896   107107844.219       -2172.370          49.000  
G23  26224456.898   137810414.812         498.501          40.000    26224456.947   107384767.568         388.800          40.000  
G12  25458121.183   133783317.514        2119.684          45.000    25458130.946   104247229.352        1651.709          37.000  
G30  25734590.145   135236093.909       -3036.162          42.000    25734593.450   105378733.648       -2365.854          40.000  
R13  21627870.036   115491619.292       -1084.098          40.000    21627869.302    89827100.537        -843.260          40.000  
R12  22776904.983   121670198.495       -3199.322          50.000    22776903.402    94632653.134       -2488.325          46.000  
R14  24450397.752   130334460.976        1534.296          48.000    24450411.599   101371397.345        1193.402          44.000  
R03  21750639.636   116432891.261        1334.841          51.000    21750635.335    90558990.342        1038.268          48.000  
R22  25066584.930   133807139.804        1292.340          39.000    25066586.944   104072248.893        1005.015          37.000  
R04  25677605.268   137502432.865        3461.747          44.000    25677606.148   106946318.598        2692.274          45.000  
G19  23101735.627   121400722.823         938.176          47.000                                                                  
S31  40213277.926   211322106.268        -752.346          45.000  
S33  41203510.855   216525763.762        -754.693          40.000  
G17  23160907.458   121711671.578        -164.627          43.000    23160907.266    94840382.110        -128.395          41.000  
E02  28611643.522   150355249.722       -3292.911          42.000    28611647.834   115207298.594       -2522.965          45.000  
R02  21181828.360   113030278.706       -2883.607          51.000    21181828.200    87912463.837       -2242.762          46.000  
R01  24486945.086   130896682.636       -5172.479          44.000    24486953.899   101808518.639       -4022.616          37.000  
E18  23267385.794   122271208.566       -4334.213          45.000    23267389.805    93688474.113       -3320.824          49.000  
E21  30364673.730   159567394.765        1755.218          40.000    30364695.456   122266017.418        1345.120          38.000  
G13  21555343.283   113274133.072        -861.377          48.000                                                                  
G20  26554235.537   139543438.745       -3535.341          38.000                                                                  
E07  24810810.086   130381729.818        -394.831          47.000    24810812.112    99902897.348        -302.486          50.000  
G14  24293587.878   127663797.314       -3822.004          46.000    24293586.620    99478306.496       -2978.076          44.000  
G05  24928899.091   131002033.672       -3539.495          46.000    24928907.878   102079445.634       -2758.169          37.000  
G22  22407405.638   117751910.853       -2720.685          47.000                                                                  
G24  24925321.375   130983660.120        1294.561          42.000    24925321.177   102065455.204        1008.667          41.000  
G15  22554423.679   118524342.874         815.254          46.000    22554421.691    92356691.656         635.375          43.000  
E30  25223231.987   132549164.841       -1832.103          44.000    25223235.478   101563756.873       -1403.752          49.000  
E27  25951979.415   136378784.556         595.578          47.000    25951985.419   104498171.617         456.370          51.000  
> 2024 06 08 18 04 00.0050000  0 29                     
E08  26616405.881   139870102.419       -2848.395          45.000    26616410.251   107173164.920       -2182.570          48.000  
G23  26221668.478   137795760.537         477.584          41.000    26221669.114   107373348.619         372.159          41.000  
G12  25446053.078   133719904.951        2107.495          44.000    25446064.396   104197817.666        1641.809          38.000  
G30  25751940.133   135327265.964       -3042.453          42.000    25751942.857   105449776.699       -2370.551          40.000  
R13  21633998.872   115524348.6071      -1097.927          40.000    21633997.248    89852555.978        -854.391          40.000  
R12  22794889.814   121766269.192       -3205.690          51.000    22794888.265    94707374.743       -2493.147          47.000  
R14  24441797.968   130288622.695        1521.244          49.000    24441811.804   101335746.009        1183.188          45.000  
R03  21743234.191   116393251.614        1307.394          51.000    21743229.967    90528159.545        1016.806          48.000  
R22  25059370.807   133768639.9811       1273.810          38.000    25059377.427   104042310.246         990.352          39.000  
R04  25658238.758   137398721.850        3452.316          44.000    25658238.810   106865654.463        2684.924          45.000  
G19  23096437.760   121372878.367         917.899          48.000                                                                  
S31  40217586.208   211344746.566        -756.982          45.000  
S33  41207830.068   216548461.500        -759.167          40.000  
G17  23161918.086   121716974.839        -188.983          45.000    23161915.820    94844514.547        -147.215          41.000  
E02  28630453.233   150454094.301       -3297.006          42.000    28630457.230   115283036.664       -2526.340          44.000  
R02  21198118.753   113117207.633       -2911.902          51.000    21198119.584    87980075.167       -2264.952          47.000  
R01  24516000.225   131051996.513       -5181.914          44.000    24516009.026   101929317.523       -4030.257          37.000  
E18  23292200.432   122401611.837       -4359.790          44.000    23292204.805    93788393.531       -3340.543          49.000  
E21  30354675.982   159514858.085        1746.975          41.000    30354698.083   122225761.776        1338.576          37.000  
G13  21560320.218   113300288.129        -882.549          48.000                                                                  
G20  26574409.098   139649449.573       -3532.590          39.000                                                                  
E07  24813107.924   130393808.253        -410.638          46.000    24813110.736    99912152.232        -314.638          50.000  
G14  24315429.306   127778572.731       -3829.909          46.000    24315427.396    99567741.825       -2984.215          43.000  
G05  24949129.603   131108343.241       -3547.765          46.000    24949138.312   102162283.752       -2764.515          37.000  
G22  22422983.740   117833772.693       -2737.177          48.000                                                                  
G24  24917940.967   130944877.026        1291.007          42.000    24917941.785   102035234.758        1005.719          43.000  
G15  22549822.826   118500166.375         796.196          46.000    22549821.010    92337852.845         620.449          43.000  
E30  25233725.226   132604307.374       -1844.354          44.000    25233728.606   101606008.925       -1413.222          49.000  
E27  25948617.088   136361118.493         581.883          46.000    25948623.601   104484635.470         445.839          50.000  
> 2024 06 08 18 04 30.0050000  0 29                     
E08  26632705.713   139955761.000       -2862.312          44.000    26632710.604   107238799.327       -2193.195          48.000  
G23  26219002.077   137781744.656         456.321          43.000    26219002.686   107362427.135         355.535          41.000  
G12  25434058.973   133656880.469        2094.226          45.000    25434070.834   104148708.310        1631.732          38.000  
G30  25769328.694   135418644.543       -3049.415          42.000    25769332.222   105520980.720       -2376.429          41.000  
R13  21640208.945   115557512.729       -1112.713          40.000    21640208.526    89878350.380        -865.547          41.000  
R12  22812912.838   121862543.856       -3212.720          50.000    22812910.756    94782255.048       -2498.861          47.000  
R14  24433274.100   130243190.246        1507.452          48.000    24433288.533   101300410.295        1172.242          46.000  
R03  21735986.371   116354452.566        1279.144          51.000    21735981.728    90497982.541         994.717          47.000  
R22  25052267.733   133730719.308        1253.876          38.000    25052272.703   104012816.520         975.741          39.000  
R04  25638926.569   137295303.476        3442.166          45.000    25638926.146   106785217.973        2677.384          45.000  
G19  23091257.563   121345656.123         896.893          47.000                                                                  
S31  40221922.890   211367536.064        -762.269          45.000  
S33  41212177.866   216571308.907        -763.912          40.000  
G17  23163067.749   121723012.323        -213.720          46.000    23163064.386    94849219.119        -166.531          41.000  
E02  28649289.664   150553080.568       -3302.077          42.000    28649293.648   115358883.281       -2530.162          44.000  
R02  21214570.743   113204996.020       -2940.748          52.000    21214571.951    88048354.950       -2287.314          48.000  
R01  24545111.054   131207607.555       -5192.211          44.000    24545119.291   102050347.524       -4038.402          37.000  
E18  23317164.230   122532794.956       -4385.939          45.000    23317167.850    93888910.487       -3360.707          49.000  
E21  30344728.888   159462580.392        1738.158          42.000    30344750.375   122185704.530        1332.115          37.000  
G13  21565419.794   113327088.511        -904.463          47.000                                                                  
G20  26594573.588   139755416.329       -3531.487          38.000                                                                  
E07  24815498.134   130406374.340        -427.228          45.000    24815502.017    99921780.778        -327.297          50.000  
G14  24337317.740   127893597.445       -3838.440          46.000    24337316.170    99657371.426       -2990.988          43.000  
G05  24969409.488   131214913.076       -3556.817          46.000    24969418.308   102245324.673       -2771.632          38.000  
G22  22438658.019   117916141.911       -2754.327          48.000                                                                  
G24  24910585.278   130906226.366        1286.035          42.000    24910587.680   102005117.499        1001.847          44.000  
G15  22545333.719   118476574.776         776.325          46.000    22545331.464    92319469.785         605.152          43.000  
E30  25244291.672   132659829.480       -1857.163          45.000    25244294.251   101648551.820       -1422.949          49.000  
E27  25945336.057   136343877.549         567.507          46.000    25945342.010   104471425.062         434.792          50.000  
> 2024 06 08 18 05 00.0050000  0 29                     
E08  26649088.023   140041848.879       -2876.925          44.000    26649092.698   107304762.667       -2204.422          48.000  
G23  26216460.390   137768388.560         434.168          44.000    26216461.017   107352019.732         338.368          40.000  
G12  25422144.499   133594266.145        2080.023          46.000    25422155.281   104099918.491        1621.124          38.000  
G30  25786760.940   135510250.474       -3057.517          43.000    25786764.480   105592361.858       -2382.574          40.000  
R13  21646504.695   115591123.9811      -1128.602          40.000    21646504.331    89904498.740        -877.478          40.000  
R12  22830976.507   121959041.698       -3220.557          49.000    22830975.252    94857308.903       -2504.807          47.000  
R14  24424830.171   130198184.092        1492.907          47.000    24424845.357   101265406.142        1161.173          45.000  
R03  21728899.625   116316518.408        1249.930          51.000    21728895.365    90468478.226         972.035          48.000  
R22  25045277.324   133693372.4171       1234.074          39.000    25045281.447   103983787.104         959.732          40.000  
R04  25619673.933   137192202.802        3431.018          46.000    25619673.025   106705028.578        2668.803          44.000  
G19  23086199.449   121319079.029         874.787          47.000                                                                  
S31  40226291.826   211390496.083        -768.551          45.000  
S33  41216557.673   216594325.983        -770.595          40.000  
G17  23164360.541   121729805.940        -239.183          46.000    23164356.937    94854512.902        -186.573          40.000  
E02  28668156.919   150652227.979       -3307.911          42.000    28668160.710   115434853.368       -2534.438          44.000  
R02  21231186.517   113293662.323       -2970.402          52.000    21231188.440    88117317.545       -2310.297          48.000  
R01  24574280.396   131363533.298       -5202.924          44.000    24574289.398   102171622.255       -4046.505          37.000  
E18  23342279.352   122664774.030       -4412.740          46.000    23342282.606    93990037.311       -3381.179          49.000  
E21  30334834.109   159410582.945        1728.293          41.000    30334855.187   122145861.986        1324.579          37.000  
G13  21570646.281   113354555.817        -926.892          47.000                                                                  
G20  26614733.240   139861357.920       -3531.327          37.000                                                                  
E07  24817985.283   130419449.576        -444.574          44.000    24817990.354    99931799.453        -340.610          50.000  
G14  24359257.275   128008889.886       -3847.671          46.000    24359255.205    99747209.648       -2998.185          42.000  
G05  24989741.357   131321760.701       -3566.206          45.000    24989752.308   102328582.010       -2778.796          39.000  
G22  22454432.247   117999036.814       -2771.972          48.000                                                                  
G24  24903259.304   130867728.955        1280.720          41.000    24903262.441   101975119.637         997.752          44.000  
G15  22540959.497   118453590.840         755.740          46.000    22540957.648    92301560.265         588.718          43.000  
E30  25254934.246   132715750.367       -1870.745          46.000    25254936.227   101691400.308       -1433.578          49.000  
E27  25942139.934   136327082.198         552.298          45.000    25942145.457   104458556.081         423.109          50.000  
> 2024 06 08 18 05 30.0050000  0 29                     
E08  26665552.353   140128366.650       -2891.099          44.000    26665556.341   107371055.414       -2215.276          48.000  
G23  26214045.327   137755694.355         412.052          44.000    26214044.902   107342128.052         321.264          40.000  
G12  25410307.048   133532063.887        2066.522          44.000    25410318.125   104051449.782        1610.065          37.000  
G30  25804236.413   135602085.183       -3065.056          42.000    25804240.038   105663921.314       -2388.586          40.000  
R13  21652885.690   115625197.273       -1143.529          39.000    21652884.272    89931000.269        -889.142          40.000  
R12  22849082.862   122055762.334       -3227.803          50.000    22849081.520    94932536.043       -2510.404          47.000  
R14  24416466.977   130153605.337        1478.870          46.000    24416481.574   101230734.425        1150.021          45.000  
R03  21721975.364   116279453.214        1220.857          51.000    21721970.827    90439649.765         949.576          48.000  
R22  25038399.279   133656650.781        1213.601          38.000    25038401.628   103955225.958         944.218          38.000  
R04  25600480.814   137089425.073        3420.331          44.000    25600479.958   106625090.355        2660.312          45.000  
G19  23081264.847   121293150.839         853.375          46.000                                                                  
S31  40230693.567   211413627.174        -773.926          45.000  
S33  41220970.045   216617514.631        -775.570          40.000  
G17  23165797.519   121737358.417        -264.430          46.000    23165794.190    94860398.022        -206.282          41.000  
E02  28687054.484   150751536.685       -3313.028          42.000    28687058.404   115510947.078       -2538.503          43.000  
R02  21247967.247   113383205.147       -2999.398          52.000    21247968.382    88186961.911       -2332.873          47.000  
R01  24603508.275   131519771.301       -5213.156          45.000    24603518.014   102293139.846       -4054.826          37.000  
E18  23367545.459   122797545.957       -4438.897          46.000    23367548.081    94091771.636       -3401.301          49.000  
E21  30324993.152   159358867.771        1719.054          41.000    30325014.812   122106235.758        1317.457          37.000  
G13  21576000.464   113382692.365        -949.200          47.000                                                                  
G20  26634888.166   139967272.561       -3529.772          37.000                                                                  
E07  24820570.737   130433036.236        -461.555          44.000    24820575.668    99942209.993        -353.536          50.000  
G14  24381247.625   128124449.228       -3856.403          46.000    24381245.334    99837255.869       -3005.232          42.000  
G05  25010126.746   131428884.675       -3575.496          45.000    25010138.299   102412054.694       -2785.956          39.000  
G22  22470306.768   118082456.331       -2789.301          48.000                                                                  
G24  24895962.852   130829386.351        1275.434          41.000    24895965.209   101945242.401         993.884          43.000  
G15  22536701.898   118431217.663         735.484          46.000    22536700.084    92284126.637         573.070          43.000  
E30  25265651.839   132772069.948       -1884.033          47.000    25265653.834   101734554.277       -1443.571          50.000  
E27  25939028.576   136310733.605         537.456          45.000    25939033.676   104446029.427         411.845          49.000  
> 2024 06 08 18 06 00.0050000  0 29                     
E08  26682097.621   140215315.325       -2905.568          44.000    26682102.001   107437678.333       -2226.146          48.000  
G23  26211756.451   137743664.431         390.006          44.000    26211756.074   107332754.035         303.677          41.000  
G12  25398549.066   133470276.624        2052.814          46.000    25398559.934   104003304.366        1599.939          36.000  
G30  25821755.711   135694150.678       -3072.772          42.000    25821759.508   105735660.560       -2394.435          40.000  
R13  21659350.961   115659756.8581      -1158.505          39.000    21659349.626    89957855.118        -900.835          40.000  
R12  22867231.488   122152705.583       -3235.052          51.000    22867229.745    95007936.320       -2516.117          47.000  
R14  24408184.624   130109455.222        1464.741          46.000    24408198.386   101196396.030        1139.246          45.000  
R03  21715215.562   116243261.957        1191.897          52.000    21715210.549    90411501.057         927.017          48.000  
R22  25031632.073   133620565.7911       1193.681          39.000    25031636.371   103927137.485         928.681          39.000  
R04  25581348.578   136986975.645        3409.375          42.000    25581348.632   106545407.487        2651.957          44.000  
G19  23076454.660   121267875.592         831.570          46.000                                                                  
S31  40235127.646   211436930.400        -779.549          45.000  
S33  41225415.555   216640876.253        -781.396          40.000  
G17  23167378.939   121745672.110        -289.739          46.000    23167376.525    94866876.279        -225.709          41.000  
E02  28705983.026   150851007.297       -3318.162          42.000    28705987.012   115587164.843       -2542.559          43.000  
R02  21264912.162   113473623.924       -3028.380          52.000    21264912.217    88257287.582       -2355.503          46.000  
R01  24632794.832   131676319.563       -5223.254          45.000    24632804.645   102414898.727       -4062.458          36.000  
E18  23392960.980   122931108.068       -4465.033          46.000    23392964.172    94194111.427       -3421.279          48.000  
E21  30315205.257   159307437.302        1709.692          39.000    30315228.422   122066827.702        1310.279          38.000  
G13  21581482.916   113411500.575        -971.404          48.000                                                                  
G20  26655036.706   140073160.088       -3529.013          36.000                                                                  
E07  24823253.735   130447136.980        -478.313          44.000    24823259.021    99953014.463        -366.592          50.000  
G14  24403288.694   128240275.102       -3865.148          46.000    24403286.492    99927509.736       -3011.884          41.000  
G05  25030564.773   131536283.971       -3584.388          46.000    25030576.237   102495741.944       -2793.300          39.000  
G22  22486280.406   118166399.886       -2806.694          47.000                                                                  
G24  24888696.485   130791200.440        1270.257          42.000    24888697.319   101915487.296         989.739          42.000  
G15  22532561.291   118409458.889         715.082          46.000    22532559.424    92267171.777         557.155          43.000  
E30  25276445.869   132828788.601       -1897.235          47.000    25276447.274   101778014.024       -1453.653          51.000  
E27  25936003.142   136294833.399         522.573          46.000    25936007.354   104433846.335         400.458          48.000  
> 2024 06 08 18 06 30.0050000  0 29                     
E08  26698722.444   140302678.986       -2918.437          44.000    26698726.686   107504619.253       -2236.351          48.000  
G23  26209590.539   137732284.342         369.044          44.000    26209590.766   107323886.399         287.390          41.000  
G12  25386868.757   133408890.282        2039.923          48.000    25386877.681   103955471.285        1589.825          35.000  
G30  25839316.306   135786431.982       -3079.037          42.000    25839320.190   105807567.964       -2399.376          40.000  
R13  21665898.790   115694720.839       -1172.022          39.000    21665898.168    89985049.402        -911.722          41.000  
R12  22885418.134   122249854.234       -3241.143          51.000    22885416.060    95083496.355       -2521.101          47.000  
R14  24399978.503   130065718.271        1451.628          46.000    24399992.299   101162379.032        1128.887          45.000  
R03  21708615.334   116207932.488        1163.840          52.000    21708610.570    90384022.622         905.210          49.000  
R22  25024978.214   133585047.958        1174.582          36.000    25024982.026   103899512.723         913.270          39.000  
R04  25562275.796   136884843.276        3399.705          42.000    25562276.033   106465971.261        2644.133          45.000  
G19  23071766.929   121243240.557         811.104          46.000                                                                  
S31  40239592.210   211460392.084        -784.248          45.000  
S33  41229891.473   216664395.503        -786.295          40.000  
G17  23169103.509   121754733.063        -313.798          45.000    23169101.276    94873936.808        -244.779          42.000  
E02  28724939.483   150950623.539       -3322.457          42.000    28724943.282   115663494.194       -2545.649          42.000  
R02  21282017.010   113564900.249       -3056.262          52.000    21282017.583    88328280.212       -2377.164          46.000  
R01  24662135.556   131833158.765       -5232.104          44.000    24662144.717   102536883.886       -4069.286          36.000  
E18  23418523.437   123065440.774       -4490.006          46.000    23418526.650    94297041.690       -3440.377          48.000  
E21  30305471.324   159256277.099        1701.457          41.000    30305493.136   122027626.703        1303.739          38.000  
G13  21587090.390   113440966.505        -992.468          48.000                                                                  
G20  26675177.819   140179003.054       -3527.084          36.000                                                                  
E07  24826032.277   130461737.569        -494.441          44.000    24826037.200    99964201.912        -378.847          50.000  
G14  24425377.142   128356350.278       -3872.586          46.000    24425374.720   100017957.922       -3017.557          41.000  
G05  25051050.770   131643939.647       -3592.213          45.000    25051062.797   102579628.953       -2799.184          39.000  
G22  22502350.373   118250850.077       -2822.858          47.000                                                                  
G24  24881457.414   130753156.324        1266.442          42.000    24881456.563   101885842.657         986.674          41.000  
G15  22528535.580   118388301.405         695.663          47.000    22528533.432    92250685.440         542.180          44.000  
E30  25287311.347   132885889.726       -1909.185          47.000    25287313.378   101821766.827       -1462.868          51.000  
E27  25933059.757   136279366.283         508.938          46.000    25933063.731   104421995.086         389.934          48.000  
> 2024 06 08 18 07 00.0050000  0 30                     
E08  26715414.346   140390402.253       -2929.338          44.000    26715419.843   107571835.717       -2244.664          48.000  
G23  26207538.498   137721500.203         350.048          44.000    26207538.293   107315483.121         272.908          41.000  
G12  25375252.580   133347851.651        2029.346          47.000    25375262.998   103907909.206        1581.158          39.000  
G30  25856907.209   135878874.711       -3083.470          42.000    25856911.427   105879601.149       -2402.655          40.000  
R13  21672517.427   115730033.2171      -1183.672          39.000    21672517.543    90012538.716        -920.564          42.000  
R12  22903632.318   122347151.089       -3245.122          51.000    22903630.270    95159171.635       -2523.778          46.000  
R14  24391839.960   130022338.564        1440.629          45.000    24391853.815   101128639.878        1120.573          45.000  
R03  21702167.202   116173412.222        1137.824          52.000    21702162.191    90357173.563         885.106          48.000  
R22  25018423.901   133550031.4211       1157.396          39.000    25018430.446   103872311.286         899.966          40.000  
R04  25543252.448   136782975.967        3391.731          44.000    25543252.472   106386741.172        2638.184          45.000  
G19  23067191.518   121219193.258         792.460          47.000                                                                  
S31  40244076.670   211483957.204        -786.620          45.000  
S33  41234386.514   216688018.447        -788.192          40.000  
G17  23170959.366   121764488.250        -335.848          45.000    23170957.824    94881538.260        -261.906          42.000  
E02  28743912.684   151050329.524       -3324.106          42.000    28743916.543   115739892.316       -2547.123          42.000  
R02  21299272.113   113656976.278       -3081.826          52.000    21299272.098    88399894.805       -2396.979          46.000  
R23  25704743.010   137503029.4611       2514.402          41.000                                                                  
R01  24691519.221   131990229.786       -5238.979          44.000    24691529.739   102659049.327       -4074.540          36.000  
E18  23444221.086   123200484.951       -4512.635          45.000    23444224.399    94400517.100       -3457.600          47.000  
E21  30295776.785   159205333.185        1695.240          41.000    30295798.954   121988591.400        1298.931          38.000  
G13  21592812.329   113471036.548       -1011.810          47.000                                                                  
G20  26695299.275   140284744.707       -3522.162          35.000                                                                  
E07  24828896.394   130476784.287        -508.307          45.000    24828900.422    99975731.208        -389.464          50.000  
G14  24447502.230   128472618.043       -3878.224          46.000    24447499.753   100108556.178       -3021.644          41.000  
G05  25071575.373   131751793.544       -3597.706          45.000    25071587.816   102663670.389       -2803.326          41.000  
G22  22518506.747   118335750.002       -2836.796          48.000                                                                  
G24  24874233.712   130715199.598        1264.414          42.000    24874233.222   101856266.119         985.427          41.000  
G15  22524614.043   118367692.475         678.455          47.000    22524612.033    92234626.576         528.800          44.000  
E30  25298237.979   132943317.282       -1918.968          45.000    25298241.337   101865769.740       -1470.296          51.000  
E27  25930188.092   136264277.459         497.207          46.000    25930192.380   104410433.673         381.133          48.000  
> 2024 06 08 18 07 30.0050000  0 30                     
E08  26732162.453   140478416.636       -2938.055          43.000    26732168.365   107639275.216       -2251.122          48.000  
G23  26205586.907   137711244.844         333.794          43.000    26205586.448   107307491.894         259.918          41.000  
G12  25363689.910   133287093.530        2021.332          46.000    25363701.231   103860565.682        1575.287          39.000  
G30  25874517.116   135971411.242       -3085.405          43.000    25874520.763   105951707.467       -2404.244          39.000  
R13  21679193.839   115765684.805       -1192.630          40.000    21679193.955    90040267.764        -927.623          42.000  
R12  22921860.867   122444525.676       -3246.330          50.000    22921858.481    95234907.411       -2524.730          46.000  
R14  24383756.877   129979247.168        1432.503          46.000    24383769.407   101095124.981        1114.033          45.000  
R03  21695857.812   116139635.406        1114.332          52.000    21695852.213    90330902.759         866.624          48.000  
R22  25011963.019   133515537.170        1143.084          38.000    25011967.974   103845482.581         888.652          39.000  
R04  25524266.044   136681308.432        3386.322          42.000    25524266.502   106307666.471        2633.707          43.000  
G19  23062714.795   121195668.543         776.246          46.000                                                                  
S31  40248567.095   211507556.301        -786.203          45.000  
S33  41238888.504   216711675.927        -788.773          40.000  
G17  23172935.194   121774870.822        -355.869          45.000    23172933.177    94889628.552        -277.094          42.000  
E02  28762890.414   151150056.404       -3323.674          42.000    28762893.834   115816306.422       -2546.818          42.000  
R02  21316663.187   113749780.451       -3104.773          51.000    21316663.389    88472075.749       -2414.801          46.000  
R23  25690636.824   137427575.871        2516.200          39.000                                                                  
R01  24720933.220   132147459.626       -5242.708          45.000    24720943.816   102781338.301       -4077.449          35.000  
E18  23470040.300   123336168.373       -4532.723          45.000    23470044.181    94504482.329       -3473.122          48.000  
E21  30286111.185   159154538.492        1691.429          40.000    30286133.057   121949670.427        1296.075          38.000  
G13  21598636.619   113501643.800       -1028.548          47.000                                                                  
G20  26715388.808   140390315.005       -3515.281          35.000                                                                  
E07  24831832.911   130492210.248        -519.816          46.000    24831835.703    99987551.091        -398.218          50.000  
G14  24469650.377   128589008.442       -3880.906          45.000    24469648.226   100199249.993       -3023.999          42.000  
G05  25092123.541   131859775.316       -3600.849          44.000    25092136.550   102747811.473       -2805.990          41.000  
G22  22534735.013   118421029.285       -2848.178          48.000                                                                  
G24  24867014.374   130677262.761        1265.081          42.000    24867014.528   101826705.042         985.706          41.000  
G15  22520784.176   118347566.241         663.589          47.000    22520782.260    92218943.822         517.197          44.000  
E30  25309213.243   133001002.096       -1926.150          44.000    25309218.130   101909969.762       -1476.042          50.000  
E27  25927374.884   136249498.995         488.136          45.000    25927380.328   104399110.055         374.091          49.000  
> 2024 06 08 18 08 00.0050000  0 30                     
E08  26748955.998   140566660.429       -2944.783          45.000    26748960.622   107706890.513       -2256.300          48.000  
G23  26203724.127   137701457.998         318.774          42.000    26203724.380   107299865.747         248.683          41.000  
G12  25352169.801   133226556.255        2014.832          46.000    25352180.875   103813394.269        1570.001          39.000  
G30  25892132.390   136063980.915       -3085.597          42.000    25892136.031   106023839.603       -2404.366          39.000  
R13  21685916.259   115801579.8631      -1199.755          39.000    21685915.726    90068186.937        -933.275          42.000  
R12  22940091.446   122541914.009       -3245.877          49.000    22940090.132    95310653.889       -2524.635          46.000  
R14  24375715.713   129936382.092        1425.629          47.000    24375727.212   101061786.039        1109.085          44.000  
R03  21689675.440   116106542.622        1092.299          52.000    21689669.353    90305163.934         849.537          47.000  
R22  25005581.537   133481496.0671       1129.512          39.000    25005584.283   103818981.393         878.246          40.000  
R04  25505306.221   136579782.786        3382.376          40.000    25505307.173   106228702.102        2630.622          42.000  
G19  23058325.912   121172607.940         761.472          46.000                                                                  
S31  40253053.222   211531131.032        -784.889          45.000  
S33  41243385.399   216735308.196        -786.844          40.000  
G17  23175018.714   121785820.868        -373.882          46.000    23175016.657    94898161.073        -291.541          41.000  
E02  28781860.396   151249742.150       -3321.658          42.000    28781863.310   115892689.029       -2544.946          42.000  
R02  21334178.065   113843248.060       -3126.070          50.000    21334179.063    88544772.699       -2431.475          45.000  
R23  25676516.861   137352051.762        2518.917          39.000                                                                  
R01  24750364.178   132304782.625       -5244.875          44.000    24750375.461   102903699.730       -4079.409          35.000  
E18  23495969.578   123472425.679       -4550.842          45.000    23495973.233    94608887.293       -3486.917          48.000  
E21  30276461.228   159103832.756        1689.372          39.000    30276484.721   121910817.635        1294.219          38.000  
G13  21604551.726   113532728.183       -1043.486          47.000                                                                  
G20  26735434.053   140495651.140       -3506.880          36.000                                                                  
E07  24834829.543   130507955.441        -529.570          47.000    24834831.636    99999615.580        -405.751          49.000  
G14  24491810.242   128705458.556       -3881.932          45.000    24491807.546   100289990.332       -3025.026          42.000  
G05  25112684.959   131967820.907       -3601.929          44.000    25112697.586   102832002.282       -2806.868          41.000  
G22  22551023.527   118506625.051       -2857.939          48.000                                                                  
G24  24859787.133   130639284.996        1267.182          41.000    24859788.412   101797112.057         987.419          42.000  
G15  22517034.768   118327863.871         650.200          47.000    22517033.180    92203591.364         506.866          44.000  
E30  25320227.940   133058881.860       -1932.035          44.000    25320232.032   101954319.107       -1480.255          50.000  
E27  25924610.032   136234969.815         480.657          45.000    25924616.164   104387977.418         368.309          49.000  
> 2024 06 08 18 08 30.0050000  0 30                     
E08  26765782.842   140655079.967       -2949.878          46.000    26765786.709   107774640.484       -2260.306          48.000  
G23  26201940.679   137692087.383         305.947          42.000    26201941.661   107292563.978         238.306          40.000  
G12  25340680.772   133166187.968        2009.845          45.000    25340692.022   103766354.502        1566.125          39.000  
G30  25909744.509   136156530.962       -3084.324          43.000    25909747.800   106095956.404       -2403.130          38.000  
R13  21692673.405   115837664.661       -1205.333          39.000    21692672.980    90096252.925        -937.597          42.000  
R12  22958315.722   122639260.925       -3243.651          50.000    22958314.367    95386368.139       -2522.876          47.000  
R14  24367706.229   129893688.975        1420.710          48.000    24367717.334   101028580.855        1105.121          45.000  
R03  21683611.835   116074083.271        1071.988          51.000    21683605.263    90279917.775         833.698          47.000  
R22  24999268.515   133447794.172        1117.761          40.000    24999270.445   103792768.978         869.368          40.000  
R04  25486364.196   136478348.579        3380.129          42.000    25486364.504   106149808.850        2628.888          43.000  
G19  23054016.015   121149960.798         748.544          46.000                                                                  
S31  40257524.261   211554627.579        -781.177          45.000  
S33  41247867.564   216758862.565        -783.438          40.000  
G17  23177200.974   121797286.722        -390.370          46.000    23177198.002    94907095.519        -304.292          41.000  
E02  28800811.921   151349332.736       -3317.633          43.000    28800814.869   115968998.750       -2542.080          42.000  
R02  21351807.457   113937322.931       -3145.390          50.000    21351807.892    88617941.998       -2446.464          44.000  
R23  25662374.932   137276407.387        2523.963          39.000                                                                  
R01  24779801.988   132462141.375       -5245.237          44.000    24779813.930   103026088.966       -4079.541          34.000  
E18  23521997.729   123609199.475       -4567.347          46.000    23522000.849    94713688.021       -3499.507          49.000  
E21  30266819.431   159053163.838        1688.870          39.000    30266843.351   121871993.000        1294.409          38.000  
G13  21610548.243   113564237.837       -1057.032          47.000                                                                  
G20  26755423.014   140600698.075       -3496.251          37.000                                                                  
E07  24837876.941   130523967.838        -537.754          47.000    24837878.493   100011884.801        -412.038          49.000  
G14  24513970.439   128821913.389       -3881.375          45.000    24513968.126   100380734.365       -3024.453          42.000  
G05  25133247.291   132075874.176       -3601.397          43.000    25133260.318   102916199.054       -2806.397          40.000  
G22  22567360.708   118592481.824       -2865.638          47.000                                                                  
G24  24852542.323   130601214.052        1271.084          41.000    24852544.331   101767446.470         990.319          43.000  
G15  22513355.794   118308534.040         638.444          47.000    22513354.775    92188529.198         497.712          44.000  
E30  25331270.601   133116902.261       -1935.983          46.000    25331272.750   101998776.275       -1483.399          50.000  
E27  25921882.087   136220636.868         474.945          44.000    25921889.089   104376995.121         363.947          50.000  
> 2024 06 08 18 09 00.0050000  0 30                     
E08  26782635.509   140743643.058       -2954.535          45.000    26782639.839   107842500.420       -2263.853          48.000  
G23  26200230.980   137683102.231         292.928          42.000    26200231.447   107285562.512         228.153          40.000  
G12  25329219.433   133105958.484        2005.224          47.000    25329230.069   103719422.850        1562.732          39.000  
G30  25927346.750   136249030.186       -3082.615          43.000    25927349.873   106168033.608       -2401.669          38.000  
R13  21699460.145   115873907.3391      -1210.484          39.000    21699459.541    90124439.344        -941.660          41.000  
R12  22976525.229   122736532.518       -3241.237          50.000    22976523.932    95462023.803       -2520.974          47.000  
R14  24359723.051   129851135.782        1415.949          48.000    24359734.095   100995484.413        1101.416          45.000  
R03  21677660.370   116042227.820        1051.645          51.000    21677654.515    90255141.328         817.867          47.000  
R22  24993018.796   133414427.2691       1106.331          41.000    24993020.743   103766823.304         860.233          39.000  
R04  25467434.335   136376978.186        3377.753          43.000    25467434.222   106070965.186        2627.234          44.000  
G19  23049778.722   121127697.942         735.602          45.000                                                                  
S31  40261974.161   211578012.623        -778.033          45.000  
S33  41252328.486   216782305.785        -779.352          40.000  
G17  23179475.361   121809237.855        -406.566          47.000    23179472.301    94916408.104        -316.870          40.000  
E02  28819738.939   151448795.710       -3313.374          42.000    28819741.976   116045210.658       -2538.651          41.000  
R02  21369543.941   114031969.979       -3164.475          50.000    21369544.485    88691556.324       -2461.271          44.000  
R23  25648205.652   137200615.070        2528.816          39.000                                                                  
R01  24809239.668   132619500.220       -5245.121          44.000    24809253.541   103148478.256       -4079.594          34.000  
E18  23548116.355   123746453.789       -4583.221          46.000    23548119.720    94818856.943       -3511.817          49.000  
E21  30257178.713   159002500.929        1688.748          39.000    30257202.963   121833173.027        1293.982          39.000  
G13  21616619.171   113596142.000       -1070.106          47.000                                                                  
G20  26775351.225   140705422.249       -3485.278          36.000                                                                  
E07  24840968.964   130540216.858        -545.516          46.000    24840970.687   100024335.318        -418.014          49.000  
G14  24536125.526   128938339.478       -3880.416          45.000    24536123.279   100471456.000       -3023.857          42.000  
G05  25153804.932   132183901.076       -3600.459          45.000    25153817.036   103000375.303       -2805.671          40.000  
G22  22583741.630   118678565.522       -2873.328          46.000                                                                  
G24  24845274.065   130563018.580        1275.267          42.000    24845276.101   101737683.879         993.701          43.000  
G15  22509742.574   118289547.194         627.053          47.000    22509741.684    92173734.289         488.444          44.000  
E30  25342332.994   133175030.489       -1939.501          47.000    25342334.426   102043316.096       -1486.147          50.000  
E27  25919185.730   136206468.537         469.550          44.000    25919192.932   104366138.952         359.707          50.000  
> 2024 06 08 18 09 30.0050000  0 30                     
E08  26799517.089   140832354.335       -2959.464          46.000    26799520.948   107910473.899       -2267.621          48.000  
G23  26198595.315   137674508.575         279.594          42.000    26198596.383   107278866.076         218.041          40.000  
G12  25317785.394   133045874.227        2000.329          46.000    25317796.171   103672604.374        1558.789          38.000  
G30  25944940.130   136341484.272       -3081.094          43.000    25944943.381   106240075.617       -2400.281          37.000  
R13  21706276.206   115910305.425       -1216.099          39.000    21706275.730    90152748.978        -945.704          41.000  
R12  22994721.377   122833732.738       -3238.864          50.000    22994720.119    95537623.948       -2519.153          47.000  
R14  24351766.362   129808727.668        1411.088          47.000    24351777.750   100962500.918        1097.590          45.000  
R03  21671823.426   116010985.141        1031.113          51.000    21671818.618    90230841.473         802.000          48.000  
R22  24986835.559   133381420.622        1094.349          41.000    24986837.679   103741151.632         851.245          38.000  
R04  25448517.236   136275680.615        3375.159          43.000    25448517.851   105992178.203        2625.196          45.000  
G19  23045616.385   121105827.385         722.416          44.000                                                                  
S31  40266404.531   211601294.535        -774.530          45.000  
S33  41256769.613   216805645.225        -776.507          40.000  
G17  23181843.330   121821680.945        -423.114          46.000    23181840.079    94926104.041        -329.538          41.000  
E02  28838642.031   151548135.246       -3309.462          42.000    28838645.723   116121327.983       -2535.660          41.000  
R02  21387389.196   114127192.060       -3183.569          50.000    21387389.900    88765617.886       -2476.230          45.000  
R23  25634010.555   137124684.222        2533.298          41.000                                                                  
R01  24838678.232   132776860.606       -5245.299          44.000    24838692.140   103270868.743       -4080.041          33.000  
E18  23574326.104   123884189.547       -4599.144          45.000    23574329.761    94924394.758       -3524.132          49.000  
E21  30247540.661   158951850.187        1688.167          39.000    30247565.092   121794362.365        1293.731          40.000  
G13  21622766.239   113628446.916       -1083.608          47.000                                                                  
G20  26795219.039   140809826.808       -3475.035          37.000                                                                  
E07  24844107.393   130556708.793        -553.888          46.000    24844109.187   100036971.968        -424.307          49.000  
G14  24558275.782   129054740.126       -3879.462          45.000    24558273.616   100562157.792       -3023.183          43.000  
G05  25174358.284   132291903.916       -3599.646          46.000    25174369.948   103084532.831       -2805.079          39.000  
G22  22600166.681   118764879.656       -2881.294          46.000                                                                  
G24  24837984.785   130524704.337        1279.181          44.000    24837983.706   101707828.751         996.504          42.000  
G15  22506196.647   118270910.774         615.326          47.000    22506195.616    92159212.422         479.526          44.000  
E30  25353416.462   133233270.494       -1943.234          48.000    25353417.398   102087941.563       -1488.984          50.000  
E27  25916521.832   136192470.064         463.755          44.000    25916528.830   104355412.897         355.326          50.000  
> 2024 06 08 18 10 00.0050000  0 30                     
E08  26816426.113   140921210.825       -2964.486          46.000    26816430.185   107978558.650       -2271.414          48.000  
G23  26197033.616   137666304.783         266.820          41.000    26197035.867   107272473.447         207.593          41.000  
G12  25306378.150   132985933.963        1995.630          45.000    25306388.795   103625898.110        1554.865          37.000  
G30  25962524.765   136433891.203       -3079.748          43.000    25962528.088   106312080.922       -2399.639          38.000  
R13  21713121.755   115946857.642       -1220.784          40.000    21713120.343    90181178.496        -949.796          41.000  
R12  23012903.297   122930857.920       -3236.300          49.000    23012902.260    95613165.714       -2517.251          48.000  
R14  24343837.369   129766461.962        1406.384          47.000    24343847.837   100929628.084        1093.822          43.000  
R03  21666101.555   115980355.570        1010.642          51.000    21666097.212    90207018.484         786.083          48.000  
R22  24980718.217   133348752.8291       1082.625          42.000    24980721.266   103715755.124         841.876          39.000  
R04  25429613.794   136174457.877        3372.663          42.000    25429615.014   105913449.473        2623.090          45.000  
G19  23041529.256   121084349.044         709.254          44.000                                                                  
S31  40270814.553   211624468.964        -770.543          45.000  
S33  41261190.678   216828877.441        -772.674          40.000  
G17  23184303.988   121834614.436        -439.356          45.000    23184301.535    94936182.121        -342.296          41.000  
E02  28857521.550   151647348.137       -3304.874          41.000    28857525.196   116197348.256       -2532.487          41.000  
R02  21405340.410   114222984.071       -3202.665          50.000    21405341.498    88840122.678       -2491.011          44.000  
R23  25619791.191   137048616.855        2537.562          42.000                                                                  
R01  24868115.276   132934216.924       -5245.322          44.000    24868130.122   103393255.954       -4078.562          32.000  
E18  23600625.867   124022400.146       -4614.855          45.000    23600630.219    95030296.416       -3536.223          48.000  
E21  30237906.198   158901210.092        1687.732          40.000    30237929.198   121755559.851        1293.111          39.000  
G13  21628990.037   113661151.435       -1096.932          47.000                                                                  
G20  26815025.222   140913907.334       -3463.928          38.000                                                                  
E07  24847291.611   130573442.367        -561.986          46.000    24847293.762   100049793.780        -430.582          49.000  
G14  24580420.360   129171111.168       -3878.596          45.000    24580418.349   100652836.487       -3022.517          43.000  
G05  25194905.173   132399876.637       -3598.639          46.000    25194916.727   103168666.888       -2804.309          40.000  
G22  22616635.010   118851419.717       -2888.639          46.000                                                                  
G24  24830670.643   130486269.430        1282.961          44.000    24830669.201   101677879.597         999.747          41.000  
G15  22502717.178   118252624.715         603.618          47.000    22502715.377    92144963.561         470.256          44.000  
E30  25364519.905   133291618.728       -1946.772          48.000    25364521.024   102132649.934       -1491.688          50.000  
E27  25913889.537   136178639.125         458.201          44.000    25913896.715   104344815.207         350.944          49.000  
> 2024 06 08 18 10 30.0050000  0 30                     
E08  26833362.853   141010214.321       -2969.091          46.000    26833367.180   108046756.039       -2275.012          48.000  
G23  26195547.603   137658493.981         253.606          42.000    26195549.695   107266387.019         197.713          41.000  
G12  25294999.229   132926141.057        1990.607          45.000    25295010.393   103579306.653        1550.824          37.000  
G30  25980100.987   136526253.783       -3078.006          43.000    25980104.078   106384051.650       -2398.496          38.000  
R13  21719995.554   115983564.681       -1226.343          39.000    21719994.758    90209728.402        -953.632          41.000  
R12  23031070.950   123027908.811       -3233.674          49.000    23031070.531    95688649.674       -2514.978          47.000  
R14  24335935.253   129724340.884        1401.626          47.000    24335945.347   100896867.732        1090.545          43.000  
R03  21660494.799   115950345.134         990.088          50.000    21660491.564    90183677.046         770.111          49.000  
R22  24974668.643   133316460.101        1070.521          39.000    24974671.622   103690638.684         832.779          38.000  
R04  25410726.032   136073316.234        3370.105          42.000    25410727.394   105834783.832        2621.167          44.000  
G19  23037518.388   121063267.740         696.033          45.000                                                                  
S31  40275204.434   211647539.494        -767.526          45.000  
S33  41265591.902   216852005.476        -768.929          40.000  
G17  23186857.851   121848042.209        -455.968          44.000    23186857.059    94946645.326        -355.147          41.000  
E02  28876377.774   151746435.891       -3300.795          41.000    28876380.732   116273272.617       -2529.013          41.000  
R02  21423399.349   114319345.949       -3221.543          51.000    21423398.769    88915070.712       -2505.592          43.000  
R23  25605546.346   136972419.940        2542.106          42.000                                                                  
R01  24897551.487   133091567.897       -5244.719          44.000    24897566.042   103515639.173       -4079.374          32.000  
E18  23627017.089   124161083.679       -4630.596          45.000    23627020.461    95136560.469       -3548.154          48.000  
E21  30228271.410   158850583.858        1687.635          41.000    30228295.158   121716767.982        1292.888          39.000  
G13  21635290.379   113694258.674       -1110.310          47.000                                                                  
G20  26834769.893   141017664.740       -3453.163          38.000                                                                  
E07  24850521.783   130590421.033        -570.198          46.000    24850525.131   100062803.404        -436.772          51.000  
G14  24602559.991   129287453.178       -3877.633          46.000    24602557.402   100743492.555       -3021.467          43.000  
G05  25215446.068   132507819.760       -3597.650          45.000    25215458.178   103252777.847       -2803.302          40.000  
G22  22633146.291   118938185.805       -2895.959          47.000                                                                  
G24  24823333.679   130447716.734        1286.998          43.000    24823333.425   101647838.636        1003.011          42.000  
G15  22499305.047   118234693.112         591.790          47.000    22499302.999    92130990.893         461.068          43.000  
E30  25375643.773   133350076.376       -1950.363          48.000    25375645.412   102177442.125       -1494.388          51.000  
E27  25911290.753   136164978.050         452.635          45.000    25911296.430   104334347.661         346.793          49.000  
> 2024 06 08 18 11 00.0050000  0 30                     
E08  26850327.089   141099364.865       -2974.027          45.000    26850332.185   108115066.110       -2278.898          49.000  
G23  26194137.368   137651077.500         240.621          42.000    26194138.147   107260607.879         187.621          40.000  
G12  25283649.357   132866497.492        1985.559          44.000    25283660.323   103532831.659        1547.260          37.000  
G30  25997668.780   136618573.066       -3076.470          43.000    25997672.262   106455988.625       -2397.111          38.000  
R13  21726898.479   116020425.915       -1231.183          39.000    21726898.016    90238398.230        -957.474          41.000  
R12  23049225.557   123124884.752       -3231.142          49.000    23049224.709    95764075.375       -2513.305          47.000  
R14  24328059.212   129682364.676        1396.896          45.000    24328069.457   100864220.100        1086.465          41.000  
R03  21655005.619   115920957.076         969.248          51.000    21655001.756    90160819.694         753.836          49.000  
R22  24968687.802   133284547.9381       1058.215          40.000    24968689.914   103665805.742         822.887          40.000  
R04  25391855.945   135972260.844        3367.010          44.000    25391855.898   105756185.212        2618.811          44.000  
G19  23033583.519   121042586.662         682.716          46.000                                                                  
S31  40279574.964   211670506.692        -763.786          45.000  
S33  41269973.440   216875030.828        -765.837          40.000  
G17  23189507.619   121861965.970        -472.335          45.000    23189506.619    94957494.981        -368.053          41.000  
E02  28895209.464   151845398.223       -3296.629          41.000    28895212.781   116349100.884       -2525.977          42.000  
R02  21441564.112   114416275.474       -3240.502          50.000    21441562.601    88990460.240       -2520.428          43.000  
R23  25591278.747   136896098.544        2546.186          42.000                                                                  
R01  24926986.966   133248910.848       -5244.667          44.000    24927001.331   103638016.010       -4078.801          33.000  
E18  23653496.749   124300236.397       -4646.147          45.000    23653500.129    95243184.054       -3560.114          48.000  
E21  30218641.327   158799973.018        1686.695          41.000    30218665.143   121677987.866        1292.412          40.000  
G13  21641667.049   113727770.508       -1123.819          47.000                                                                  
G20  26854452.116   141121097.703       -3442.102          38.000                                                                  
E07  24853799.059   130607646.419        -578.216          46.000    24853803.191   100076002.098        -443.123          51.000  
G14  24624693.092   129403764.964       -3876.457          46.000    24624691.031   100834125.115       -3020.756          43.000  
G05  25235981.236   132615730.311       -3596.490          45.000    25235992.716   103336863.441       -2802.600          39.000  
G22  22649700.366   119025176.261       -2903.390          47.000                                                                  
G24  24815974.063   130409047.427        1290.738          43.000    24815976.022   101617706.798        1005.640          42.000  
G15  22495960.742   118217118.426         579.900          47.000    22495958.809    92117296.351         451.739          44.000  
E30  25386787.719   133408642.907       -1954.121          47.000    25386790.431   102222317.733       -1497.212          52.000  
E27  25908723.900   136151487.499         446.839          45.000    25908728.731   104324010.755         342.376          48.000  
> 2024 06 08 18 11 30.0050000  0 30                     
E08  26867317.640   141188652.547       -2978.697          44.000    26867323.197   108183481.253       -2282.355          49.000  
G23  26192799.553   137644046.823         227.652          43.000    26192799.809   107255129.378         177.685          39.000  
G12  25272326.416   132806995.292        1980.853          44.000    25272335.534   103486466.779        1543.396          36.000  
G30  26015226.585   136710840.211       -3074.934          42.000    26015229.956   106527884.997       -2396.466          37.000  
R13  21733827.869   116057429.453       -1236.135          38.000    21733827.613    90267178.746        -961.395          41.000  
R12  23067363.120   123221774.890       -3228.513          49.000    23067362.669    95839434.334       -2511.128          47.000  
R14  24320209.142   129640523.729        1392.231          45.000    24320219.180   100831677.632        1082.703          41.000  
R03  21649630.978   115892184.710         948.534          51.000    21649626.608    90138441.194         737.687          49.000  
R22  24962773.440   133252978.731        1045.946          41.000    24962776.251   103641251.986         813.537          41.000  
R04  25373000.509   135871286.311        3364.289          45.000    25372999.999   105677649.517        2616.553          45.000  
G19  23029722.508   121022298.786         669.331          45.000                                                                  
S31  40283924.004   211693361.124        -760.229          45.000  
S33  41274333.434   216897943.099        -761.993          40.000  
G17  23192251.172   121876377.367        -488.756          47.000    23192249.564    94968724.659        -380.741          42.000  
E02  28914015.818   151944225.046       -3292.357          42.000    28914018.958   116424825.292       -2522.535          42.000  
R02  21459832.891   114513760.281       -3259.155          49.000    21459830.309    89066281.646       -2534.712          42.000  
R23  25576986.241   136819647.369        2550.328          41.000                                                                  
R01  24956418.558   133406232.399       -5243.619          44.000    24956432.486   103760376.241       -4078.449          32.000  
E18  23680063.877   124439844.752       -4661.361          45.000    23680066.473    95350156.764       -3571.686          47.000  
E21  30209012.851   158749369.127        1686.658          42.000    30209035.581   121639213.112        1292.120          39.000  
G13  21648119.252   113761678.819       -1137.016          47.000                                                                  
G20  26874070.748   141224194.868       -3431.313          37.000                                                                  
E07  24857122.438   130625110.309        -586.397          46.000    24857126.499   100089383.526        -449.266          51.000  
G14  24646818.740   129520035.456       -3875.209          46.000    24646816.620   100924725.505       -3019.729          42.000  
G05  25256507.628   132723596.194       -3595.129          44.000    25256519.488   103420914.219       -2801.215          40.000  
G22  22666294.482   119112380.053       -2910.696          46.000                                                                  
G24  24808591.716   130370252.748        1295.073          43.000    24808593.876   101587477.245        1009.121          43.000  
G15  22492683.126   118199893.710         567.981          48.000    22492680.929    92103874.513         442.630          44.000  
E30  25397949.833   133467307.818       -1957.244          46.000    25397954.063   102267268.738       -1499.812          52.000  
E27  25906187.470   136138158.181         441.377          46.000    25906191.848   104313797.395         338.250          48.000  
> 2024 06 08 18 12 00.0050000  0 30                     
E08  26884336.218   141278087.221       -2983.425          44.000    26884342.361   108252009.057       -2286.018          49.000  
G23  26191537.417   137637413.067         214.483          43.000    26191536.236   107249960.138         167.108          39.000  
G12  25261032.982   132747646.262        1975.842          44.000    25261041.155   103440221.258        1539.679          37.000  
G30  26032777.081   136803066.055       -3073.385          42.000    26032780.054   106599749.191       -2395.217          36.000  
R13  21740785.214   116094581.8311      -1241.290          37.000    21740785.087    90296077.386        -965.247          40.000  
R12  23085487.174   123318588.524       -3225.670          49.000    23085486.058    95914733.832       -2508.785          47.000  
R14  24312387.500   129598828.882        1387.550          46.000    24312397.601   100799248.772        1079.178          42.000  
R03  21644373.649   115864042.060         927.593          50.000    21644369.170    90116552.477         721.440          48.000  
R22  24956929.910   133221782.9871       1033.752          42.000    24956931.549   103616988.698         804.053          42.000  
R04  25354162.745   135770407.504        3361.231          44.000    25354161.245   105599188.344        2614.093          46.000  
G19  23025938.538   121002416.961         656.118          45.000                                                                  
S31  40288253.751   211716114.145        -756.695          45.000  
S33  41278674.215   216920754.224        -758.645          40.000  
G17  23195089.016   121891288.053        -505.230          47.000    23195086.546    94980343.397        -393.440          41.000  
E02  28932797.869   152042925.872       -3287.806          41.000    28932801.292   116500453.168       -2519.277          43.000  
R02  21478207.591   114611808.588       -3277.466          50.000    21478205.577    89142541.366       -2549.216          43.000  
R23  25562673.234   136743081.775        2554.005          40.000                                                                  
R01  24985846.745   133563539.977       -5243.152          43.000    24985860.910   103882725.620       -4077.928          31.000  
E18  23706718.032   124579914.793       -4676.565          45.000    23706720.957    95457483.251       -3583.350          48.000  
E21  30199386.529   158698783.543        1685.943          41.000    30199409.648   121600452.352        1291.737          39.000  
G13  21654649.277   113795994.431       -1150.612          47.000                                                                  
G20  26893627.039   141326965.006       -3420.407          37.000                                                                  
E07  24860493.594   130642824.138        -594.412          46.000    24860497.464   100102956.470        -455.487          51.000  
G14  24668938.006   129636273.298       -3873.900          46.000    24668936.357   101015300.445       -3018.571          42.000  
G05  25277026.567   132831425.258       -3593.671          42.000    25277039.365   103504936.321       -2800.458          40.000  
G22  22682931.137   119199805.293       -2917.736          46.000                                                                  
G24  24801188.106   130331343.676        1298.994          43.000    24801189.307   101557158.575        1012.239          42.000  
G15  22489473.903   118183031.227         556.194          47.000    22489472.085    92090734.934         433.413          44.000  
E30  25409133.871   133526080.365       -1960.765          45.000    25409137.965   102312302.196       -1502.409          52.000  
E27  25903684.129   136125000.546         435.671          46.000    25903687.797   104303715.580         333.971          48.000  
> 2024 06 08 18 12 30.0050000  0 30                     
E08  26901383.845   141367674.191       -2988.936          45.000    26901390.088   108320653.540       -2290.241          49.000  
G23  26190352.223   137631182.786         200.655          41.000    26190351.206   107245105.289         156.277          39.000  
G12  25249769.607   132688457.296        1969.910          44.000    25249777.995   103394100.546        1534.729          37.000  
G30  26050320.372   136895256.953       -3072.774          42.000    26050323.648   106671586.135       -2393.859          36.000  
R13  21747772.398   116131892.750       -1246.862          38.000    21747772.471    90325097.003        -969.708          41.000  
R12  23103597.513   123415330.270       -3223.792          49.000    23103596.560    95989977.398       -2507.386          47.000  
R14  24304595.065   129557285.489        1381.976          48.000    24304604.779   100766937.740        1074.896          43.000  
R03  21639235.441   115836538.381         905.768          50.000    21639230.276    90095160.726         704.462          46.000  
R22  24951156.954   133190970.634        1020.415          41.000    24951159.244   103593023.670         793.769          41.000  
R04  25335344.731   135669634.559        3356.964          45.000    25335342.246   105520809.460        2611.078          45.000  
G19  23022233.121   120982949.487         641.566          44.000                                                                  
S31  40292565.109   211738771.312        -753.969          45.000  
S33  41282996.740   216943469.008        -756.033          40.000  
G17  23198023.396   121906705.428        -522.770          47.000    23198020.125    94992356.975        -407.146          41.000  
E02  28951557.553   152141505.829       -3284.392          42.000    28951560.667   116575988.401       -2516.499          43.000  
R02  21496687.039   114710423.366       -3297.045          49.000    21496687.161    89219241.618       -2564.334          45.000  
R23  25548340.388   136666411.835        2556.627          40.000                                                                  
R01  25015273.526   133720836.180       -5243.443          44.000    25015285.914   104005252.1921      -4078.479          31.000  
E18  23733460.702   124720448.132       -4692.396          45.000    23733463.664    95565164.713       -3595.391          48.000  
E21  30189766.061   158648222.955        1684.783          41.000    30189788.592   121561710.777        1290.826          38.000  
G13  21661258.432   113830724.420       -1164.996          47.000                                                                  
G20  26913121.642   141429412.126       -3409.811          37.000                                                                  
E07  24863913.733   130660794.861        -603.506          47.000    24863917.273   100116726.251        -462.524          51.000  
G14  24691051.794   129752482.576       -3873.392          45.000    24691050.535   101105853.119       -3018.209          42.000  
G05  25297539.211   132939220.034       -3592.798          42.000    25297552.176   103588931.657       -2799.396          40.000  
G22  22699611.049   119287455.997       -2925.741          47.000                                                                  
G24  24793763.225   130292326.741        1302.109          43.000    24793763.842   101526755.861        1014.465          42.000  
G15  22486335.258   118166539.022         543.071          47.000    22486333.703    92077883.866         423.162          44.000  
E30  25420340.062   133584965.219       -1964.929          46.000    25420343.005   102357421.745       -1505.627          51.000  
E27  25901213.838   136112020.471         429.397          46.000    25901218.105   104293769.814         329.092          48.000  
> 2024 06 08 18 13 00.0050000  0 30                     
E08  26918461.628   141457415.480       -2994.125          45.000    26918466.919   108389416.262       -2294.177          49.000  
G23  26189242.531   137625359.268         187.051          40.000    26189244.159   107240567.479         145.806          41.000  
G12  25238537.014   132629432.047        1964.514          45.000    25238544.873   103348107.452        1531.085          37.000  
G30  26067857.658   136987415.968       -3071.477          42.000    26067861.270   106743398.249       -2393.022          36.000  
R13  21754790.749   116169364.5181      -1252.033          39.000    21754788.955    90354238.606        -973.720          40.000  
R12  23121695.377   123512001.263       -3221.484          49.000    23121693.372    96065165.910       -2505.424          47.000  
R14  24296830.564   129515896.137        1376.930          47.000    24296839.803   100734746.493        1071.010          44.000  
R03  21634218.399   115809678.722         884.344          50.000    21634211.602    90074269.833         687.828          46.000  
R22  24945457.568   133160544.0961       1007.312          43.000    24945459.231   103569361.834         783.342          39.000  
R04  25316547.186   135568974.381        3353.217          45.000    25316543.974   105442518.287        2608.173          44.000  
G19  23018608.027   120963901.390         627.450          43.000                                                                  
S31  40296858.797   211761336.057        -750.965          45.000  
S33  41287301.616   216966092.092        -752.386          41.000  
G17  23201053.645   121922632.779        -539.709          47.000    23201051.130    95004767.955        -420.285          41.000  
E02  28970293.821   152239966.733       -3280.246          41.000    28970297.163   116651432.427       -2513.534          43.000  
R02  21515274.631   114809604.617       -3315.813          50.000    21515274.512    89296382.491       -2578.821          45.000  
R23  25533989.103   136589644.635        2560.458          38.000                                                                  
R01  25044697.496   133878119.909       -5242.817          44.000    25044709.098   104127583.050       -4077.512          32.000  
E18  23760290.507   124861443.173       -4707.619          44.000    23760294.371    95673199.982       -3607.139          48.000  
E21  30180149.586   158597690.901        1683.747          41.000    30180173.375   121522991.045        1289.990          39.000  
G13  21667946.913   113865872.417       -1178.879          47.000                                                                  
G20  26932554.179   141531537.033       -3398.805          36.000                                                                  
E07  24867382.838   130679026.176        -612.234          47.000    24867386.365   100130695.681        -469.081          51.000  
G14  24713160.425   129868664.219       -3872.174          45.000    24713159.408   101196384.256       -3017.393          42.000  
G05  25318044.828   133046980.941       -3591.486          42.000    25318059.490   103672900.629       -2798.822          40.000  
G22  22716333.534   119375332.718       -2933.146          47.000                                                                  
G24  24786318.256   130253205.120        1305.500          42.000    24786319.115   101496271.600        1017.128          42.000  
G15  22483268.578   118150421.909         530.707          47.000    22483266.688    92065325.092         413.458          44.000  
E30  25431567.803   133643963.875       -1968.725          47.000    25431569.660   102402628.504       -1508.507          50.000  
E27  25898778.135   136099220.657         423.448          46.000    25898782.873   104283962.181         324.496          49.000  
> 2024 06 08 18 13 30.0050000  0 30                     
E08  26935569.740   141547314.428       -2999.511          45.000    26935573.844   108458299.789       -2298.271          48.000  
G23  26188212.725   137619947.172         173.207          42.000    26188215.200   107236350.234         135.239          41.000  
G12  25227336.332   132570575.865        1958.704          45.000    25227344.611   103302246.110        1526.294          38.000  
G30  26085389.903   137079547.492       -3070.934          43.000    26085393.315   106815188.958       -2392.937          36.000  
R13  21761836.360   116206991.537       -1257.035          39.000    21761834.566    90383504.052        -977.318          39.000  
R12  23139779.460   123608604.637       -3219.118          49.000    23139777.829    96140301.837       -2503.865          47.000  
R14  24289095.210   129474664.766        1371.463          48.000    24289104.737   100702678.105        1066.879          45.000  
R03  21629322.056   115783470.080         862.399          51.000    21629316.330    90053885.310         670.861          47.000  
R22  24939833.611   133130519.303         994.044          43.000    24939834.836   103546009.371         772.984          41.000  
R04  25297771.802   135468435.100        3348.871          44.000    25297768.198   105364321.083        2604.785          43.000  
G19  23015064.428   120945279.184         613.416          44.000                                                                  
S31  40301135.732   211783811.865        -747.881          45.000  
S33  41291589.765   216988626.210        -750.176          40.000  
G17  23204181.611   121939075.087        -556.869          45.000    23204179.303    95017580.198        -434.034          41.000  
E02  28989008.244   152338311.740       -3276.563          41.000    28989011.787   116726787.610       -2510.461          43.000  
R02  21533967.546   114909353.537       -3334.685          50.000    21533967.826    89373964.882       -2593.554          45.000  
R23  25519620.994   136512789.007        2562.762          39.000                                                                  
R01  25074119.717   134035392.085       -5242.434          44.000    25074130.427   104249904.922       -4077.004          32.000  
E18  23787209.000   125002899.532       -4723.123          45.000    23787212.636    95781588.701       -3618.924          49.000  
E21  30170541.311   158547192.230        1682.678          40.000    30170564.866   121484296.903        1289.206          40.000  
G13  21674715.269   113901443.399       -1192.915          46.000                                                                  
G20  26951926.863   141633341.854       -3388.216          36.000                                                                  
E07  24870902.590   130697523.034        -621.208          47.000    24870906.022   100144868.588        -475.943          51.000  
G14  24735264.168   129984820.469       -3871.612          44.000    24735263.084   101286895.569       -3016.755          42.000  
G05  25338546.169   133154709.145       -3590.643          45.000    25338560.081   103756844.156       -2798.022          40.000  
G22  22733099.245   119463436.823       -2940.779          48.000                                                                  
G24  24778854.507   130213983.358        1308.942          42.000    24778856.056   101465709.286        1019.778          43.000  
G15  22480274.236   118134685.481         518.030          47.000    22480272.383    92053062.948         403.693          44.000  
E30  25442817.294   133703079.053       -1972.583          47.000    25442818.566   102447924.532       -1511.517          49.000  
E27  25896376.659   136086605.012         417.204          45.000    25896382.680   104274295.677         319.694          49.000  
> 2024 06 08 18 14 00.0050000  0 30                     
E08  26952709.695   141637381.447       -3005.054          46.000    26952712.923   108527312.099       -2302.479          47.000  
G23  26187263.949   137614958.172         159.264          42.000    26187265.547   107232462.660         124.158          41.000  
G12  25216169.924   132511900.951        1952.630          44.000    25216179.189   103256526.068        1521.619          39.000  
G30  26102918.892   137171663.059       -3070.257          42.000    26102922.842   106886967.212       -2392.477          37.000  
R13  21768913.908   116244786.0031      -1262.240          39.000    21768910.752    90412900.573        -982.292          39.000  
R12  23157852.831   123705150.118       -3217.306          49.000    23157851.195    96215392.730       -2502.199          47.000  
R14  24281391.712   129433601.860        1365.865          48.000    24281401.795   100670740.744        1062.292          46.000  
R03  21624550.056   115757926.785         840.294          51.000    21624544.955    90034018.294         653.626          48.000  
R22  24934285.735   133100907.247         980.071          42.000    24934287.146   103522977.900         762.416          40.000  
R04  25279021.175   135368032.662        3344.220          42.000    25279018.558   105286230.362        2601.331          44.000  
G19  23011605.968   120927096.360         598.704          46.000                                                                  
S31  40305397.761   211806210.545        -745.280          45.000  
S33  41295862.914   217011082.303        -747.402          41.000  
G17  23207410.084   121956044.744        -574.701          45.000    23207408.744    95030803.365        -448.160          40.000  
E02  29007702.443   152436551.000       -3272.999          41.000    29007705.967   116802061.768       -2507.775          43.000  
R02  21552769.111   115009678.619       -3353.718          50.000    21552769.075    89451995.405       -2608.487          46.000  
R23  25505240.420   136435836.6891       2565.521          39.000                                                                  
R01  25103540.742   134192660.208       -5242.182          44.000    25103552.067   104372223.727       -4078.357          31.000  
E18  23814216.051   125144823.891       -4738.610          44.000    23814220.112    95890336.011       -3630.816          49.000  
E21  30160941.071   158496738.851        1680.690          40.000    30160964.181   121445637.431        1288.065          40.000  
G13  21681566.967   113937449.264       -1207.603          46.000                                                                  
G20  26971239.582   141734836.335       -3377.937          34.000                                                                  
E07  24874475.209   130716297.508        -630.251          47.000    24874478.467   100159254.214        -483.063          50.000  
G14  24757364.846   130100960.584       -3870.950          44.000    24757363.542   101377394.341       -3016.643          42.000  
G05  25359041.997   133262413.108       -3589.734          45.000    25359056.655   103840768.810       -2797.021          40.000  
G22  22749909.946   119551777.670       -2948.574          48.000                                                                  
G24  24771373.098   130174673.097        1312.078          40.000    24771376.383   101435078.015        1022.013          43.000  
G15  22477354.967   118119343.088         504.779          47.000    22477352.863    92041107.838         393.311          44.000  
E30  25454090.140   133762320.644       -1976.801          46.000    25454091.609   102493317.421       -1514.644          49.000  
E27  25894012.720   136074184.570         410.823          45.000    25894019.345   104264778.758         314.687          50.000  
> 2024 06 08 18 14 30.0050000  0 30                     
E08  26969880.821   141727617.762       -3011.308          45.000    26969884.549   108596454.118       -2307.251          47.000  
G23  26186395.425   137610394.728         144.719          41.000    26186397.046   107228906.657         112.566          42.000  
G12  25205038.473   132453410.393        1946.075          44.000    25205048.271   103210949.731        1516.541          38.000  
G30  26120445.398   137263764.914       -3070.247          42.000    26120449.570   106958734.752       -2392.257          36.000  
R13  21776023.854   116282750.470       -1268.727          38.000    21776021.466    90442428.484        -986.729          40.000  
R12  23175915.646   123801638.163       -3215.783          49.000    23175913.756    96290438.973       -2501.305          46.000  
R14  24273720.000   129392709.741        1359.750          48.000    24273730.469   100638936.270        1057.596          46.000  
R03  21619903.250   115733053.305         817.391          50.000    21619899.111    90014672.246         635.837          49.000  
R22  24928816.707   133071713.506         965.636          43.000    24928818.717   103500271.848         750.976          41.000  
R04  25260297.125   135267772.860        3339.075          44.000    25260295.463   105208250.648        2596.985          44.000  
G19  23008230.608   120909356.521         583.357          46.000                                                                  
S31  40309645.737   211828533.728        -743.392          46.000  
S33  41300122.102   217033463.787        -744.878          41.000  
G17  23210740.081   121973544.220        -593.042          45.000    23210738.415    95044439.340        -461.911          40.000  
E02  29026377.286   152534685.598       -3269.917          42.000    29026380.345   116877255.708       -2505.610          43.000  
R02  21571677.400   115110578.627       -3373.376          49.000    21571677.923    89530473.054       -2623.905          46.000  
R23  25490846.778   136358842.241        2567.429          36.000                                                                  
R01  25132960.411   134349922.847       -5242.532          44.000    25132970.792   104494538.255       -4077.581          32.000  
E18  23841312.125   125287213.822       -4754.486          44.000    23841315.912    95999440.026       -3643.065          49.000  
E21  30151348.419   158446333.387        1679.023          40.000    30151372.455   121407014.738        1286.449          41.000  
G13  21688502.041   113973892.596       -1222.597          46.000                                                                  
G20  26990494.298   141836019.978       -3368.213          34.000                                                                  
E07  24878101.237   130735352.488        -640.392          47.000    24878104.272   100173854.753        -490.519          50.000  
G14  24779462.731   130217084.764       -3870.878          44.000    24779461.355   101467880.656       -3016.458          42.000  
G05  25379532.728   133370090.678       -3588.958          44.000    25379547.788   103924672.917       -2796.930          41.000  
G22  22766765.856   119640354.990       -2956.886          48.000                                                                  
G24  24763876.046   130135276.842        1314.384          41.000    24763878.665   101404379.689        1024.070          42.000  
G15  22474510.812   118104398.324         491.089          47.000    22474508.684    92029462.558         382.684          43.000  
E30  25465386.978   133821689.322       -1981.460          46.000    25465389.423   102538807.676       -1518.359          49.000  
E27  25891686.818   136061961.160         403.626          45.000    25891693.326   104255412.804         309.281          50.000  
