     3.00           OBSERVATION DATA    M: Mixed            RINEX VERSION / TYPE
CONVBIN demo5 b34j                      20240609 013619 UTC PGM / RUN BY / DATE 
log: SAUC00CHL_R_20241600430_15M_30S_MO.ubx                 COMMENT             
format: u-blox UBX                                          COMMENT             
format: u-blox UBX                                          COMMENT             
log: SAUC00CHL_R_20241600430_15M_30S_MO.ubx                 COMMENT             
SAUC00CHL                                                   MARKER NAME         
                                                            MARKER NUMBER       
GEODETIC                                                    MARKER TYPE         
El Sauce            Obstech                                 OBSERVER / AGENCY   
UNKNOWN             UBLOX-ZED-F9P                           REC # / TYPE / VERS 
UNKNWOWN            TWIVSP6037L                             ANT # / TYPE        
  1813185.0000 -5195981.0000 -3216438.0000                  APPROX POSITION XYZ 
        0.0000        0.0000        0.0000                  ANTENNA: DELTA H/E/N
G    8 C1C L1C D1C S1C C2X L2X D2X S2X                      SYS / # / OBS TYPES 
R    8 C1C L1C D1C S1C C2C L2C D2C S2C                      SYS / # / OBS TYPES 
E    8 C1X L1X D1X S1X C7X L7X D7X S7X                      SYS / # / OBS TYPES 
S    4 C1C L1C D1C S1C                                      SYS / # / OBS TYPES 
  2024    06    08    04    30   00.0020000     GPS         TIME OF FIRST OBS   
  2024    06    08    04    44   30.0030000     GPS         TIME OF LAST OBS    
                                                            END OF HEADER       
> 2024 06 08 04 30 00.0020000  0 31                     
G23  22217999.630   116756525.2391      -3227.584          44.000    22217995.127    90979188.6341      -2515.309          43.000  
E04  27258640.100   143245215.7581        779.453          41.000    27258639.072   109759301.5641        597.370          46.000  
G16  21519259.655   113084489.9481      -1408.612          47.000                                                                  
G32  24557641.390   129051287.2441       2175.488          43.000    24557640.382   100559517.7881       1695.020          41.000  
E06  27914081.147   146689491.7551       1824.414          41.000                                                                  
R04  21240628.253   113742735.8291       1843.267          49.000    21240620.985    88466572.4471       1433.855          46.000  
R19  21430219.237   114637220.5521       -584.088          40.000    21430214.005    89162529.7321       -454.181          44.000  
R18  22296870.128   119022199.8581      -2065.667          45.000    22296866.945    92573059.6951      -1606.596          46.000  
R03  21820944.099   116809314.5271      -1912.500          48.000    21820937.586    90851708.4121      -1487.528          46.000  
R16  23362851.343   124800123.7141      -4668.400          47.000    23362850.466    97066710.4261      -3630.949          46.000  
E02  26256988.855   137981420.5161        617.722          42.000    26256989.830   105726016.3841        473.536          47.000  
S31  39378061.316   206933154.2791       -750.967          46.000  
S33  40371463.085   212153482.9291       -750.420          40.000  
E36  25573648.202   134390642.2781        -15.939          44.000    25573648.687   102974708.8231        -12.224          47.000  
R05  23936659.695   127955155.1421       3608.954          47.000                                                                  
R09  22087722.546   117947177.0181      -2161.982          49.000    22087715.175    91736666.0501      -1681.523          42.000  
R10  23481215.634   125168094.9753        796.447          39.000                                                                  
G27  21756428.593   114330896.1391       1162.775          50.000    21756423.459    89089072.2601        906.095          44.000  
E12  28334035.697   148896480.8721      -2532.232          38.000    28334033.591   114089567.5651      -1940.234          41.000  
E14  29383844.826   154413156.6911       -514.522          41.000    29383844.492   118316577.4971       -394.040          44.000  
E24  27304697.575   143487158.8991      -3727.319          42.000    27304697.914   109944710.5251      -2855.791          44.000  
E25  24712927.465   129867367.1251      -2021.299          45.000    24712928.892    99508778.4391      -1548.885          48.000  
E09  27997367.201   147127204.5831       1802.094          41.000    27997370.989   112733866.6561       1380.731          44.000  
G21  25742557.148   135278117.5481       1715.347          43.000                                                                  
E10  26372988.969   138591288.4221      -2250.529          46.000    26372988.471   106193456.0251      -1724.421          47.000  
G10  20697040.839   108763823.3351       -842.234          51.000    20697037.234    84751125.5351       -656.347          47.000  
G18  25101414.927   131909083.2801      -3209.228          43.000    25101410.211   102786385.3311      -2500.609          42.000  
G08  23828655.987   125220436.6751       2290.341          45.000    23828653.355    97574365.8441       1784.598          42.000  
E11  24069590.281   126486747.6271      -1587.856          43.000    24069588.060    96918530.1911      -1216.615          47.000  
G26  22894302.617   120310387.4751      -3814.886          45.000    22894300.991    93748351.4561      -2972.508          43.000  
R20                                                                  24010919.731    99864488.2431        960.678          35.000  
> 2024 06 08 04 30 30.0020000  0 31                     
G23  22236469.188   116853584.727       -3243.304          44.000    22236464.920    91054819.377       -2527.094          43.000  
E04  27254221.517   143222002.284         767.530          40.000    27254221.696   109741514.677         588.317          46.000  
G16  21527365.525   113127087.249       -1431.512          45.000                                                                  
G32  24545234.951   128986098.861        2169.659          42.000    24545235.377   100508721.792        1691.132          41.000  
E06  27903663.299   146634754.332        1824.270          40.000                                                                  
R04  21230363.642   113687774.520        1820.190          49.000    21230357.501    88423824.786        1415.716          46.000  
R19  21433510.120   114654823.043        -589.862          39.000    21433505.775    89176220.595        -458.630          46.000  
R18  22308493.582   119084246.975       -2071.403          47.000    22308490.375    92621318.554       -1611.130          46.000  
R03  21831742.790   116867121.497       -1941.656          48.000    21831736.178    90896669.382       -1510.333          45.000  
R16  23389085.895   124940266.842       -4674.886          47.000    23389086.231    97175710.480       -3635.956          46.000  
E02  26253502.874   137963108.301         602.713          42.000    26253505.231   105711985.022         461.653          47.000  
S31  39382355.946   206955724.876        -754.060          45.000  
S33  40375753.846   212176032.154        -753.629          39.000  
E36  25573754.951   134391208.706         -22.053          43.000    25573756.561   102975142.869         -17.062          47.000  
R05  23916413.017   127846928.452        3605.879          47.000                                                                  
R20  24003995.143   128360142.492        1232.634          37.000    24003994.306    99835687.890         958.128          35.000  
R09  22099936.015   118012399.689       -2186.604          48.000    22099929.661    91787394.758       -1700.751          42.000  
R10  23476801.031   125144571.2201        770.772          39.000                                                                  
G27  21749820.013   114296169.840        1151.878          49.000    21749815.255    89062012.844         897.544          44.000  
E12  28348493.394   148972454.655       -2533.286          39.000    28348491.227   114147781.252       -1941.070          42.000  
E14  29386780.724   154428585.198        -514.512          41.000    29386780.451   118328399.329        -394.113          45.000  
E24  27325990.462   143599056.136       -3732.700          42.000    27325990.667   110030449.876       -2860.294          44.000  
E25  24724510.281   129928238.954       -2037.051          45.000    24724512.228    99555420.488       -1560.920          48.000  
E09  27987083.469   147073164.005        1800.536          41.000    27987087.760   112692459.100        1379.497          45.000  
G21  25732772.215   135226700.969        1711.842          41.000                                                                  
E10  26385841.196   138658832.333       -2252.741          45.000    26385841.923   106245210.468       -1726.070          47.000  
G10  20701916.015   108789442.044        -866.171          51.000    20701912.445    84771088.180        -674.786          47.000  
G18  25119737.979   132005372.220       -3210.641          44.000    25119733.040   102861415.663       -2501.838          40.000  
G08  23815590.454   125151782.402        2285.932          43.000    23815589.650    97520869.055        1781.378          42.000  
E11  24078665.589   126534440.887       -1592.200          42.000    24078663.543    96955074.345       -1219.798          47.000  
G26  22916111.339   120424993.467       -3826.055          45.000    22916108.939    93837654.748       -2981.089          41.000  
> 2024 06 08 04 31 00.0020000  0 31                     
G23  22255031.272   116951127.360       -3259.724          44.000    22255026.392    91130826.613       -2539.942          43.000  
E04  27249873.029   143199155.276         755.082          39.000    27249874.201   109724008.560         578.804          46.000  
G16  21535603.271   113170382.984       -1454.932          45.000                                                                  
G32  24532862.733   128921080.351        2164.105          43.000    24532862.483   100458058.195        1686.420          41.000  
E06  27893250.056   146580034.064        1823.430          41.000                                                                  
R04  21220233.704   113633526.730        1795.982          49.000    21220227.475    88381632.070        1396.935          46.000  
R19  21436833.649   114672605.029        -596.130          38.000    21436829.910    89190051.031        -463.416          46.000  
R18  22320151.872   119146481.272       -2077.840          47.000    22320148.851    92669723.044       -1616.079          45.000  
R03  21842707.413   116925816.626       -1971.548          48.000    21842700.291    90942321.136       -1533.314          45.000  
R16  23415360.201   125080611.685       -4681.728          47.000    23415359.668    97284867.414       -3641.436          46.000  
E02  26250108.010   137945268.169         586.674          42.000    26250110.355   105698315.329         449.513          47.000  
S31  39386670.821   206978399.540        -757.581          44.000  
S33  40380064.921   212198686.579        -757.025          39.000  
E36  25573899.329   134391971.946         -28.957          43.000    25573901.748   102975727.723         -22.237          47.000  
R05  23896186.474   127738809.225        3601.998          46.000    23896188.024    99352389.7311       2801.476          41.000  
R20  23997087.991   128323203.504        1229.738          37.000    23997085.082    99806957.645         956.569          33.000  
R09  22112290.852   118078373.370       -2211.788          49.000    22112284.851    91838707.595       -1720.315          44.000  
R10  23472538.638   125121845.114         743.969          41.000                                                                  
G27  21743275.789   114261780.679        1140.510          49.000    21743271.533    89035216.122         888.521          45.000  
E12  28362958.797   149048470.510       -2534.872          39.000    28362956.502   114206027.142       -1942.219          42.000  
E14  29389719.870   154444029.634        -515.385          41.000    29389719.574   118340233.385        -394.948          45.000  
E24  27347318.349   143711135.832       -3739.216          41.000    27347318.584   110116329.028       -2865.064          43.000  
E25  24736185.521   129989594.436       -2053.418          44.000    24736187.888    99602433.140       -1573.412          48.000  
E09  27976812.169   147019187.356        1797.713          41.000    27976816.342   112651100.512        1377.549          45.000  
G21  25723007.922   135175390.829        1708.627          41.000                                                                  
E10  26398709.527   138726455.650       -2255.706          44.000    26398710.195   106297025.758       -1728.292          48.000  
G10  20706929.274   108815787.663        -890.480          50.000    20706925.663    84791617.263        -693.860          47.000  
G18  25138072.216   132101720.723       -3212.797          44.000    25138067.626   102936492.418       -2503.641          40.000  
G08  23802551.656   125083268.711        2281.206          44.000    23802552.376    97467481.826        1777.545          43.000  
E11  24087767.967   126582270.163       -1596.658          43.000    24087764.694    96991722.756       -1223.302          46.000  
G26  22937985.508   120539945.028       -3837.793          43.000    22937982.961    93927227.339       -2990.504          41.000  
> 2024 06 08 04 31 30.0020000  0 31                     
G23  22273686.412   117049159.924       -3276.167          45.000    22273681.690    91207215.630       -2552.776          43.000  
E04  27245597.878   143176686.041         742.280          39.000    27245598.394   109706791.914         568.842          46.000  
G16  21543976.941   113214386.240       -1478.790          45.000                                                                  
G32  24520524.633   128856244.483        2157.819          44.000    24520524.172   100407536.923        1681.049          39.000  
E06  27882842.155   146525342.406        1822.343          40.000                                                                  
R04  21210239.801   113580006.205        1771.556          48.000    21210232.199    88340005.043        1377.849          46.000  
R19  21440192.423   114690572.5681       -602.271          38.000    21440188.832    89204028.091        -468.481          45.000  
R18  22331847.587   119208913.296       -2084.717          45.000    22331844.339    92718281.301       -1621.222          45.000  
R03  21853839.681   116985408.626       -2001.654          47.000    21853832.700    90988670.508       -1556.852          45.000  
R16  23441671.017   125221163.448       -4688.881          45.000    23441671.492    97394185.298       -3646.748          46.000  
E02  26246805.586   137927910.741         570.435          43.000    26246807.036   105685015.509         437.132          47.000  
S31  39391007.979   207001190.289        -761.962          45.000  
S33  40384397.836   212221456.066        -761.547          40.000  
E36  25574083.804   134392940.811         -35.821          43.000    25574086.317   102976470.125         -27.573          48.000  
R05  23875983.455   127630811.413        3597.445          45.000    23875984.750    99268391.623        2798.162          42.000  
R20  23990198.047   128286364.088        1225.808          34.000    23990196.318    99778304.875         953.711          37.000  
R09  22124786.664   118145104.946       -2237.195          45.000    22124783.002    91890609.926       -1740.139          46.000  
R10  23468427.865   125099921.9761        716.401          40.000                                                                  
G27  21736797.978   114227740.424        1128.531          49.000    21736793.703    89008691.273         879.365          45.000  
E12  28377434.098   149124537.904       -2536.735          39.000    28377431.615   114264312.558       -1943.719          42.000  
E14  29392664.308   154459500.497        -516.424          42.000    29392663.586   118352087.677        -395.612          46.000  
E24  27368682.540   143823405.681       -3745.767          41.000    27368682.755   110202353.882       -2870.138          43.000  
E25  24747955.032   130051442.109       -2070.134          45.000    24747957.151    99649822.916       -1586.167          49.000  
E09  27966555.140   146965286.020        1795.132          42.000    27966559.277   112609799.666        1375.459          45.000  
G21  25713265.318   135124196.111        1704.247          41.000                                                                  
E10  26411594.293   138794167.626       -2258.800          44.000    26411595.292   106348908.976       -1730.762          48.000  
G10  20712082.420   108842868.926        -915.375          50.000    20712078.708    84812719.559        -713.280          46.000  
G18  25156420.293   132198138.130       -3215.372          44.000    25156415.324   103011622.856       -2505.372          40.000  
G08  23789543.023   125014907.000        2275.739          44.000    23789542.981    97414213.003        1773.230          43.000  
E11  24096897.814   126630244.421       -1601.610          44.000    24096893.531    97028482.285       -1227.315          46.000  
G26  22959927.150   120655248.676       -3849.635          43.000    22959924.764    94017074.222       -2999.592          41.000  
> 2024 06 08 04 32 00.0020000  0 31                     
G23  22292437.136   117147694.205       -3292.997          46.000    22292431.741    91283995.591       -2565.917          43.000  
E04  27241397.210   143154610.814         729.060          40.000    27241397.431   109689877.185         558.744          46.000  
G16  21552487.848   113259110.453       -1502.997          45.000                                                                  
G32  24508224.090   128791608.957        2150.995          42.000    24508224.061   100357171.736        1676.270          40.000  
E06  27872442.454   146470695.688        1820.665          40.000                                                                  
R04  21200384.890   113527231.678        1746.527          50.000    21200376.790    88298958.226        1358.479          46.000  
R19  21443590.836   114708747.257        -609.393          40.000    21443585.768    89218163.997        -473.828          45.000  
R18  22343583.381   119271558.633       -2091.854          48.000    22343579.339    92767005.481       -1626.982          43.000  
R03  21865141.899   117045911.076       -2032.034          49.000    21865135.306    91035728.005       -1580.435          46.000  
R16  23468022.868   125361932.422       -4696.010          47.000    23468024.235    97503672.129       -3652.271          46.000  
E02  26243598.156   137911051.643         553.507          44.000    26243598.625   105672097.539         424.094          47.000  
S31  39395369.413   207024110.418        -766.080          44.000  
S33  40388754.869   212244354.583        -765.443          40.000  
E36  25574310.185   134394129.060         -43.492          43.000    25574312.403   102977380.608         -33.172          48.000  
R05  23855806.100   127522953.922        3592.905          46.000    23855807.406    99184502.683        2794.425          43.000  
R20  23983328.428   128249637.700        1222.287          37.000    23983330.072    99749740.003         950.678          38.000  
R09  22137427.834   118212606.337       -2262.910          47.000    22137424.198    91943110.984       -1759.996          46.000  
R10  23464471.732   125078828.722         689.222          41.000                                                                  
G27  21730389.503   114194065.783        1116.222          49.000    21730385.814    88982451.304         869.739          45.000  
E12  28391921.423   149200671.593       -2539.246          40.000    28391918.900   114322648.745       -1945.342          41.000  
E14  29395616.024   154475013.339        -518.269          41.000    29395615.669   118363974.142        -396.873          46.000  
E24  27390086.224   143935878.355       -3752.484          42.000    27390085.364   110288534.164       -2875.378          43.000  
E25  24759821.428   130113795.426       -2087.050          47.000    24759823.046    99697600.128       -1599.118          50.000  
E09  27956315.713   146911476.504        1791.940          42.000    27956319.330   112568569.181        1373.007          45.000  
G21  25703548.018   135073131.113        1700.096          41.000                                                                  
E10  26424499.867   138861982.536       -2262.368          45.000    26424500.187   106400871.030       -1733.484          48.000  
G10  20717378.312   108870699.444        -940.334          50.000    20717374.549    84834405.707        -732.749          46.000  
G18  25174783.515   132294638.752       -3218.104          43.000    25174778.859   103086818.166       -2507.781          41.000  
G08  23776566.427   124946713.571        2270.012          44.000    23776565.125    97361075.305        1768.959          42.000  
E11  24106057.488   126678377.585       -1607.144          45.000    24106052.959    97065363.573       -1231.553          46.000  
G26  22981937.694   120770915.772       -3861.568          43.000    22981935.950    94107204.377       -3008.805          41.000  
> 2024 06 08 04 32 30.0020000  0 31                     
G23  22311285.768   117246743.748       -3310.449          46.000    22311280.141    91361177.083       -2579.519          43.000  
E04  27237274.859   143132947.756         715.009          40.000    27237275.048   109673278.252         547.903          46.000  
G16  21561138.967   113304570.799       -1527.747          46.000                                                                  
G32  24495966.318   128727193.259        2143.341          43.000    24495965.527   100306977.864        1670.398          39.000  
E06  27862054.733   146416112.167        1818.234          40.000                                                                  
R04  21190672.800   113475223.919        1720.561          50.000    21190664.546    88258507.804        1338.071          46.000  
R19  21447030.434   114727142.821        -616.742          41.000    21447023.853    89232471.754        -479.858          44.000  
R18  22355362.620   119334434.649       -2099.981          49.000    22355358.015    92815909.050       -1633.292          43.000  
R03  21876617.578   117107338.581       -2063.187          50.000    21876610.638    91083504.953       -1604.767          47.000  
R16  23494418.182   125502930.817       -4703.792          47.000    23494419.847    97613337.386       -3658.522          48.000  
E02  26240488.084   137894708.341         536.047          44.000    26240488.502   105659574.769         410.750          47.000  
S31  39399758.591   207047175.658        -771.394          45.000  
S33  40393140.098   212267399.533        -770.811          41.000  
E36  25574581.080   134395552.269         -51.499          43.000    25574583.710   102978471.143         -39.411          48.000  
R05  23835658.376   127415257.424        3586.916          47.000    23835660.556    99100738.924        2789.806          43.000  
R20  23976486.578   128213038.2771       1217.562          38.000    23976487.437    99721276.156         947.277          38.000  
R09  22150214.903   118280891.183       -2289.368          47.000    22150211.704    91996221.419       -1780.730          46.000  
R10  23460673.308   125058577.672         660.737          42.000                                                                  
G27  21724054.178   114160775.315        1102.997          49.000    21724050.793    88956510.716         859.472          46.000  
E12  28406425.180   149276888.002       -2542.126          39.000    28406422.578   114381048.340       -1947.958          41.000  
E14  29398579.488   154490585.284        -520.368          42.000    29398579.024   118375905.901        -398.642          46.000  
E24  27411530.928   144048568.439       -3760.035          42.000    27411529.453   110374881.028       -2881.210          42.000  
E25  24771787.420   130176669.661       -2104.650          48.000    24771787.711    99745776.489       -1612.656          50.000  
E09  27946096.751   146857777.119        1787.752          43.000    27946100.765   112527423.078        1369.903          45.000  
G21  25693858.351   135022211.752        1694.819          43.000                                                                  
E10  26437427.495   138929916.508       -2266.674          46.000    26437427.785   106452924.318       -1736.742          48.000  
G10  20722819.375   108899294.795        -966.079          50.000    20722816.200    84856687.826        -752.879          47.000  
G18  25193165.890   132391238.815       -3221.843          44.000    25193161.415   103162090.932       -2510.541          40.000  
G08  23763625.594   124878706.619        2263.710          45.000    23763623.114    97308082.909        1763.798          41.000  
E11  24115249.527   126726685.484       -1613.228          44.000    24115246.041    97102378.748       -1236.094          47.000  
G26  23004019.795   120886959.697       -3874.495          44.000    23004018.563    94197628.165       -3019.061          41.000  
> 2024 06 08 04 33 00.0020000  0 31                     
G23  22330234.272   117346322.922       -3328.316          44.000    22330229.404    91438771.256       -2593.449          44.000  
E04  27233235.139   143111715.696         700.163          41.000    27233234.540   109657009.565         536.532          46.000  
G16  21569933.678   113350784.222       -1553.082          47.000                                                                  
G32  24483754.297   128663017.716        2135.083          44.000    24483752.077   100256971.131        1663.794          38.000  
E06  27851683.868   146361610.839        1815.375          40.000                                                                  
R04  21181107.200   113424004.275        1694.037          50.000    21181099.660    88218670.362        1317.566          46.000  
R19  21450513.265   114745777.196        -625.421          39.000    21450507.796    89246965.184        -486.322          45.000  
R18  22367187.626   119397559.522       -2108.461          49.000    22367183.290    92865006.179       -1639.829          43.000  
R03  21888268.382   117169707.820       -2094.901          49.000    21888262.112    91132014.345       -1629.297          47.000  
R16  23520859.170   125644171.653       -4712.152          47.000    23520860.154    97723191.222       -3665.089          47.000  
E02  26237479.651   137878899.023         517.789          43.000    26237479.909   105647461.148         396.782          47.000  
S31  39404179.060   207070404.395        -777.053          44.000  
S33  40397556.788   212290606.658        -776.456          39.000  
E36  25574900.287   134397226.841         -60.094          44.000    25574902.689   102979754.285         -46.148          49.000  
R05  23815545.181   127307743.429        3580.549          46.000    23815546.881    99017117.106        2784.906          43.000  
R20  23969669.860   128176587.382        1212.402          38.000    23969670.519    99692925.525         943.125          38.000  
R09  22163150.971   118349973.550       -2316.232          47.000    22163148.360    92049952.104       -1801.534          47.000  
R10  23457034.645   125039187.870         631.944          41.000                                                                  
G27  21717795.709   114127888.355        1089.399          48.000    21717792.583    88930884.547         848.752          46.000  
E12  28420947.735   149353204.308       -2545.648          40.000    28420945.076   114439524.466       -1950.584          41.000  
E14  29401557.543   154506234.399        -523.033          42.000    29401557.028   118387896.776        -400.725          46.000  
E24  27433019.793   144161491.184       -3768.164          42.000    27433017.922   110461406.141       -2887.294          42.000  
E25  24783854.602   130240080.829       -2122.833          49.000    24783854.592    99794364.252       -1626.542          50.000  
E09  27935902.662   146804206.939        1783.228          43.000    27935906.128   112486375.974        1366.286          45.000  
G21  25684199.675   134971455.369        1689.023          41.000                                                                  
E10  26450381.167   138997986.454       -2271.500          46.000    26450380.997   106505081.792       -1740.461          48.000  
G10  20728409.235   108928671.129        -992.322          50.000    20728406.262    84879578.478        -773.299          47.000  
G18  25211570.323   132487955.247       -3226.070          43.000    25211565.603   103237454.387       -2513.758          40.000  
G08  23750723.348   124810905.062        2256.495          44.000    23750720.214    97255250.568        1758.202          41.000  
E11  24124477.794   126775184.611       -1619.857          44.000    24124475.529    97139540.446       -1241.239          47.000  
G26  23026176.139   121003394.462       -3887.829          43.000    23026176.155    94288356.498       -3029.504          43.000  
> 2024 06 08 04 33 30.0020000  0 31                     
G23  22349284.058   117446430.243       -3345.542          44.000    22349279.347    91516776.936       -2606.894          44.000  
E04  27229277.156   143090917.561         686.084          41.000    27229276.598   109641073.370         525.774          45.000  
G16  21578870.893   113397750.611       -1578.009          46.000                                                                  
G32  24471589.027   128599086.794        2127.148          45.000    24471586.092   100207155.025        1657.269          39.000  
E06  27841328.772   146307194.792        1812.514          39.000                                                                  
R04  21171690.968   113373578.054        1667.724          50.000    21171682.384    88179449.995        1297.174          46.000  
R19  21454041.680   114764651.537        -633.173          40.000    21454036.417    89261645.212        -492.328          46.000  
R18  22379059.941   119460935.613       -2116.643          49.000    22379056.097    92914298.724       -1646.133          43.000  
R03  21900095.498   117233017.609       -2125.892          49.000    21900088.571    91181255.273       -1653.440          47.000  
R16  23547345.386   125785652.268       -4719.944          48.000    23547345.765    97833231.522       -3670.891          47.000  
E02  26234571.983   137863625.997         500.171          42.000    26234573.623   105635758.477         383.311          47.000  
S31  39408630.380   207093797.074        -782.386          44.000  
S33  40402003.790   212313978.087        -781.802          40.000  
E36  25575266.785   134399153.267         -68.409          44.000    25575269.432   102981230.375         -52.302          49.000  
R05  23795467.162   127200417.052        3574.338          47.000    23795468.208    98933641.224        2780.182          42.000  
R20  23962880.910   128140283.414        1207.828          38.000    23962880.706    99664689.224         938.868          37.000  
R09  22176236.967   118419852.063       -2342.365          47.000    22176234.518    92104301.998       -1821.699          46.000  
R10  23453559.113   125020662.456         603.154          41.000                                                                  
G27  21711615.114   114095408.353        1075.994          48.000    21711611.683    88905575.466         838.429          46.000  
E12  28435489.745   149429621.923       -2548.848          39.000    28435486.967   114498078.203       -1952.895          41.000  
E14  29404550.548   154521962.950        -525.538          42.000    29404550.142   118399948.524        -402.700          46.000  
E24  27454552.089   144274646.009       -3775.427          42.000    27454550.576   110548109.109       -2892.855          42.000  
E25  24796023.913   130304029.071       -2140.411          49.000    24796023.411    99843363.553       -1640.076          50.000  
E09  27925734.207   146750769.189        1779.111          43.000    27925737.027   112445430.329        1363.260          45.000  
G21  25674572.082   134920862.531        1683.758          41.000                                                                  
E10  26463360.025   139066193.448       -2275.667          46.000    26463360.303   106557344.286       -1743.696          48.000  
G10  20734148.161   108958828.769       -1018.253          49.000    20734145.138    84903077.932        -793.436          47.000  
G18  25229997.356   132584789.138       -3229.675          43.000    25229993.145   103312909.363       -2516.550          41.000  
G08  23737860.230   124743312.029        2249.438          44.000    23737858.093    97202580.733        1752.945          41.000  
E11  24133743.350   126823875.723       -1625.956          44.000    24133741.285    97176849.216       -1245.864          47.000  
G26  23048407.600   121120218.289       -3900.512          44.000    23048407.714    94379387.953       -3039.297          43.000  
> 2024 06 08 04 34 00.0020000  0 31                     
G23  22368431.571   117547052.103       -3362.644          43.000    22368426.959    91595183.554       -2620.338          43.000  
E04  27225401.027   143070544.384         671.713          42.000    27225399.544   109625462.796         514.682          45.000  
G16  21587949.700   113445458.052       -1602.789          46.000                                                                  
G32  24459468.112   128535392.936        2119.043          45.000    24459465.827   100157523.632        1651.227          40.000  
E06  27830987.304   146252855.189        1809.782          38.000                                                                  
R04  21162419.993   113323937.870        1641.454          50.000    21162412.936    88140840.994        1276.696          47.000  
R19  21457613.150   114783755.618        -640.637          41.000    21457607.746    89276503.966        -498.169          46.000  
R18  22390977.430   119524552.654       -2124.773          49.000    22390973.763    92963778.670       -1652.533          44.000  
R03  21912095.573   117297256.211       -2156.815          50.000    21912088.631    91231218.622       -1677.518          47.000  
R16  23573872.914   125927356.976       -4727.295          49.000    23573872.900    97943446.173       -3676.638          47.000  
E02  26231765.125   137848879.604         482.427          41.000    26231767.694   105624459.340         369.687          48.000  
S31  39413111.031   207117343.126        -787.416          45.000  
S33  40406480.439   212337503.539        -787.027          41.000  
E36  25575678.188   134401319.999         -76.286          44.000    25575681.735   102982890.638         -58.482          50.000  
R05  23775423.086   127093271.961        3568.272          46.000    23775423.518    98850306.410        2775.061          41.000  
R20  23956117.529   128104115.009        1203.406          37.000    23956116.414    99636558.277         935.872          36.000  
R09  22189469.720   118490512.413       -2368.596          47.000    22189466.784    92159260.012       -1842.187          46.000  
R10  23450245.258   125002991.306         574.819          42.000                                                                  
G27  21705510.519   114063326.791        1062.504          49.000    21705507.020    88880576.862         828.010          46.000  
E12  28450049.290   149506130.144       -2551.752          39.000    28450046.051   114556701.387       -1955.221          41.000  
E14  29407556.764   154537761.018        -527.719          41.000    29407556.628   118412053.532        -404.465          47.000  
E24  27476126.848   144388020.352       -3782.855          42.000    27476125.018   110634980.249       -2898.681          42.000  
E25  24808292.513   130368502.500       -2157.980          47.000    24808292.397    99892765.274       -1653.590          50.000  
E09  27915588.238   146697455.072        1774.905          42.000    27915591.632   112404579.434        1359.919          46.000  
G21  25664973.612   134870422.613        1678.466          40.000                                                                  
E10  26476363.624   139134526.568       -2280.112          45.000    26476363.453   106609703.445       -1747.049          48.000  
G10  20740033.547   108989755.942       -1043.814          50.000    20740029.974    84927177.031        -813.431          46.000  
G18  25248444.715   132681729.555       -3233.456          44.000    25248440.089   103388447.348       -2519.438          41.000  
G08  23725036.456   124675918.610        2242.917          45.000    23725033.761    97150066.449        1747.852          41.000  
E11  24143044.239   126872747.458       -1632.085          45.000    24143041.074    97214296.388       -1250.485          47.000  
G26  23070710.875   121237417.336       -3913.188          46.000    23070710.511    94470711.796       -3049.051          44.000  
> 2024 06 08 04 34 30.0020000  0 31                     
G23  22387673.329   117648165.273       -3378.130          43.000    22387667.966    91673972.997       -2632.463          43.000  
E04  27221601.520   143050577.359         659.238          42.000    27221600.133   109610163.427         505.023          45.000  
G16  21597164.411   113493884.851       -1625.925          45.000                                                                  
G32  24447388.920   128471918.823        2112.512          45.000    24447387.858   100108063.490        1646.167          41.000  
E06  27820658.995   146198573.399        1808.811          39.000                                                                  
R04  21153293.367   113275067.096        1616.600          49.000    21153285.932    88102830.420        1257.317          46.000  
R19  21461223.834   114803068.762        -646.826          40.000    21461217.945    89291525.338        -503.040          45.000  
R18  22402936.259   119588390.661       -2131.340          48.000    22402932.594    93013430.493       -1657.631          45.000  
R03  21924265.234   117362401.078       -2186.188          49.000    21924258.236    91281886.846       -1700.350          47.000  
R16  23600437.141   126069260.449       -4732.981          49.000    23600437.740    98053815.386       -3681.204          47.000  
E02  26229056.263   137834640.398         466.776          42.000    26229058.231   105613548.830         357.494          48.000  
S31  39417616.875   207141022.242        -791.005          45.000  
S33  40410981.970   212361161.154        -790.200          40.000  
E36  25576132.852   134403705.876         -82.681          44.000    25576135.661   102984718.811         -63.460          49.000  
R05  23755411.016   126986290.913        3563.572          47.000    23755409.917    98767099.157        2771.796          42.000  
R20  23949373.569   128068060.135        1200.385          34.000    23949374.212    99608515.687         933.414          37.000  
R09  22202845.088   118561930.727       -2392.946          48.000    22202840.602    92214807.562       -1861.152          46.000  
R10  23447086.681   124986154.730         547.676          42.000                                                                  
G27  21699478.407   114031625.362        1050.717          49.000    21699474.441    88855874.499         818.551          46.000  
E12  28464621.562   149582708.654       -2553.599          39.000    28464618.142   114615378.466       -1956.872          40.000  
E14  29410572.269   154553608.985        -528.957          41.000    29410572.270   118424196.775        -405.263          46.000  
E24  27497739.124   144501591.846       -3788.655          42.000    27497737.309   110722002.473       -2903.140          43.000  
E25  24820657.312   130433479.484       -2173.873          47.000    24820657.120    99942552.844       -1665.812          51.000  
E09  27905462.079   146644246.033        1772.088          41.000    27905466.263   112363809.060        1357.777          46.000  
G21  25655400.864   134820114.565        1675.310          41.000                                                                  
E10  26489387.096   139202965.091       -2282.771          45.000    26489386.993   106662143.378       -1749.056          48.000  
G10  20746061.523   109021431.245       -1067.898          49.000    20746057.403    84951859.099        -832.186          46.000  
G18  25266907.842   132778755.907       -3235.261          43.000    25266903.454   103464052.315       -2521.032          40.000  
G08  23712246.314   124608706.188        2237.867          45.000    23712243.701    97097693.189        1743.537          42.000  
E11  24152375.231   126921778.795       -1636.548          45.000    24152371.299    97251865.887       -1253.998          47.000  
G26  23093080.230   121354967.999       -3923.903          46.000    23093079.830    94562309.663       -3057.601          44.000  
> 2024 06 08 04 35 00.0020000  0 31                     
G23  22406996.395   117749706.147       -3391.188          44.000    22406990.301    91753095.755       -2642.635          43.000  
E04  27217867.630   143030957.370         648.676          42.000    27217866.521   109595129.963         497.191          46.000  
G16  21606503.804   113542969.278       -1646.347          45.000                                                                  
G32  24435340.551   128408606.815        2108.307          45.000    24435339.635   100058729.641        1642.883          41.000  
E06  27810328.883   146144290.495        1810.108          38.000                                                                  
R04  21144300.519   113226907.216        1594.134          51.000    21144292.602    88065372.775        1239.843          47.000  
R19  21464861.065   114822529.331        -650.555          39.000    21464855.010    89306661.386        -505.841          44.000  
R18  22414924.925   119652388.648       -2135.293          48.000    22414922.380    93063206.701       -1660.739          46.000  
R03  21936592.177   117428388.475       -2213.004          50.000    21936585.451    91333210.380       -1721.174          47.000  
R16  23627027.132   126211296.633       -4736.136          48.000    23627027.243    98164287.835       -3683.687          46.000  
E02  26226432.953   137820848.578         452.727          43.000    26226433.554   105602981.108         347.103          48.000  
S31  39422136.824   207164773.129        -792.358          45.000  
S33  40415497.577   212384890.401        -791.516          40.000  
E36  25576617.828   134406249.267         -86.754          45.000    25576619.362   102986667.661         -66.411          49.000  
R05  23735417.530   126879416.520        3561.347          46.000    23735416.291    98683974.905        2770.039          42.000  
R20  23942638.541   128032055.904        1200.644          35.000    23942640.913    99580512.459         933.472          37.000  
R09  22216349.324   118634042.085       -2414.589          48.000    22216343.895    92270894.125       -1878.014          44.000  
R10  23444072.619   124970093.079         523.208          41.000                                                                  
G27  21693507.235   114000245.479        1041.244          49.000    21693503.299    88831422.654         811.416          46.000  
E12  28479195.055   149659296.689       -2552.445          38.000    28479192.182   114674062.789       -1955.700          40.000  
E14  29413585.543   154569446.858        -527.059          40.000    29413585.970   118436332.277        -403.960          46.000  
E24  27519376.235   144615297.833       -3791.892          41.000    27519374.903   110809127.718       -2905.301          43.000  
E25  24833106.531   130498898.038       -2187.432          47.000    24833105.716    99992678.761       -1676.030          50.000  
E09  27895344.683   146591083.201        1771.827          41.000    27895349.317   112323074.090        1357.653          46.000  
G21  25645841.701   134769877.579        1674.043          43.000                                                                  
E10  26502418.858   139271447.964       -2282.913          45.000    26502418.762   106714617.299       -1749.257          48.000  
G10  20752219.186   109053792.727       -1089.498          49.000    20752215.306    84977075.854        -848.957          46.000  
G18  25285375.948   132875807.203       -3235.107          43.000    25285371.954   103539676.687       -2520.611          40.000  
G08  23699479.062   124541615.774        2234.889          44.000    23699477.027    97045415.008        1741.404          42.000  
E11  24161724.441   126970908.303       -1638.566          45.000    24161719.958    97289510.603       -1255.475          47.000  
G26  23115504.303   121472806.411       -3932.201          46.000    23115503.868    94654131.711       -3063.916          44.000  
> 2024 06 08 04 35 30.0020000  0 31                     
G23  22426386.329   117851599.673       -3402.024          45.000    22426379.795    91832493.308       -2650.903          43.000  
E04  27214186.226   143011613.875         640.276          41.000    27214185.634   109580308.365         490.715          46.000  
G16  21615956.496   113592638.554       -1665.040          46.000                                                                  
G32  24423310.201   128345387.921        2106.091          45.000    24423309.260   100009468.348        1640.887          41.000  
E06  27799985.115   146089936.123        1813.250          38.000                                                                  
R04  21135426.831   113179388.649        1573.547          51.000    21135419.659    88028413.950        1223.894          48.000  
R19  21468511.954   114842064.300        -652.246          39.000    21468507.253    89321855.262        -507.184          45.000  
R18  22426930.469   119716474.110       -2137.466          48.000    22426928.204    93113050.945       -1662.231          47.000  
R03  21949062.576   117495143.102       -2237.599          50.000    21949055.416    91385130.652       -1740.259          47.000  
R16  23653627.097   126353387.853       -4737.031          48.000    23653626.644    98274803.069       -3684.341          44.000  
E02  26223881.127   137807432.979         441.241          45.000    26223880.503   105592701.662         338.046          48.000  
S31  39426656.416   207188524.097        -791.325          45.000  
S33  40420013.120   212408619.908        -790.782          40.000  
E36  25577118.889   134408877.221         -88.833          46.000    25577119.190   102988681.315         -67.916          49.000  
R05  23715432.260   126772579.586        3560.842          47.000    23715429.887    98600879.775        2769.662          41.000  
R20  23935902.615   127996028.535        1201.305          38.000    23935903.732    99552491.227         934.769          36.000  
R09  22229968.547   118706769.747       -2434.144          48.000    22229962.421    92327460.089       -1893.572          43.000  
R10  23441191.463   124954733.508         500.538          41.000                                                                  
G27  21687583.890   113969117.124        1033.780          50.000    21687579.807    88807166.820         805.574          46.000  
E12  28493757.402   149735822.088       -2549.409          38.000    28493754.855   114732699.134       -1953.634          40.000  
E14  29416583.908   154585203.535        -523.723          39.000    29416584.360   118448405.555        -401.121          46.000  
E24  27541025.127   144729064.258       -3792.812          41.000    27541024.288   110896299.295       -2906.161          43.000  
E25  24845623.386   130564684.784       -2198.673          46.000    24845624.303   100043086.808       -1684.751          50.000  
E09  27885224.480   146537896.358        1773.743          41.000    27885227.829   112282320.724        1358.874          46.000  
G21  25636281.780   134719638.660        1674.955          43.000                                                                  
E10  26515445.663   139339902.737       -2281.011          45.000    26515445.432   106767069.673       -1747.867          48.000  
G10  20758493.838   109086767.199       -1108.974          49.000    20758489.964    85002770.276        -864.036          46.000  
G18  25303835.449   132972811.107       -3232.247          43.000    25303831.094   103615264.131       -2518.579          40.000  
G08  23686721.932   124474577.075        2233.833          44.000    23686719.684    96993177.111        1740.819          42.000  
E11  24171077.622   127020063.260       -1638.475          45.000    24171073.568    97327174.824       -1255.483          46.000  
G26  23137968.829   121590857.277       -3938.266          46.000    23137968.047    94746119.335       -3069.035          44.000  
> 2024 06 08 04 36 00.0020000  0 31                     
G23  22445832.914   117953792.164       -3410.954          45.000    22445826.822    91912123.839       -2657.777          42.000  
E04  27210548.059   142992497.648         633.887          39.000    27210548.117   109565660.886         485.867          46.000  
G16  21625509.797   113642840.127       -1681.664          45.000                                                                  
G32  24411288.683   128282214.393        2105.487          44.000    24411288.000    99960242.387        1640.674          41.000  
E06  27789620.699   146035461.334        1818.351          38.000                                                                  
R04  21126664.521   113132463.238        1554.779          49.000    21126656.020    87991916.462        1209.357          47.000  
R19  21472168.709   114861621.4083       -651.819          37.000    21472163.606    89337066.750        -506.995          46.000  
R18  22438942.265   119780596.419       -2137.494          43.000    22438940.376    93162923.854       -1662.659          47.000  
R03  21961666.193   117562611.174       -2260.397          47.000    21961658.970    91437605.829       -1758.014          46.000  
R16  23680226.285   126495477.809       -4735.718          45.000    23680226.892    98385317.308       -3683.367          45.000  
E02  26221390.899   137794343.713         431.377          44.000    26221389.684   105582672.239         330.455          48.000  
S31  39431166.281   207212223.690        -788.690          44.000  
S33  40424518.893   212432298.186        -787.908          40.000  
E36  25577624.914   134411538.039         -88.701          45.000    25577625.219   102990720.168         -67.974          48.000  
R05  23695444.056   126665732.209        3562.127          44.000    23695441.908    98517776.507        2770.517          41.000  
R20  23929154.626   127959945.4933       1205.152          35.000    23929151.998    99524411.954         937.225          37.000  
R09  22243693.344   118780059.070       -2451.896          44.000    22243687.111    92384462.855       -1907.094          43.000  
R10  23438433.703   124940026.385         479.970          39.000                                                                  
G27  21681698.693   113938191.619        1027.943          49.000    21681694.627    88783069.048         801.019          46.000  
E12  28508298.179   149812234.177       -2544.914          37.000    28508295.783   114791248.629       -1949.795          39.000  
E14  29419556.985   154600828.808        -518.284          38.000    29419557.707   118460378.166        -397.132          45.000  
E24  27562675.874   144842838.386       -3792.168          40.000    27562674.946   110983476.752       -2905.620          43.000  
E25  24858200.598   130630787.697       -2208.108          44.000    24858203.023   100093737.074       -1692.015          50.000  
E09  27875089.442   146484636.567        1777.030          40.000    27875092.893   112241511.455        1361.570          46.000  
G21  25626710.542   134669347.002        1677.657          42.000                                                                  
E10  26528457.093   139408278.338       -2277.393          44.000    26528456.982   106819461.362       -1744.941          47.000  
G10  20764875.132   109120302.671       -1126.766          48.000    20764871.592    85028901.850        -878.235          45.000  
G18  25322276.533   133069716.512       -3228.208          43.000    25322271.668   103690774.842       -2515.712          39.000  
G08  23673964.896   124407541.005        2234.929          44.000    23673962.989    96940941.317        1741.519          42.000  
E11  24180425.951   127069192.268       -1636.599          43.000    24180422.381    97364819.155       -1253.989          46.000  
G26  23160462.940   121709066.606       -3942.411          44.000    23160462.156    94838230.414       -3072.041          42.000  
> 2024 06 08 04 36 30.0020000  0 31                     
G23  22465328.931   118056244.420       -3419.388          46.000    22465323.103    91991956.748       -2664.417          44.000  
E04  27206946.581   142973574.024         627.656          41.000    27206947.165   109551160.992         480.803          46.000  
G16  21635157.087   113693536.807       -1698.104          46.000                                                                  
G32  24399269.535   128219053.099        2105.176          45.000    24399268.841    99911025.971        1640.405          42.000  
E06  27779225.296   145980831.597        1823.413          40.000                                                                  
R04  21118005.408   113086097.875        1536.144          51.000    21117997.902    87955854.583        1194.824          47.000  
R19  21475823.024   114881164.5321       -651.154          41.000    21475817.717    89352267.372        -506.531          46.000  
R18  22450954.516   119844719.302       -2137.501          47.000    22450953.454    93212797.208       -1662.552          47.000  
R03  21974396.345   117630753.884       -2282.628          51.000    21974388.741    91490605.738       -1775.348          47.000  
R16  23706818.188   126637525.463       -4734.206          48.000    23706817.834    98495798.676       -3682.074          45.000  
E02  26218955.311   137781545.408         421.775          46.000    26218954.028   105572865.750         323.058          48.000  
S31  39435659.512   207235836.237        -785.599          45.000  
S33  40429007.926   212455889.035        -785.036          40.000  
E36  25578129.679   134414194.666         -88.463          45.000    25578130.526   102992755.808         -67.793          48.000  
R05  23675447.493   126558841.530        3563.789          46.000    23675445.189    98434639.554        2771.802          42.000  
R20  23922382.717   127923727.386        1209.017          39.000    23922377.909    99496244.015         940.541          35.000  
R09  22257516.370   118853869.583       -2469.048          48.000    22257510.459    92441871.034       -1920.454          45.000  
R10  23435788.761   124925935.793         459.173          41.000                                                                  
G27  21675845.890   113907434.810        1022.377          50.000    21675841.867    88759102.714         796.682          46.000  
E12  28522810.642   149888496.658       -2539.504          38.000    28522807.836   114849683.540       -1945.864          40.000  
E14  29422498.589   154616287.297        -512.631          40.000    29422499.239   118472222.974        -392.652          45.000  
E24  27584320.673   144956581.989       -3790.917          41.000    27584319.530   111070630.858       -2904.713          43.000  
E25  24870833.652   130697169.221       -2217.438          46.000    24870835.084   100144600.801       -1699.018          50.000  
E09  27864934.020   146431269.442        1780.587          41.000    27864937.078   112200619.940        1364.427          46.000  
G21  25617123.237   134618966.221        1680.773          42.000                                                                  
E10  26541446.209   139476538.274       -2273.327          45.000    26541446.548   106871764.418       -1742.028          48.000  
G10  20771356.344   109154361.660       -1144.089          49.000    20771352.942    85055441.321        -891.457          46.000  
G18  25340691.047   133166487.023       -3223.621          43.000    25340686.555   103766180.428       -2511.546          40.000  
G08  23661202.571   124340473.179        2236.345          44.000    23661200.160    96888680.740        1742.342          42.000  
E11  24189762.711   127118258.442       -1634.276          44.000    24189759.828    97402415.340       -1252.321          47.000  
G26  23182979.617   121827394.952       -3946.179          44.000    23182978.907    94930434.240       -3075.135          42.000  
> 2024 06 08 04 37 00.0020000  0 31                     
G23  22484871.722   118158940.961       -3427.490          46.000    22484866.015    92071980.024       -2670.831          44.000  
E04  27203380.361   142954831.974         621.419          41.000    27203380.570   109536800.219         476.174          46.000  
G16  21644895.872   113744714.295       -1714.004          45.000                                                                  
G32  24387251.516   128155894.506        2105.060          45.000    24387250.570    99861811.664        1640.375          42.000  
E06  27768797.423   145926036.058        1829.144          40.000                                                                  
R04  21109449.024   113040283.421        1517.631          50.000    21109441.304    87920221.153        1180.506          47.000  
R19  21479471.133   114900681.851        -650.348          41.000    21479466.162    89367447.521        -505.835          45.000  
R18  22462964.591   119908830.808       -2137.197          48.000    22462963.158    93262661.693       -1662.108          47.000  
R03  21987248.890   117699556.775       -2304.675          50.000    21987241.396    91544119.095       -1792.448          46.000  
R16  23733399.824   126779513.484       -4732.030          48.000    23733399.769    98606233.673       -3680.450          47.000  
E02  26216572.350   137769026.304         412.378          45.000    26216571.861   105563273.186         315.991          48.000  
S31  39440133.574   207259348.355        -782.295          45.000  
S33  40433477.897   212479379.070        -781.542          40.000  
E36  25578630.970   134416833.608         -87.964          44.000    25578632.662   102994777.899         -67.342          48.000  
R05  23655440.854   126451898.957        3565.246          45.000    23655440.198    98351462.251        2772.849          43.000  
R20  23915585.806   127887385.011        1213.320          39.000    23915581.697    99467977.876         943.865          36.000  
R09  22271432.958   118928185.140       -2485.701          46.000    22271428.063    92499672.007       -1933.336          46.000  
R10  23433258.444   124912449.042         439.082          41.000                                                                  
G27  21670023.131   113876836.188        1017.018          50.000    21670019.055    88735259.637         792.493          46.000  
E12  28537291.816   149964596.948       -2533.981          37.000    28537289.256   114907994.180       -1942.055          39.000  
E14  29425406.100   154631567.216        -506.537          41.000    29425406.759   118483930.972        -388.301          45.000  
E24  27605955.713   145070280.496       -3789.390          40.000    27605955.855   111157750.410       -2903.810          43.000  
E25  24883517.223   130763815.350       -2226.262          46.000    24883517.496   100195667.290       -1705.769          50.000  
E09  27854755.642   146377784.171        1784.733          41.000    27854758.739   112159637.924        1367.366          46.000  
G21  25607516.580   134568483.153        1684.299          41.000                                                                  
E10  26554411.220   139544669.629       -2269.192          44.000    26554411.352   106923968.957       -1738.755          47.000  
G10  20777935.049   109188930.266       -1161.121          49.000    20777931.468    85082377.910        -904.722          46.000  
G18  25359077.429   133263109.759       -3218.442          43.000    25359073.037   103841470.860       -2507.508          39.000  
G08  23648432.319   124273362.757        2237.575          45.000    23648429.025    96836386.960        1743.582          41.000  
E11  24199085.827   127167248.437       -1632.092          44.000    24199082.650    97439953.129       -1250.450          47.000  
G26  23205516.522   121945826.529       -3949.712          45.000    23205515.623    95022718.474       -3077.631          42.000  
> 2024 06 08 04 37 30.0020000  0 31                     
G23  22504459.014   118261870.717       -3434.847          44.000    22504453.161    92152185.022       -2676.536          44.000  
E04  27199847.682   142936264.849         615.976          39.000    27199847.048   109522573.479         472.148          45.000  
G16  21654724.090   113796363.239       -1729.499          42.000                                                                  
G32  24375232.260   128092733.526        2105.371          42.000    24375231.499    99812595.501        1640.442          42.000  
E06  27758337.303   145871068.386        1835.260          38.000                                                                  
R04  21100995.080   112995014.713        1499.872          47.000    21100987.606    87885012.178        1166.577          47.000  
R19  21483112.750   114920164.633        -648.999          36.000    21483106.997    89382600.833        -504.645          43.000  
R18  22474972.162   119972923.284       -2136.049          44.000    22474969.676    93312511.396       -1661.313          47.000  
R03  22000223.090   117769009.255       -2325.820          46.000    22000216.326    91598137.728       -1809.004          47.000  
R16  23759966.342   126921429.223       -4729.414          45.000    23759966.054    98716612.389       -3678.165          46.000  
E02  26214240.353   137756779.066         403.735          41.000    26214241.329   105553888.943         309.448          47.000  
S31  39444587.104   207282751.538        -778.156          42.000  
S33  40437927.428   212502760.945        -777.589          38.000  
E36  25579128.219   134419445.837         -86.602          41.000    25579129.714   102996779.511         -66.342          47.000  
R05  23635425.003   126344900.048        3567.655          42.000    23635423.717    98268241.127        2774.976          43.000  
R20  23908762.783   127850904.0221       1218.108          34.000    23908760.476    99439606.195         947.397          36.000  
R09  22285440.594   119002994.406       -2501.903          40.000    22285437.609    92557856.936       -1945.813          46.000  
R10  23430842.438   124899559.891         419.570          39.000                                                                  
G27  21664229.180   113846389.701        1012.397          47.000    21664225.213    88711535.123         788.771          46.000  
E12  28551740.800   150040526.901       -2528.090          35.000    28551738.065   114966174.248       -1937.004          38.000  
E14  29428278.443   154646661.107        -500.051          38.000    29428278.661   118495496.414        -383.125          43.000  
E24  27627580.720   145183923.792       -3787.307          37.000    27627581.599   111244827.643       -2902.049          43.000  
E25  24896248.954   130830716.581       -2234.218          44.000    24896248.483   100246929.273       -1711.944          50.000  
E09  27844553.961   146324174.505        1788.864          39.000    27844557.168   112118560.557        1370.887          46.000  
G21  25597888.163   134517889.103        1688.512          38.000                                                                  
E10  26567350.201   139612663.957       -2264.229          41.000    26567350.084   106976068.519       -1734.984          47.000  
G10  20784608.388   109223999.065       -1177.334          46.000    20784604.883    85109704.259        -917.353          46.000  
G18  25377434.292   133359576.302       -3212.958          39.000    25377430.051   103916639.619       -2503.225          39.000  
G08  23635652.009   124206203.360        2239.344          42.000    23635649.158    96784055.016        1744.861          42.000  
E11  24208392.633   127216153.500       -1628.786          42.000    24208389.115    97477425.841       -1248.049          47.000  
G26  23228071.179   122064349.899       -3952.329          42.000    23228069.835    95115074.261       -3079.701          42.000  
> 2024 06 08 04 38 00.0030000  0 31                     
G23  22524089.247   118365029.813       -3442.609          47.000    22524083.454    92232568.721       -2682.462          44.000  
E04  27196347.420   142917869.220         609.925          42.000    27196346.321   109508478.167         467.442          46.000  
G16  21664640.654   113848479.594       -1745.142          45.000                                                                  
G32  24363211.924   128029566.818        2105.322          45.000    24363210.423    99763374.861        1640.471          40.000  
E06  27747844.390   145815924.146        1840.656          40.000                                                                  
R04  21092643.577   112950289.657        1481.474          51.000    21092635.907    87850226.044        1152.243          48.000  
R19  21486748.041   114939609.345        -647.952          40.000    21486740.522    89397724.533        -503.606          43.000  
R18  22486974.803   120036995.263       -2135.512          48.000    22486972.398    93362345.163       -1661.126          47.000  
R03  22013317.570   117839107.102       -2347.515          49.000    22013311.098    91652658.283       -1825.725          47.000  
R16  23786519.378   127063268.341       -4726.566          49.000    23786520.127    98826931.555       -3676.189          47.000  
E02  26211960.148   137744799.838         394.612          43.000    26211962.044   105544710.070         302.310          48.000  
S31  39449019.075   207306042.343        -774.608          44.000  
S33  40442355.238   212526030.430        -774.159          40.000  
E36  25579619.068   134422026.239         -85.676          44.000    25579621.014   102998756.724         -65.664          48.000  
R05  23615397.201   126237841.293        3569.171          47.000    23615395.585    98184973.441        2775.962          43.000  
R20  23901914.669   127814283.759        1222.695          38.000    23901911.425    99411123.850         950.935          35.000  
R09  22299540.551   119078291.485       -2518.233          45.000    22299538.209    92616421.266       -1958.638          46.000  
R10  23428534.836   124887263.976         399.796          40.000                                                                  
G27  21658463.293   113816092.087        1007.190          49.000    21658459.505    88687926.608         784.735          46.000  
E12  28566156.540   150116284.787       -2522.637          37.000    28566154.203   115024222.515       -1932.713          39.000  
E14  29431114.706   154661565.961        -494.046          41.000    29431114.869   118506917.023        -378.389          44.000  
E24  27649194.925   145297509.331       -3784.953          39.000    27649196.805   111331860.649       -2900.562          43.000  
E25  24909027.051   130897869.486       -2242.740          46.000    24909027.424   100298384.103       -1718.523          51.000  
E09  27834327.973   146270436.105        1793.200          42.000    27834331.023   112077384.580        1373.963          46.000  
G21  25588238.515   134467177.874        1692.033          41.000                                                                  
E10  26580262.272   139680518.844       -2259.622          44.000    26580262.500   107028061.240       -1731.389          47.000  
G10  20791376.143   109259563.587       -1193.838          48.000    20791372.551    85137416.883        -930.308          46.000  
G18  25395760.968   133455885.322       -3207.606          41.000    25395757.548   103991685.623       -2499.811          39.000  
G08  23622861.561   124138990.180        2240.886          44.000    23622859.179    96731681.178        1746.191          42.000  
E11  24217682.276   127264970.227       -1626.019          44.000    24217678.690    97514830.875       -1245.883          47.000  
G26  23250642.190   122182961.500       -3955.295          45.000    23250641.384    95207498.812       -3082.159          42.000  
> 2024 06 08 04 38 30.0030000  0 31                     
G23  22543762.316   118468411.789       -3449.728          47.000    22543756.472    92313126.116       -2688.012          44.000  
E04  27192881.232   142899651.144         604.468          43.000    27192879.640   109494518.931         462.984          46.000  
G16  21674647.683   113901062.125       -1760.565          46.000                                                                  
G32  24351192.410   127966405.073        2105.316          45.000    24351190.171    99714158.086        1640.454          39.000  
E06  27737318.061   145760612.194        1846.639          41.000                                                                  
R04  21084395.719   112906117.821        1463.241          53.000    21084387.901    87815870.229        1138.019          49.000  
R19  21490376.171   114959018.652        -646.324          41.000    21490369.505    89412820.720        -502.636          44.000  
R18  22498973.899   120101046.674       -2134.712          48.000    22498971.301    93412162.926       -1660.320          47.000  
R03  22026531.917   117909847.510       -2368.663          49.000    22026525.803    91707678.623       -1842.357          47.000  
R16  23813056.656   127205020.411       -4723.700          50.000    23813055.585    98937183.040       -3673.799          46.000  
E02  26209733.312   137733093.614         385.590          43.000    26209734.379   105535740.354         295.525          48.000  
S31  39453430.310   207329223.104        -770.936          44.000  
S33  40446762.235   212549189.150        -769.830          40.000  
E36  25580104.609   134424577.095         -84.439          44.000    25580106.531   103000711.313         -64.792          48.000  
R05  23595361.756   126130736.960        3571.077          47.000    23595359.324    98101670.320        2777.433          44.000  
R20  23895039.091   127777519.7211       1227.871          37.000    23895037.279    99382535.101         954.470          36.000  
R09  22313732.652   119154071.560       -2533.937          47.000    22313728.606    92675361.281       -1970.909          44.000  
R10  23426339.128   124875566.808         379.937          40.000                                                                  
G27  21652727.434   113785950.839        1002.246          49.000    21652724.069    88664439.927         780.945          46.000  
E12  28580539.556   150191868.860       -2516.369          36.000    28580537.431   115082137.591       -1928.171          38.000  
E14  29433915.793   154676284.888        -487.442          42.000    29433915.811   118518195.173        -373.555          44.000  
E24  27670797.910   145411030.995       -3782.826          39.000    27670799.274   111418844.654       -2898.525          43.000  
E25  24921852.084   130965271.605       -2250.837          45.000    24921853.744   100350029.880       -1724.677          51.000  
E09  27824078.644   146216577.794        1797.425          42.000    27824081.963   112036116.721        1377.178          46.000  
G21  25578566.933   134416355.801        1696.412          40.000                                                                  
E10  26593147.601   139748232.902       -2254.831          43.000    26593148.007   107079946.049       -1727.694          48.000  
G10  20798237.609   109295623.518       -1210.268          47.000    20798234.351    85165515.540        -943.062          46.000  
G18  25414057.547   133552033.525       -3202.145          42.000    25414053.388   104066606.285       -2495.211          39.000  
G08  23610063.135   124071732.903        2243.009          44.000    23610060.205    96679272.989        1747.517          42.000  
E11  24226954.311   127313698.098       -1622.809          44.000    24226951.132    97552167.832       -1243.577          47.000  
G26  23273228.604   122301653.574       -3957.582          44.000    23273227.680    95299986.064       -3084.196          41.000  
> 2024 06 08 04 39 00.0030000  0 31                     
G23  22563477.673   118572017.365       -3457.353          47.000    22563471.924    92393857.747       -2694.252          44.000  
E04  27189448.363   142881611.793         598.194          43.000    27189446.668   109480696.605         458.333          46.000  
G16  21684743.435   113954111.528       -1776.282          47.000                                                                  
G32  24339174.416   127903249.504        2104.833          46.000    24339171.724    99664946.112        1640.187          39.000  
E06  27726760.756   145705132.702        1851.777          41.000                                                                  
R04  21076250.778   112862502.126        1444.383          52.000    21076242.867    87781946.952        1123.349          49.000  
R19  21493998.720   114978393.583        -645.397          41.000    21493992.913    89427890.169        -502.039          45.000  
R18  22510969.534   120165080.599       -2134.429          49.000    22510967.222    93461967.075       -1660.096          47.000  
R03  22039867.331   117981230.788       -2390.265          49.000    22039860.631    91763198.947       -1859.182          47.000  
R16  23839575.906   127346686.173       -4720.813          48.000    23839576.627    99047367.358       -3671.704          47.000  
E02  26207558.570   137721661.007         376.368          44.000    26207558.674   105526980.322         288.365          48.000  
S31  39457820.412   207352294.102        -767.470          45.000  
S33  40451148.162   212572238.289        -766.309          41.000  
E36  25580584.458   134427097.885         -83.780          45.000    25580586.020   103002642.871         -64.191          48.000  
R05  23575317.847   126023587.871        3572.086          48.000    23575314.224    98018332.388        2778.326          43.000  
R20  23888139.395   127740624.796        1231.578          37.000    23888138.313    99353839.117         958.015          37.000  
R09  22328015.741   119230333.964       -2550.184          48.000    22328009.328    92734676.467       -1983.500          44.000  
R10  23424257.532   124864468.985         359.698          41.000                                                                  
G27  21647021.564   113755967.317         996.509          49.000    21647018.459    88641076.156         776.508          47.000  
E12  28594890.582   150267281.880       -2511.115          37.000    28594887.886   115139921.611       -1924.114          38.000  
E14  29436681.852   154690819.345        -481.589          42.000    29436681.525   118529331.955        -368.839          44.000  
E24  27692389.271   145524490.775       -3781.046          40.000    27692389.827   111505781.290       -2897.413          43.000  
E25  24934724.870   131032924.037       -2259.433          45.000    24934727.573   100401867.462       -1731.318          51.000  
E09  27813806.439   146162599.946        1800.835          42.000    27813810.006   111994757.230        1379.988          46.000  
G21  25568874.649   134365421.131        1699.521          40.000                                                                  
E10  26606006.918   139815808.306       -2250.321          44.000    26606007.313   107131724.628       -1724.404          48.000  
G10  20805193.335   109332178.920       -1226.843          47.000    20805190.687    85194000.280        -955.975          46.000  
G18  25432324.038   133648024.115       -3197.109          41.000    25432319.484   104141404.185       -2491.345          38.000  
G08  23597255.528   124004431.436        2243.886          44.000    23597253.439    96626830.372        1748.501          42.000  
E11  24236209.895   127362338.379       -1620.120          44.000    24236206.772    97589437.683       -1241.509          47.000  
G26  23295830.651   122420427.101       -3960.643          44.000    23295829.582    95392536.771       -3086.102          41.000  
> 2024 06 08 04 39 30.0030000  0 31                     
G23  22583235.567   118675845.362       -3464.809          47.000    22583229.569    92474762.663       -2699.914          43.000  
E04  27186049.788   142863754.353         592.026          43.000    27186048.530   109467013.670         453.699          46.000  
G16  21694926.144   114007627.706       -1791.901          46.000                                                                  
G32  24327158.283   127840104.944        2104.517          46.000    24327155.821    99615742.728        1639.745          38.000  
E06  27716171.815   145649489.209        1857.343          42.000                                                                  
R04  21068209.493   112819447.021        1425.677          51.000    21068201.591    87748459.674        1108.916          48.000  
R19  21497614.612   114997736.354        -644.324          40.000    21497608.934    89442934.546        -501.099          45.000  
R18  22522962.319   120229099.573       -2133.914          48.000    22522959.645    93511759.613       -1659.662          46.000  
R03  22053322.509   118053256.292       -2411.673          49.000    22053315.976    91819218.770       -1875.607          47.000  
R16  23866080.469   127488263.179       -4717.909          48.000    23866079.359    99157482.662       -3669.303          45.000  
E02  26205435.823   137710504.612         367.211          44.000    26205435.463   105518431.917         281.432          48.000  
S31  39462190.023   207375256.312        -763.542          45.000  
S33  40455513.653   212595178.674        -762.936          41.000  
E36  25581058.835   134429589.448         -82.690          45.000    25581060.121   103004552.033         -63.411          48.000  
R05  23555265.324   125916399.896        3573.429          47.000    23555261.602    97934964.237        2779.297          43.000  
R20  23881214.956   127703591.604        1236.289          37.000    23881213.306    99325035.584         961.838          38.000  
R09  22342388.391   119307076.881       -2566.237          49.000    22342381.374    92794365.370       -1995.991          44.000  
R10  23422288.641   124853972.572         339.759          40.000                                                                  
G27  21641346.916   113726145.304         991.150          49.000    21641343.907    88617838.245         772.247          47.000  
E12  28609209.977   150342525.624       -2505.640          38.000    28609206.658   115197575.918       -1919.884          38.000  
E14  29439413.319   154705171.847        -475.721          43.000    29439412.748   118540329.324        -364.373          44.000  
E24  27713968.426   145637888.453       -3778.827          40.000    27713968.876   111592670.313       -2895.515          43.000  
E25  24947646.075   131100827.089       -2267.640          44.000    24947649.267   100453897.082       -1737.686          51.000  
E09  27803511.803   146108506.042        1804.859          42.000    27803515.832   111953308.851        1382.943          46.000  
G21  25559161.140   134314374.943        1703.136          40.000                                                                  
E10  26618839.855   139883246.499       -2245.738          44.000    26618840.218   107183398.049       -1720.913          48.000  
G10  20812243.395   109369230.110       -1243.418          46.000    20812241.403    85222871.347        -968.886          46.000  
G18  25450560.898   133743858.675       -3192.001          41.000    25450556.649   104216080.465       -2487.131          39.000  
G08  23584441.001   123937089.159        2245.239          45.000    23584439.104    96574355.944        1749.233          43.000  
E11  24245449.565   127410892.261       -1617.171          44.000    24245446.005    97626641.317       -1239.227          46.000  
G26  23318446.778   122539280.598       -3963.287          43.000    23318446.892    95485149.797       -3088.151          41.000  
> 2024 06 08 04 40 00.0030000  0 31                     
G23  22603036.377   118779899.592       -3472.351          48.000    22603030.497    92555843.862       -2705.727          43.000  
E04  27182687.488   142846087.133         585.643          43.000    27182686.810   109453476.492         448.566          46.000  
G16  21705199.508   114061616.555       -1807.642          46.000                                                                  
G32  24315146.235   127776981.271        2103.657          47.000    24315143.252    99566555.583        1639.560          38.000  
E06  27705553.267   145593690.251        1862.317          43.000                                                                  
R04  21060275.305   112776963.254        1406.389          51.000    21060267.541    87715416.761        1093.952          48.000  
R20  23874265.548   127666481.1471       1240.485          37.000    23874263.255    99296129.975         965.265          37.000  
R19  21501225.168   115017058.2171       -644.028          40.000    21501218.912    89457959.548        -500.499          43.000  
R18  22534954.046   120293111.298       -2133.715          49.000    22534951.345    93561546.499       -1659.531          46.000  
R03  22066898.666   118125928.903       -2433.346          50.000    22066892.168    91875741.900       -1892.490          48.000  
R16  23892567.129   127629753.614       -4715.045          49.000    23892567.541    99267530.578       -3667.125          46.000  
E02  26203366.436   137699631.984         357.597          45.000    26203366.238   105510100.944         273.964          48.000  
S31  39466540.429   207398117.664        -760.527          45.000  
S33  40459859.572   212618018.410        -759.686          41.000  
E36  25581528.020   134432057.702         -81.941          46.000    25581529.560   103006443.333         -62.785          48.000  
R05  23535209.111   125809183.992        3574.176          48.000    23535204.523    97851574.349        2779.838          44.000  
R09  22356851.125   119384303.258       -2582.305          49.000    22356844.960    92854430.293       -2008.521          46.000  
R10  23420431.878   124844086.3021        319.338          41.000                                                                  
G27  21635704.524   113696493.656         985.425          49.000    21635701.506    88594733.076         767.859          47.000  
E12  28623496.867   150417606.925       -2500.186          38.000    28623494.162   115255105.751       -1915.608          38.000  
E14  29442111.837   154719349.876        -469.812          43.000    29442110.923   118551193.004        -359.988          45.000  
E24  27735535.869   145751228.810       -3777.102          40.000    27735536.850   111679515.423       -2894.120          43.000  
E25  24960617.129   131168986.165       -2276.413          45.000    24960619.518   100506122.845       -1744.264          51.000  
E09  27793198.168   146054304.774        1808.372          43.000    27793201.462   111911778.183        1385.626          46.000  
G21  25549426.390   134263223.974        1706.688          41.000                                                                  
E10  26631648.020   139950554.002       -2241.516          44.000    26631648.255   107234971.328       -1717.515          48.000  
G10  20819390.019   109406782.460       -1260.331          47.000    20819387.022    85252132.910        -981.959          45.000  
G18  25468769.029   133839543.708       -3187.152          41.000    25468765.403   104290640.251       -2483.514          39.000  
G08  23571619.945   123869714.782        2246.141          45.000    23571617.804    96521856.469        1750.397          42.000  
E11  24254673.974   127459365.771       -1614.641          45.000    24254670.131    97663783.378       -1237.251          46.000  
G26  23341079.980   122658217.633       -3965.863          43.000    23341079.220    95577827.928       -3090.254          40.000  
> 2024 06 08 04 40 30.0030000  0 31                     
G23  22622880.695   118884181.568       -3480.146          47.000    22622874.967    92637102.560       -2711.767          43.000  
E04  27179362.550   142828616.000         578.738          42.000    27179362.096   109440089.548         443.581          47.000  
G16  21715563.976   114116080.613       -1823.541          46.000                                                                  
G32  24303139.246   127713885.966        2102.378          47.000    24303136.409    99517390.604        1637.786          39.000  
E06  27694906.974   145537742.053        1867.201          42.000                                                                  
R04  21052449.586   112735058.527        1386.766          51.000    21052442.422    87682824.212        1078.750          47.000  
R20  23867290.189   127629189.723        1244.926          36.000    23867288.707    99267125.621         968.556          36.000  
R19  21504832.758   115036356.034        -643.258          40.000    21504825.894    89472969.009        -500.394          43.000  
R18  22546944.997   120357120.874       -2133.906          48.000    22546942.350    93611331.718       -1659.703          46.000  
R03  22080595.891   118199251.048       -2455.079          50.000    22080589.269    91932770.237       -1909.605          47.000  
R16  23919037.833   127771157.509       -4712.274          47.000    23919037.338    99377511.259       -3665.030          43.000  
E02  26201352.812   137689048.262         347.738          45.000    26201352.309   105501991.340         266.498          48.000  
S31  39470872.161   207420881.679        -757.474          45.000  
S33  40464187.151   212640760.878        -756.436          41.000  
E36  25581994.273   134434506.196         -81.343          45.000    25581995.568   103008319.489         -62.383          49.000  
R05  23515147.333   125701948.843        3574.500          45.000    23515144.004    97768169.487        2780.314          44.000  
R09  22371403.687   119462014.621       -2598.798          48.000    22371397.878    92914872.420       -2021.239          46.000  
R10  23418694.337   124834813.770         298.547          41.000                                                                  
G27  21630095.742   113667018.956         979.187          49.000    21630092.541    88571765.799         763.055          47.000  
E12  28637754.237   150492530.220       -2494.639          37.000    28637751.584   115312514.528       -1912.085          38.000  
E14  29444778.252   154733358.715        -464.451          42.000    29444776.845   118561927.038        -355.927          45.000  
E24  27757093.739   145864514.334       -3775.583          40.000    27757094.105   111766318.491       -2892.840          43.000  
E25  24973637.847   131237404.237       -2285.183          46.000    24973638.961   100558547.074       -1750.991          51.000  
E09  27782864.676   146000002.411        1811.518          42.000    27782867.901   111870170.052        1388.015          45.000  
G21  25539673.231   134211972.044        1709.761          40.000                                                                  
E10  26644432.677   140017734.988       -2237.380          44.000    26644432.364   107286447.680       -1714.479          47.000  
G10  20826632.479   109444838.867       -1277.209          47.000    20826628.782    85281787.272        -995.259          45.000  
G18  25486949.754   133935083.444       -3182.369          40.000    25486945.751   104365086.788       -2479.750          38.000  
G08  23558793.574   123802314.529        2246.708          45.000    23558791.795    96469336.850        1750.671          42.000  
E11  24263883.990   127507762.721       -1612.300          45.000    24263879.978    97700866.763       -1235.484          46.000  
G26  23363729.422   122777239.369       -3968.894          44.000    23363728.191    95670572.037       -3092.450          40.000  
> 2024 06 08 04 41 00.0030000  0 31                     
G23  22642768.401   118988692.467       -3487.760          47.000    22642762.728    92718539.639       -2717.674          44.000  
E04  27176076.027   142811346.560         572.055          42.000    27176075.979   109426857.147         438.333          46.000  
G16  21726019.659   114171022.400       -1839.526          46.000                                                                  
G32  24291138.699   127650826.299        2101.115          46.000    24291136.985    99468253.350        1636.920          39.000  
E06  27684232.774   145481650.457        1872.085          42.000                                                                  
R04  21044735.138   112693740.593        1367.227          52.000    21044726.783    87650688.077        1063.393          48.000  
R20  23860293.307   127591694.7531       1249.327          38.000    23860291.038    99238024.438         972.073          35.000  
R19  21508437.632   115055637.816        -642.905          42.000    21508430.884    89487965.988        -500.033          43.000  
R18  22558936.222   120421133.437       -2134.084          47.000    22558933.673    93661119.255       -1659.827          46.000  
R03  22094414.721   118273224.035       -2476.870          50.000    22094408.219    91990304.788       -1926.388          47.000  
R16  23945493.330   127912475.037       -4709.295          48.000    23945493.293    99487424.756       -3662.641          45.000  
E02  26199394.793   137678758.388         337.997          45.000    26199394.359   105494106.889         259.022          49.000  
S31  39475186.073   207443551.814        -754.421          45.000  
S33  40468497.320   212663408.749        -753.673          41.000  
E36  25582456.736   134436938.194         -80.963          45.000    25582458.631   103010183.001         -61.986          49.000  
R05  23495083.760   125594702.412        3574.586          45.000    23495081.221    97684755.865        2780.419          43.000  
R09  22386046.759   119540211.047       -2614.833          47.000    22386042.209    92975691.826       -2033.660          47.000  
R10  23417071.124   124826160.683         278.135          41.000                                                                  
G27  21624522.084   113637727.383         973.138          50.000    21624518.538    88548941.224         758.441          47.000  
E12  28651982.047   150567299.681       -2489.849          37.000    28651979.242   115369805.411       -1908.028          37.000  
E14  29447412.297   154747203.220        -459.008          41.000    29447411.414   118572535.149        -351.634          45.000  
E24  27778641.721   145977747.081       -3773.775          40.000    27778641.334   111853081.150       -2891.628          42.000  
E25  24986706.873   131306083.978       -2293.797          45.000    24986708.153   100611171.800       -1757.678          51.000  
E09  27772513.453   145945604.926        1814.465          42.000    27772516.199   111828489.024        1390.362          45.000  
G21  25529902.156   134160623.137        1713.035          41.000                                                                  
E10  26657193.111   140084793.306       -2233.365          43.000    26657193.044   107337830.040       -1711.198          47.000  
G10  20833970.793   109483402.044       -1294.144          48.000    20833967.086    85311836.532       -1008.501          45.000  
G18  25505103.099   134030481.848       -3177.927          40.000    25505098.966   104439423.215       -2476.102          38.000  
G08  23545964.105   123734894.397        2247.496          44.000    23545962.248    96416801.731        1751.170          43.000  
E11  24273080.140   127556086.616       -1609.893          45.000    24273075.830    97737894.152       -1233.482          46.000  
G26  23386395.338   122896346.709       -3972.018          44.000    23386393.423    95763382.889       -3095.055          40.000  
> 2024 06 08 04 41 30.0030000  0 31                     
G23  22662700.072   119093433.915       -3495.594          41.000    22662694.550    92800156.357       -2723.726          41.000  
E04  27172829.367   142794284.890         565.160          37.000    27172829.265   109413783.947         432.845          44.000  
G16  21736567.255   114226444.871       -1855.902          42.000                                                                  
G32  24279146.404   127587809.987        2099.487          41.000    24279145.393    99419149.857        1636.088          37.000  
E06  27673532.895   145425422.007        1875.936          37.000                                                                  
R04  21037130.771   112653017.415        1347.260          43.000    21037122.550    87619014.529        1047.874          45.000  
R19  21512040.389   115074909.179        -642.196          31.000    21512034.877    89502954.845        -499.634          42.000  
R18  22570929.759   120485154.332       -2134.197          36.000    22570927.047    93710913.277       -1660.055          43.000  
R03  22108355.795   118347850.765       -2498.770          41.000    22108348.941    92048347.789       -1943.440          44.000  
R16  23971931.783   128053706.151       -4706.223          39.000    23971931.745    99597271.022       -3660.719          41.000  
E02  26197493.247   137668767.722         327.739          41.000    26197493.241   105486451.730         250.959          47.000  
S31  39479483.372   207466133.812        -751.504          39.000  
S33  40472790.266   212685968.435        -751.368          36.000  
E36  25582917.652   134439357.468         -80.864          40.000    25582919.193   103012036.757         -61.922          47.000  
R05  23475020.087   125487453.907        3574.499          35.000    23475017.191    97601340.560        2780.255          41.000  
R09  22400780.664   119618893.915       -2630.828          36.000    22400776.576    93036889.580       -2046.481          44.000  
R10  23415564.185   124818145.6793        257.381          30.000                                                                  
G27  21618984.560   113608625.698         966.547          45.000    21618980.650    88526264.617         753.149          44.000  
E12  28666181.747   150641919.969       -2485.109          32.000    28666179.021   115426981.998       -1903.702          34.000  
E14  29450016.430   154760888.795        -453.672          36.000    29450015.727   118583021.507        -347.799          43.000  
E24  27800181.046   146090929.763       -3772.396          36.000    27800179.230   111939805.449       -2890.435          40.000  
E25  24999826.699   131375028.630       -2302.655          40.000    24999827.614   100663999.501       -1764.494          49.000  
E09  27762145.541   145891118.779        1817.569          38.000    27762147.541   111786740.101        1392.518          43.000  
G21  25520112.955   134109181.141        1715.851          35.000                                                                  
E10  26669930.825   140151733.332       -2229.627          38.000    26669931.263   107389121.772       -1708.432          45.000  
G10  20841406.637   109522475.125       -1311.292          43.000    20841402.433    85342283.119       -1021.616          42.000  
G18  25523230.689   134125743.322       -3173.362          34.000    25523226.770   104513652.961       -2472.569          35.000  
G08  23533131.949   123667460.872        2247.494          38.000    23533130.283    96364256.176        1751.419          40.000  
E11  24282262.405   127604341.517       -1607.844          40.000    24282258.561    97774868.715       -1231.928          44.000  
G26  23409077.086   123015541.074       -3974.750          39.000    23409075.593    95856261.536       -3097.765          37.000  
R20                                                                  23853271.536    99208829.815         974.861          33.000  
> 2024 06 08 04 42 00.0030000  0 31                     
G23  22682676.455   119198412.402       -3503.203          47.000    22682671.400    92881957.774       -2729.819          45.000  
E04  27169623.797   142777441.914         557.762          42.000    27169624.430   109400878.295         427.325          47.000  
G16  21747206.175   114282356.085       -1871.710          46.000                                                                  
G32  24267164.920   127524849.615        2097.789          45.000    24267164.626    99370089.940        1634.666          41.000  
E06  27662808.499   145369067.911        1880.652          42.000                                                                  
R04  21029638.152   112612901.917        1326.966          48.000    21029631.362    87587813.690        1032.088          48.000  
R20  23846234.575   127516553.329        1256.321          32.000    23846231.950    99179549.349         978.017          33.000  
R19  21515642.434   115094179.578        -642.088          37.000    21515637.065    89517942.977        -499.450          45.000  
R18  22582926.975   120549194.059       -2134.934          45.000    22582923.595    93760721.986       -1660.564          46.000  
R03  22122420.239   118423138.557       -2520.671          47.000    22122413.265    92106904.992       -1960.514          47.000  
R16  23998355.410   128194856.292       -4703.263          44.000    23998356.604    99707054.317       -3658.258          45.000  
E02  26195650.502   137659086.471         317.677          44.000    26195651.185   105479033.622         243.263          49.000  
S31  39483765.469   207488635.815        -748.943          44.000  
S33  40477068.074   212708449.091        -747.923          40.000  
E36  25583376.894   134441772.564         -80.353          44.000    25583378.540   103013887.323         -61.621          49.000  
R05  23454958.232   125380216.705        3574.313          41.000    23454957.272    97517934.130        2779.993          46.000  
R09  22415607.061   119698068.879       -2647.257          42.000    22415603.634    93098470.097       -2058.951          47.000  
R10  23414178.419   124810751.6141        235.549          38.000                                                                  
G27  21613484.654   113579725.425         959.991          49.000    21613480.646    88503744.960         748.114          47.000  
E12  28680354.439   150716400.602       -2480.493          35.000    28680352.344   115484051.617       -1900.762          36.000  
E14  29452591.703   154774425.663        -448.738          39.000    29452591.885   118593393.899        -343.962          46.000  
E24  27821710.237   146204069.874       -3770.691          39.000    27821709.081   112026497.115       -2889.187          42.000  
E25  25012997.249   131444246.113       -2311.608          43.000    25012999.266   100717036.246       -1771.365          51.000  
E09  27751762.575   145836555.361        1819.924          43.000    27751764.647   111744931.922        1394.660          45.000  
G21  25510308.025   134057655.265        1719.049          39.000                                                                  
E10  26682648.614   140218564.270       -2225.746          42.000    26682648.893   107440329.882       -1705.525          47.000  
G10  20848940.532   109562066.057       -1328.414          47.000    20848936.080    85373133.206       -1035.157          45.000  
G18  25541334.483   134220877.138       -3169.044          40.000    25541330.165   104587783.215       -2469.233          38.000  
G08  23520299.581   123600025.277        2247.822          42.000    23520297.749    96311709.015        1751.523          43.000  
E11  24291433.125   127652536.333       -1605.721          43.000    24291429.906    97811797.200       -1230.243          47.000  
G26  23431777.064   123134828.691       -3977.828          44.000    23431775.714    95949212.791       -3099.585          41.000  
> 2024 06 08 04 42 30.0030000  0 31                     
G23  22702699.378   119303632.550       -3511.515          48.000    22702694.116    92963947.485       -2736.216          45.000  
E04  27166462.691   142760826.649         550.010          43.000    27166462.410   109388147.129         421.436          47.000  
G16  21757938.589   114338762.343       -1888.568          46.000                                                                  
G32  24255196.962   127461955.874        2095.143          45.000    24255195.975    99321081.942        1632.528          42.000  
E06  27652062.363   145312597.604        1884.176          42.000                                                                  
R04  21022262.469   112573405.242        1306.093          50.000    21022255.002    87557094.108        1015.817          48.000  
R20  23839173.533   127478802.854        1260.312          35.000    23839171.901    99150188.032         980.073          34.000  
R19  21519245.709   115113457.478        -642.891          39.000    21519240.214    89532936.882        -499.840          44.000  
R18  22594928.624   120613261.033       -2136.088          47.000    22594926.124    93810551.864       -1661.333          47.000  
R03  22136608.724   118499092.642       -2543.030          48.000    22136602.015    92165980.406       -1977.832          46.000  
R16  24024764.626   128335928.892       -4701.254          46.000    24024765.114    99816777.301       -3656.477          44.000  
E02  26193868.702   137649722.921         306.670          45.000    26193869.439   105471858.959         235.019          49.000  
S31  39488033.496   207511065.976        -746.437          44.000  
S33  40481332.103   212730857.207        -745.487          40.000  
E36  25583837.748   134444190.240         -80.868          45.000    25583838.246   103015739.858         -61.877          49.000  
R05  23434901.403   125273003.147        3573.312          43.000    23434900.905    97434546.075        2779.139          46.000  
R09  22430526.244   119777740.232       -2664.203          45.000    22430523.141    93160436.610       -2071.882          46.000  
R10  23412911.909   124804001.343         214.238          40.000                                                                  
G27  21608025.009   113551036.313         952.539          50.000    21608021.229    88481389.833         742.401          47.000  
E12  28694502.830   150790749.125       -2476.359          36.000    28694500.261   115541019.952       -1897.521          36.000  
E14  29455140.060   154787822.104        -444.129          38.000    29455141.071   118603658.689        -340.421          46.000  
E24  27843232.940   146317172.997       -3769.521          40.000    27843231.787   112113160.439       -2888.417          42.000  
E25  25026222.518   131513742.632       -2321.389          44.000    25026224.171   100770286.794       -1778.805          51.000  
E09  27741366.311   145781924.065        1821.943          43.000    27741368.602   111703071.769        1395.972          45.000  
G21  25500488.082   134006053.356        1721.462          38.000                                                                  
E10  26695347.256   140285293.467       -2222.786          42.000    26695346.982   107491460.052       -1703.306          47.000  
G10  20856574.092   109602180.819       -1346.057          48.000    20856569.781    85404391.470       -1048.812          46.000  
G18  25559414.949   134315890.707       -3165.324          39.000    25559410.860   104661819.762       -2466.308          37.000  
G08  23507468.125   123532597.100        2247.426          43.000    23507466.486    96259167.628        1751.106          43.000  
E11  24300593.948   127700678.011       -1604.054          44.000    24300590.731    97848685.009       -1229.236          47.000  
G26  23454495.656   123254213.942       -3981.097          45.000    23454494.541    96042240.148       -3102.172          41.000  
> 2024 06 08 04 43 00.0030000  0 31                     
G23  22722768.031   119409093.711       -3519.511          47.000    22722762.865    93046124.997       -2742.373          45.000  
E04  27163345.005   142744442.826         541.981          42.000    27163344.774   109375593.305         415.410          46.000  
G16  21768767.430   114395664.312       -1905.273          45.000                                                                  
G32  24243243.003   127399134.143        2092.701          44.000    24243241.876    99272130.067        1630.915          42.000  
E06  27641294.366   145256015.097        1888.009          40.000                                                                  
R04  21015003.392   112534532.894        1285.169          47.000    21014995.489    87526860.072         999.493          48.000  
R20  23832092.800   127440913.7711       1263.431          34.000    23832092.370    99120746.915         981.884          36.000  
R19  21522850.578   115132740.0401       -643.253          37.000    21522845.559    89547939.082        -500.037          43.000  
R18  22606936.280   120677358.488       -2137.120          45.000    22606934.208    93860405.448       -1662.203          47.000  
R03  22150922.065   118575712.945       -2565.230          46.000    22150915.155    92225573.975       -1995.277          46.000  
R16  24051158.671   128476921.833       -4698.707          43.000    24051160.904    99926438.311       -3654.547          46.000  
E02  26192148.152   137640680.113         295.878          44.000    26192148.684   105464930.063         226.789          48.000  
S31  39492288.272   207533425.897        -744.339          43.000  
S33  40485582.773   212753195.253        -743.708          39.000  
E36  25584297.822   134446611.929         -80.832          43.000    25584299.054   103017595.459         -61.959          47.000  
R05  23414850.121   125165819.503        3572.134          41.000    23414849.643    97351181.247        2778.308          45.000  
R09  22445539.855   119857906.691       -2680.535          43.000    22445535.923    93222788.257       -2084.901          47.000  
R10  23411767.134   124797897.190         192.620          38.000                                                                  
G27  21602606.827   113522562.695         945.349          48.000    21602603.076    88459202.633         736.664          47.000  
E12  28708626.979   150864968.030       -2471.774          35.000    28708623.944   115597888.966       -1893.921          36.000  
E14  29457663.365   154801081.242        -439.953          37.000    29457664.098   118613818.255        -336.873          44.000  
E24  27864748.233   146430239.432       -3768.312          38.000    27864747.820   112199795.654       -2887.223          41.000  
E25  25039500.943   131583518.946       -2330.646          43.000    25039502.357   100823751.747       -1785.773          50.000  
E09  27730958.078   145727229.063        1824.415          42.000    27730960.208   111661162.802        1397.783          44.000  
G21  25490654.876   133954376.848        1723.613          36.000                                                                  
E10  26708025.530   140351922.966       -2219.411          40.000    26708025.950   107542513.843       -1700.682          46.000  
G10  20864307.559   109642820.184       -1363.483          46.000    20864303.001    85436058.522       -1062.416          45.000  
G18  25577473.227   134410786.143       -3161.246          38.000    25577468.507   104735764.272       -2463.516          36.000  
G08  23494638.868   123465180.508        2246.836          42.000    23494637.797    96206635.272        1750.728          43.000  
E11  24309744.334   127748768.220       -1602.472          42.000    24309741.966    97885533.353       -1227.831          45.000  
G26  23477232.788   123373695.911       -3984.391          43.000    23477231.952    96135342.856       -3104.749          41.000  
> 2024 06 08 04 43 30.0030000  0 31                     
G23  22742883.847   119514803.068       -3527.931          49.000    22742878.485    93128495.922       -2749.152          45.000  
E04  27160273.950   142728301.969         533.757          44.000    27160273.267   109363225.673         409.042          47.000  
G16  21779693.124   114453070.213       -1922.113          49.000                                                                  
G32  24231305.044   127336397.663        2089.507          46.000    24231303.357    99223244.654        1628.223          43.000  
E06  27630507.458   145199332.413        1890.761          42.000                                                                  
R04  21007862.733   112496298.345        1263.727          50.000    21007855.978    87497122.120         982.954          49.000  
R20  23824998.693   127402968.055        1265.890          35.000    23824998.906    99091233.546         984.971          38.000  
R19  21526461.352   115152049.352        -643.999          40.000    21526455.274    89562957.486        -500.939          43.000  
R18  22618952.548   120741497.489       -2138.968          48.000    22618949.794    93910291.337       -1663.691          48.000  
R03  22165361.688   118653007.431       -2587.833          48.000    22165353.979    92285691.918       -2012.815          46.000  
R16  24077538.890   128617841.278       -4696.230          44.000    24077541.052   100036042.162       -3652.656          45.000  
E02  26190490.820   137631968.829         284.691          46.000    26190491.110   105458255.212         218.051          49.000  
S31  39496532.017   207555726.255        -742.538          45.000  
S33  40489821.917   212775472.861        -741.877          41.000  
E36  25584760.182   134449046.888         -81.652          44.000    25584762.335   103019461.229         -62.558          48.000  
R05  23394807.545   125058680.213        3570.228          43.000    23394807.259    97267850.920        2776.886          46.000  
R09  22460646.922   119938574.515       -2697.355          47.000    22460643.525    93285529.811       -2098.118          48.000  
R10  23410747.226   124792448.9181        170.419          41.000                                                                  
G27  21597231.266   113494316.816         937.610          50.000    21597227.839    88437192.882         730.609          47.000  
E12  28722727.256   150939067.313       -2468.138          36.000    28722724.365   115654666.352       -1891.152          36.000  
E14  29460161.709   154814213.820        -435.940          39.000    29460163.323   118623880.896        -333.895          45.000  
E24  27886258.074   146543277.341       -3767.656          40.000    27886258.594   112286409.029       -2886.880          42.000  
E25  25052833.531   131653583.710       -2340.566          44.000    25052835.479   100877437.724       -1793.306          51.000  
E09  27720539.660   145672482.406        1825.343          43.000    27720542.089   111619214.232        1398.721          44.000  
G21  25480808.129   133902635.202        1725.641          40.000                                                                  
E10  26720687.570   140418462.707       -2216.695          42.000    26720687.932   107593498.839       -1698.429          46.000  
G10  20872142.532   109683992.681       -1381.344          49.000    20872138.012    85468141.015       -1076.262          45.000  
G18  25595509.726   134505573.423       -3157.678          39.000    25595505.490   104809624.561       -2461.061          37.000  
G08  23481814.541   123397787.519        2245.754          45.000    23481813.590    96154121.310        1749.966          43.000  
E11  24318887.751   127796816.460       -1601.083          44.000    24318884.822    97922349.552       -1227.018          46.000  
G26  23499988.873   123493281.473       -3988.047          45.000    23499988.364    96228526.325       -3107.832          41.000  
> 2024 06 08 04 44 00.0030000  0 31                     
G23  22763052.654   119620791.483       -3537.837          49.000    22763047.922    93211084.294       -2756.592          46.000  
E04  27157255.643   142712439.253         523.912          45.000    27157254.806   109351071.173         401.604          47.000  
G16  21790718.854   114511011.729       -1940.466          48.000                                                                  
G32  24219389.959   127273783.321        2084.962          46.000    24219387.679    99174454.389        1624.798          43.000  
E06  27619707.881   145142585.063        1892.584          41.000                                                                  
R04  21000849.908   112458739.182        1240.502          51.000    21000842.472    87467909.460         964.930          49.000  
R20  23817891.030   127364963.530        1267.787          34.000    23817892.647    99061674.527         985.901          39.000  
R19  21530082.072   115171414.375        -646.619          41.000    21530075.609    89578019.208        -502.948          43.000  
R18  22630981.687   120805713.085       -2141.856          49.000    22630979.438    93960236.778       -1665.900          48.000  
R03  22179932.850   118731007.784       -2611.838          49.000    22179925.048    92346358.838       -2031.422          46.000  
R16  24103911.696   128758716.990       -4695.190          47.000    24103914.725   100145612.011       -3651.692          47.000  
E02  26188903.018   137623623.561         271.968          45.000    26188902.994   105451860.786         208.416          49.000  
S31  39500770.453   207577999.796        -742.141          45.000  
S33  40494056.263   212797724.735        -741.334          40.000  
E36  25585232.928   134451527.996         -83.593          44.000    25585234.309   103021362.363         -64.013          48.000  
R05  23374780.105   124951623.420        3566.898          44.000    23374779.919    97184584.760        2774.217          46.000  
R09  22475853.333   120019774.508       -2715.657          48.000    22475850.237    93348685.308       -2112.125          48.000  
R10  23409853.414   124787693.323         147.126          38.000                                                                  
G27  21591906.437   113466334.563         928.113          49.000    21591903.023    88415388.549         723.236          47.000  
E12  28736811.611   151013081.013       -2465.943          36.000    28736808.658   115711378.144       -1889.368          36.000  
E14  29462643.119   154827254.431        -433.350          39.000    29462644.671   118633873.065        -332.041          45.000  
E24  27907768.672   146656318.490       -3768.238          39.000    27907770.100   112373024.874       -2887.174          42.000  
E25  25066226.498   131723969.172       -2351.486          43.000    25066229.342   100931369.441       -1801.869          51.000  
E09  27710118.115   145617719.653        1825.440          42.000    27710120.801   111577253.336        1398.782          44.000  
G21  25470955.885   133850862.233        1726.035          41.000                                                                  
E10  26733338.683   140484946.175       -2215.421          41.000    26733339.375   107644440.734       -1697.462          46.000  
G10  20880085.029   109725730.443       -1400.844          49.000    20880080.840    85500663.971       -1091.553          46.000  
G18  25613533.578   134600286.163       -3155.882          39.000    25613529.181   104883426.669       -2458.946          36.000  
G08  23469001.914   123330453.822        2243.334          45.000    23468999.958    96101653.538        1748.018          43.000  
E11  24328029.817   127844856.017       -1601.575          43.000    24328026.387    97959159.067       -1226.984          45.000  
G26  23522770.775   123613001.222       -3993.028          44.000    23522770.590    96321814.303       -3111.157          41.000  
> 2024 06 08 04 44 30.0030000  0 31                     
G23  22783279.113   119727081.114       -3548.476          49.000    22783273.910    93293907.401       -2765.067          45.000  
E04  27154295.249   142696881.250         513.018          45.000    27154293.931   109339150.151         393.219          47.000  
G16  21801849.802   114569512.925       -1959.839          47.000                                                                  
G32  24207503.549   127211319.406        2079.022          45.000    24207500.653    99125781.343        1620.127          42.000  
E06  27608901.415   145085800.058        1893.182          40.000                                                                  
R04  20993966.837   112421883.956        1216.290          51.000    20993958.982    87439244.351         945.965          49.000  
R20  23810777.251   127326925.4231       1268.182          34.000    23810778.532    99032088.642         986.268          38.000  
R19  21533717.312   115190861.309        -649.860          39.000    21533711.139    89593144.608        -505.582          44.000  
R18  22643031.099   120870031.693       -2146.160          49.000    22643028.679    94010262.357       -1669.226          48.000  
R03  22194640.135   118809737.534       -2636.945          50.000    22194631.924    92407593.091       -2050.973          46.000  
R16  24130279.880   128899570.639       -4695.145          47.000    24130282.656   100255164.649       -3651.848          47.000  
E02  26187389.339   137615670.090         258.313          45.000    26187389.403   105445766.573         197.850          49.000  
S31  39505008.808   207600272.196        -742.740          44.000  
S33  40498290.636   212819975.266        -742.230          40.000  
E36  25585719.635   134454079.564         -86.707          45.000    25585719.852   103023317.501         -66.421          47.000  
R05  23354773.980   124844679.428        3562.205          45.000    23354772.966    97101406.344        2770.778          46.000  
R09  22491163.368   120101528.288       -2734.664          47.000    22491160.087    93412271.550       -2127.111          48.000  
R10  23409094.871   124783655.0051        122.445          39.000                                                                  
G27  21586636.624   113438643.171         917.743          49.000    21586632.996    88393810.880         715.167          46.000  
E12  28750884.474   151087034.151       -2464.230          35.000    28750882.017   115768043.559       -1888.750          36.000  
E14  29465112.959   154840229.002        -431.699          40.000    29465113.714   118643814.632        -330.999          45.000  
E24  27929284.213   146769386.084       -3769.790          38.000    27929286.636   112459660.980       -2888.530          42.000  
E25  25079685.606   131794699.009       -2363.654          43.000    25079688.874   100985565.019       -1811.247          51.000  
E09  27699698.781   145562967.896        1824.387          42.000    27699701.786   111535300.850        1397.887          44.000  
G21  25461102.847   133799082.418        1725.763          40.000                                                                  
E10  26745984.051   140551398.334       -2215.119          41.000    26745984.789   107695358.607       -1697.116          46.000  
G10  20888139.669   109768056.960       -1421.033          49.000    20888135.628    85533645.692       -1107.187          46.000  
G18  25631545.916   134694949.359       -3155.592          37.000    25631542.930   104957190.185       -2458.790          37.000  
G08  23456204.963   123263206.477        2239.593          45.000    23456203.060    96049253.049        1745.091          43.000  
E11  24337174.595   127892911.396       -1602.764          43.000    24337171.036    97995980.732       -1228.070          45.000  
G26  23545582.600   123732877.021       -3998.938          44.000    23545582.334    96415223.952       -3116.226          41.000  
