     3.00           OBSERVATION DATA    M: Mixed            RINEX VERSION / TYPE
CONVBIN demo5 b34j                      20240609 013620 UTC PGM / RUN BY / DATE 
log: SAUC00CHL_R_20241601930_15M_30S_MO.ubx                 COMMENT             
format: u-blox UBX                                          COMMENT             
format: u-blox UBX                                          COMMENT             
log: SAUC00CHL_R_20241601930_15M_30S_MO.ubx                 COMMENT             
SAUC00CHL                                                   MARKER NAME         
                                                            MARKER NUMBER       
GEODETIC                                                    MARKER TYPE         
El Sauce            Obstech                                 OBSERVER / AGENCY   
UNKNOWN             UBLOX-ZED-F9P                           REC # / TYPE / VERS 
UNKNWOWN            TWIVSP6037L                             ANT # / TYPE        
  1813185.0000 -5195981.0000 -3216438.0000                  APPROX POSITION XYZ 
        0.0000        0.0000        0.0000                  ANTENNA: DELTA H/E/N
G    8 C1C L1C D1C S1C C2X L2X D2X S2X                      SYS / # / OBS TYPES 
R    8 C1C L1C D1C S1C C2C L2C D2C S2C                      SYS / # / OBS TYPES 
E    8 C1X L1X D1X S1X C7X L7X D7X S7X                      SYS / # / OBS TYPES 
S    4 C1C L1C D1C S1C                                      SYS / # / OBS TYPES 
  2024    06    08    19    30   00.0080000     GPS         TIME OF FIRST OBS   
  2024    06    08    19    44   30.0080000     GPS         TIME OF LAST OBS    
                                                            END OF HEADER       
> 2024 06 08 19 30 00.0080000  0 30                     
E08  29989708.607   157596721.0681      -3814.631          40.000    29989727.211   120755841.8311      -2922.890          40.000  
G23  27113161.021   142480475.6061      -2120.473          41.000    27113166.669   111023749.5191      -1652.192          39.000  
G11  27673182.469   145423544.4161       1619.132          41.000    27673198.854   113317108.0201       1261.732          38.000  
G12  24164462.597   126985322.0681        470.013          47.000    24164460.147    98950146.5401        366.299          42.000  
R13  23214922.647   123966394.0811      -1953.070          39.000    23214922.994    96418593.4051      -1519.250          40.000  
R14  23581151.498   125701051.9801        397.656          50.000    23581152.176    97767677.3511        309.220          47.000  
R03  22646251.006   121227128.3391      -3141.114          52.000    22646246.072    94287832.5961      -2443.173          46.000  
R22  25457194.086   135892231.9391      -2350.459          47.000    25457194.323   105694040.0901      -1828.251          43.000  
R04  23360918.088   125096647.2351        696.814          50.000    23360912.619    97297404.0801        541.986          47.000  
G19  23775960.230   124943829.1421      -2366.248          46.000                                                                  
S31  40968467.553   215290683.1171       -772.756          45.000  
S33  41960614.320   220504391.6771       -774.343          40.000  
G17  25018755.756   131474720.9111      -3429.054          44.000    25018753.909   102447952.6681      -2671.790          40.000  
G06  26839255.106   141041366.8911       1354.447          41.000    26839260.271   109902476.1881       1055.054          40.000  
R02  25426461.981   135680463.9011      -5166.514          42.000    25426477.795   105529031.5921      -4018.291          41.000  
R23  23847222.351   127566714.6121        771.099          48.000                                                                  
R24  25146089.859   134467569.4951       3108.594          47.000    25146096.053   104585958.5821       2417.583          45.000  
G25  26180984.004   137582112.3061       1330.371          41.000    26180994.190   107206934.9641       1036.700          39.000  
E18  28650591.195   150560141.7601      -5900.258          40.000    28650595.416   115364408.7841      -4520.987          43.000  
E21  29034641.755   152578180.5921        902.855          42.000    29034652.130   116910687.1421        691.785          44.000  
G10  27784448.068   146008253.6291       -945.778          41.000    27784451.789   113772809.9281       -736.905          40.000  
G13  23855295.851   125360427.1731      -3670.822          48.000                                                                  
E19  29966038.733   157472611.2171       1869.223          33.000    29966045.072   120660846.8231       1432.045          38.000  
E07  26257583.023   137984548.2581      -2530.885          47.000    26257585.591   105728427.9461      -1939.255          49.000  
E15  30201842.537   158711744.5911       1557.888          36.000    30201858.322   121610519.7071       1194.073          35.000  
G22  25765162.322   135397009.9001      -3740.217          46.000                                                                  
G24  23707663.928   124584862.6711       1010.673          47.000    23707664.350    97079387.3541        787.568          48.000  
G15  23207550.268   121956520.7241      -2200.409          47.000    23207548.972    95031110.5711      -1714.661          43.000  
E30  27481153.199   144414600.5421      -2528.527          47.000    27481156.107   110655452.3581      -1937.466          50.000  
E27  26093840.555   137124303.7621       -766.900          46.000    26093843.541   105069422.1021       -587.675          50.000  
> 2024 06 08 19 30 30.0080000  0 30                     
E08  30011476.952   157711113.660       -3811.415          40.000    30011495.850   120843492.566       -2920.507          40.000  
G23  27125283.299   142544180.367       -2126.133          41.000    27125288.572   111073389.203       -1656.660          38.000  
G11  27663911.897   145374825.946        1629.090          42.000    27663927.361   113279145.770        1269.605          38.000  
G12  24161792.390   126971291.856         465.589          47.000    24161790.632    98939213.958         362.789          43.000  
R13  23225889.344   124024951.067       -1950.006          40.000    23225888.381    96464137.725       -1516.724          40.000  
R14  23578910.614   125689113.381         398.574          49.000    23578912.851    97758391.839         309.957          47.000  
R03  22663902.150   121321618.835       -3157.808          51.000    22663897.233    94361325.014       -2456.082          46.000  
R22  25470455.222   135963017.552       -2368.059          48.000    25470454.536   105749095.599       -1842.002          43.000  
R04  23357071.495   125076056.510         676.208          49.000    23357069.442    97281389.094         525.983          48.000  
G19  23789507.371   125015016.901       -2379.371          47.000                                                                  
S31  40972866.142   215313794.359        -767.935          45.000  
S33  41965022.988   220527559.530        -769.834          40.000  
G17  25038358.416   131577735.201       -3438.511          44.000    25038357.166   102528223.483       -2679.278          40.000  
G06  26831524.548   141000743.272        1354.194          41.000    26831529.120   109870821.901        1055.214          40.000  
R02  25455500.055   135835414.627       -5162.833          43.000    25455516.704   105649548.091       -4015.627          40.000  
R23  23842947.371   127543845.300         753.865          49.000                                                                  
R24  25128643.908   134374281.956        3110.973          47.000    25128649.752   104513402.417        2419.614          45.000  
G25  26173390.126   137542213.578        1329.633          39.000    26173401.750   107175845.621        1036.121          40.000  
E18  28684257.906   150737059.822       -5894.163          40.000    28684261.755   115499969.347       -4515.918          43.000  
E21  29029488.493   152551103.498         902.699          42.000    29029499.586   116889940.055         691.607          45.000  
G10  27789880.000   146036798.631        -956.669          41.000    27789883.705   113795052.726        -745.479          39.000  
G13  23876274.651   125470671.597       -3678.542          48.000                                                                  
E19  29955372.998   157416550.878        1868.545          34.000    29955377.636   120617891.467        1431.905          39.000  
E07  26272050.507   138060576.088       -2537.391          47.000    26272053.582   105786682.930       -1944.193          49.000  
E15  30192930.948   158664908.964        1564.371          38.000    30192946.093   121574633.342        1198.585          36.000  
G22  25786503.151   135509157.626       -3735.912          46.000                                                                  
G24  23701895.968   124554550.402        1010.394          48.000    23701895.663    97055767.405         787.296          47.000  
G15  23220146.690   122022714.749       -2212.079          47.000    23220144.841    95082690.207       -1723.907          42.000  
E30  27495576.871   144490398.116       -2524.465          47.000    27495579.810   110713531.007       -1934.325          50.000  
E27  26098221.481   137147326.596        -767.649          46.000    26098224.475   105087062.997        -588.233          49.000  
> 2024 06 08 19 31 00.0080000  0 30                     
E08  30033228.294   157825416.587       -3808.371          39.000    30033247.607   120931074.588       -2918.052          40.000  
G23  27137439.682   142608061.739       -2132.252          40.000    27137445.221   111123166.543       -1661.250          38.000  
G11  27654585.887   145325820.572        1638.277          41.000    27654601.401   113240960.052        1276.675          38.000  
G12  24159148.480   126957401.105         460.816          47.000    24159147.788    98928390.043         359.095          43.000  
R13  23236840.806   124083432.8101      -1948.138          39.000    23236839.348    96509621.181       -1514.978          39.000  
R14  23576665.109   125677153.142         399.069          49.000    23576670.141    97749089.448         310.402          48.000  
R03  22681648.820   121416615.614       -3174.895          51.000    22681644.564    94435211.217       -2469.246          46.000  
R22  25483815.634   136034338.961       -2386.172          47.000    25483815.405   105804567.855       -1855.887          43.000  
R04  23353343.980   125056092.285         655.145          50.000    23353341.960    97265861.389         509.467          48.000  
G19  23803130.138   125086606.811       -2392.949          47.000                                                                  
S31  40977237.749   215336769.869        -763.255          45.000  
S33  41969405.994   220550592.139        -765.424          41.000  
G17  25058016.093   131681035.031       -3447.886          44.000    25058014.596   102608716.797       -2686.885          41.000  
G06  26823796.920   140960135.643        1353.712          41.000    26823801.286   109839180.090        1054.490          40.000  
R02  25484517.489   135990257.770       -5159.532          41.000    25484534.901   105769981.002       -4013.092          41.000  
R23  23838771.085   127521503.602         735.979          49.000                                                                  
R24  25111186.634   134280930.331        3112.981          47.000    25111192.170   104440796.433        2421.039          45.000  
G25  26165802.654   137502346.090        1328.699          39.000    26165815.262   107144780.585        1035.181          41.000  
E18  28717890.750   150913797.800       -5887.948          41.000    28717893.846   115635391.969       -4511.912          43.000  
E21  29024338.261   152524041.725         901.872          42.000    29024350.050   116869204.712         691.054          45.000  
G10  27795375.056   146065679.095        -968.070          40.000    27795378.928   113817556.918        -754.039          38.000  
G13  23897298.875   125581152.052       -3686.492          49.000                                                                  
E19  29944705.682   157360498.332        1868.679          34.000    29944711.465   120574942.093        1431.711          39.000  
E07  26286556.795   138136804.797       -2544.188          47.000    26286559.835   105845091.836       -1949.413          50.000  
E15  30183984.495   158617896.602        1570.239          38.000    30183999.579   121538611.516        1202.667          37.000  
G22  25807821.937   135621188.480       -3732.307          45.000                                                                  
G24  23696131.729   124524259.252        1009.529          48.000    23696131.386    97032163.911         786.539          47.000  
G15  23232811.844   122089270.604       -2224.438          47.000    23232809.425    95134551.763       -1733.508          42.000  
E30  27509978.965   144566080.046       -2520.614          47.000    27509981.675   110771521.051       -1931.449          51.000  
E27  26102607.571   137170378.032        -768.734          46.000    26102610.889   105104725.812        -589.088          49.000  
> 2024 06 08 19 31 30.0080000  0 31                     
E08  30054965.965   157939641.097       -3806.371          40.000    30054984.207   121018596.566       -2916.675          40.000  
G23  27149632.142   142672129.994       -2138.900          41.000    27149637.105   111173089.466       -1667.067          37.000  
G11  27645208.347   145276543.556        1646.683          40.000    27645224.291   113202562.638        1283.128          38.000  
G12  24156533.602   126943661.712         455.173          47.000    24156532.900    98917684.057         354.600          43.000  
R13  23247779.632   124141846.429       -1946.369          38.000    23247778.303    96555054.000       -1513.794          39.000  
R12  25910543.393                       -3028.172          19.000                                                                  
R14  23574422.003   125665183.891         398.782          50.000    23574424.044    97739780.056         310.248          47.000  
R03  22699491.056   121512127.980       -3192.675          52.000    22699487.637    94509498.450       -2483.115          46.000  
R22  25497279.068   136106207.574       -2404.983          48.000    25497279.273   105860465.754       -1870.527          43.000  
R04  23349736.186   125036769.596         633.130          51.000    23349732.901    97250832.597         492.456          47.000  
G19  23816831.906   125158609.649       -2407.120          46.000                                                                  
S31  40981586.948   215359624.177        -760.172          45.000  
S33  41973765.799   220573503.338        -761.949          41.000  
G17  25077730.031   131784630.835       -3458.363          44.000    25077728.749   102689440.697       -2694.767          41.000  
G06  26816075.250   140919559.922        1351.675          41.000    26816079.831   109807563.106        1052.977          40.000  
R02  25513516.936   136145002.196       -5156.976          42.000    25513535.787   105890337.053       -4010.494          42.000  
R23  23834695.726   127499705.484         717.185          48.000                                                                  
R24  25093720.648   134187532.296        3113.658          47.000    25093725.918   104368154.326        2421.881          45.000  
G25  26158224.505   137462522.364        1326.324          39.000    26158236.403   107113749.620        1033.722          40.000  
E18  28751491.433   151090365.863       -5882.959          41.000    28751493.355   115770684.316       -4507.701          43.000  
E21  29019192.688   152497007.765         900.265          42.000    29019205.823   116848490.703         689.931          46.000  
G10  27800936.595   146094906.827        -980.144          40.000    27800940.825   113840331.723        -764.063          39.000  
G13  23918369.453   125691879.104       -3695.337          48.000                                                                  
E19  29934043.728   157304468.268        1866.882          34.000    29934049.469   120532009.932        1430.469          40.000  
E07  26301103.460   138213246.156       -2551.934          47.000    26301106.405   105903663.671       -1955.264          50.000  
E15  30175007.107   158570722.463        1574.964          39.000    30175022.494   121502465.641        1206.697          38.000  
G22  25829120.786   135733113.787       -3729.378          45.000                                                                  
G24  23690374.322   124494003.784        1007.604          48.000    23690374.213    97008588.219         785.140          47.000  
G15  23245548.420   122156199.465       -2237.445          47.000    23245545.339    95186703.985       -1743.536          42.000  
E30  27524361.257   144641658.313       -2517.831          47.000    27524363.697   110829431.662       -1929.275          51.000  
E27  26107002.332   137193470.002        -770.687          47.000    26107004.766   105122419.668        -590.605          49.000  
> 2024 06 08 19 32 00.0080000  0 30                     
E08  30076690.548   158053795.325       -3803.975          41.000    30076707.610   121106064.685       -2914.479          40.000  
G23  27161860.650   142736392.381       -2145.293          39.000    27161865.223   111223163.660       -1672.061          36.000  
G11  27635781.474   145227007.031        1655.565          41.000    27635798.116   113163963.039        1290.069          38.000  
G12  24153949.927   126930082.704         450.133          47.000    24153948.731    98907103.055         350.645          42.000  
R13  23258707.407   124200207.0381      -1944.037          38.000    23258706.862    96600443.244       -1512.360          39.000  
R14  23572176.966   125653214.698         398.945          50.000    23572178.308    97730470.717         310.088          46.000  
R03  22717431.627   121608162.117       -3209.757          52.000    22717428.446    94584191.534       -2496.543          47.000  
R22  25510846.093   136178631.409       -2423.468          47.000    25510846.038   105916795.478       -1884.728          43.000  
R04  23346249.289   125018099.992         611.383          50.000    23346246.184    97236311.754         475.592          47.000  
G19  23830612.998   125231033.550       -2421.257          46.000                                                                  
S31  40985914.881   215382366.873        -756.247          45.000  
S33  41978104.597   220596302.823        -758.330          40.000  
G17  25097501.409   131888528.897       -3468.323          45.000    25097499.590   102770400.189       -2702.557          41.000  
G06  26808361.616   140879028.850        1350.179          41.000    26808366.428   109775980.921        1052.081          40.000  
R02  25542498.782   136299667.5011      -5153.171          41.000    25542517.444   106010620.758       -4008.378          41.000  
R23  23830725.128   127478464.237         698.825          48.000                                                                  
R24  25076247.821   134094102.233        3114.833          47.000    25076252.979   104295487.323        2422.648          45.000  
G25  26150657.242   137422751.801        1324.792          40.000    26150667.829   107082760.045        1032.367          40.000  
E18  28785060.239   151266770.958       -5877.464          41.000    28785062.072   115905851.794       -4503.339          43.000  
E21  29014055.004   152470010.994         899.242          42.000    29014068.220   116827805.209         688.971          46.000  
G10  27806567.031   146124490.408        -991.887          42.000    27806571.062   113863383.813        -773.216          40.000  
G13  23939487.234   125802860.117       -3703.535          47.000                                                                  
E19  29923388.837   157248472.038        1865.772          35.000    29923394.075   120489103.758        1429.314          40.000  
E07  26315691.948   138289908.721       -2559.055          47.000    26315695.216   105962405.010       -1960.874          51.000  
E15  30166001.177   158523398.191        1580.038          39.000    30166016.905   121466204.713        1210.770          39.000  
G22  25850401.268   135844941.927       -3726.169          45.000                                                                  
G24  23684625.602   124463795.383        1006.079          48.000    23684625.774    96985049.206         783.889          47.000  
G15  23258357.044   122223509.308       -2250.006          47.000    23258354.231    95239153.055       -1753.180          41.000  
E30  27538724.587   144717141.760       -2514.457          47.000    27538727.614   110887269.605       -1926.721          51.000  
E27  26111406.400   137216611.195        -772.132          47.000    26111408.173   105140151.242        -591.672          49.000  
> 2024 06 08 19 32 30.0080000  0 31                     
E08  30098401.341   158167883.443       -3801.903          41.000    30098418.477   121193482.205       -2913.163          40.000  
G23  27174127.531   142800852.020       -2152.220          40.000    27174131.589   111273391.467       -1676.699          34.000  
G11  27626306.419   145177219.275        1663.531          41.000    27626323.615   113125167.718        1295.990          38.000  
G12  24151397.073   126916669.201         444.057          47.000    24151395.584    98896651.040         345.894          42.000  
R13  23269626.345   124258514.853       -1942.859          39.000    23269626.586    96645793.738       -1511.469          40.000  
R14  23569930.902   125641250.412         398.345          49.000    23569932.833    97721165.190         309.857          46.000  
R03  22735468.912   121704719.829       -3227.514          51.000    22735466.929    94659291.792       -2510.190          48.000  
R22  25524518.908   136251614.655       -2442.277          48.000    25524518.027   105973560.305       -1899.646          43.000  
R04  23342885.591   125000091.134         589.008          50.000    23342882.824    97222304.833         458.014          47.000  
G19  23844475.864   125303882.286       -2435.608          46.000                                                                  
S31  40990222.227   215405002.893        -752.717          45.000  
S33  41982422.962   220618996.367        -754.759          40.000  
G17  25117330.847   131992732.454       -3478.873          45.000    25117328.800   102851597.724       -2710.660          42.000  
G06  26800658.733   140838551.212        1348.070          41.000    26800662.912   109744440.370        1050.236          39.000  
R02  25571465.804   136454227.842       -5150.693          44.000    25571482.569   106130833.750       -4006.058          43.000  
R23  23826859.940   127457788.478         679.474          48.000                                                                  
R24  25058771.748   134000650.282        3114.943          48.000    25058775.702   104222803.262        2422.717          45.000  
G25  26143100.255   137383039.955        1322.382          40.000    26143110.226   107051816.237        1030.627          39.000  
E18  28818598.104   151443016.118       -5872.206          41.000    28818600.493   116040896.704       -4499.555          42.000  
E21  29008926.092   152443056.879         897.746          42.000    29008938.700   116807152.368         687.875          46.000  
G10  27812265.946   146154434.450       -1004.276          41.000    27812269.736   113886716.734        -782.530          41.000  
G13  23960655.391   125914098.404       -3712.491          47.000                                                                  
E19  29912741.118   157192516.944        1864.151          35.000    29912746.242   120446229.081        1428.419          40.000  
E07  26330323.506   138366797.197       -2566.936          46.000    26330326.821   106021319.429       -1966.756          51.000  
E15  30156967.825   158475931.725        1584.284          39.000    30156983.844   121429834.839        1213.740          39.000  
G22  25871664.109   135956677.449       -3722.911          44.000                                                                  
G24  23678887.326   124433641.592        1003.864          48.000    23678888.149    96961552.742         782.198          47.000  
G15  23271239.542   122291204.336       -2263.074          47.000    23271236.341    95291902.286       -1763.623          42.000  
E30  27553071.727   144792535.327       -2511.698          47.000    27553074.373   110945038.687       -1924.650          50.000  
E27  26115821.016   137239806.415        -774.235          47.000    26115821.953   105157924.216        -593.304          48.000  
R05                                                                  26890268.464                        2305.591          12.000  
> 2024 06 08 19 33 00.0080000  0 30                     
E08  30120101.312   158281915.499       -3800.198          40.000    30120118.798   121280856.770       -2911.738          40.000  
G23  27186432.606   142865518.054       -2159.126          40.000    27186437.842   111323780.181       -1682.786          35.000  
G11  27616787.222   145127194.505        1671.063          41.000    27616803.412   113086187.726        1301.991          38.000  
G12  24148877.843   126903432.676         438.213          46.000    24148876.563    98886336.947         341.420          41.000  
R13  23280539.844   124316772.9481      -1941.583          40.000    23280538.329    96691114.124       -1510.321          39.000  
R14  23567688.528   125629302.323         397.841          49.000    23567692.601    97711872.250         309.523          47.000  
R03  22753606.657   121801809.331       -3245.293          51.000    22753603.665    94734805.679       -2524.118          48.000  
R22  25538297.529   136325167.352       -2461.432          48.000    25538296.769   106030768.009       -1914.108          43.000  
R04  23339649.279   124982756.654         566.479          51.000    23339645.826    97208822.418         440.515          47.000  
G19  23858421.494   125377165.642       -2449.978          47.000                                                                  
S31  40994512.145   215427544.872        -749.995          45.000  
S33  41986723.217   220641594.685        -752.003          40.000  
G17  25137219.798   132097250.548       -3489.200          45.000    25137217.785   102933040.404       -2718.854          41.000  
G06  26792968.790   140798141.733        1345.768          41.000    26792972.771   109712952.946        1048.726          38.000  
R02  25600415.496   136608704.775       -5148.082          43.000    25600431.268   106250981.876       -4004.023          41.000  
R23  23823103.022   127437693.350         659.992          48.000                                                                  
R24  25041294.014   133907192.781        3115.125          48.000    25041297.975   104150114.868        2422.839          45.000  
G25  26135556.865   137343398.241        1320.074          41.000    26135565.664   107020926.973        1028.638          39.000  
E18  28852107.423   151619110.755       -5867.205          41.000    28852110.208   116175826.435       -4495.517          42.000  
E21  29003807.523   152416156.799         895.613          42.000    29003819.579   116786540.905         686.402          46.000  
G10  27818033.764   146184749.408       -1016.979          40.000    27818037.136   113910338.748        -792.709          39.000  
G13  23981874.284   126025603.314       -3721.398          48.000                                                                  
E19  29902103.423   157136616.503        1861.978          35.000    29902108.567   120403396.272        1427.263          39.000  
E07  26344999.096   138443922.152       -2574.948          46.000    26345003.171   106080415.062       -1972.870          51.000  
E15  30147910.629   158428336.700        1588.883          39.000    30147926.289   121393366.447        1217.010          40.000  
G22  25892910.789   136068331.159       -3720.367          44.000                                                                  
G24  23673162.294   124403555.786        1001.635          48.000    23673162.973    96938109.252         780.538          47.000  
G15  23284196.557   122359294.407       -2276.331          46.000    23284193.689    95344959.353       -1773.773          42.000  
E30  27567403.696   144867849.886       -2509.333          48.000    27567406.255   111002747.216       -1922.590          50.000  
E27  26120246.361   137263066.344        -776.413          47.000    26120248.271   105175746.787        -594.924          48.000  
> 2024 06 08 19 33 30.0080000  0 31                     
E08  30141790.206   158395890.801       -3798.173          40.000    30141808.193   121368187.868       -2910.173          41.000  
G23  27198776.684   142930388.656       -2165.594          39.000    27198783.675   111374328.303       -1687.432          37.000  
G11  27607222.434   145076935.826        1679.286          41.000    27607238.760   113047025.511        1308.323          38.000  
G12  24146392.307   126890372.665         432.483          45.000    24146391.597    98876160.370         337.163          42.000  
R13  23291443.929   124375003.645       -1940.137          39.000    23291443.552    96736404.627       -1509.045          39.000  
R14  23565451.224   125617370.086         397.584          50.000    23565455.315    97702591.687         309.133          47.000  
R03  22771841.468   121899428.091       -3262.547          50.000    22771839.935    94810731.227       -2537.623          48.000  
R22  25552183.434   136399288.567       -2480.010          48.000    25552181.720   106088417.887       -1928.955          43.000  
R04  23336539.087   124966099.035         544.177          51.000    23336535.296    97195866.460         423.029          47.000  
G19  23872449.727   125450882.492       -2464.243          48.000                                                                  
S31  40998783.910   215449993.382        -746.684          45.000  
S33  41991005.421   220664099.418        -748.433          40.000  
G17  25157168.245   132202081.556       -3499.450          45.000    25157166.328   103014726.890       -2726.899          41.000  
G06  26785292.411   140757804.320        1343.536          42.000    26785296.305   109681521.644        1047.057          38.000  
R02  25629349.669   136763095.180       -5144.702          44.000    25629364.602   106371062.791       -4001.349          41.000  
R23  23819455.524   127418182.407         640.711          47.000                                                                  
R24  25023816.278   133813734.762        3115.430          48.000    25023820.259   104077426.027        2423.152          45.000  
R05  26857067.341   143566429.0201       2949.240          29.000    26857064.897                        2291.638          25.000  
G25  26128025.511   137303827.256        1318.073          42.000    26128035.749   106990092.833        1026.971          40.000  
E18  28885588.432   151795052.537       -5862.003          42.000    28885590.832   116310638.990       -4491.759          42.000  
E21  28998699.579   152389311.214         893.821          43.000    28998710.675   116765971.196         685.096          46.000  
G10  27823872.009   146215435.047       -1029.054          42.000    27823876.089   113934249.607        -801.639          40.000  
G13  24003143.840   126137373.473       -3729.979          48.000                                                                  
E19  29891475.836   157080773.094        1860.755          34.000    29891481.598   120360607.213        1425.707          39.000  
E07  26359719.360   138521283.216       -2582.406          45.000    26359724.618   106139691.631       -1978.775          51.000  
E15  30138828.953   158380616.077        1592.836          39.000    30138844.851   121356801.793        1220.621          40.000  
G22  25914141.308   136179901.676       -3717.214          42.000                                                                  
G24  23667451.118   124373540.522         999.530          49.000    23667450.742    96914720.738         778.693          47.000  
G15  23297228.341   122427778.578       -2289.209          47.000    23297225.583    95398323.545       -1783.636          42.000  
E30  27581720.383   144943085.390       -2506.404          48.000    27581723.253   111060395.191       -1920.538          50.000  
E27  26124684.509   137286390.844        -778.507          47.000    26124687.121   105193618.816        -596.460          49.000  
> 2024 06 08 19 34 00.0080000  0 31                     
E08  30163470.920   158509823.514       -3797.234          40.000    30163489.231   121455486.372       -2909.688          40.000  
G23  27211162.464   142995477.149       -2173.562          39.000    27211170.818   111425046.237       -1693.965          36.000  
G11  27597617.107   145026461.750        1685.920          41.000    27597633.587   113007695.468        1313.558          39.000  
G12  24143943.930   126877504.290         425.333          45.000    24143943.258    98866133.130         331.488          43.000  
R13  23302343.912   124433207.4401      -1940.363          40.000    23302343.945    96781678.131       -1509.363          39.000  
R14  23563218.700   125605469.141         395.606          49.000    23563221.183    97693335.469         307.695          45.000  
R03  22790178.481   121997587.892       -3281.391          50.000    22790177.083    94887077.545       -2552.186          48.000  
R22  25566177.537   136473992.701       -2500.301          48.000    25566176.876   106146521.157       -1944.671          43.000  
R04  23333558.038   124950135.919         520.032          50.000    23333553.594    97183450.681         404.437          46.000  
G19  23886562.892   125525046.509       -2480.100          48.000                                                                  
S31  41003040.721   215472363.121        -744.650          45.000  
S33  41995273.422   220686526.313        -746.426          40.000  
G17  25177179.307   132307238.172       -3511.048          44.000    25177176.975   103096667.096       -2735.999          41.000  
G06  26777633.098   140717557.752        1339.735          40.000    26777636.967   109650161.133        1043.970          38.000  
R02  25658269.061   136917434.6431      -5143.195          42.000    25658284.264   106491086.170       -4000.256          41.000  
R23  23815921.456   127399274.654         619.752          48.000                                                                  
R24  25006342.234   133720296.788        3113.738          48.000    25006345.922   104004752.746        2421.799          44.000  
R05  26840538.728   143478080.4171       2940.381          34.000    26840538.217   111594051.0671       2287.345          31.000  
G25  26120511.795   137264342.552        1314.264          41.000    26120521.706   106959325.890        1023.853          40.000  
E18  28919042.585   151970854.806       -5858.004          42.000    28919045.117   116445344.643       -4488.717          43.000  
E21  28993604.470   152362535.614         890.940          43.000    28993615.198   116745455.105         682.750          46.000  
G10  27829785.474   146246505.995       -1042.698          43.000    27829789.531   113958460.646        -812.127          40.000  
G13  24024466.513   126249422.567       -3740.082          49.000                                                                  
E19  29880860.642   157025004.281        1857.514          34.000    29880868.678   120317875.302        1423.179          38.000  
E07  26374487.804   138598895.157       -2591.649          44.000    26374493.845   106199160.410       -1985.840          51.000  
E15  30129727.482   158332787.682        1595.747          40.000    30129742.627   121320154.582        1222.681          40.000  
G22  25935360.096   136291404.451       -3716.138          42.000                                                                  
G24  23661756.558   124343613.430         995.722          49.000    23661755.604    96891400.915         775.988          46.000  
G15  23310337.437   122496671.245       -2303.632          46.000    23310336.226    95452006.031       -1794.836          43.000  
E30  27596025.345   145018256.902       -2505.053          48.000    27596027.749   111117994.124       -1919.461          50.000  
E27  26129137.689   137309794.758        -781.827          46.000    26129140.978   105211551.687        -599.134          49.000  
> 2024 06 08 19 34 30.0080000  0 31                     
E08  30185150.959   158623754.588       -3798.122          39.000    30185170.019   121542783.642       -2910.200          41.000  
G23  27223598.138   143060823.381       -2183.024          40.000    27223606.272   111475964.985       -1701.072          37.000  
G11  27587978.640   144975817.181        1690.329          40.000    27587995.741   112968232.557        1316.914          39.000  
G12  24141540.287   126864869.633         416.855          46.000    24141539.393    98856288.005         324.843          43.000  
R13  23313248.854   124491436.880       -1941.608          40.000    23313248.297    96826967.685       -1510.602          38.000  
R14  23561000.079   125593641.906         392.572          49.000    23561000.656    97684136.634         305.260          45.000  
R03  22808624.307   122096328.028       -3301.382          51.000    22808622.406    94963875.238       -2567.899          48.000  
R22  25580289.507   136549320.912       -2521.775          49.000    25580287.978   106205109.828       -1961.313          44.000  
R04  23330713.832   124934911.966         494.708          50.000    23330709.541    97171609.848         384.674          45.000  
G19  23900768.424   125599698.425       -2497.053          48.000                                                                  
S31  41007290.983   215494697.950        -744.373          45.000  
S33  41999534.506   220708917.528        -746.235          40.000  
G17  25197259.463   132412760.573       -3523.983          44.000    25197257.386   103178892.355       -2746.064          41.000  
G06  26770000.400   140677447.457        1334.335          40.000    26770004.507   109618906.784        1039.783          39.000  
R02  25687180.742   137071715.587       -5142.530          43.000    25687196.928   106611082.004       -3999.717          42.000  
R23  23812508.376   127381016.759         597.217          48.000                                                                  
R24  24988880.874   133626926.668        3110.715          48.000    24988884.322   103932132.207        2419.445          44.000  
R05  26824067.442   143390020.738        2930.087          40.000    26824068.959   111525560.112        2278.956          37.000  
G25  26113021.903   137224986.343        1309.296          40.000    26113032.590   106928659.038        1020.508          40.000  
E18  28952477.862   152146557.342       -5855.438          42.000    28952480.204   116579973.866       -4486.732          43.000  
E21  28988530.146   152335872.150         886.523          43.000    28988541.169   116725024.943         679.153          46.000  
G10  27835780.276   146278003.510       -1057.478          41.000    27835785.408   113983004.057        -824.027          40.000  
G13  24045850.093   126361790.489       -3751.378          49.000                                                                  
E19  29870271.788   156969354.482        1852.789          34.000    29870278.658   120275234.570        1419.421          38.000  
E07  26389312.152   138676799.264       -2602.159          44.000    26389318.134   106258853.042       -1993.685          51.000  
E15  30120613.285   158284896.032        1597.013          39.000    30120628.524   121283458.957        1223.687          41.000  
G22  25956573.609   136402880.386       -3715.761          41.000                                                                  
G24  23656087.276   124313818.680         990.541          49.000    23656085.585    96868184.230         771.876          46.000  
G15  23323533.721   122566013.063       -2319.287          46.000    23323532.000    95506038.468       -1807.105          43.000  
E30  27610326.029   145093406.020       -2505.014          48.000    27610328.094   111175575.916       -1919.413          49.000  
E27  26133614.489   137333319.604        -786.624          46.000    26133617.440   105229577.193        -602.675          49.000  
> 2024 06 08 19 35 00.0080000  0 31                     
E08  30206837.531   158737718.476       -3799.025          38.000    30206857.019   121630106.131       -2911.454          41.000  
G23  27236088.653   143126460.874       -2192.869          40.000    27236096.945   111527110.684       -1708.923          36.000  
G11  27578316.438   144925040.639        1694.813          40.000    27578332.565   112928666.816        1320.362          38.000  
G12  24139187.837   126852503.803         407.663          48.000    24139186.503    98846652.349         317.587          44.000  
R13  23324164.174   124549737.4521      -1944.043          39.000    23324163.096    96872301.674       -1512.298          38.000  
R14  23558802.514   125581924.002         388.696          49.000    23558804.046    97675022.783         302.329          46.000  
R03  22827185.406   122195681.706       -3322.058          52.000    22827182.439    95041150.116       -2583.900          47.000  
R22  25594523.927   136625307.950       -2543.976          48.000    25594522.545   106264210.910       -1978.680          43.000  
R04  23328016.715   124920465.702         468.439          50.000    23328011.335    97160373.845         364.374          46.000  
G19  23915073.435   125674872.744       -2514.471          48.000                                                                  
S31  41011541.205   215517033.009        -744.752          45.000  
S33  42003795.726   220731309.793        -746.682          40.000  
G17  25217415.384   132518681.609       -3537.521          44.000    25217413.520   103261428.227       -2756.559          41.000  
G06  26762401.368   140637512.664        1328.132          40.000    26762404.861   109587789.160        1034.998          39.000  
R02  25716093.499   137226000.1201      -5142.639          42.000    25716109.562   106731076.008       -4000.040          42.000  
R23  23809223.736   127363447.684         573.990          48.000                                                                  
R24  24971439.423   133533665.695        3106.691          48.000    24971443.874   103859596.530        2416.504          44.000  
R05  26807657.287   143302289.6001       2918.485          44.000    26807658.017   111457327.752        2269.967          42.000  
G25  26105562.944   137185794.516        1303.546          40.000    26105574.211   106898120.257        1015.613          40.000  
E18  28985900.067   152322193.624       -5853.428          42.000    28985902.794   116714552.297       -4485.217          43.000  
E21  28983483.946   152309356.624         881.286          43.000    28983495.078   116704708.124         675.166          46.000  
G10  27841862.555   146309962.393       -1073.320          40.000    27841866.462   114007907.004        -836.234          39.000  
G13  24067300.282   126474510.640       -3763.264          49.000                                                                  
E19  29859712.458   156913861.327        1847.199          35.000    29859718.621   120232713.841        1415.288          38.000  
E07  26404199.470   138755030.512       -2613.266          45.000    26404204.901   106318796.347       -2002.349          50.000  
E15  30111494.734   158236979.417        1597.412          39.000    30111509.515   121246744.221        1223.997          40.000  
G22  25977788.469   136514364.456       -3716.431          41.000                                                                  
G24  23650449.769   124284194.177         984.591          49.000    23650448.136    96845100.216         767.113          46.000  
G15  23336821.234   122635838.453       -2335.693          47.000    23336818.950    95560447.737       -1820.093          42.000  
E30  27624628.542   145168568.101       -2505.750          48.000    27624630.738   111233167.640       -1920.018          49.000  
E27  26138121.770   137357000.439        -792.084          47.000    26138123.560   105247722.233        -606.923          49.000  
> 2024 06 08 19 35 30.0080000  0 31                     
E08  30228534.982   158851738.071       -3801.781          38.000    30228554.758   121717471.273       -2912.910          41.000  
G23  27248639.542   143192411.392       -2203.982          40.000    27248647.349   111578500.242       -1717.179          37.000  
G11  27568633.731   144874159.311        1697.434          40.000    27568649.386   112889019.444        1322.844          38.000  
G12  24136890.873   126840430.687         397.381          48.000    24136889.340    98837244.780         309.667          44.000  
R13  23335094.530   124608105.944       -1947.296          39.000    23335094.641    96917699.355       -1514.557          38.000  
R14  23556628.685   125570339.259         383.724          48.000    23556631.845    97666012.494         298.310          47.000  
R03  22845864.966   122295669.207       -3343.623          52.000    22845860.908    95118917.977       -2600.686          47.000  
R22  25608886.677   136701976.756       -2567.183          49.000    25608885.281   106323842.218       -1996.526          43.000  
R04  23325469.173   124906823.401         441.193          50.000    23325465.511    97149763.138         343.182          47.000  
G19  23929482.449   125750591.522       -2533.214          48.000                                                                  
S31  41015796.250   215539392.921        -746.021          45.000  
S33  42008061.535   220753727.026        -747.873          40.000  
G17  25237651.534   132625023.314       -3551.990          43.000    25237649.718   103344291.897       -2767.803          41.000  
G06  26754840.064   140597780.818        1320.585          40.000    26754844.266   109556829.609        1029.180          39.000  
R02  25745009.311   137380296.888       -5143.671          43.000    25745024.973   106851084.193       -4000.549          42.000  
R23  23806073.576   127346595.669         549.558          48.000                                                                  
R24  24954024.855   133440543.281        3101.573          48.000    24954029.115   103787168.634        2412.266          44.000  
R05  26791313.538   143214923.061        2905.838          43.000    26791315.074   111389375.871        2260.088          43.000  
G25  26098140.282   137146791.180        1296.777          40.000    26098151.943   106867728.324        1010.266          41.000  
E18  29019314.164   152497785.519       -5852.378          42.000    29019316.808   116849096.704       -4484.271          43.000  
E21  28978470.502   152283013.117         875.056          42.000    28978481.382   116684523.094         670.445          46.000  
G10  27848035.139   146342405.707       -1089.626          41.000    27848037.857   114033187.412        -849.008          37.000  
G13  24088821.406   126587605.386       -3776.289          48.000                                                                  
E19  29849187.257   156858551.099        1840.104          35.000    29849193.411   120190333.271        1410.323          38.000  
E07  26419153.230   138833612.141       -2625.449          45.000    26419158.485   106379008.121       -2011.629          50.000  
E15  30102376.744   158189064.251        1596.769          39.000    30102390.831   121210030.625        1223.676          41.000  
G22  25999008.865   136625880.072       -3718.044          41.000                                                                  
G24  23644849.633   124254766.134         977.401          48.000    23644848.088    96822169.273         761.565          46.000  
G15  23350205.624   122706169.733       -2353.046          48.000    23350202.466    95615251.196       -1833.594          41.000  
E30  27638938.725   145243766.707       -2507.414          48.000    27638940.751   111290787.344       -1921.364          49.000  
E27  26142662.924   137380860.793        -798.456          47.000    26142664.108   105266004.810        -611.863          49.000  
> 2024 06 08 19 36 00.0080000  0 31                     
E08  30250246.581   158965831.864       -3804.484          39.000    30250266.548   121804893.333       -2915.210          41.000  
G23  27261252.226   143258692.508       -2215.201          40.000    27261260.817   111630147.460       -1726.354          37.000  
G11  27558936.242   144823195.825        1699.973          40.000    27558950.454   112849308.080        1324.528          38.000  
G12  24134652.418   126828669.715         386.345          48.000    24134650.864    98828080.428         301.256          44.000  
R13  23346044.606   124666576.758       -1950.995          40.000    23346043.481    96963176.641       -1517.273          39.000  
R14  23554483.704   125558907.873         378.053          49.000    23554486.600    97657121.472         294.105          47.000  
R03  22864665.728   122396307.985       -3365.772          51.000    22864661.432    95197192.404       -2617.755          48.000  
R22  25623380.612   136779345.930       -2590.897          49.000    25623378.774   106384018.270       -2015.360          43.000  
R04  23323075.479   124894007.269         413.110          50.000    23323073.450    97139795.025         321.240          48.000  
G19  23943998.796   125826872.808       -2552.478          48.000                                                                  
S31  41020060.107   215561798.156        -748.196          45.000  
S33  42012335.834   220776188.849        -749.621          40.000  
G17  25257970.874   132731803.064       -3566.743          43.000    25257969.364   103427496.931       -2779.252          41.000  
G06  26747321.803   140558275.133        1312.623          38.000    26747326.148   109526046.281        1022.968          39.000  
R02  25773931.788   137534628.746       -5145.199          42.000    25773947.521   106971119.807       -4001.844          42.000  
R23  23803062.156   127330483.778         524.369          49.000                                                                  
R24  24936640.669   133347584.239        3095.532          48.000    24936644.902   103714867.745        2407.723          44.000  
R05  26775041.980   143127941.661        2892.399          43.000    26775044.112   111321723.494        2249.729          40.000  
G25  26090757.778   137107996.371        1289.551          41.000    26090769.141   106837498.881        1004.407          40.000  
E18  29052723.128   152673350.722       -5852.146          43.000    29052725.740   116983620.663       -4484.037          43.000  
E21  28973493.950   152256861.544         868.031          42.000    28973504.358   116664485.130         665.228          45.000  
G10  27854303.933   146375352.593       -1106.812          41.000    27854306.298   114058860.228        -862.268          37.000  
G13  24110416.391   126701092.505       -3789.646          47.000                                                                  
E19  29838701.562   156803445.582        1833.179          35.000    29838707.416   120148109.596        1404.542          38.000  
E07  26434177.768   138912563.249       -2638.241          46.000    26434182.471   106439502.994       -2021.441          50.000  
E15  30093262.340   158141172.839        1595.511          39.000    30093276.567   121173335.306        1222.584          40.000  
G22  26020238.381   136737445.980       -3719.944          41.000                                                                  
G24  23639290.491   124225556.557         969.695          48.000    23639290.093    96799408.577         755.611          47.000  
G15  23363688.798   122777025.765       -2370.917          48.000    23363685.767    95670463.549       -1847.314          41.000  
E30  27653259.241   145319021.338       -2509.701          48.000    27653261.293   111348449.958       -1923.001          49.000  
E27  26147240.368   137404919.892        -805.609          47.000    26147242.732   105284439.670        -617.276          49.000  
> 2024 06 08 19 36 30.0080000  0 31                     
E08  30271976.261   159080024.047       -3808.310          39.000    30271997.289   121892390.797       -2917.831          42.000  
G23  27273932.479   143325327.282       -2226.824          41.000    27273942.102   111682070.261       -1735.640          38.000  
G11  27549227.579   144772178.391        1701.300          41.000    27549241.469   112809554.684        1325.820          38.000  
G12  24132477.962   126817245.969         375.156          47.000    24132476.665    98819178.859         292.242          43.000  
R13  23357018.249   124725175.711       -1955.212          40.000    23357017.331    97008753.595       -1521.436          39.000  
R14  23552372.078   125547654.833         372.070          49.000    23552374.403    97648369.216         289.406          47.000  
R03  22883590.429   122497620.074       -3388.257          50.000    22883588.713    95275990.520       -2635.376          49.000  
R22  25638010.003   136857439.385       -2615.205          48.000    25638009.242   106444757.610       -2034.208          44.000  
R04  23320841.294   124882044.500         384.369          50.000    23320839.362    97130490.607         299.023          47.000  
G19  23958626.421   125903740.623       -2572.061          48.000                                                                  
S31  41024337.015   215584274.237        -750.426          45.000  
S33  42016623.566   220798721.752        -752.153          41.000  
G17  25278378.148   132839043.939       -3582.506          43.000    25278376.475   103511061.217       -2791.362          41.000  
G06  26739852.021   140519024.305        1304.047          39.000    26739856.274   109495461.541        1015.919          39.000  
R02  25802863.645   137689017.616       -5147.124          43.000    25802880.128   107091199.751       -4003.418          43.000  
R23  23800193.043   127315141.006         498.564          48.000                                                                  
R24  24919292.656   133254819.014        3088.894          48.000    24919295.983   103642717.573        2402.399          44.000  
R05  26758847.986   143041375.276        2878.788          40.000    26758849.698   111254393.942        2238.879          41.000  
G25  26083420.949   137069435.427        1281.451          42.000    26083430.852   106807451.605         998.511          40.000  
E18  29086131.331   152848912.261       -5851.949          43.000    29086133.907   117118141.851       -4483.995          43.000  
E21  28968557.787   152230927.180         860.749          42.000    28968568.681   116644613.582         659.586          44.000  
G10  27860675.092   146408827.356       -1124.928          42.000    27860677.670   114084944.394        -876.568          39.000  
G13  24132092.174   126814995.201       -3803.733          48.000                                                                  
E19  29828260.712   156748572.209        1824.786          36.000    29828265.016   120106063.744        1398.653          37.000  
E07  26449277.189   138991908.233       -2651.368          46.000    26449281.526   106500299.673       -2031.662          51.000  
E15  30084158.387   158093332.831        1593.642          39.000    30084172.063   121136679.403        1220.972          40.000  
G22  26041482.762   136849086.742       -3722.589          40.000                                                                  
G24  23633778.496   124196592.860         961.346          48.000    23633778.727    96776839.473         749.000          47.000  
G15  23377276.855   122848430.311       -2389.301          48.000    23377273.820    95726103.309       -1861.829          42.000  
E30  27667594.563   145394356.746       -2512.576          47.000    27667597.079   111406174.470       -1925.293          49.000  
E27  26151860.704   137429202.382        -813.251          46.000    26151864.119   105303045.698        -623.168          50.000  
> 2024 06 08 19 37 00.0080000  0 31                     
E08  30293726.358   159194318.828       -3811.874          39.000    30293747.269   121979966.910       -2920.797          42.000  
G23  27286680.876   143392318.840       -2239.157          41.000    27286690.867   111734271.018       -1744.958          37.000  
G11  27539510.712   144721115.219        1702.680          41.000    27539524.528   112769765.688        1326.514          39.000  
G12  24130368.579   126806164.210         363.554          46.000    24130366.853    98810543.757         283.290          42.000  
R13  23368017.275   124783908.363       -1960.059          41.000    23368016.205    97054434.492       -1524.689          39.000  
R14  23550295.135   125536585.427         365.663          49.000    23550298.365    97639759.784         284.525          48.000  
R03  22902642.375   122599607.172       -3410.944          50.000    22902641.297    95355313.622       -2652.955          49.000  
R22  25652776.480   136936261.168       -2639.710          49.000    25652775.074   106506063.412       -2053.263          44.000  
R04  23318767.889   124870942.444         355.396          50.000    23318766.406    97121855.651         276.550          46.000  
G19  23973365.925   125981198.485       -2591.827          48.000                                                                  
S31  41028628.912   215606826.755        -753.330          45.000  
S33  42020925.644   220821331.076        -755.305          40.000  
G17  25298873.926   132946748.684       -3598.132          42.000    25298871.872   103594987.001       -2803.625          41.000  
G06  26732433.100   140480037.185        1294.812          38.000    26732436.983   109465082.238        1009.050          39.000  
R02  25831806.048   137843465.196       -5149.413          41.000    25831824.090   107211325.372       -4005.122          44.000  
R23  23797469.369   127300575.923         472.229          47.000                                                                  
R24  24901982.686   133162258.207        3081.608          48.000    24901986.734   103570726.382        2396.747          44.000  
R05  26742733.843   142955234.055        2863.931          43.000    26742734.826   111187394.986        2227.814          38.000  
G25  26076128.819   137031113.806        1273.452          42.000    26076138.344   106777590.873         992.114          41.000  
E18  29119539.215   153024473.407       -5852.360          43.000    29119541.981   117252662.749       -4484.116          43.000  
E21  28963664.184   152205215.448         853.129          42.000    28963675.261   116624912.614         653.544          44.000  
G10  27867147.726   146442834.420       -1142.803          41.000    27867150.970   114111443.339        -890.305          40.000  
G13  24153846.890   126929316.933       -3818.064          48.000                                                                  
E19  29817864.827   156693938.297        1816.560          37.000    29817868.178   120064201.378        1392.118          37.000  
E07  26464451.771   139071651.696       -2664.986          46.000    26464456.342   106561401.669       -2041.998          51.000  
E15  30075066.336   158045552.152        1591.621          39.000    30075079.003   121100068.937        1219.777          40.000  
G22  26062742.243   136960807.117       -3725.717          41.000                                                                  
G24  23628314.830   124167882.622         952.589          48.000    23628315.396    96754467.868         742.217          47.000  
G15  23390969.559   122920387.089       -2407.997          47.000    23390967.161    95782173.389       -1876.569          43.000  
E30  27681946.489   145469778.054       -2515.742          47.000    27681949.460   111463964.790       -1927.701          50.000  
E27  26156524.288   137453713.089        -821.130          46.000    26156528.482   105321826.590        -629.094          50.000  
> 2024 06 08 19 37 30.0080000  0 32                     
E08  30315500.115   159308735.721       -3816.217          39.000    30315520.511   122067636.633       -2923.979          42.000  
G23  27299501.909   143459685.728       -2252.019          43.000    27299509.769   111786764.265       -1754.414          36.000  
G11  27529789.563   144670030.172        1702.849          42.000    27529803.225   112729959.592        1326.844          40.000  
G12  24128328.530   126795444.976         350.930          46.000    24128326.500    98802191.140         273.472          42.000  
R13  23379045.517   124842795.943       -1965.772          41.000    23379043.611    97100235.893       -1528.912          39.000  
R14  23548256.649   125525720.083         358.571          49.000    23548261.206    97631309.065         278.840          48.000  
R03  22921823.782   122702286.407       -3434.380          50.000    22921822.635    95435175.045       -2671.228          49.000  
R22  25667682.409   137015830.678       -2664.908          48.000    25667681.376   106567950.777       -2072.748          44.000  
R04  23316861.283   124860724.166         325.641          51.000    23316857.405    97113908.076         253.351          45.000  
G19  23988221.272   126059265.527       -2612.585          47.000                                                                  
S31  41032938.997   215629477.177        -756.717          45.000  
S33  42025246.777   220844037.847        -758.535          41.000  
G17  25319461.023   133054935.851       -3614.395          42.000    25319459.196   103679288.696       -2816.441          41.000  
G06  26725068.418   140441337.967        1284.312          39.000    26725072.161   109434927.259        1001.140          39.000  
R02  25860764.447   137997989.283       -5152.140          43.000    25860781.798   107331510.625       -4007.342          42.000  
R23  23794897.200   127286812.795         445.092          49.000                                                                  
R24  24884716.032   133069927.835        3073.538          48.000    24884719.633   103498914.402        2390.716          44.000  
R05  26726703.495   142869543.089        2848.490          44.000    26726702.775   111120746.332        2215.541          38.000  
R15  26933280.748   143923265.6561       1430.353          40.000                                                                  
G25  26068886.270   136993052.447        1263.901          41.000    26068895.843   106747932.947         985.029          40.000  
E18  29152950.680   153200052.696       -5853.301          42.000    29152953.717   117387197.557       -4484.883          42.000  
E21  28958817.320   152179747.238         844.689          42.000    28958828.581   116605398.209         647.101          44.000  
G10  27873722.467   146477393.753       -1161.210          39.000    27873727.724   114138372.616        -904.734          40.000  
G13  24175684.340   127044076.248       -3832.869          48.000                                                                  
E19  29807518.032   156639566.906        1807.909          36.000    29807521.739   120022540.210        1385.038          37.000  
E07  26479705.400   139151813.623       -2679.220          45.000    26479710.754   106622824.321       -2052.914          51.000  
E15  30065989.340   157997853.995        1588.216          39.000    30066002.094   121063521.762        1217.073          41.000  
G22  26084020.937   137072627.031       -3729.095          41.000                                                                  
G24  23622904.357   124139448.823         942.878          48.000    23622904.799    96732311.653         734.658          47.000  
G15  23404771.065   122992915.661       -2427.478          47.000    23404769.737    95838689.022       -1891.423          43.000  
E30  27696318.892   145545305.608       -2519.651          47.000    27696321.981   111521836.512       -1930.644          50.000  
E27  26161235.852   137478472.242        -829.701          46.000    26161240.098   105340797.838        -635.825          50.000  
> 2024 06 08 19 38 00.0080000  0 32                     
E08  30337300.159   159423293.182       -3820.938          40.000    30337320.500   122155414.105       -2927.632          42.000  
G23  27312396.726   143527445.293       -2264.994          43.000    27312404.380   111839563.467       -1765.216          36.000  
G11  27520068.146   144618945.832        1703.005          42.000    27520082.013   112690154.082        1326.631          40.000  
G12  24126361.656   126785107.642         338.273          47.000    24126359.650    98794136.110         263.617          42.000  
R13  23390106.292   124901861.9141      -1971.326          41.000    23390103.623    97146173.745       -1533.304          38.000  
R14  23546260.443   125515078.800         350.968          49.000    23546264.278    97623032.616         272.869          47.000  
R03  22941138.818   122805674.749       -3457.886          52.000    22941136.162    95515587.977       -2689.423          48.000  
R22  25682731.945   137096166.209       -2690.559          48.000    25682730.842   106630433.956       -2092.804          43.000  
R04  23315121.472   124851411.133         295.526          50.000    23315117.442    97106664.570         229.944          45.000  
G19  24003196.140   126137959.592       -2633.337          48.000                                                                  
S31  41037271.529   215652245.522        -760.821          46.000  
S33  42029589.929   220866863.049        -762.563          41.000  
G17  25340143.452   133163622.635       -3631.349          42.000    25340141.406   103763979.712       -2829.545          41.000  
G06  26717763.255   140402949.611        1274.366          39.000    26717766.448   109405014.437         993.397          36.000  
R02  25889740.405   138152610.2321      -5155.180          43.000    25889757.742   107451768.059       -4009.718          44.000  
R23  23792478.848   127273874.673         417.681          49.000                                                                  
R24  24867497.519   132977852.807        3064.951          48.000    24867499.835   103427301.015        2383.787          44.000  
R05  26710761.986   142784330.1951       2832.626          44.000    26710760.510   111054466.407        2203.294          40.000  
R15  26925269.560   143880432.712        1425.292          44.000                                                                  
G25  26061694.931   136955271.029        1253.954          37.000    26061705.878   106718493.205         977.888          39.000  
E18  29186368.726   153375667.858       -5854.087          43.000    29186372.213   117521759.958       -4485.724          43.000  
E21  28954021.912   152154542.153         835.883          43.000    28954032.522   116586085.431         640.568          44.000  
G10  27880406.285   146512523.860       -1180.264          39.000    27880411.881   114165746.649        -919.674          38.000  
G13  24197609.191   127159290.801       -3847.954          48.000                                                                  
E19  29797225.217   156585479.902        1798.438          36.000    29797229.500   119981096.888        1378.008          37.000  
E07  26495041.964   139232412.800       -2693.822          44.000    26495048.640   106684582.014       -2064.079          51.000  
E15  30056931.397   157950260.472        1584.838          39.000    30056944.651   121027054.791        1214.324          40.000  
G22  26105322.617   137184565.469       -3733.044          42.000                                                                  
G24  23617550.798   124111313.260         932.879          48.000    23617550.597    96710387.849         726.974          47.000  
G15  23418685.102   123066033.965       -2446.942          48.000    23418684.266    95895664.194       -1906.646          44.000  
E30  27710715.203   145620958.676       -2523.788          46.000    27710718.593   111579804.409       -1933.793          49.000  
E27  26165998.515   137503498.832        -838.476          46.000    26166002.387   105359973.993        -642.526          50.000  
> 2024 06 08 19 38 30.0080000  0 32                     
E08  30359128.212   159537999.017       -3826.313          40.000    30359148.503   122243305.295       -2931.471          42.000  
G23  27325367.052   143595604.347       -2278.904          42.000    27325374.756   111892673.920       -1775.873          36.000  
G11  27510348.757   144567874.307        1701.749          41.000    27510363.835   112650358.562        1326.077          42.000  
G12  24124469.643   126775160.634         324.830          48.000    24124467.347    98786385.229         253.080          43.000  
R13  23401201.144   124961109.600       -1977.944          40.000    23401198.406    97192255.299       -1539.147          37.000  
R14  23544308.406   125504669.917         342.864          50.000    23544310.044    97614936.966         266.603          46.000  
R03  22960587.524   122909777.629       -3482.188          53.000    22960582.985    95596556.683       -2708.446          48.000  
R22  25697926.330   137177275.426       -2716.719          48.000    25697924.546   106693518.911       -2113.151          43.000  
R04  23313552.597   124843014.427         264.410          49.000    23313548.962    97100133.755         205.756          45.000  
G19  24018292.184   126217288.132       -2655.130          48.000                                                                  
S31  41041628.420   215675140.722        -765.616          45.000  
S33  42033957.783   220889814.609        -767.531          40.000  
G17  25360921.894   133272815.674       -3648.691          42.000    25360919.993   103849065.197       -2842.645          41.000  
G06  26710520.038   140364884.673        1263.336          40.000    26710522.783   109375353.658         984.251          38.000  
R02  25918734.929   138307325.759       -5158.939          45.000    25918751.537   107572102.294       -4012.545          45.000  
R23  23790216.389   127261773.600         389.211          48.000                                                                  
R24  24850329.216   132886047.006        3055.383          49.000    24850331.283   103355896.974        2376.548          44.000  
R05  26694912.245   142699601.200        2815.812          43.000    26694910.220   110988566.013        2190.161          40.000  
R15  26917285.558   143837769.890        1419.060          47.000                                                                  
G25  26054559.108   136917778.643        1244.452          40.000    26054570.693   106689278.732         969.976          38.000  
E18  29219795.563   153551325.530       -5856.023          43.000    29219798.803   117656354.838       -4487.091          42.000  
E21  28949277.978   152129609.341         826.323          43.000    28949287.960   116566981.276         633.228          45.000  
G10  27887202.126   146548232.910       -1200.404          41.000    27887205.369   114193571.742        -934.906          37.000  
G13  24219622.307   127274967.850       -3863.768          48.000                                                                  
E19  29786988.430   156531688.224        1787.966          36.000    29786993.227   119939879.915        1369.814          37.000  
E07  26510464.256   139313457.469       -2709.071          44.000    26510471.170   106746681.058       -2075.724          51.000  
E15  30047896.765   157902783.154        1580.433          39.000    30047909.467   120990676.862        1210.974          41.000  
G22  26126647.714   137296630.222       -3737.762          42.000                                                                  
G24  23612256.119   124083487.184         922.134          48.000    23612255.096    96688705.215         718.506          47.000  
G15  23432713.152   123139749.986       -2467.381          48.000    23432712.171    95953105.131       -1922.664          44.000  
E30  27725137.270   145696745.940       -2528.570          47.000    27725140.458   111637875.140       -1937.607          49.000  
E27  26170813.440   137528801.358        -848.205          46.000    26170817.196   105379361.585        -649.906          50.000  
> 2024 06 08 19 39 00.0080000  0 33                     
E08  30380985.071   159652858.943       -3831.350          40.000    30381005.720   122331314.602       -2935.651          42.000  
G23  27338414.709   143664167.508       -2292.389          42.000    27338422.740   111946099.243       -1786.330          36.000  
G11  27500633.821   144516825.481        1701.180          41.000    27500649.252   112610580.784        1325.580          42.000  
G12  24122652.518   126765610.566         311.541          48.000    24122649.916    98778943.666         242.823          42.000  
E34  30098389.527   158168102.8981        456.306          27.000                                                                  
R13  23412332.124   125020549.544       -1984.762          41.000    23412330.066    97238486.343       -1543.623          37.000  
R14  23542400.791   125494500.295         334.846          49.000    23542401.277    97607027.394         260.522          46.000  
R03  22980167.864   123014598.014       -3506.000          51.000    22980164.413    95678083.462       -2726.905          48.000  
R22  25713266.501   137259163.411       -2742.645          47.000    25713265.870   106757209.617       -2133.366          44.000  
R04  23312156.932   124835542.474         233.636          49.000    23312153.779    97094322.218         181.787          46.000  
G19  24033509.623   126297256.151       -2676.358          48.000                                                                  
S31  41046010.516   215698170.247        -769.935          45.000  
S33  42038351.225   220912900.761        -771.750          40.000  
G17  25381798.025   133382519.554       -3665.615          43.000    25381796.007   103934548.774       -2856.235          41.000  
G06  26703339.529   140327153.482        1251.880          39.000    26703342.508   109345952.968         975.503          37.000  
R02  25947748.337   138462176.3641      -5162.501          43.000    25947764.862   107692515.915       -4014.970          45.000  
R23  23788112.918   127250520.028         360.840          48.000                                                                  
R24  24833212.122   132794522.679        3045.983          48.000    24833214.824   103284711.853        2369.179          44.000  
R05  26679155.475   142615371.517        2799.099          42.000    26679153.692   110923053.990        2177.074          40.000  
R15  26909334.528   143795284.062        1412.993          44.000                                                                  
G25  26047481.005   136880582.408        1235.197          40.000    26047490.911   106660294.997         962.432          36.000  
E18  29253231.276   153727030.570       -5857.763          43.000    29253234.271   117790986.023       -4488.512          43.000  
E21  28944586.316   152104955.724         816.994          44.000    28944596.674   116548091.041         625.915          45.000  
G10  27894110.011   146584526.675       -1219.870          42.000    27894112.260   114221852.522        -950.852          37.000  
G13  24241724.244   127391112.123       -3879.448          48.000                                                                  
E19  29776810.190   156478201.093        1777.392          36.000    29776814.945   119898896.279        1361.802          37.000  
E07  26525972.342   139394953.679       -2724.114          45.000    26525979.609   106809126.109       -2087.348          52.000  
E15  30038885.620   157855431.370        1576.129          40.000    30038897.990   120954395.157        1207.612          41.000  
G22  26147997.668   137408827.892       -3742.346          42.000                                                                  
G24  23607021.623   124055979.696         911.515          48.000    23607020.403    96667270.833         710.175          47.000  
G15  23446855.448   123214068.631       -2487.491          48.000    23446855.202    96011015.633       -1938.271          45.000  
E30  27739586.035   145772673.994       -2533.354          47.000    27739589.073   111696053.741       -1941.203          50.000  
E27  26175682.961   137554386.153        -857.586          47.000    26175685.540   105398965.457        -657.140          50.000  
> 2024 06 08 19 39 30.0080000  0 33                     
E08  30402874.556   159767889.707       -3837.058          40.000    30402895.395   122419454.856       -2939.999          42.000  
G23  27351542.970   143733150.348       -2306.444          42.000    27351551.135   111999851.590       -1796.809          38.000  
G11  27490927.350   144465820.317        1699.226          40.000    27490942.696   112570837.036        1324.194          42.000  
G12  24120914.047   126756475.292         297.731          48.000    24120911.306    98771825.314         232.072          42.000  
E34  30095824.399   158154640.774         441.215          29.000                                                                  
R13  23423502.766   125080200.043       -1991.813          41.000    23423501.975    97284881.189       -1549.367          37.000  
R14  23540541.352   125484588.011         326.227          49.000    23540544.085    97599317.942         253.640          47.000  
R03  22999883.879   123120150.912       -3530.537          48.000    22999883.703    95760179.949       -2745.942          49.000  
R22  25728755.475   137341846.713       -2769.289          46.000    25728755.024   106821518.917       -2153.928          44.000  
R04  23310938.318   124829015.245         201.849          49.000    23310934.641    97089245.458         157.147          46.000  
G19  24048852.093   126377879.996       -2698.565          47.000                                                                  
S31  41050422.475   215721353.014        -775.062          45.000  
S33  42042773.413   220936139.099        -777.187          40.000  
G17  25402773.885   133492749.607       -3683.091          43.000    25402772.362   104020442.325       -2870.057          42.000  
G06  26696227.078   140289777.402        1239.835          38.000    26696229.860   109316828.964         966.107          37.000  
R02  25976782.953   138617110.658       -5166.051          45.000    25976799.663   107813020.351       -4018.219          44.000  
R23  23786171.292   127240134.926         331.641          47.000                                                                  
R24  24816153.391   132703302.811        3035.605          49.000    24816155.977   103213763.509        2360.968          44.000  
R05  26663496.115   142531663.612        2781.418          42.000    26663494.865   110857947.826        2163.503          41.000  
R15  26901419.917   143752993.292        1406.571          45.000                                                                  
G25  26040462.074   136843700.321        1224.040          40.000    26040471.515   106631556.035         953.968          37.000  
E18  29286679.136   153902798.859       -5860.037          43.000    29286681.665   117925665.666       -4490.062          43.000  
E21  28939952.120   152080599.262         807.067          44.000    28939962.120   116529428.480         618.367          46.000  
G10  27901132.034   146621422.226       -1239.880          43.000    27901134.427   114250602.226        -965.967          38.000  
G13  24263917.832   127507739.196       -3895.548          48.000                                                                  
E19  29766694.343   156425038.452        1766.438          36.000    29766698.396   119858161.284        1353.527          37.000  
E07  26541570.142   139476918.542       -2739.998          45.000    26541577.100   106871930.245       -2099.413          52.000  
E15  30029902.352   157808225.490        1571.378          40.000    30029914.026   120918225.267        1203.918          41.000  
G22  26169377.432   137521175.748       -3747.388          43.000                                                                  
G24  23601851.424   124028810.991         900.153          48.000    23601850.633    96646100.435         701.222          47.000  
G15  23461115.780   123289006.556       -2508.224          48.000    23461115.542    96069408.663       -1954.316          45.000  
E30  27754064.590   145848760.295       -2538.746          47.000    27754067.918   111754353.593       -1945.323          50.000  
E27  26180609.011   137580270.621        -867.708          46.000    26180611.016   105418798.944        -665.003          49.000  
> 2024 06 08 19 40 00.0080000  0 33                     
E08  30424796.179   159883086.737       -3842.885          40.000    30424816.888   122507722.495       -2944.606          42.000  
G23  27364748.791   143802547.291       -2320.291          42.000    27364757.074   112053926.638       -1808.012          37.000  
G11  27481228.481   144414858.386        1697.917          39.000    27481244.887   112531127.043        1322.743          42.000  
G12  24119252.455   126747750.894         283.500          46.000    24119251.081    98765027.131         221.146          42.000  
E34  30093351.512   158141625.524         426.485          35.000    30093356.271   121173470.4531        326.698          37.000  
R13  23434710.983   125140046.9331      -1998.895          40.000    23434710.412    97331437.329       -1554.811          37.000  
R14  23538728.708   125474929.099         317.548          49.000    23538732.987    97591805.520         246.968          47.000  
R03  23019736.612   123226429.002       -3554.794          47.000    23019737.823    95842840.469       -2764.840          49.000  
R22  25744393.249   137425319.990       -2795.773          46.000    25744392.335   106886442.665       -2174.554          44.000  
R04  23309895.859   124823430.348         170.264          49.000    23309892.305    97084901.626         132.483          46.000  
G19  24064317.855   126459154.686       -2719.935          47.000                                                                  
S31  41054862.355   215744684.645        -780.571          45.000  
S33  42047224.404   220959528.307        -782.568          40.000  
G17  25423849.255   133603500.017       -3700.587          44.000    25423847.554   104106741.327       -2883.471          42.000  
G06  26689181.355   140252756.523        1227.977          39.000    26689185.297   109287981.687         956.792          37.000  
R02  26005838.341   138772154.990       -5170.183          39.000    26005854.819   107933610.323       -4021.204          45.000  
R23  23784391.933   127230617.685         302.561          48.000                                                                  
R24  24799151.930   132612388.953        3025.102          50.000    24799154.551   103143053.178        2352.772          44.000  
R05  26647933.593   142448480.7471       2763.901          43.000    26647933.519   110793247.752        2149.501          41.000  
R15  26893540.379   143710893.276        1399.767          45.000                                                                  
G25  26033502.641   136807129.025        1213.656          39.000    26033511.908   106603059.284         946.039          37.000  
E18  29320137.676   154078624.965       -5862.048          43.000    29320140.380   118060389.613       -4491.703          43.000  
E21  28935372.988   152056536.594         796.932          45.000    28935382.884   116510991.054         610.696          46.000  
G10  27908266.535   146658914.970       -1259.744          40.000    27908270.571   114279817.276        -981.701          39.000  
G13  24286201.023   127624844.051       -3911.589          46.000                                                                  
E19  29756639.162   156372199.057        1755.581          36.000    29756643.510   119817673.974        1345.555          37.000  
E07  26557256.373   139559347.790       -2755.573          46.000    26557263.002   106935090.200       -2111.410          51.000  
E15  30020946.313   157761164.705        1565.889          40.000    30020957.820   120882166.540        1199.927          41.000  
G22  26190784.406   137633669.676       -3752.454          43.000                                                                  
G24  23596745.377   124001979.938         888.432          47.000    23596745.188    96625193.142         692.319          48.000  
G15  23475493.094   123364558.606       -2528.970          48.000    23475492.520    96128280.254       -1970.603          44.000  
E30  27768573.199   145925001.190       -2544.042          47.000    27768576.191   111812771.891       -1949.378          50.000  
E27  26185590.197   137606450.809        -877.645          46.000    26185593.028   105438859.036        -672.498          49.000  
> 2024 06 08 19 40 30.0080000  0 33                     
E08  30446746.953   159998437.001       -3847.784          40.000    30446767.300   122596107.590       -2948.300          42.000  
G23  27378031.035   143872344.206       -2333.310          43.000    27378039.572   112108313.356       -1818.285          37.000  
G11  27471536.513   144363931.032        1696.506          40.000    27471553.401   112491443.965        1322.186          42.000  
G12  24117667.901   126739425.261         270.733          46.000    24117667.215    98758539.681         210.828          43.000  
E34  30090958.022   158129047.393         411.719          38.000    30090962.624   121163832.662         315.342          39.000  
R13  23445957.972   125200100.777       -2005.206          39.000    23445955.585    97378145.875       -1559.635          38.000  
R14  23536960.988   125465511.435         309.721          48.000    23536963.458    97584480.785         240.795          45.000  
R03  23039724.299   123333416.417       -3578.195          49.000    23039724.341    95926052.683       -2783.047          49.000  
R22  25760175.756   137509569.583       -2821.362          46.000    25760175.346   106951970.211       -2194.414          44.000  
R04  23309026.683   124818777.760         139.453          49.000    23309023.677    97081282.916         108.435          47.000  
G19  24079904.837   126541066.584       -2741.189          46.000                                                                  
S31  41059328.579   215768155.258        -784.853          45.000  
S33  42051701.614   220983054.839        -786.675          40.000  
G17  25445020.698   133714756.795       -3717.204          44.000    25445019.060   104193434.908       -2896.577          42.000  
G06  26682202.318   140216082.325        1216.195          35.000    26682206.431   109259404.626         947.676          39.000  
R02  26034910.952   138927293.785       -5172.859          44.000    26034928.107   108054273.860       -4023.488          45.000  
R23  23782773.513   127221959.280         274.081          48.000                                                                  
R24  24782206.426   132521774.170        3015.357          49.000    24782208.652   103072575.422        2345.380          45.000  
R05  26632468.892   142365809.629        2746.977          43.000    26632467.902   110728947.944        2136.763          39.000  
R15  26885695.322   143668971.721        1394.226          47.000                                                                  
G25  26026599.678   136770856.764        1203.762          40.000    26026609.420   106574795.598         938.139          38.000  
E18  29353604.440   154254495.078       -5863.144          43.000    29353607.273   118195147.305       -4492.605          43.000  
E21  28930847.993   152032755.940         787.783          45.000    28930857.134   116492769.723         603.662          45.000  
G10  27915510.888   146696992.167       -1279.139          39.000    27915516.127   114309487.764        -996.486          38.000  
G13  24308574.367   127742412.515       -3926.938          47.000                                                                  
E19  29746644.162   156319673.101        1745.633          37.000    29746647.819   119777426.843        1337.046          36.000  
E07  26573029.247   139642228.820       -2770.410          47.000    26573034.636   106998596.312       -2122.719          51.000  
E15  30012016.462   157714239.615        1561.495          40.000    30012027.550   120846211.791        1196.425          41.000  
G22  26212216.346   137746296.999       -3756.671          43.000                                                                  
G24  23591701.793   123975476.954         877.781          48.000    23591701.794    96604541.516         683.989          48.000  
G15  23489984.404   123440711.635       -2548.611          48.000    23489984.292    96187620.132       -1985.860          44.000  
E30  27783108.628   146001384.549       -2548.688          48.000    27783111.450   111871299.337       -1952.810          49.000  
E27  26190625.707   137632914.344        -887.109          45.000    26190629.326   105459136.234        -679.634          50.000  
> 2024 06 08 19 41 00.0080000  0 33                     
E08  30468725.091   160113931.126       -3852.479          40.000    30468745.571   122684602.945       -2951.763          42.000  
G23  27391388.580   143942530.588       -2346.076          42.000    27391396.177   112163003.547       -1828.416          36.000  
G11  27461850.315   144313032.862        1695.754          40.000    27461867.392   112451783.671        1321.225          43.000  
G12  24116158.306   126731489.635         257.848          47.000    24116157.316    98752356.100         200.909          43.000  
E34  30088644.850   158116900.025         397.443          37.000    30088650.675   121154524.967         304.584          40.000  
R13  23457237.811   125260352.2751      -2011.404          39.000    23457236.366    97425000.323       -1564.389          38.000  
R14  23535237.157   125456326.277         302.057          47.000    23535239.071    97577336.861         234.990          45.000  
R03  23059843.763   123441101.030       -3601.247          51.000    23059841.588    96009807.185       -2801.028          49.000  
R22  25776102.104   137594585.126       -2846.810          46.000    25776101.091   107018093.512       -2214.076          43.000  
R04  23308329.581   124815050.107         108.746          49.000    23308327.303    97078383.608          84.552          46.000  
G19  24095611.207   126623605.617       -2762.214          46.000                                                                  
S31  41063819.914   215791756.148        -789.023          45.000  
S33  42056202.993   221006711.854        -790.819          41.000  
G17  25466286.495   133826509.369       -3733.568          44.000    25466284.769   104280514.824       -2909.428          42.000  
G06  26675288.585   140179750.016        1205.110          39.000    26675292.490   109231093.890         938.923          38.000  
R02  26064000.379   139082515.489       -5175.747          44.000    26064016.384   108175001.961       -4025.545          45.000  
R23  23781314.829   127214153.854         245.806          48.000                                                                  
R24  24765316.004   132431454.878        3005.446          50.000    24765318.298   103002327.483        2337.678          45.000  
R05  26617099.636   142283649.113        2729.666          44.000    26617097.970   110665045.293        2123.354          40.000  
R15  26877881.905   143627219.633        1388.885          45.000                                                                  
G25  26019753.474   136734875.346        1194.377          41.000    26019762.009   106546758.515         930.862          39.000  
E18  29387077.184   154430398.895       -5864.167          43.000    29387080.530   118329930.845       -4493.355          43.000  
E21  28926374.227   152009249.121         778.844          44.000    28926383.427   116474758.236         596.759          45.000  
G10  27922866.254   146735644.706       -1298.282          41.000    27922870.068   114339606.479       -1011.576          38.000  
G13  24331033.837   127860434.322       -3941.869          48.000                                                                  
E19  29736707.047   156267454.724        1735.197          37.000    29736711.053   119737415.362        1329.689          36.000  
E07  26588885.577   139725552.482       -2784.947          47.000    26588890.343   107062441.595       -2133.958          51.000  
E15  30003110.467   157667444.438        1557.348          40.000    30003121.829   120810356.559        1193.406          41.000  
G22  26233672.189   137859048.861       -3760.797          43.000                                                                  
G24  23586719.758   123949296.030         867.182          48.000    23586719.753    96584140.841         675.645          48.000  
G15  23504587.919   123517455.944       -2568.130          47.000    23504587.918    96247420.739       -2001.360          44.000  
E30  27797669.361   146077901.816       -2553.070          47.000    27797672.244   111929929.386       -1956.196          49.000  
E27  26195713.685   137659652.420        -896.081          46.000    26195717.674   105479623.816        -686.499          50.000  
> 2024 06 08 19 41 30.0080000  0 33                     
E08  30490731.307   160229577.804       -3857.515          40.000    30490752.396   122773215.227       -2955.669          42.000  
G23  27404820.589   144013114.099       -2359.269          43.000    27404827.778   112218003.124       -1838.263          37.000  
G11  27452173.369   144262176.916        1694.536          40.000    27452189.690   112412156.299        1320.316          42.000  
G12  24114724.753   126723953.628         244.584          48.000    24114722.857    98746483.940         190.544          42.000  
E34  30086418.187   158105195.172         383.224          35.000    30086423.758   121145556.364         293.273          39.000  
R13  23468556.976   125320792.106       -2018.130          39.000    23468554.391    97472009.081       -1569.704          39.000  
R14  23533559.982   125447383.707         294.029          48.000    23533563.705    97570381.620         228.655          47.000  
R03  23080091.449   123549489.225       -3624.624          51.000    23080088.858    96094108.884       -2819.180          49.000  
R22  25792172.969   137680374.905       -2872.437          45.000    25792172.616   107084818.978       -2234.175          44.000  
R04  23307809.169   124812259.275          77.423          49.000    23307806.281    97076212.936          60.205          46.000  
G19  24111439.034   126706779.892       -2783.201          46.000                                                                  
S31  41068337.678   215815497.728        -793.617          45.000  
S33  42060731.719   221030510.061        -795.615          41.000  
G17  25487648.052   133938765.334       -3750.561          44.000    25487646.568   104367986.987       -2922.457          42.000  
G06  26668442.857   140143772.904        1193.276          39.000    26668446.414   109203060.036         929.546          39.000  
R02  26093105.464   139237826.325       -5178.314          46.000    26093121.518   108295799.367       -4027.673          45.000  
R23  23780017.823   127207214.926         216.852          48.000                                                                  
R24  24748483.712   132341446.420        2995.038          50.000    24748486.291   102932321.288        2329.579          45.000  
R05  26601828.797   142202013.525        2712.580          45.000    26601826.938   110601550.983        2109.488          41.000  
R15  26870101.454   143585646.731        1382.751          46.000                                                                  
G25  26012963.851   136699194.785        1184.257          42.000    26012971.512   106518955.834         922.658          39.000  
E18  29420558.333   154606344.285       -5865.592          42.000    29420561.746   118464746.229       -4494.579          43.000  
E21  28921953.466   151986026.034         769.254          43.000    28921963.773   116456964.160         589.489          45.000  
G10  27930333.294   146774881.149       -1317.448          40.000    27930336.299   114370180.246       -1026.459          37.000  
G13  24353580.308   127978917.213       -3957.107          48.000                                                                  
E19  29726830.717   156215555.834        1724.785          37.000    29726835.080   119697648.729        1321.755          37.000  
E07  26604827.567   139809327.837       -2800.095          47.000    26604832.075   107126632.964       -2145.408          51.000  
E15  29994231.864   157620791.725        1552.908          40.000    29994243.219   120774610.499        1189.583          41.000  
G22  26255153.818   137971934.312       -3765.173          43.000                                                                  
G24  23581801.547   123923449.306         855.786          48.000    23581801.294    96564000.571         666.915          48.000  
G15  23519306.229   123594799.744       -2588.018          47.000    23519305.705    96307688.464       -2016.560          44.000  
E30  27812257.302   146154562.580       -2557.707          47.000    27812260.495   111988669.370       -1959.830          50.000  
E27  26200856.710   137686674.414        -905.446          46.000    26200860.205   105500328.960        -693.834          50.000  
> 2024 06 08 19 42 00.0080000  0 33                     
E08  30512767.104   160345376.730       -3862.175          39.000    30512788.259   122861944.182       -2959.522          41.000  
G23  27418328.702   144084093.308       -2372.428          44.000    27418335.789   112273311.123       -1848.728          36.000  
G11  27442504.092   144211367.182        1692.840          40.000    27442519.498   112372564.956        1319.151          41.000  
G12  24113367.100   126716817.657         231.361          48.000    24113364.680    98740923.505         180.142          42.000  
E34  30084274.583   158093935.993         367.437          36.000    30084280.785   121136929.192         281.829          40.000  
R13  23479913.380   125381433.5121      -2024.681          39.000    23479912.107    97519173.051       -1574.456          39.000  
R14  23531928.535   125438683.950         285.941          49.000    23531931.375    97563615.182         222.339          47.000  
R03  23100469.259   123658578.008       -3647.937          50.000    23100467.444    96178955.474       -2837.201          48.000  
R22  25808388.855   137766937.974       -2898.192          44.000    25808388.708   107152145.939       -2254.323          44.000  
R04  23307465.210   124810407.353          46.033          51.000    23307461.155    97074772.520          35.596          46.000  
G19  24127387.418   126790588.508       -2804.177          46.000                                                                  
S31  41072882.644   215839381.936        -798.545          45.000  
S33  42065287.187   221054449.156        -800.142          40.000  
G17  25509105.078   134051522.968       -3767.251          43.000    25509103.585   104455850.085       -2935.348          42.000  
G06  26661665.018   140108155.615        1180.909          40.000    26661668.315   109175306.365         920.341          38.000  
R02  26122227.850   139393224.079       -5181.653          45.000    26122242.942   108416664.418       -4030.035          45.000  
R23  23778883.172   127201146.134         187.725          47.000                                                                  
R24  24731710.522   132251754.435        2984.435          50.000    24731713.400   102862561.241        2321.161          45.000  
R05  26586656.954   142120907.693        2694.552          45.000    26586655.146   110538468.685        2095.845          42.000  
R15  26862354.689   143544253.450        1376.649          47.000                                                                  
G25  26006231.686   136663816.055        1174.352          41.000    26006239.243   106491388.378         914.860          39.000  
E18  29454047.762   154782330.223       -5866.974          43.000    29454050.459   118599592.680       -4495.386          43.000  
E21  28917588.121   151963087.669         760.026          42.000    28917598.492   116439388.268         582.226          45.000  
G10  27937911.292   146814701.502       -1337.030          39.000    27937914.159   114401209.042       -1042.008          37.000  
G13  24376214.758   128097860.183       -3972.445          47.000                                                                  
E19  29717015.964   156163979.616        1713.779          37.000    29717020.502   119658129.319        1313.236          37.000  
E07  26620855.047   139893554.965       -2815.176          47.000    26620859.875   107191170.508       -2157.011          51.000  
E15  29985381.027   157574284.913        1547.598          40.000    29985392.841   120738976.214        1185.686          41.000  
G22  26276660.537   138084954.071       -3769.421          42.000                                                                  
G24  23576947.713   123897940.005         844.638          48.000    23576946.818    96544123.214         658.168          48.000  
G15  23534138.130   123672742.770       -2608.102          47.000    23534138.589    96368423.160       -2032.559          44.000  
E30  27826873.160   146231367.559       -2562.696          47.000    27826876.031   112047519.855       -1963.542          49.000  
E27  26206052.891   137713980.724        -914.935          46.000    26206056.327   105521251.968        -701.103          50.000  
> 2024 06 08 19 42 30.0080000  0 33                     
E08  30534832.652   160461330.959       -3867.679          39.000    30534853.772   122950792.132       -2963.610          41.000  
G23  27431911.721   144155470.079       -2385.808          42.000    27431919.163   112328928.832       -1859.135          36.000  
G11  27432844.409   144160610.892        1690.766          40.000    27432859.288   112333015.267        1317.583          39.000  
G12  24112086.129   126710085.502         217.741          48.000    24112083.278    98735677.740         169.482          42.000  
E34  30082219.548   158083128.485         352.471          38.000    30082223.896   121128648.129         270.249          39.000  
R13  23491307.772   125442277.198       -2031.419          40.000    23491306.773    97566495.947       -1580.364          39.000  
R14  23530343.266   125430231.267         277.711          49.000    23530345.290    97557040.929         215.894          47.000  
R03  23120977.696   123768368.428       -3671.368          48.000    23120976.867    96264347.744       -2855.457          48.000  
R22  25824750.690   137854276.556       -2924.226          43.000    25824749.972   107220076.046       -2274.439          44.000  
R04  23307295.243   124809499.975          14.435          50.000    23307291.938    97074066.744          11.145          46.000  
G19  24143456.793   126875034.090       -2825.360          46.000                                                                  
S31  41077455.912   215863412.277        -803.414          45.000  
S33  42069870.818   221078535.482        -805.151          40.000  
G17  25530657.723   134164783.869       -3783.742          43.000    25530656.443   104544105.308       -2948.378          42.000  
G06  26654956.617   140072905.303        1168.742          37.000    26654960.491   109147838.887         910.758          39.000  
R02  26151365.023   139548709.811       -5184.466          45.000    26151380.641   108537597.914       -4032.110          45.000  
R23  23777912.044   127195954.523         158.348          47.000                                                                  
R24  24714998.366   132162388.235        2973.381          50.000    24715001.790   102793054.558        2312.833          45.000  
R05  26571583.692   142040340.641        2676.539          43.000    26571583.651   110475805.477        2081.655          43.000  
R15  26854641.143   143503043.816        1370.515          46.000                                                                  
G25  25999556.991   136628743.343        1163.732          40.000    25999565.023   106464059.347         907.074          40.000  
E18  29487544.997   154958358.797       -5868.157          43.000    29487547.642   118734471.744       -4496.484          44.000  
E21  28913277.342   151940438.179         750.003          42.000    28913288.223   116422033.701         574.896          45.000  
G10  27945600.718   146855108.640       -1356.599          41.000    27945604.224   114432694.992       -1057.202          40.000  
G13  24398937.174   128217265.105       -3987.918          47.000                                                                  
E19  29707263.470   156112732.017        1702.612          36.000    29707268.669   119618861.709        1304.583          38.000  
E07  26636968.316   139978237.076       -2830.361          46.000    26636974.451   107256056.687       -2168.572          51.000  
E15  29976559.616   157527930.582        1542.466          40.000    29976571.427   120703458.725        1182.015          41.000  
G22  26298194.210   138198111.534       -3774.518          43.000                                                                  
G24  23572159.067   123872774.495         833.125          49.000    23572157.962    96524513.757         649.211          47.000  
G15  23549084.500   123751286.898       -2628.212          47.000    23549085.039    96429626.206       -2047.750          44.000  
E30  27841516.529   146308320.534       -2567.500          47.000    27841519.594   112106483.778       -1967.419          49.000  
E27  26211303.825   137741574.889        -924.503          46.000    26211307.153   105542395.551        -708.449          50.000  
> 2024 06 08 19 43 00.0080000  0 33                     
E08  30556927.237   160577439.118       -3872.531          39.000    30556948.257   123039758.091       -2967.723          41.000  
G23  27445569.515   144227241.841       -2399.082          41.000    27445578.232   112384854.343       -1869.332          38.000  
G11  27423196.699   144109910.878        1689.031          40.000    27423209.896   112293509.427        1316.358          39.000  
G12  24110881.498   126703756.572         204.406          48.000    24110879.091    98730746.181         159.243          42.000  
E34  30080248.292   158072774.479         337.463          37.000    30080253.920   121120714.583         258.453          39.000  
R13  23502740.236   125503321.2291      -2038.155          40.000    23502739.195    97613977.730       -1585.018          39.000  
R14  23528804.197   125422025.013         269.558          50.000    23528806.635    97550658.344         209.617          48.000  
R03  23141617.668   123878855.909       -3694.525          48.000    23141617.458    96350282.223       -2873.468          48.000  
R22  25841256.778   137942388.528       -2949.941          41.000    25841255.803   107288607.637       -2294.257          44.000  
R04  23307301.635   124809538.042         -16.901          50.000    23307298.490    97074096.349         -13.281          47.000  
G19  24159647.066   126960114.270       -2846.481          47.000                                                                  
S31  41082056.686   215887589.996        -808.400          45.000  
S33  42074481.949   221102767.281        -810.043          40.000  
G17  25552306.224   134278545.630       -3800.585          43.000    25552304.994   104632750.791       -2961.318          42.000  
G06  26648318.568   140038025.563        1156.575          39.000    26648322.929   109120659.999         901.074          38.000  
R02  26180518.628   139704279.460       -5187.012          43.000    26180534.331   108658596.730       -4034.417          45.000  
R23  23777106.017   127191642.544         129.169          48.000                                                                  
R24  24698348.212   132073352.504        2962.302          50.000    24698351.693   102723804.933        2304.100          45.000  
R05  26556611.901   141960315.5481       2658.432          44.000    26556613.297   110413563.765        2067.699          43.000  
R15  26846962.045   143462017.039        1364.879          43.000                                                                  
G25  25992939.852   136593976.368        1154.184          40.000    25992948.932   106436968.581         899.249          40.000  
E18  29521049.559   155134427.934       -5869.595          43.000    29521052.705   118869381.942       -4497.503          44.000  
E21  28909022.759   151918077.326         740.664          42.000    28909033.058   116404900.326         567.578          45.000  
G10  27953401.094   146896101.260       -1376.196          41.000    27953404.819   114464637.205       -1072.195          39.000  
G13  24421747.001   128337129.976       -4003.136          47.000                                                                  
E19  29697573.899   156061815.263        1691.465          36.000    29697579.257   119579847.646        1295.951          38.000  
E07  26653169.102   140063373.080       -2845.263          46.000    26653175.580   107321290.665       -2180.170          51.000  
E15  29967767.362   157481731.101        1537.551          41.000    29967779.403   120668059.878        1177.848          41.000  
G22  26319753.406   138311405.743       -3778.778          43.000                                                                  
G24  23567436.015   123847954.900         821.574          49.000    23567434.356    96505173.850         640.079          47.000  
G15  23564145.981   123830430.568       -2648.023          48.000    23564145.800    96491296.467       -2063.396          44.000  
E30  27856188.327   146385421.092       -2572.347          47.000    27856191.393   112165560.774       -1970.945          49.000  
E27  26216609.045   137769456.197        -934.091          47.000    26216612.720   105563759.150        -715.644          51.000  
> 2024 06 08 19 43 30.0080000  0 33                     
E08  30579047.723   160693685.139       -3877.037          39.000    30579069.205   123128829.663       -2970.544          41.000  
G23  27459300.225   144299391.438       -2411.478          40.000    27459307.761   112441074.230       -1878.769          37.000  
G11  27413557.323   144059255.372        1687.980          41.000    27413569.475   112254038.312        1315.114          39.000  
G12  24109750.671   126697815.454         191.568          48.000    24109748.456    98726116.815         149.385          42.000  
E34  30078362.376   158062861.050         323.059          36.000    30078367.325   121113118.634         247.562          39.000  
R13  23514208.732   125564558.794       -2044.322          40.000    23514206.487    97661606.956       -1589.417          39.000  
R14  23527307.829   125414049.976         262.078          49.000    23527311.469    97544455.551         203.923          49.000  
R03  23162384.579   123990021.445       -3716.730          48.000    23162384.320    96436744.073       -2890.772          48.000  
R22  25857904.378   138031256.742       -2974.826          40.000    25857904.123   107357727.445       -2313.673          45.000  
R04  23307482.860   124810507.741         -47.760          49.000    23307479.528    97074850.558         -37.097          47.000  
G19  24175954.981   127045812.579       -2866.799          47.000                                                                  
S31  41086683.032   215911899.285        -812.412          45.000  
S33  42079118.434   221127131.836        -814.638          40.000  
G17  25574046.579   134392790.751       -3816.208          43.000    25574045.428   104721772.887       -2973.636          41.000  
G06  26641749.638   140003504.677        1144.501          38.000    26641753.232   109093760.822         892.190          38.000  
R02  26209683.612   139859914.725       -5188.666          44.000    26209700.171   108779646.581       -4035.724          46.000  
R23  23776462.369   127188197.190         100.502          48.000                                                                  
R24  24681757.729   131984637.160        2951.958          50.000    24681760.766   102654804.474        2296.015          45.000  
R05  26541740.415   141880822.122        2640.936          43.000    26541741.940   110351735.529        2054.307          42.000  
R15  26839315.372   143421157.251        1359.275          45.000                                                                  
G25  25986379.652   136559500.442        1144.495          42.000    25986387.812   106410104.554         892.007          40.000  
E18  29554558.490   155310520.667       -5869.927          42.000    29554561.835   119004310.155       -4497.708          44.000  
E21  28904818.034   151895990.271         731.782          40.000    28904829.953   116387976.714         560.793          46.000  
G10  27961309.622   146937663.441       -1394.832          41.000    27961314.016   114497023.292       -1086.737          39.000  
G13  24444640.321   128457437.520       -4017.484          46.000                                                                  
E19  29687945.053   156011216.546        1681.500          35.000    29687950.598   119541077.256        1288.452          38.000  
E07  26669453.511   140148947.203       -2859.761          46.000    26669460.280   107386860.331       -2191.133          51.000  
E15  29959002.292   157435674.083        1532.960          41.000    29959014.419   120632770.148        1174.464          40.000  
G22  26341335.723   138424821.109       -3782.343          43.000                                                                  
G24  23562776.600   123823468.585         810.687          49.000    23562774.788    96486093.646         631.750          47.000  
G15  23579317.999   123910157.428       -2667.135          48.000    23579317.810    96553421.146       -2078.236          44.000  
E30  27870885.477   146462653.903       -2576.575          47.000    27870888.508   112224739.099       -1974.253          49.000  
E27  26221965.785   137797609.218        -942.900          46.000    26221970.358   105585330.965        -722.451          51.000  
> 2024 06 08 19 44 00.0080000  0 33                     
E08  30601193.017   160810058.091       -3881.212          39.000    30601214.527   123217998.549       -2973.910          41.000  
G23  27473100.456   144371907.002       -2423.566          41.000    27473106.668   112497579.291       -1888.801          35.000  
G11  27403924.226   144008637.800        1686.698          41.000    27403936.159   112214596.763        1314.210          38.000  
G12  24108691.938   126692252.405         179.074          47.000    24108689.909    98721782.042         139.477          42.000  
E34  30076558.747   158053380.463         308.729          37.000    30076562.815   121105854.331         236.695          39.000  
R13  23525710.040   125625981.4331      -2050.374          39.000    23525707.945    97709376.263       -1594.476          39.000  
R14  23525852.236   125406296.060         254.708          49.000    23525855.902    97538424.760         198.066          48.000  
R03  23183276.686   124101851.780       -3738.721          50.000    23183275.957    96523723.005       -2907.910          48.000  
R22  25874691.700   138120869.284       -2999.792          39.000    25874691.766   107427426.163       -2333.085          44.000  
R04  23307835.775   124812400.086         -78.510          49.000    23307832.999    97076322.364         -60.999          47.000  
G19  24192378.080   127132117.350       -2887.019          47.000                                                                  
S31  41091332.065   215936331.926        -816.518          45.000  
S33  42083778.641   221151619.561        -818.222          40.000  
G17  25595876.269   134507507.435       -3831.977          43.000    25595875.261   104811162.432       -2985.782          41.000  
G06  26635246.713   139969336.407        1133.035          38.000    26635250.625   109067136.402         882.722          39.000  
R02  26238858.760   140015580.1071      -5190.619          44.000    26238875.782   108900737.007       -4036.969          45.000  
R23  23775979.085   127185611.610          71.763          49.000                                                                  
R24  24665226.803   131896237.708        2941.222          51.000    24665229.197   102586049.705        2287.611          45.000  
R05  26526968.704   141801854.726        2623.246          44.000    26526968.828   110290316.411        2040.391          41.000  
R15  26831697.276   143380454.479        1354.296          43.000                                                                  
G25  25979872.709   136525305.952        1135.088          43.000    25979880.755   106383459.808         884.353          39.000  
E18  29588070.200   155486625.466       -5870.291          42.000    29588073.399   119139247.630       -4498.151          44.000  
E21  28900664.384   151874167.345         723.003          41.000    28900677.466   116371255.492         554.021          46.000  
G10  27969325.239   146979784.261       -1413.251          40.000    27969329.427   114529844.636       -1101.415          39.000  
G13  24467615.228   128578175.780       -4031.993          45.000                                                                  
E19  29678374.946   155960928.198        1671.122          35.000    29678380.769   119502544.681        1280.915          38.000  
E07  26685819.600   140234948.880       -2873.882          46.000    26685826.401   107452757.600       -2202.030          52.000  
E15  29950263.342   157389752.422        1528.340          41.000    29950275.199   120597584.126        1170.929          39.000  
G22  26362939.010   138538347.661       -3786.133          43.000                                                                  
G24  23558178.867   123799308.171         799.879          49.000    23558177.073    96467267.410         623.176          47.000  
G15  23594598.415   123990455.963       -2686.161          48.000    23594598.149    96615991.286       -2093.116          44.000  
E30  27885605.714   146540009.159       -2580.629          47.000    27885608.786   112284011.248       -1977.353          49.000  
E27  26227372.090   137826023.755        -951.638          45.000    26227377.738   105607103.172        -729.077          51.000  
> 2024 06 08 19 44 30.0080000  0 33                     
E08  30623359.268   160926541.298       -3884.291          39.000    30623380.517   123307251.913       -2976.259          41.000  
G23  27486966.408   144444770.468       -2434.489          41.000    27486971.845   112554355.498       -1897.054          36.000  
G11  27394295.953   143958045.836        1685.994          39.000    27394307.946   112175175.150        1313.610          38.000  
G12  24107702.027   126687051.972         167.603          47.000    24107700.331    98717729.805         130.479          42.000  
E34  30074833.582   158044319.210         295.211          37.000    30074838.882   121098911.346         226.490          40.000  
R13  23537243.329   125687564.025       -2055.100          39.000    23537240.886    97757273.870       -1598.536          40.000  
R14  23524436.813   125398747.507         248.404          49.000    23524439.309    97532553.710         193.186          48.000  
R03  23204289.621   124214326.780       -3759.698          50.000    23204288.106    96611203.307       -2924.317          49.000  
R22  25891615.845   138211208.652       -3023.343          40.000    25891615.225   107497690.131       -2351.424          45.000  
R04  23308359.196   124815200.794        -108.270          49.000    23308356.490    97078500.671         -84.259          47.000  
G19  24208913.337   127219011.315       -2906.103          47.000                                                                  
S31  41096001.859   215960872.575        -819.734          45.000  
S33  42088458.838   221176215.042        -821.001          41.000  
G17  25617792.903   134622677.864       -3846.353          43.000    25617791.425   104900905.557       -2996.834          40.000  
G06  26628810.536   139935508.678        1122.486          39.000    26628813.286   109040777.311         874.718          39.000  
R02  26268040.631   140171301.099       -5190.991          44.000    26268057.543   109021853.551       -4037.542          45.000  
R23  23775653.550   127183872.691          44.084          48.000                                                                  
R24  24648752.315   131808143.140        2931.613          51.000    24648754.881   102517532.055        2280.164          46.000  
R05  26512294.082   141723401.583        2606.765          45.000    26512291.559   110229297.225        2027.559          40.000  
R15  26824106.488   143339892.764        1349.977          44.000                                                                  
G25  25973416.124   136491377.441        1126.621          43.000    25973423.366   106357022.270         877.800          36.000  
E18  29621580.958   155662724.994       -5869.629          43.000    29621584.255   119274181.032       -4497.433          45.000  
E21  28896559.659   151852593.090         715.396          42.000    28896571.813   116354724.776         547.967          46.000  
G10  27977443.724   147022447.023       -1431.125          38.000    27977447.394   114563088.238       -1114.986          38.000  
G13  24490669.788   128699327.647       -4045.120          45.000                                                                  
E19  29668862.276   155910937.223        1661.957          36.000    29668867.702   119464240.000        1273.298          38.000  
E07  26702264.789   140321361.709       -2887.069          47.000    26702270.527   107518969.894       -2212.073          52.000  
E15  29941548.328   157343953.155        1524.761          42.000    29941559.089   120562491.835        1168.518          38.000  
G22  26384561.085   138651969.173       -3788.876          43.000                                                                  
G24  23553640.587   123775460.492         789.837          49.000    23553638.965    96448684.851         615.434          46.000  
G15  23609983.767   124071309.057       -2704.025          47.000    23609984.393    96678993.537       -2106.940          45.000  
E30  27900345.759   146617471.106       -2583.521          47.000    27900348.987   112343365.162       -1979.665          49.000  
E27  26232826.536   137854683.776        -959.197          45.000    26232831.812   105629063.463        -734.969          52.000  
