     3.00           OBSERVATION DATA    M: Mixed            RINEX VERSION / TYPE
CONVBIN demo5 b34j                      20240609 013619 UTC PGM / RUN BY / DATE 
log: SAUC00CHL_R_20241600400_15M_30S_MO.ubx                 COMMENT             
format: u-blox UBX                                          COMMENT             
format: u-blox UBX                                          COMMENT             
log: SAUC00CHL_R_20241600400_15M_30S_MO.ubx                 COMMENT             
SAUC00CHL                                                   MARKER NAME         
                                                            MARKER NUMBER       
GEODETIC                                                    MARKER TYPE         
El Sauce            Obstech                                 OBSERVER / AGENCY   
UNKNOWN             UBLOX-ZED-F9P                           REC # / TYPE / VERS 
UNKNWOWN            TWIVSP6037L                             ANT # / TYPE        
  1813185.0000 -5195981.0000 -3216438.0000                  APPROX POSITION XYZ 
        0.0000        0.0000        0.0000                  ANTENNA: DELTA H/E/N
G    8 C1C L1C D1C S1C C2X L2X D2X S2X                      SYS / # / OBS TYPES 
R    8 C1C L1C D1C S1C C2C L2C D2C S2C                      SYS / # / OBS TYPES 
E    8 C1X L1X D1X S1X C7X L7X D7X S7X                      SYS / # / OBS TYPES 
S    4 C1C L1C D1C S1C                                      SYS / # / OBS TYPES 
  2024    06    08    04    00   00.0010000     GPS         TIME OF FIRST OBS   
  2024    06    08    04    14   30.0020000     GPS         TIME OF LAST OBS    
                                                            END OF HEADER       
> 2024 06 08 04 00 00.0010000  0 31                     
G23  21254475.649   111693164.2191      -2326.251          45.000    21254469.188    87033712.2121      -1812.665          43.000  
E04  27595306.071   145014400.0601       1169.857          39.000    27595306.700   111114906.8511        896.468          41.000  
G16  21236579.627   111598992.9871       -220.117          46.000                                                                  
G32  25296419.430   132933552.4331       2101.856          40.000    25296418.648   103584649.9151       1637.001          31.000  
R04  22027241.621   117954999.1041       2769.012          44.000    22027235.888    91742772.2471       2153.878          45.000  
R19  21251085.614   113678982.9781       -454.822          38.000    21251079.443    88417222.3581       -353.564          44.000  
R18  21616173.544   115388593.0701      -1959.984          45.000    21616170.359    89746920.7021      -1524.408          46.000  
R03  21438820.083   114763765.9661       -338.469          47.000    21438812.425    89260725.0631       -263.222          45.000  
R16  21847183.526   116703716.3051      -4213.208          45.000    21847181.315    90769526.0781      -3276.826          46.000  
E02  26578695.761   139671989.8791       1254.831          41.000    26578696.621   107021385.3331        961.676          45.000  
S31  39114446.745   205547843.8041       -765.976          43.000  
S33  40108072.295   210769344.9251       -764.930          38.000  
G31  25835278.774   135765168.6911      -2959.940          40.000    25835276.000   105791142.5171      -2306.186          31.000  
E36  25598543.597   134521454.7631        198.742          43.000    25598544.479   103074938.8441        152.326          46.000  
R20  24420110.234   130585312.5251       1235.985          31.000                                                                  
R02  24053012.035   128351473.8051      -3529.926          45.000    24053008.030    99828968.5951      -2745.380          44.000  
R09  21586714.496   115271831.5421       -751.384          44.000    21586711.108    89655842.1161       -584.342          47.000  
R10  23962424.538   127733197.1141       2025.864          38.000                                                                  
G27  22212442.591   116727265.6431       1481.789          45.000    22212440.090    90956371.0621       1154.592          44.000  
E12  27438590.111   144190883.2111      -2671.905          37.000    27438587.444   110483979.9731      -2047.469          39.000  
E14  29164047.967   153258115.0051       -765.099          40.000    29164047.381   117431545.1081       -586.267          41.000  
E24  26060996.795   136951497.0031      -3476.754          41.000    26060998.019   104936869.4521      -2663.933          44.000  
E25  24149821.270   126908215.9161      -1231.730          45.000    24149821.007    97241376.6231       -943.845          46.000  
E09  28580427.149   150191178.8471       1588.562          37.000    28580432.103   115081579.1631       1216.967          39.000  
G21  26325663.276   138342323.7401       1715.955          36.000                                                                  
E10  25589225.765   134472583.9021      -2294.767          43.000    25589226.328   103037565.0981      -1758.243          48.000  
G10  20617806.924   108347441.2551        400.356          49.000    20617802.833    84426670.6681        312.166          45.000  
G18  23982376.173   126028498.5011      -3293.751          43.000    23982371.362    98204111.7791      -2566.338          41.000  
G08  24607024.619   129310780.1311       2247.166          42.000    24607023.202   100761643.4771       1751.071          40.000  
E11  23534633.609   123675527.6281      -1498.128          41.000    23534630.589    94764477.9381      -1148.036          44.000  
G26  21684983.867   113955390.6351      -3166.055          44.000    21684981.872    88796408.4781      -2467.150          41.000  
> 2024 06 08 04 00 30.0010000  0 31                     
G23  21267817.388   111763277.690       -2348.254          45.000    21267811.946    87088346.086       -1829.901          43.000  
E04  27588653.249   144979440.936        1160.347          39.000    27588654.382   111088120.050         889.266          42.000  
G16  21237904.868   111605958.128        -244.324          46.000                                                                  
G32  25284422.905   132870512.955        2101.045          39.000    25284422.119   103535528.314        1637.455          32.000  
R04  22011771.387   117872161.313        2753.081          44.000    22011767.689    91678343.032        2141.544          45.000  
R19  21253654.495   113692727.823        -462.158          38.000    21253648.843    88427912.883        -359.241          44.000  
R18  21627205.381   115447481.502       -1966.401          46.000    21627202.715    89792722.821       -1529.158          46.000  
R03  21440802.273   114774376.936        -369.224          47.000    21440794.542    89268978.071        -287.277          45.000  
R16  21870891.492   116830363.055       -4230.312          46.000    21870888.675    90868028.998       -3290.237          44.000  
E02  26571571.656   139634550.828        1240.720          41.000    26571572.191   106992698.277         950.718          45.000  
S31  39118831.997   205570888.418        -770.573          43.000  
S33  40112454.192   210792371.679        -769.911          38.000  
G31  25852166.997   135853920.302       -2957.216          39.000    25852165.767   105860299.854       -2304.539          30.000  
E36  25597434.617   134515626.582         189.590          44.000    25597435.394   103070473.171         145.294          46.000  
R20  24413194.855   130548335.081        1228.964          31.000                                                                  
R02  24072921.375   128457715.089       -3553.119          46.000    24072918.003    99911600.794       -2763.574          42.000  
R09  21591018.894   115294819.870        -781.395          44.000    21591015.976    89673721.940        -607.618          47.000  
R10  23951088.822   127672767.794        2002.738          38.000                                                                  
G27  22204006.495   116682933.699        1473.557          45.000    22204003.764    90921826.742        1148.160          44.000  
E12  27453851.912   144271084.898       -2674.984          37.000    27453849.583   110545433.177       -2049.646          39.000  
E14  29168412.892   153281055.301        -764.569          41.000    29168412.851   117449122.743        -585.946          41.000  
E24  26080875.532   137055959.917       -3487.818          41.000    26080876.554   105016912.422       -2672.399          44.000  
E25  24156904.761   126945440.319       -1250.127          45.000    24156904.956    97269899.227        -957.931          47.000  
E09  28571357.710   150143516.509        1588.491          37.000    28571361.892   115045058.788        1217.567          38.000  
G21  26315878.782   138290907.776        1711.280          35.000                                                                  
E10  25602337.834   134541490.397       -2299.267          43.000    25602338.659   103090363.571       -1761.857          48.000  
G10  20615592.076   108335803.260         375.199          49.000    20615588.382    84417602.135         292.575          45.000  
G18  24001189.928   126127365.828       -3297.778          43.000    24001185.373    98281151.255       -2569.751          41.000  
G08  24594202.634   129243402.607        2244.288          41.000    24594201.379   100709141.484        1748.652          40.000  
E11  23543205.299   123720576.249       -1505.514          40.000    23543203.118    94798995.720       -1153.492          44.000  
G26  21703110.699   114050651.529       -3184.754          44.000    21703109.734    88870637.728       -2481.597          41.000  
> 2024 06 08 04 01 00.0010000  0 32                     
G23  21281287.726   111834065.280       -2370.819          42.000    21281282.283    87143505.273       -1847.437          40.000  
E04  27582056.172   144944774.053        1150.644          37.000    27582057.587   111061557.169         881.762          41.000  
G16  21239370.872   111613663.262        -269.275          43.000                                                                  
G32  25272432.816   132807507.558        2099.656          35.000    25272433.508   103486433.383        1635.382          31.000  
E06  28472150.906   149622152.2781       1527.028          36.000                                                                  
R04  21996393.731   117789809.682        2736.964          42.000    21996389.352    91614291.889        2128.720          42.000  
R19  21256267.334   113706702.904        -469.702          33.000    21256262.167    88438782.423        -365.326          41.000  
R18  21638273.183   115506566.479       -1972.732          42.000    21638271.182    89838677.827       -1534.436          43.000  
R03  21442958.453   114785918.583        -400.063          44.000    21442950.561    89277954.902        -311.220          42.000  
R16  21894696.120   116957527.759       -4247.501          41.000    21894694.258    90966934.726       -3303.539          42.000  
E02  26564528.874   139597541.942        1226.456          39.000    26564529.529   106964340.854         939.825          44.000  
S31  39123245.311   205594080.446        -775.301          40.000  
S33  40116864.702   210815545.430        -774.798          35.000  
G31  25869041.277   135942596.153       -2954.468          38.000    25869041.499   105929400.0901      -2302.491          30.000  
E36  25596379.492   134510081.684         180.207          42.000    25596380.290   103066224.555         138.058          45.000  
R20  24406314.207   130511540.291        1223.326          29.000                                                                  
R02  24092962.462   128564659.125       -3576.331          43.000    24092959.501    99994779.527       -2781.689          40.000  
R09  21595493.621   115318712.223        -811.365          39.000    21595490.083    89692304.900        -631.129          44.000  
R10  23939880.852   127613029.544        1979.470          33.000                                                                  
G27  22195619.437   116638858.765        1465.061          42.000    22195616.426    90887482.675        1141.243          41.000  
E12  27469129.851   144351375.035       -2677.798          34.000    27469128.119   110606954.160       -2051.653          37.000  
E14  29172778.796   153303998.202        -764.851          39.000    29172779.137   117466702.395        -585.907          41.000  
E24  26100818.271   137160752.910       -3498.402          41.000    26100818.086   105097208.351       -2680.846          42.000  
E25  24164095.470   126983228.223       -1269.025          44.000    24164095.727    97298853.614        -972.392          46.000  
E09  28562287.421   150095850.194        1588.992          37.000    28562291.451   115008535.451        1217.581          37.000  
G21  26306124.835   138239652.965        1705.523          33.000                                                                  
E10  25615478.192   134610543.642       -2304.391          42.000    25615479.085   103143274.485       -1765.610          46.000  
G10  20613522.796   108324930.834         349.694          47.000    20613519.587    84409130.150         272.479          44.000  
G18  24020028.281   126226360.428       -3301.904          41.000    24020022.755    98358289.922       -2572.748          38.000  
G08  24581398.383   129176117.741        2241.180          38.000    24581397.590   100656711.733        1746.398          38.000  
E11  23551820.943   123765847.465       -1513.148          39.000    23551817.917    94833684.057       -1159.334          43.000  
G26  21721344.509   114146472.329       -3203.242          41.000    21721343.058    88945303.230       -2496.117          38.000  
> 2024 06 08 04 01 30.0010000  0 32                     
G23  21294887.081   111905531.254       -2394.096          44.000    21294881.444    87199193.058       -1865.373          43.000  
E04  27575517.219   144910407.904        1139.948          39.000    27575518.050   111035224.708         873.504          42.000  
G16  21240979.421   111622116.125        -294.708          45.000                                                                  
G32  25260451.305   132744545.344        2097.891          39.000    25260453.676   103437372.025        1634.677          33.000  
E06  28463429.861   149576319.421        1527.876          39.000                                                                  
R04  21981109.084   117707955.788        2719.708          46.000    21981102.304    91550627.863        2115.281          45.000  
R19  21258923.743   113720913.594        -478.143          37.000    21258917.978    88449835.201        -372.028          43.000  
R18  21649380.357   115565854.875       -1980.267          45.000    21649377.420    89884791.023       -1540.105          46.000  
R03  21445289.965   114798398.686        -432.002          47.000    21445282.196    89287661.668        -335.952          46.000  
R16  21918599.677   117085212.553       -4265.005          45.000    21918596.582    91066245.013       -3317.275          44.000  
E02  26557569.515   139560971.300        1211.192          41.000    26557570.682   106936319.233         927.994          45.000  
S31  39127688.172   205617425.068        -780.979          43.000  
S33  40121303.921   210838871.710        -780.778          38.000  
G31  25885901.663   136031200.547       -2952.819          36.000    25885900.856   105998442.666       -2300.958          31.000  
E36  25595379.141   134504825.802         169.876          43.000    25595380.221   103062197.375         130.214          46.000  
R20  24399470.981   130474925.1021       1216.450          31.000                                                                  
R02  24113136.731   128672308.959       -3600.641          45.000    24113132.621   100078507.248       -2800.384          44.000  
R09  21600138.229   115343515.122        -842.075          43.000    21600134.843    89711596.029        -655.084          46.000  
R10  23928803.411   127553991.344        1955.691          35.000                                                                  
G27  22187283.022   116595049.095        1455.529          45.000    22187279.171    90853345.300        1134.177          44.000  
E12  27484426.793   144431759.843       -2681.462          36.000    27484424.472   110668547.716       -2054.777          37.000  
E14  29177147.581   153326951.066        -765.806          41.000    29177147.040   117484289.658        -586.633          42.000  
E24  26120824.799   137265880.739       -3510.136          44.000    26120823.434   105177760.808       -2689.745          44.000  
E25  24171394.774   127021585.821       -1288.457          44.000    24171395.047    97328244.502        -987.274          47.000  
E09  28553218.573   150048188.127        1588.096          38.000    28553221.965   114972015.299        1216.820          39.000  
G21  26296403.567   138188565.410        1699.643          36.000                                                                  
E10  25628648.207   134679749.413       -2309.639          43.000    25628648.589   103196302.294       -1769.884          48.000  
G10  20611601.011   108314831.315         323.303          49.000    20611598.083    84401260.416         251.987          46.000  
G18  24038891.928   126325487.986       -3306.781          44.000    24038886.453    98435532.205       -2577.032          41.000  
G08  24568613.682   129108933.183        2237.535          41.000    24568612.171   100604360.126        1743.656          40.000  
E11  23560479.641   123811346.768       -1520.960          41.000    23560476.186    94868547.176       -1165.579          44.000  
G26  21739687.250   114242856.894       -3222.727          43.000    21739684.342    89020408.037       -2511.083          40.000  
> 2024 06 08 04 02 00.0010000  0 32                     
G23  21308615.955   111977677.302       -2416.151          44.000    21308610.610    87255410.779       -1882.649          42.000  
E04  27569035.680   144876348.371        1130.184          38.000    27569037.108   111009127.207         866.095          43.000  
G16  21242731.229   111631321.033        -319.250          45.000                                                                  
G32  25248478.541   132681632.935        2096.387          38.000    25248481.443   103388349.485        1633.476          32.000  
E06  28454701.754   149530456.271        1529.496          39.000                                                                  
R04  21965917.443   117626607.720        2703.176          46.000    21965910.342    91487357.263        2102.502          45.000  
R19  21261625.646   113735363.621        -485.223          38.000    21261618.556    88461074.184        -377.698          43.000  
R18  21660525.557   115625350.766       -1986.689          45.000    21660523.096    89931065.622       -1545.012          46.000  
R03  21447796.884   114811822.750        -463.263          46.000    21447789.717    89298102.632        -360.173          45.000  
R16  21942599.355   117213416.488       -4282.099          45.000    21942597.783    91165959.074       -3330.558          45.000  
E02  26550694.759   139524844.301        1196.889          41.000    26550696.041   106908637.548         917.086          45.000  
S31  39132160.436   205640926.862        -786.054          43.000  
S33  40125772.609   210862355.355        -785.279          38.000  
G31  25902749.151   136119735.357       -2949.931          39.000    25902746.703   106067431.027       -2298.828          31.000  
E36  25594433.773   134499862.012         160.678          42.000    25594436.003   103058394.008         122.963          47.000  
R20  24392661.121   130438526.9561       1210.515          32.000                                                                  
R02  24133441.913   128780665.392       -3623.639          46.000    24133438.447   100162784.537       -2818.353          44.000  
R09  21604954.688   115369231.379        -872.238          44.000    21604951.271    89731597.574        -678.640          46.000  
R10  23917862.833   127495660.1841       1932.796          39.000                                                                  
G27  22178998.346   116551510.307        1446.951          46.000    22178994.104    90819419.043        1127.411          43.000  
E12  27499742.938   144512242.925       -2684.534          37.000    27499739.898   110730216.528       -2056.521          37.000  
E14  29181518.229   153349918.662        -765.725          41.000    29181517.843   117501888.214        -586.734          42.000  
E24  26140894.049   137371345.593       -3520.966          43.000    26140892.863   105258571.521       -2697.913          44.000  
E25  24178802.819   127060516.682       -1307.170          44.000    24178803.010    97358074.678       -1001.585          46.000  
E09  28544149.463   150000535.720        1588.411          37.000    28544154.441   114935502.557        1216.942          39.000  
G21  26286713.162   138137649.136        1694.856          36.000                                                                  
E10  25641847.113   134749110.946       -2314.459          43.000    25641847.490   103249449.441       -1773.410          47.000  
G10  20609827.298   108305509.426         297.830          49.000    20609824.203    84393996.624         232.171          46.000  
G18  24057781.331   126424751.687       -3310.901          45.000    24057775.761    98512880.542       -2580.170          41.000  
G08  24555848.613   129041853.919        2234.138          40.000    24555847.004   100552090.594        1740.916          39.000  
E11  23569181.407   123857077.116       -1528.135          41.000    23569178.239    94903587.319       -1170.934          45.000  
G26  21758137.124   114339806.441       -3240.952          43.000    21758133.595    89095953.095       -2525.643          41.000  
> 2024 06 08 04 02 30.0010000  0 32                     
G23  21322473.254   112050498.132       -2439.044          44.000    21322468.247    87312154.275       -1900.394          43.000  
E04  27562613.149   144842594.323        1119.614          39.000    27562613.839   110983263.797         857.801          43.000  
G16  21244625.652   111641275.946        -344.666          46.000                                                                  
G32  25236516.134   132618769.929        2094.031          38.000    25236520.025   103339365.490        1631.804          34.000  
E06  28445967.279   149484561.246        1529.786          38.000                                                                  
R04  21950821.399   117545767.540        2685.767          46.000    21950814.723    91424481.699        2089.051          47.000  
R19  21264371.976   113750049.207        -494.086          37.000    21264364.324    88472496.338        -384.094          43.000  
R18  21671709.382   115685051.191       -1993.730          45.000    21671707.135    89977499.314       -1550.731          46.000  
R03  21450480.481   114826188.533        -494.911          46.000    21450473.086    89309276.054        -384.872          46.000  
R16  21966695.958   117342131.389       -4299.251          45.000    21966694.417    91266070.576       -3343.913          46.000  
E02  26543904.292   139489159.412        1181.721          42.000    26543905.305   106881294.631         905.407          45.000  
S31  39136661.683   205664582.456        -791.428          43.000  
S33  40130270.735   210885992.915        -790.637          38.000  
G31  25919582.692   136208195.167       -2947.579          38.000    25919580.241   106136360.960       -2297.699          29.000  
E36  25593543.610   134495186.481         150.682          41.000    25593546.488   103054811.504         115.467          47.000  
R20  24385886.588   130402297.043        1204.644          31.000                                                                  
R02  24153878.925   128889721.423       -3647.070          40.000    24153875.878   100247605.995       -2836.371          38.000  
R09  21609940.663   115395857.162        -903.038          45.000    21609936.970    89752306.496        -702.349          46.000  
R10  23907054.567   127438037.591        1908.459          38.000                                                                  
G27  22170764.443   116508241.124        1437.452          45.000    22170760.414    90785702.835        1119.965          43.000  
E12  27515076.817   144592820.756       -2687.546          37.000    27515073.678   110791958.018       -2059.526          37.000  
E14  29185891.090   153372898.757        -766.654          41.000    29185890.724   117519496.342        -587.313          42.000  
E24  26161027.088   137477142.623       -3532.509          43.000    26161025.866   105339636.731       -2706.642          44.000  
E25  24186318.981   127100017.474       -1326.696          44.000    24186319.482    97388341.552       -1016.331          46.000  
E09  28535083.183   149952891.562        1587.466          38.000    28535088.136   114898996.121        1216.749          40.000  
G21  26277056.364   138086900.578        1688.269          37.000                                                                  
E10  25655075.101   134818624.478       -2319.894          43.000    25655075.050   103302713.084       -1777.569          47.000  
G10  20608201.179   108296962.796         271.811          49.000    20608197.599    84387336.935         211.893          46.000  
G18  24076695.448   126524147.723       -3315.759          45.000    24076689.657    98590332.012       -2583.606          40.000  
G08  24543103.503   128974878.041        2230.631          41.000    24543101.640   100499901.625        1738.029          39.000  
E11  23577927.187   123903034.542       -1536.344          42.000    23577923.776    94938801.452       -1176.954          45.000  
G26  21776692.175   114437315.133       -3259.813          41.000    21776688.637    89171933.812       -2539.866          40.000  
> 2024 06 08 04 03 00.0010000  0 32                     
G23  21336459.277   112123994.120       -2460.651          45.000    21336454.206    87369423.876       -1917.439          43.000  
E04  27556249.505   144809150.392        1110.022          40.000    27556249.737   110957637.998         850.497          43.000  
G16  21246664.041   111651983.861        -368.927          46.000                                                                  
G32  25224564.223   132555961.490        2093.401          39.000    25224569.103   103290424.005        1630.698          34.000  
E06  28437229.004   149438638.415        1531.574          38.000                                                                  
R04  21935820.352   117465442.343        2669.291          45.000    21935815.691    91362006.688        2076.098          46.000  
R19  21267161.521   113764973.018        -500.458          37.000    21267154.625    88484103.770        -389.557          42.000  
R18  21682932.047   115744958.906       -2000.002          45.000    21682929.607    90024094.186       -1555.569          45.000  
R03  21453340.299   114841499.579        -525.712          46.000    21453333.479    89321184.661        -409.041          44.000  
R16  21990887.343   117471356.218       -4315.461          45.000    21990887.077    91366578.661       -3356.491          47.000  
E02  26537199.480   139453920.760        1167.646          42.000    26537199.237   106854293.625         894.549          44.000  
S31  39141192.727   205688394.543        -796.192          43.000  
S33  40134798.514   210909785.914        -795.210          38.000  
G31  25936400.387   136296580.557       -2943.780          29.000    25936400.610                       -2294.803          24.000  
E36  25592708.333   134490801.051         141.742          41.000    25592711.592   103051451.295         108.581          46.000  
R20  24379144.447   130366256.149        1198.127          29.000                                                                  
R02  24174445.385   128999487.0371      -3669.666          33.000    24174444.278   100332971.581       -2854.034          33.000  
R09  21615098.383   115423394.274        -932.625          45.000    21615093.771    89773724.277        -725.492          45.000  
R10  23896372.320   127381134.5271       1885.419          35.000                                                                  
G27  22162582.120   116465245.910        1429.171          44.000    22162578.331    90752200.122        1113.646          43.000  
E12  27530428.478   144673495.773       -2690.415          37.000    27530425.328   110853773.922       -2061.155          36.000  
E14  29190267.094   153395894.769        -766.512          41.000    29190266.458   117537116.686        -587.542          42.000  
E24  26181222.536   137583272.684       -3542.870          43.000    26181221.970   105420957.136       -2714.616          45.000  
E25  24193945.257   127140090.491       -1344.882          45.000    24193944.979    97419046.879       -1030.381          45.000  
E09  28526019.807   149905259.926        1587.726          38.000    28526023.848   114862499.270        1217.164          39.000  
G21  26267431.239   138036321.518        1684.130          36.000                                                                  
E10  25668331.995   134888291.959       -2324.363          43.000    25668332.346   103356094.686       -1781.114          46.000  
G10  20606723.278   108289194.898         246.399          50.000    20606719.131    84381284.054         192.143          45.000  
G18  24095635.298   126623677.946       -3319.427          44.000    24095629.977    98667888.056       -2586.652          41.000  
G08  24530379.360   128908009.328        2227.440          41.000    24530377.426   100447796.179        1735.599          40.000  
E11  23586716.531   123949220.607       -1542.915          42.000    23586712.660    94974190.819       -1182.400          45.000  
G26  21795353.623   114535382.876       -3277.756          41.000    21795350.245    89248350.238       -2554.000          40.000  
> 2024 06 08 04 03 30.0010000  0 32                     
G23  21350562.809   112198107.875       -2479.820          45.000    21350557.840    87427174.864       -1932.615          43.000  
E04  27549934.441   144775963.307        1102.842          40.000    27549934.024   110932209.009         844.917          43.000  
G16  21248834.116   111663390.060        -391.071          45.000                                                                  
G32  25212612.137   132493155.245        2094.320          39.000    25212617.380   103241484.203        1632.091          34.000  
E06  28428475.469   149392634.063        1535.612          38.000                                                                  
R04  21920906.306   117385580.492        2655.019          44.000    21920901.889    91299892.036        2065.111          46.000  
R19  21269985.690   113780077.998        -505.878          37.000    21269978.384    88495852.109        -393.445          42.000  
R18  21694183.482   115805018.328       -2003.696          43.000    21694180.739    90070807.061       -1558.315          45.000  
R03  21456367.054   114857700.995        -553.917          46.000    21456360.185    89333785.793        -431.055          44.000  
R16  22015163.426   117601029.277       -4328.969          44.000    22015162.264    91467435.395       -3367.147          47.000  
E02  26530568.909   139419074.614        1155.629          42.000    26530568.127   106827593.358         885.647          44.000  
S31  39145743.081   205712307.594        -797.747          43.000  
S33  40139345.486   210933680.018        -797.493          38.000  
E36  25591919.029   134486649.699         135.217          41.000    25591921.261   103048270.438         103.700          46.000  
R20  24372429.935   130330339.0191       1195.377          31.000                                                                  
R02  24195140.237                       -3695.417          25.000    24195133.159   100418835.006       -2869.800          26.000  
R09  21620414.505   115451785.394        -959.686          43.000    21620410.702    89795806.284        -746.548          45.000  
R10  23885822.610   127324856.556        1864.158          35.000                                                                  
G27  22154442.251   116422471.261        1423.088          44.000    22154438.753    90718869.283        1108.640          43.000  
E12  27545788.070   144754212.396       -2690.511          37.000    27545785.423   110915621.721       -2061.537          36.000  
E14  29194635.449   153418852.361        -763.829          41.000    29194635.072   117554707.585        -585.376          42.000  
E24  26201470.394   137689678.765       -3550.798          42.000    26201470.813   105502489.024       -2720.700          45.000  
E25  24201669.834   127180680.156       -1360.750          45.000    24201668.771    97450148.061       -1042.722          45.000  
E09  28516947.496   149857587.183        1590.566          38.000    28516951.556   114825970.962        1218.734          39.000  
G21  26257826.305   137985856.836        1681.301          34.000                                                                  
E10  25681608.039   134958057.473       -2326.457          43.000    25681608.382   103409551.363       -1782.656          46.000  
G10  20605382.779   108282151.172         223.516          50.000    20605378.391    84375795.478         174.281          44.000  
G18  24114590.615   126723286.402       -3320.843          44.000    24114585.521    98745505.022       -2587.561          42.000  
G08  24517664.698   128841193.699        2227.127          41.000    24517663.663   100395732.077        1735.702          40.000  
E11  23595538.691   123995579.227       -1547.408          43.000    23595534.523    95009712.377       -1185.737          45.000  
G26  21814109.176   114633951.687       -3292.955          42.000    21814108.475    89325157.131       -2566.121          40.000  
G31                                                                  25953193.936                       -2279.697          12.000  
> 2024 06 08 04 04 00.0020000  0 31                     
G23  21364770.639   112272769.905       -2497.461          45.000    21364765.310    87485353.071       -1945.679          43.000  
E04  27543654.468   144742964.161        1097.422          39.000    27543654.068   110906924.028         840.658          42.000  
G16  21251124.081   111675425.999        -411.199          45.000                                                                  
G32  25200647.781   132430281.976        2097.177          40.000    25200651.795   103192492.203        1634.194          35.000  
E06  28419691.850   149346478.439        1541.365          39.000                                                                  
R04  21906067.398   117306112.943        2642.531          45.000    21906060.702    91238084.094        2055.305          44.000  
R19  21272829.689   113795293.015        -508.704          37.000    21272822.314    88507686.054        -395.457          42.000  
R18  21705450.089   115865160.756       -2005.803          44.000    21705447.684    90117584.534       -1560.082          45.000  
R03  21459547.563   114874723.721        -580.701          47.000    21459539.959    89347025.710        -451.715          45.000  
R16  22039508.486   117731079.808       -4340.585          42.000    22039508.313    91568585.668       -3375.881          46.000  
E02  26523998.822   139384551.599        1145.653          42.000    26523998.561   106801140.693         877.958          44.000  
S31  39150299.470   205736252.333        -798.139          43.000  
S33  40143898.588   210957607.021        -798.113          38.000  
E36  25591161.603   134482661.735         130.476          42.000    25591161.933   103045214.783         100.007          46.000  
R20  24365726.210   130294487.136        1194.952          31.000                                                                  
R02  24215930.891   129220845.7561      -3707.709          28.000    24215924.090   100505078.1281      -2883.777          27.000  
R09  21625877.858   115480959.943        -985.022          43.000    21625874.464    89818497.621        -766.278          46.000  
R10  23875382.554   127269198.275        1845.902          36.000                                                                  
G27  22146331.052   116379847.820        1418.561          43.000    22146327.668    90685656.248        1105.125          43.000  
E12  27561143.461   144834903.370       -2688.632          37.000    27561140.381   110977449.925       -2060.587          36.000  
E14  29198983.653   153441703.377        -759.754          40.000    29198983.619   117572216.848        -582.322          42.000  
E24  26221757.688   137796292.970       -3556.829          42.000    26221758.848   105584180.396       -2725.250          46.000  
E25  24209479.525   127221717.789       -1375.033          46.000    24209477.985    97481592.472       -1053.640          45.000  
E09  28507854.542   149809803.695        1595.050          38.000    28507858.760   114789357.783        1221.987          39.000  
G21  26248230.851   137935435.219        1680.229          36.000                                                                  
E10  25694889.898   135027852.963       -2326.558          43.000    25694890.016   103463031.010       -1782.647          46.000  
G10  20604166.598   108275762.414         202.366          49.000    20604162.688    84370817.274         157.707          44.000  
G18  24133547.026   126822905.991       -3320.418          44.000    24133542.997    98823130.656       -2587.109          42.000  
G08  24504946.199   128774360.362        2228.210          41.000    24504945.909   100343654.232        1736.469          40.000  
E11  23604379.673   124042041.151       -1550.045          43.000    23604375.685    95045313.104       -1187.781          45.000  
G26  21832947.706   114732952.546       -3306.787          42.000    21832947.463    89402300.625       -2576.360          40.000  
> 2024 06 08 04 04 30.0020000  0 31                     
G23  21379071.914   112347926.170       -2513.129          45.000    21379067.013    87543916.436       -1958.270          43.000  
E04  27537402.367   144710110.390        1092.929          39.000    27537401.683   110881750.408         837.433          42.000  
G16  21253525.605   111688044.913        -429.932          45.000                                                                  
G32  25188663.623   132367301.781        2101.292          41.000    25188666.526   103143416.871        1637.668          35.000  
E06  28410871.775   149300129.353        1548.699          39.000                                                                  
R04  21891293.945   117227002.145        2631.579          44.000    21891286.117    91176553.603        2046.797          43.000  
R19  21275685.124   113810569.114        -509.796          37.000    21275678.263    88519567.460        -396.577          42.000  
R18  21716722.649   115925334.919       -2005.996          44.000    21716720.116    90164386.678       -1560.146          45.000  
R03  21462872.209   114892519.538        -605.743          46.000    21462864.550    89360866.939        -470.898          45.000  
R16  22063913.072   117861446.727       -4350.688          42.000    22063913.192    91669982.013       -3383.693          45.000  
E02  26517481.520   139350308.749        1137.008          41.000    26517482.466   106774902.719         871.259          44.000  
S31  39154852.642   205760181.053        -796.950          43.000  
S33  40148448.029   210981516.485        -796.600          38.000  
E36  25590425.090   134478789.849         127.583          42.000    25590425.283   103042248.074          97.850          46.000  
R20  24359025.887   130258647.232        1195.312          33.000                                                                  
R02  24236823.960                       -3728.574          23.000    24236815.473                1      -2892.321          22.000  
R09  21631478.402   115510867.664       -1008.659          43.000    21631475.398    89841759.166        -784.496          46.000  
R10  23865046.126   127214090.548        1828.042          38.000                                                                  
G27  22138241.419   116337333.430        1415.594          44.000    22138237.509    90652528.184        1103.011          43.000  
E12  27576483.581   144915516.187       -2685.515          37.000    27576480.899   111039218.114       -2057.292          37.000  
E14  29203301.989   153464400.357        -753.699          39.000    29203302.602   117589608.048        -577.614          42.000  
E24  26242074.253   137903059.620       -3561.041          42.000    26242076.015   105665988.572       -2728.570          46.000  
E25  24217364.066   127263153.439       -1387.546          45.000    24217363.143    97513341.866       -1063.060          46.000  
E09  28498731.974   149761867.506        1600.595          37.000    28498736.975   114752627.597        1226.118          39.000  
G21  26238636.184   137885012.926        1681.626          37.000                                                                  
E10  25708167.768   135097626.390       -2325.214          44.000    25708167.419   103516493.762       -1781.487          46.000  
G10  20603066.304   108269982.943         182.711          49.000    20603062.930    84366313.823         142.405          45.000  
G18  24152496.214   126922482.595       -3318.134          43.000    24152491.315    98900722.822       -2585.652          42.000  
G08  24492217.099   128707468.175        2231.305          41.000    24492216.484   100291530.513        1738.721          39.000  
E11  23613231.163   124088555.702       -1550.991          44.000    23613226.989    95080954.137       -1188.408          44.000  
G26  21851859.195   114832329.274       -3318.601          42.000    21851857.652    89479737.013       -2585.808          40.000  
> 2024 06 08 04 05 00.0020000  0 30                     
G23  21393460.302   112423536.474       -2527.936          45.000    21393454.841    87602833.568       -1969.708          43.000  
E04  27531170.178   144677362.418        1089.991          38.000    27531169.919   110856657.894         835.162          41.000  
G16  21256030.442   111701207.161        -447.732          45.000                                                                  
G32  25176650.659   132304174.909        2106.279          40.000    25176653.344   103094227.243        1641.777          36.000  
E06  28402006.914   149253546.403        1556.849          39.000                                                                  
R04  21876579.171   117148208.720        2621.189          44.000    21876573.032    91115269.961        2038.832          45.000  
R19  21278544.575   113825864.808        -509.887          38.000    21278537.738    88531464.112        -396.650          42.000  
R18  21727994.179   115985502.028       -2005.419          44.000    21727991.465    90211183.321       -1559.734          45.000  
R03  21466333.254   114911048.848        -629.755          45.000    21466325.603    89375278.675        -489.758          45.000  
R16  22088369.260   117992104.8461      -4359.077          42.000    22088369.163    91771592.451       -3390.611          44.000  
E02  26511010.737   139316306.012        1129.385          41.000    26511011.942   106748848.732         865.460          44.000  
S31  39159395.893   205784053.666        -794.542          44.000  
S33  40152987.081   211005371.204        -794.277          37.000  
E36  25589702.219   134474992.732         125.557          43.000    25589702.648   103039338.674          96.214          46.000  
R09  21637208.521   115541466.921       -1031.201          42.000    21637204.651    89865558.596        -802.225          44.000  
R10  23854805.268   127159492.968        1811.351          37.000                                                                  
G27  22130164.232   116294888.090        1413.645          44.000    22130160.765    90619453.939        1101.750          43.000  
E12  27591801.828   144996012.808       -2680.935          37.000    27591798.740   111100897.393       -2054.835          37.000  
E14  29207584.320   153486904.502        -746.905          39.000    29207584.928   117606851.507        -572.287          42.000  
E24  26262412.559   138009940.139       -3564.407          42.000    26262414.453   105747884.007       -2731.156          45.000  
E25  24225316.764   127304947.762       -1398.949          45.000    24225316.732    97545366.102       -1072.062          46.000  
E09  28489573.394   149713738.297        1607.706          37.000    28489577.869   114715749.485        1231.672          36.000  
G21  26229033.382   137834547.572        1683.569          37.000                                                                  
E10  25721434.006   135167339.083       -2322.490          44.000    25721433.452   103569910.030       -1779.622          47.000  
G10  20602074.936   108264772.795         164.376          49.000    20602071.695    84362253.995         128.130          45.000  
G18  24171429.348   127021978.470       -3315.213          43.000    24171424.378    98978252.076       -2583.192          41.000  
G08  24479468.747   128640475.709        2234.912          41.000    24479467.515   100239328.674        1741.193          40.000  
E11  23622084.983   124135083.099       -1550.982          43.000    23622080.638    95116605.022       -1188.400          44.000  
G26  21870834.713   114932042.021       -3329.148          41.000    21870832.728    89557435.211       -2594.351          41.000  
R02                                                                  24257799.099                       -2911.248          17.000  
> 2024 06 08 04 05 30.0020000  0 30                     
G23  21407927.845   112499564.555       -2540.918          44.000    21407922.528    87662076.234       -1979.962          43.000  
E04  27524952.603   144644688.305        1088.060          38.000    27524952.138   110831621.953         833.784          42.000  
G16  21258632.686   111714879.291        -463.891          46.000                                                                  
G32  25164604.723   132240870.079        2113.367          41.000    25164606.505   103044898.960        1646.884          35.000  
E06  28393091.497   149206697.093        1566.301          38.000                                                                  
R04  21861918.029   117069703.030        2612.463          44.000    21861913.345    91054210.089        2031.905          45.000  
R19  21281401.325   113841145.054        -508.833          38.000    21281393.515    88543348.787        -395.592          41.000  
R18  21739258.061   116045627.783       -2003.212          44.000    21739254.904    90257947.803       -1557.947          45.000  
R03  21469925.575   114930278.247        -652.277          45.000    21469917.732    89390234.888        -507.190          45.000  
R16  22112868.967   118122982.681       -4366.176          43.000    22112869.530    91873386.203       -3395.717          45.000  
E02  26504579.685   139282510.957        1123.295          41.000    26504580.331   106722953.857         860.685          43.000  
S31  39163921.773   205807836.409        -790.946          44.000  
S33  40157509.212   211029135.340        -790.426          37.000  
E36  25588987.081   134471235.669         124.949          43.000    25588987.971   103036459.955          95.726          46.000  
R09  21643061.775   115572722.229       -1052.366          43.000    21643056.941    89889868.276        -818.362          44.000  
R10  23844652.150   127105374.267        1796.758          34.000                                                                  
G27  22122093.978   116252479.673        1413.314          44.000    22122090.593    90586408.481        1101.277          43.000  
E12  27607091.758   145076359.157       -2675.418          38.000    27607087.806   111162461.455       -2049.861          36.000  
E14  29211824.402   153509182.759        -738.248          40.000    29211824.063   117623921.887        -565.922          42.000  
E24  26282767.039   138116898.831       -3566.101          42.000    26282767.691   105829839.329       -2732.606          45.000  
E25  24233331.635   127347066.430       -1408.980          45.000    24233331.919    97577638.855       -1079.697          46.000  
E09  28480372.128   149665383.832        1615.778          38.000    28480376.106   114678698.771        1238.145          37.000  
G21  26219415.184   137784004.522        1686.643          36.000                                                                  
E10  25734680.895   135236956.433       -2318.671          44.000    25734681.288   103623253.223       -1776.727          47.000  
G10  20601185.845   108260098.639         147.313          49.000    20601181.952    84358611.813         114.805          45.000  
G18  24190341.055   127121358.932       -3310.479          43.000    24190336.428    99055691.400       -2579.689          42.000  
G08  24466694.972   128573350.210        2240.045          41.000    24466693.630   100187023.131        1745.422          38.000  
E11  23630934.329   124181588.417       -1549.413          43.000    23630930.288    95152239.006       -1187.328          44.000  
G26  21889867.389   115032054.062       -3338.372          42.000    21889864.781    89635366.622       -2601.584          42.000  
R02                                                                  24278850.667                       -2911.796          19.000  
> 2024 06 08 04 06 00.0020000  0 30                     
G23  21422471.236   112575992.103       -2554.059          43.000    21422466.487    87721630.167       -1990.192          43.000  
E04  27518746.697   144612074.015        1086.052          37.000    27518745.821   110806631.851         832.203          42.000  
G16  21261328.286   111729045.903        -480.384          46.000                                                                  
G32  25152521.850   132177374.056        2120.004          41.000    25152523.314   102995421.744        1652.041          34.000  
E06  28384122.912   149159567.049        1575.730          37.000                                                                  
R04  21847309.670   116991473.228        2603.145          45.000    21847304.064    90993364.770        2024.710          45.000  
R19  21284250.219   113856393.769        -508.049          37.000    21284243.881    88555208.916        -394.856          41.000  
R18  21750510.974   116105696.387       -2001.123          44.000    21750507.427    90304667.825       -1556.696          44.000  
R03  21473645.620   114950191.979        -675.140          45.000    21473637.872    89405723.387        -525.244          45.000  
R16  22137409.499   118254075.486       -4373.154          43.000    22137409.453    91975347.165       -3401.367          44.000  
E02  26498185.460   139248909.082        1116.943          40.000    26498186.091   106697206.988         856.073          43.000  
S31  39168426.881   205831513.365        -787.425          43.000  
S33  40162011.164   211052793.182        -786.619          39.000  
E36  25588276.453   134467501.890         123.921          43.000    25588277.805   103033599.068          95.091          47.000  
R09  21649034.896   115604616.582       -1073.635          44.000    21649030.167    89914675.005        -834.977          44.000  
R10  23834586.453   127051721.143        1780.771          34.000                                                                  
G27  22114028.231   116210094.010        1412.644          44.000    22114024.581    90553380.753        1100.632          43.000  
E12  27622349.196   145156538.924       -2670.066          37.000    27622345.319   111223897.900       -2045.729          36.000  
E14  29216018.400   153531220.008        -730.462          40.000    29216017.220   117640807.596        -559.692          42.000  
E24  26303131.918   138223917.908       -3568.460          42.000    26303132.493   105911840.917       -2734.132          44.000  
E25  24241404.328   127389493.009       -1419.337          44.000    24241405.575    97610147.551       -1087.446          47.000  
E09  28471124.546   149616789.724        1623.723          37.000    28471128.750   114641464.450        1244.507          37.000  
G21  26209779.382   137733367.906        1689.408          36.000                                                                  
E10  25747907.766   135306461.812       -2314.892          44.000    25747907.612   103676510.596       -1773.706          47.000  
G10  20600395.464   108255945.063         129.932          49.000    20600391.597    84355375.283         101.264          44.000  
G18  24209227.110   127220607.326       -3306.141          42.000    24209222.463    99133027.798       -2576.025          42.000  
G08  24453893.012   128506076.893        2245.026          41.000    24453891.521   100134602.398        1749.445          38.000  
E11  23639776.714   124228054.765       -1548.094          43.000    23639772.694    95187843.099       -1186.170          44.000  
G26  21908952.434   115132346.634       -3347.733          42.000    21908950.362    89713516.625       -2608.567          42.000  
R02                                                                  24299972.887                       -2931.098          18.000  
> 2024 06 08 04 06 30.0020000  0 29                     
G23  21437089.364   112652810.711       -2567.517          44.000    21437084.877    87781488.807       -2000.275          43.000  
E04  27512552.133   144579515.372        1084.173          38.000    27512549.838   110781684.382         831.007          42.000  
G16  21264117.216   111743701.403        -496.792          46.000                                                                  
G32  25140401.834   132113683.583        2125.983          41.000    25140403.551   102945792.900        1656.211          34.000  
E06  28375099.442   149112151.699        1585.194          36.000                                                                  
R04  21832752.418   116913517.954        2593.955          45.000    21832744.986    90932733.016        2017.428          43.000  
R19  21287093.422   113871603.775        -505.872          39.000    21287087.484    88567038.943        -393.878          42.000  
R18  21761751.746   116165701.843       -1999.063          43.000    21761748.214    90351338.761       -1554.816          44.000  
R03  21477491.889   114970784.950        -697.876          45.000    21477485.471    89421740.191        -542.792          44.000  
R16  22161989.572   118385372.275       -4379.871          43.000    22161988.165    92077466.793       -3406.672          44.000  
E02  26491827.074   139215495.722        1110.635          40.000    26491827.528   106671604.593         850.963          43.000  
S31  39172911.208   205855077.629        -783.456          43.000  
S33  40166492.366   211076338.425        -783.160          39.000  
E36  25587568.925   134463784.456         123.506          42.000    25587570.464   103030750.687          94.758          47.000  
R09  21655126.508   115637142.305       -1094.871          44.000    21655122.035    89939972.761        -851.492          45.000  
R10  23824609.575   126998530.600        1765.507          39.000                                                                  
G27  22105966.600   116167726.872        1411.710          44.000    22105961.667    90520367.408        1100.347          43.000  
E12  27637573.762   145236545.689       -2663.994          37.000    27637570.458   111285201.799       -2041.442          36.000  
E14  29220165.729   153553010.944        -722.298          41.000    29220164.216   117657504.570        -553.295          42.000  
E24  26323507.274   138330989.467       -3570.267          42.000    26323507.481   105993882.724       -2735.412          44.000  
E25  24249535.011   127432220.956       -1429.312          44.000    24249536.535    97642887.167       -1095.233          47.000  
E09  28461829.981   149567951.529        1632.123          37.000    28461835.118   114604043.151        1250.640          37.000  
G21  26200124.602   137682631.120        1692.781          36.000                                                                  
E10  25761111.398   135375848.429       -2310.917          44.000    25761111.286   103729676.967       -1770.706          47.000  
G10  20599703.160   108252306.522         112.623          49.000    20599698.730    84352540.089          87.649          44.000  
G18  24228087.622   127319716.879       -3301.387          43.000    24228082.636    99210256.026       -2572.591          42.000  
G08  24441062.665   128438650.906        2249.792          41.000    24441061.079   100082062.713        1753.436          39.000  
E11  23648610.162   124274475.118       -1546.561          43.000    23648606.153    95223411.947       -1185.036          44.000  
G26  21928089.367   115232910.828       -3356.698          42.000    21928086.851    89791878.287       -2615.592          41.000  
> 2024 06 08 04 07 00.0020000  0 29                     
G23  21451781.806   112730018.964       -2580.151          44.000    21451776.573    87841651.097       -2010.522          43.000  
E04  27506367.478   144547015.240        1082.088          38.000    27506365.290   110756781.795         829.484          42.000  
G16  21266999.247   111758847.193        -513.081          46.000                                                                  
G32  25128245.765   132049802.208        2132.344          41.000    25128246.537   102896015.375        1661.417          33.000  
E06  28366022.000   149064453.515        1594.741          35.000                                                                  
R04  21818247.485   116835842.441        2584.371          46.000    21818239.644    90872318.846        2010.000          43.000  
R19  21289930.509   113886775.814        -504.962          37.000    21289924.592    88578839.443        -392.853          42.000  
R18  21772980.711   116225645.550       -1997.098          44.000    21772977.888    90397961.646       -1553.301          43.000  
R03  21481466.117   114992058.844        -720.599          45.000    21481459.381    89438286.593        -560.443          43.000  
R16  22186607.413   118516869.347       -4386.568          42.000    22186605.576    92179742.161       -3411.798          45.000  
E02  26485504.633   139182273.302        1104.295          39.000    26485505.190   106646148.490         845.966          43.000  
S31  39177374.251   205878531.082        -780.048          43.000  
S33  40170951.916   211099773.474        -779.055          39.000  
E36  25586863.711   134460083.534         123.076          42.000    25586866.187   103027914.969          94.254          47.000  
R09  21661335.360   115670299.149       -1115.975          43.000    21661331.851    89965761.411        -867.743          46.000  
R10  23814719.206   126945806.192        1749.529          38.000                                                                  
G27  22097908.293   116125380.987        1411.029          44.000    22097903.685    90487370.665        1099.707          44.000  
E12  27652765.761   145316380.210       -2657.985          37.000    27652762.734   111346373.699       -2036.869          37.000  
E14  29224265.898   153574557.350        -714.245          41.000    29224264.488   117674014.161        -547.193          42.000  
E24  26343891.723   138438112.698       -3571.671          41.000    26343892.304   106075964.106       -2736.526          44.000  
E25  24257723.935   127475250.813       -1439.337          45.000    24257724.853    97675858.118       -1102.849          47.000  
E09  28452489.349   149518871.932        1639.715          37.000    28452495.588   114566436.862        1256.253          37.000  
G21  26190450.383   137631795.260        1696.002          34.000                                                                  
E10  25774292.824   135445116.699       -2307.165          43.000    25774292.533   103782752.645       -1767.715          47.000  
G10  20599109.017   108249184.439          95.395          49.000    20599103.981    84350107.321          74.435          43.000  
G18  24246921.149   127418687.869       -3296.661          43.000    24246916.396    99287376.277       -2568.822          42.000  
G08  24428203.445   128371074.375        2254.761          40.000    24428202.032   100029405.768        1757.080          40.000  
E11  23657434.252   124320849.565       -1544.824          42.000    23657430.836    95258945.633       -1183.704          44.000  
G26  21947277.448   115333744.790       -3365.941          43.000    21947274.442    89870450.159       -2622.510          41.000  
> 2024 06 08 04 07 30.0020000  0 29                     
G23  21466548.385   112807615.983       -2593.262          45.000    21466542.367    87902116.338       -2020.770          42.000  
E04  27500194.470   144514577.078        1080.213          39.000    27500192.905   110731926.680         827.432          42.000  
G16  21269975.230   111774484.957        -529.768          45.000                                                                  
G32  25116054.155   131985734.215        2138.350          41.000    25116053.369   102846092.468        1665.964          33.000  
E06  28356892.943   149016475.522        1603.505          37.000                                                                  
R04  21803795.886   116758452.921        2574.664          46.000    21803788.737    90812127.075        2002.451          44.000  
R19  21292759.135   113901910.514        -503.809          37.000    21292753.977    88590610.877        -391.638          41.000  
R18  21784199.709   116285529.077       -1995.433          45.000    21784195.962    90444537.758       -1552.166          43.000  
R03  21485568.236   115014015.432        -743.579          45.000    21485560.314    89455363.956        -578.369          43.000  
R16  22211260.076   118648563.475       -4393.584          41.000    22211259.375    92282170.769       -3416.995          45.000  
E02  26479218.805   139149244.765        1097.347          38.000    26479220.280   106620840.940         840.861          43.000  
S31  39181816.386   205901874.885        -776.371          43.000  
S33  40175390.031   211123098.195        -776.017          39.000  
E36  25586162.094   134456399.777         122.273          41.000    25586164.662   103025092.378          93.624          46.000  
R09  21667662.502   115704087.345       -1136.879          42.000    21667659.856    89992041.136        -884.297          47.000  
R10  23804915.839   126893551.991        1733.869          37.000                                                                  
G27  22089854.543   116083059.673        1410.074          45.000    22089849.953    90454393.074        1098.748          43.000  
E12  27667925.318   145396043.704       -2652.839          38.000    27667922.251   111407414.561       -2032.436          36.000  
E14  29228319.859   153595861.600        -706.460          42.000    29228318.969   117690338.206        -541.035          42.000  
E24  26364285.786   138545287.292       -3573.543          40.000    26364287.090   106158084.831       -2738.183          43.000  
E25  24265970.198   127518583.585       -1449.740          45.000    24265970.030    97709061.147       -1110.800          45.000  
E09  28443105.294   149469554.018        1647.440          37.000    28443110.131   114528647.943        1262.647          36.000  
G21  26180756.237   137580861.056        1699.047          34.000                                                                  
E10  25787451.954   135514267.434       -2303.206          43.000    25787451.693   103835738.282       -1764.951          46.000  
G10  20598613.391   108246580.858          77.765          49.000    20598608.813    84348078.588          60.615          44.000  
G18  24265728.278   127517521.123       -3292.525          42.000    24265723.955    99364389.178       -2565.473          42.000  
G08  24415316.347   128303350.083        2259.534          41.000    24415314.528    99976633.632        1760.767          40.000  
E11  23666250.184   124367178.638       -1543.565          41.000    23666246.849    95294444.544       -1182.636          43.000  
G26  21966517.062   115434847.137       -3374.747          43.000    21966513.949    89949231.223       -2629.899          41.000  
> 2024 06 08 04 08 00.0020000  0 29                     
G23  21481389.244   112885603.912       -2606.146          45.000    21481383.325    87962886.193       -2030.780          42.000  
E04  27494034.485   144482207.360        1077.791          38.000    27494032.961   110707123.995         825.625          43.000  
G16  21273045.208   111790619.241        -546.304          45.000                                                                  
G32  25103827.981   131921486.866        2144.257          42.000    25103826.946   102796029.766        1670.795          34.000  
E06  28347711.413   148968223.728        1613.059          37.000                                                                  
R04  21789398.119   116681358.950        2564.763          46.000    21789392.464    90752165.197        1994.724          45.000  
R19  21295582.744   113917012.854        -502.966          38.000    21295576.655    88602357.195        -391.217          41.000  
R18  21795407.152   116345357.579       -1993.455          45.000    21795404.303    90491071.046       -1550.656          43.000  
R03  21489797.990   115036661.024        -766.303          45.000    21489791.081    89472977.214        -595.996          44.000  
R16  22235949.185   118780454.860       -4399.460          38.000    22235950.283    92384752.786       -3421.788          45.000  
E02  26472972.475   139116416.054        1090.788          39.000    26472973.085   106595686.528         835.832          44.000  
S31  39186238.491   205925112.846        -772.976          44.000  
S33  40179808.622   211146317.016        -772.368          40.000  
E36  25585465.604   134452736.909         121.925          41.000    25585467.362   103022285.826          93.237          46.000  
R09  21674108.835   115738510.662       -1158.231          43.000    21674106.700    90018814.820        -900.800          47.000  
R10  23795202.065   126841776.305        1717.623          36.000                                                                  
G27  22081806.945   116040769.363        1408.943          45.000    22081803.266    90421439.650        1097.903          44.000  
E12  27683052.682   145475540.528       -2647.213          38.000    27683049.671   111468327.727       -2028.255          36.000  
E14  29232328.981   153616929.034        -698.359          42.000    29232328.223   117706480.792        -535.094          44.000  
E24  26384692.275   138652515.940       -3575.364          41.000    26384691.937   106240247.007       -2739.435          44.000  
E25  24274275.048   127562223.348       -1459.874          46.000    24274274.381    97742499.424       -1118.574          46.000  
E09  28433676.902   149420004.031        1655.590          37.000    28433681.903   114490681.203        1268.476          38.000  
G21  26171046.421   137529832.919        1702.741          35.000                                                                  
E10  25800590.080   135583304.638       -2299.588          44.000    25800588.940   103888636.915       -1761.870          47.000  
G10  20598217.005   108244500.745          60.524          48.000    20598212.488    84346457.760          47.033          44.000  
G18  24284510.092   127616220.553       -3287.964          42.000    24284506.087    99441297.823       -2561.926          42.000  
G08  24402401.906   128235483.711        2264.624          39.000    24402400.813    99923750.853        1764.380          41.000  
E11  23675058.582   124413465.990       -1542.175          42.000    23675054.920    95329911.494       -1181.559          44.000  
G26  21985807.628   115536219.651       -3383.796          44.000    21985804.439    90028222.734       -2636.729          41.000  
> 2024 06 08 04 08 30.0020000  0 29                     
G23  21496304.391   112963983.379       -2619.354          45.000    21496298.783    88023961.115       -2041.132          43.000  
E04  27487887.745   144449911.005        1074.881          38.000    27487887.423   110682377.511         823.659          43.000  
G16  21276210.744   111807254.505        -563.082          46.000                                                                  
G32  25091568.822   131857065.998        2149.771          42.000    25091568.672   102745831.833        1675.143          36.000  
E06  28338476.364   148919702.872        1621.305          37.000                                                                  
R04  21775057.937   116604568.031        2554.477          46.000    21775051.356    90692439.007        1986.694          43.000  
R19  21298401.317   113932084.726        -502.240          39.000    21298394.401    88614079.775        -390.381          42.000  
R18  21806605.818   116405134.356       -1991.938          46.000    21806602.356    90537564.119       -1549.493          44.000  
R03  21494157.854   115059998.321        -789.703          46.000    21494150.699    89491128.441        -614.099          44.000  
R16  22260674.172   118912541.868       -4406.530          38.000    22260677.607    92487486.945       -3427.293          45.000  
E02  26466764.680   139083791.695        1084.252          39.000    26466764.847   106570688.693         830.517          43.000  
S31  39190641.171   205948248.296        -769.375          43.000  
S33  40184207.589   211169433.959        -769.050          39.000  
E36  25584772.786   134449097.188         120.754          41.000    25584774.621   103019496.979          92.513          45.000  
R09  21680673.989   115773570.410       -1179.496          44.000    21680672.147    90046083.517        -917.358          47.000  
R10  23785580.293   126790527.5631       1701.331          37.000                                                                  
G27  22073766.243   115998514.933        1407.690          45.000    22073762.498    90388514.153        1096.925          45.000  
E12  27698149.195   145554873.434       -2641.914          37.000    27698146.291   111529115.326       -2024.384          35.000  
E14  29236293.587   153637763.600        -690.896          42.000    29236292.286   117722444.943        -529.485          42.000  
E24  26405107.252   138759799.925       -3577.249          41.000    26405107.320   106322451.556       -2741.010          43.000  
E25  24282637.831   127606172.652       -1470.320          45.000    24282637.520    97776174.842       -1126.612          45.000  
E09  28424205.171   149370226.639        1662.907          37.000    28424208.955   114452540.231        1274.063          36.000  
G21  26161319.009   137478713.881        1705.686          35.000                                                                  
E10  25813706.345   135652230.694       -2295.814          44.000    25813704.867   103941450.411       -1759.184          46.000  
G10  20597922.024   108242947.553          42.827          49.000    20597917.559    84345247.507          33.265          45.000  
G18  24303267.323   127714788.536       -3283.594          42.000    24303262.957    99518104.051       -2558.643          43.000  
G08  24389459.637   128167479.593        2269.055          40.000    24389460.540    99870760.717        1767.853          42.000  
E11  23683858.678   124459713.676       -1541.128          41.000    23683855.753    95365348.053       -1180.905          43.000  
G26  22005148.999   115637862.487       -3392.758          43.000    22005146.057    90107424.951       -2643.903          41.000  
> 2024 06 08 04 09 00.0020000  0 29                     
G23  21511292.356   113042747.217       -2632.007          45.000    21511287.305    88085335.533       -2050.708          43.000  
E04  27481755.356   144417685.192        1073.109          37.000    27481754.790   110657685.110         822.255          44.000  
G16  21279470.735   111824385.965        -579.452          45.000                                                                  
G32  25079276.354   131792469.627        2156.021          42.000    25079275.350   102695497.151        1680.215          35.000  
E06  28329190.010   148870909.602        1630.633          35.000                                                                  
R04  21760773.757   116528079.865        2544.312          46.000    21760766.380    90632948.308        1979.034          44.000  
R19  21301212.135   113947120.999        -500.897          37.000    21301205.985    88625774.628        -389.441          43.000  
R18  21817793.406   116464855.083       -1989.743          46.000    21817790.343    90584013.579       -1547.544          43.000  
R03  21498646.301   115084023.350        -812.256          46.000    21498638.344    89509814.585        -631.647          44.000  
R16  22285438.278   119044814.499       -4412.133          42.000    22285439.216    92590365.560       -3431.766          44.000  
E02  26460594.341   139051368.408        1077.558          39.000    26460594.862   106545844.910         825.562          44.000  
S31  39195023.483   205971277.319        -766.069          44.000  
S33  40188586.321   211192443.530        -765.162          40.000  
E36  25584083.672   134445475.035         120.390          42.000    25584085.433   103016721.612          92.245          46.000  
R09  21687358.729   115809260.525       -1200.333          46.000    21687355.084    90073842.496        -933.563          47.000  
R10  23776048.675   126739718.118        1685.238          35.000                                                                  
G27  22065731.743   115956293.497        1406.836          45.000    22065728.330    90355614.373        1096.285          45.000  
E12  27713213.990   145634037.371       -2636.349          38.000    27713211.051   111589773.391       -2019.709          37.000  
E14  29240212.746   153658361.328        -682.332          41.000    29240212.023   117738227.642        -522.980          43.000  
E24  26425532.739   138867132.687       -3578.560          42.000    26425532.013   106404693.475       -2741.813          43.000  
E25  24291059.526   127650426.214       -1480.180          46.000    24291058.447    97810083.417       -1134.103          45.000  
E09  28414688.029   149320218.804        1670.650          37.000    28414693.149   114414222.711        1280.002          38.000  
G21  26151573.547   137427498.828        1708.422          36.000                                                                  
E10  25826799.714   135721040.264       -2291.527          44.000    25826799.170   103994174.669       -1756.047          47.000  
G10  20597725.840   108241916.956          25.610          49.000    20597721.227    84344444.491          19.613          44.000  
G18  24321998.244   127813219.716       -3278.564          42.000    24321993.798    99594803.667       -2555.054          42.000  
G08  24376492.651   128099334.299        2273.907          40.000    24376492.822    99817660.560        1771.661          41.000  
E11  23692650.782   124505916.069       -1539.012          41.000    23692647.922    95400749.900       -1179.475          44.000  
G26  22024539.872   115739768.065       -3401.183          41.000    22024538.191    90186831.882       -2650.260          41.000  
> 2024 06 08 04 09 30.0020000  0 28                     
G23  21526352.753   113121891.060       -2644.086          45.000    21526348.158    88147006.073       -2060.339          42.000  
E04  27475636.373   144385529.954        1070.997          38.000    27475635.731   110633046.747         820.525          42.000  
G16  21282824.946   111842011.804        -595.594          47.000                                                                  
G32  25066950.145   131727698.597        2162.119          43.000    25066949.789   102645026.409        1684.622          35.000  
E06  28319854.582   148821843.709        1640.180          36.000                                                                  
R04  21746547.581   116451897.483        2534.484          48.000    21746540.516    90573695.455        1971.292          45.000  
R19  21304015.436   113962119.906        -498.956          39.000    21304009.545    88637440.499        -388.086          41.000  
R18  21828970.375   116524517.825       -1987.557          46.000    21828967.019    90630417.942       -1546.055          43.000  
R03  21503263.064   115108735.004        -835.046          49.000    21503254.927    89529034.793        -649.536          44.000  
R16  22310234.836   119177266.452       -4417.876          44.000    22310235.373    92693383.638       -3436.043          45.000  
E02  26454462.738   139019145.644        1070.956          39.000    26454462.949   106521154.781         820.544          42.000  
S31  39199384.981   205994197.197        -761.924          45.000  
S33  40192943.373   211215343.471        -761.498          41.000  
E36  25583397.487   134441867.663         120.160          43.000    25583399.104   103013957.573          92.014          45.000  
R09  21694159.926   115845577.397       -1220.911          47.000    21694155.413    90102088.953        -949.576          46.000  
G27  22057702.823   115914104.951        1406.007          46.000    22057700.093    90322740.231        1095.436          44.000  
E12  27728246.168   145713030.178       -2629.921          38.000    27728242.961   111650300.373       -2015.448          36.000  
E14  29244086.750   153678721.136        -674.520          41.000    29244086.043   117753828.051        -517.119          41.000  
E24  26445966.686   138974510.453       -3579.740          43.000    26445965.835   106486969.898       -2742.998          42.000  
E25  24299537.785   127694981.561       -1490.033          46.000    24299537.002    97844223.238       -1141.758          44.000  
E09  28405128.286   149269980.311        1678.848          38.000    28405133.970   114375728.390        1286.227          37.000  
G21  26141808.518   137376185.407        1712.173          38.000                                                                  
E10  25839870.512   135789730.815       -2287.443          44.000    25839870.778   104046807.700       -1752.711          46.000  
G10  20597629.173   108241407.340           8.607          50.000    20597624.556    84344047.397           6.728          43.000  
G18  24340702.738   127911511.481       -3273.737          43.000    24340697.726    99671394.638       -2550.995          41.000  
G08  24363498.001   128031047.164        2278.790          42.000    24363497.637    99764449.848        1775.592          39.000  
E11  23701434.552   124552070.376       -1537.358          42.000    23701430.832    95436114.872       -1177.952          43.000  
G26  22043980.065   115841931.579       -3409.449          41.000    22043979.314    90266439.805       -2656.964          40.000  
> 2024 06 08 04 10 00.0020000  0 29                     
G23  21541485.400   113201415.204       -2657.306          44.000    21541481.107    88208972.923       -2070.398          42.000  
E04  27469532.337   144353449.937        1067.917          38.000    27469531.132   110608465.991         818.284          43.000  
G16  21286273.998   111860135.004        -612.634          46.000                                                                  
G32  25054591.889   131662758.434        2167.477          42.000    25054591.834   102594423.850        1688.069          35.000  
E06  28310467.281   148772509.344        1648.654          37.000                                                                  
R04  21732380.028   116376027.569        2523.451          47.000    21732372.779    90514685.611        1963.031          45.000  
R19  21306813.018   113977083.799        -498.224          36.000    21306805.949    88649079.110        -387.274          42.000  
R18  21840136.828   116584125.823       -1986.133          46.000    21840133.947    90676779.699       -1544.940          44.000  
R03  21508008.093   115134136.418        -858.325          46.000    21507999.703    89548791.454        -667.529          44.000  
R16  22335062.988   119309895.613       -4423.945          42.000    22335063.762    92796539.546       -3440.810          45.000  
E02  26448370.447   138987127.534        1063.603          40.000    26448370.343   106496621.466         815.023          44.000  
S31  39203725.747   206017009.167        -758.821          44.000  
S33  40197280.763   211238136.994        -758.314          39.000  
E36  25582714.614   134438276.978         119.324          43.000    25582715.620   103011206.336          91.410          46.000  
R09  21701077.750   115882522.426       -1242.204          44.000    21701073.873    90130823.962        -966.085          46.000  
R10  23757255.475   126639529.2221       1652.856          37.000                                                                  
G27  22049681.642   115871953.973        1404.227          45.000    22049679.337    90289895.340        1094.250          44.000  
E12  27743245.724   145791854.308       -2624.877          38.000    27743242.851   111710698.058       -2011.455          37.000  
E14  29247915.900   153698846.539        -667.262          40.000    29247915.706   117769248.827        -511.246          42.000  
E24  26466409.122   139081934.120       -3581.758          43.000    26466407.843   106569281.482       -2744.428          43.000  
E25  24308074.542   127739840.906       -1500.505          45.000    24308073.501    97878595.972       -1149.732          45.000  
E09  28395525.482   149219515.521        1685.956          38.000    28395530.484   114337060.696        1291.676          37.000  
G21  26132024.380   137324775.968        1714.766          36.000                                                                  
E10  25852919.865   135858304.460       -2283.873          44.000    25852919.840   104099351.159       -1750.034          47.000  
G10  20597631.162   108241421.795          -9.458          49.000    20597627.133    84344058.675          -7.202          44.000  
G18  24359380.790   128009665.938       -3269.757          43.000    24359375.583    99747878.642       -2548.010          41.000  
G08  24350477.375   127962622.120        2283.063          41.000    24350476.655    99711131.644        1779.407          39.000  
E11  23710208.384   124598178.375       -1536.108          42.000    23710204.775    95471444.378       -1177.218          44.000  
G26  22063469.404   115944352.879       -3418.604          39.000    22063469.371    90346248.565       -2663.572          41.000  
> 2024 06 08 04 10 30.0020000  0 29                     
G23  21556692.064   113281328.245       -2670.258          44.000    21556687.865    88271242.851       -2080.914          42.000  
E04  27463443.435   144321458.052        1064.642          37.000    27463443.326   110583952.812         815.616          44.000  
G16  21289818.884   111878766.975        -629.846          45.000                                                                  
G32  25042203.716   131597663.007        2172.242          40.000    25042204.094   102543700.236        1692.494          34.000  
E06  28301029.574   148722919.150        1656.922          37.000                                                                  
R04  21718273.282   116300486.375        2512.260          47.000    21718265.117    90455931.425        1954.035          44.000  
R19  21309605.351   113992022.910        -497.955          35.000    21309598.905    88660698.375        -387.109          43.000  
R18  21851295.235   116643690.814       -1985.130          46.000    21851291.863    90723108.026       -1544.069          44.000  
R03  21512883.945   115160239.581        -882.135          46.000    21512876.071    89569093.940        -686.133          44.000  
R16  22359926.720   119442708.768       -4430.153          42.000    22359926.490    92899838.538       -3445.882          46.000  
E02  26442319.295   138955326.583        1055.968          40.000    26442318.860   106472254.547         809.153          44.000  
S31  39208048.595   206039726.663        -755.993          44.000  
S33  40201599.846   211260835.918        -755.282          39.000  
E36  25582036.443   134434713.252         118.023          43.000    25582037.254   103008475.759          90.360          46.000  
R09  21708115.420   115920105.487       -1263.591          43.000    21708112.727    90160055.216        -982.866          47.000  
R10  23748002.093   126590193.647        1635.724          37.000                                                                  
G27  22041670.184   115829853.429        1402.058          45.000    22041667.356    90257089.750        1092.559          44.000  
E12  27758215.311   145870520.618       -2619.555          37.000    27758212.720   111770974.842       -2007.187          37.000  
E14  29251702.890   153718749.425        -660.073          40.000    29251703.432   117784499.098        -505.655          42.000  
E24  26486862.094   139189412.977       -3584.058          42.000    26486860.793   106651635.334       -2746.018          44.000  
E25  24316670.439   127785014.724       -1511.268          45.000    24316669.941    97913209.675       -1158.030          45.000  
E09  28385880.562   149168837.204        1692.637          38.000    28385886.146   114298229.405        1296.632          37.000  
G21  26122225.024   137273281.184        1716.868          37.000                                                                  
E10  25865948.312   135926771.689       -2280.754          44.000    25865948.597   104151813.053       -1747.657          47.000  
G10  20597736.362   108241971.694         -27.545          49.000    20597731.906    84344487.175         -21.403          44.000  
G18  24378034.785   128107693.562       -3265.887          42.000    24378029.728    99824263.792       -2544.592          41.000  
G08  24337432.700   127894071.581        2286.835          41.000    24337431.416    99657715.669        1781.921          38.000  
E11  23718975.060   124644250.302       -1535.391          41.000    23718971.727    95506746.252       -1176.487          43.000  
G26  22083010.130   116047040.187       -3427.620          38.000    22083010.661    90426264.563       -2670.789          42.000  
> 2024 06 08 04 11 00.0020000  0 29                     
G23  21571975.767   113361639.522       -2683.423          45.000    21571970.560    88333823.040       -2091.144          41.000  
E04  27457374.400   144289568.083        1061.327          36.000    27457374.790   110559517.700         813.216          43.000  
G16  21293463.310   111897919.627        -646.893          44.000                                                                  
G32  25029789.261   131532426.891        2176.882          40.000    25029789.307   102492867.047        1696.178          34.000  
E06  28291545.438   148673086.589        1665.356          36.000                                                                  
R04  21704230.558   116225290.475        2500.754          47.000    21704222.159    90397445.823        1945.135          44.000  
R19  21312394.052   114006944.0631       -497.180          34.000    21312389.289    88672307.599        -386.664          42.000  
R18  21862447.844   116703225.142       -1983.955          44.000    21862445.132    90769412.509       -1543.063          45.000  
R03  21517894.053   115187056.516        -905.670          45.000    21517885.599    89589951.573        -704.572          44.000  
R16  22384824.490   119575712.889       -4436.447          38.000    22384825.363    93003286.053       -3450.615          45.000  
E02  26436312.267   138923755.975        1048.599          41.000    26436311.448   106448064.130         803.709          44.000  
S31  39212355.477   206062359.976        -752.754          44.000  
S33  40205903.070   211283449.597        -751.830          39.000  
E36  25581364.536   134431187.428         116.945          42.000    25581366.424   103005774.233          89.562          45.000  
R09  21715275.261   115958336.970       -1285.004          43.000    21715272.675    90189790.803        -999.470          47.000  
R10  23738842.193   126541383.6631       1618.699          35.000                                                                  
G27  22033670.848   115787817.069        1400.300          44.000    22033668.106    90224334.161        1091.161          44.000  
E12  27773156.904   145949040.853       -2615.157          37.000    27773154.372   111831139.671       -2003.363          37.000  
E14  29255450.725   153738442.526        -652.951          40.000    29255450.798   117799588.630        -500.194          42.000  
E24  26507327.034   139296956.928       -3585.827          42.000    26507325.842   106734039.090       -2747.679          43.000  
E25  24325328.375   127830514.293       -1522.104          45.000    24325328.487    97948072.980       -1166.075          45.000  
E09  28376198.792   149117958.894        1699.416          38.000    28376203.655   114259244.858        1301.925          36.000  
G21  26112412.834   137221712.688        1720.491          36.000                                                                  
E10  25878959.458   135995143.712       -2277.327          44.000    25878959.390   104204202.001       -1744.966          47.000  
G10  20597944.720   108243069.103         -45.537          49.000    20597940.941    84345342.331         -35.523          44.000  
G18  24396666.367   128205605.544       -3261.731          43.000    24396661.923    99900558.854       -2541.736          40.000  
G08  24324366.495   127825408.665        2290.466          41.000    24324365.291    99604212.117        1784.979          38.000  
E11  23727737.538   124690297.032       -1534.614          41.000    23727733.942    95542028.814       -1175.858          43.000  
G26  22102604.266   116150002.304       -3436.595          40.000    22102603.805    90506494.729       -2677.809          42.000  
> 2024 06 08 04 11 30.0020000  0 29                     
G23  21587334.524   113442348.031       -2697.193          44.000    21587328.635    88396712.776       -2101.645          41.000  
E04  27451324.572   144257783.419        1057.203          35.000    27451326.007   110535163.267         810.349          43.000  
G16  21297207.391   111917594.634        -664.771          44.000                                                                  
G32  25017349.698   131467054.435        2180.944          41.000    25017349.931   102441927.608        1700.040          35.000  
E06  28282016.000   148623014.673        1672.944          35.000                                                                  
R04  21690254.022   116150445.826        2488.620          47.000    21690245.446    90339233.430        1935.613          45.000  
R19  21315182.158   114021858.173        -497.388          35.000    21315176.911    88683907.462        -386.523          42.000  
R18  21873594.748   116762730.656       -1983.431          44.000    21873592.923    90815694.571       -1542.741          45.000  
R03  21523037.071   115214589.087        -929.810          45.000    21523029.360    89611365.811        -723.218          43.000  
R16  22409758.281   119708905.234       -4442.812          40.000    22409758.795    93106879.912       -3455.655          45.000  
E02  26430348.618   138892418.617        1040.517          41.000    26430348.257   106424052.454         797.215          44.000  
S31  39216646.830   206084910.757        -750.649          43.000  
S33  40210190.901   211305981.020        -749.897          39.000  
E36  25580699.786   134427700.201         115.549          40.000    25580702.665   103003102.278          88.514          45.000  
R09  21722557.038   115997216.842       -1307.145          46.000    21722553.983    90220030.686       -1016.534          47.000  
R10  23729782.017   126493086.221        1600.616          37.000                                                                  
G27  22025684.581   115745848.231        1397.550          45.000    22025681.886    90191631.204        1089.218          44.000  
E12  27788071.189   146027416.110       -2609.885          36.000    27788068.717   111891193.489       -2000.066          37.000  
E14  29259158.830   153757928.102        -646.198          41.000    29259158.795   117814519.159        -495.249          42.000  
E24  26527804.050   139404565.681       -3588.184          42.000    26527803.113   106816492.493       -2749.546          43.000  
E25  24334049.468   127876340.501       -1533.166          46.000    24334049.541    97983186.567       -1174.697          45.000  
E09  28366480.290   149066883.789        1705.732          38.000    28366484.339   114220109.499        1306.843          36.000  
G21  26102584.496   137170072.003        1722.284          34.000                                                                  
E10  25891952.647   136063421.478       -2274.646          44.000    25891952.330   104256518.717       -1742.842          47.000  
G10  20598258.154   108244715.793         -64.203          48.000    20598254.505    84346625.505         -49.879          43.000  
G18  24415276.648   128303402.805       -3258.307          43.000    24415271.758    99976764.507       -2539.050          39.000  
G08  24311279.466   127756636.111        2293.774          41.000    24311278.258    99550623.122        1787.811          38.000  
E11  23736495.560   124736319.113       -1533.880          41.000    23736491.853    95577292.498       -1175.359          43.000  
G26  22122250.219   116253237.884       -3445.890          41.000    22122248.925    90586937.990       -2685.333          42.000  
> 2024 06 08 04 12 00.0020000  0 29                     
G23  21602769.619   113523459.845       -2710.329          45.000    21602763.532    88459916.812       -2111.993          41.000  
E04  27445298.852   144226114.542        1054.220          36.000    27445299.260   110510897.545         807.548          42.000  
G16  21301052.195   111937800.922        -682.318          44.000                                                                  
G32  25004885.946   131401557.002        2185.455          41.000    25004885.935   102390890.801        1702.616          35.000  
E06  28272443.062   148572713.525        1680.790          35.000                                                                  
R04  21676344.477   116075965.810        2476.628          46.000    21676338.227    90281304.618        1926.393          46.000  
R19  21317968.164   114036755.2491       -496.545          35.000    21317964.374    88695505.011        -386.438          42.000  
R18  21884738.514   116822216.438       -1982.515          45.000    21884736.688    90861961.279       -1541.929          45.000  
R03  21528314.968   115242846.423        -953.650          44.000    21528308.061    89633343.787        -741.907          43.000  
R16  22434728.918   119842289.411       -4449.384          40.000    22434728.747    93210622.987       -3460.406          45.000  
E02  26424430.427   138861324.490        1032.345          40.000    26424431.307   106400227.114         791.236          44.000  
S31  39220923.841   206107387.847        -748.075          44.000  
S33  40214464.391   211328439.025        -747.127          39.000  
E36  25580045.639   134424259.349         114.196          40.000    25580047.949   103000465.848          87.323          45.000  
R09  21729960.980   116036752.288       -1328.493          46.000    21729957.445    90250780.503       -1033.333          48.000  
R10  23720823.093   126445333.3571       1583.467          37.000                                                                  
G27  22017713.203   115703957.470        1395.135          45.000    22017710.340    90158989.075        1087.260          44.000  
E12  27802958.994   146105654.955       -2605.885          35.000    27802956.988   111951142.712       -1996.449          37.000  
E14  29262829.650   153777215.621        -639.400          41.000    29262829.082   117829297.943        -490.171          41.000  
E24  26548293.607   139512246.006       -3590.613          41.000    26548294.162   106899000.729       -2751.167          43.000  
E25  24342833.469   127922501.361       -1544.123          45.000    24342833.884    98018556.575       -1183.188          45.000  
E09  28356725.825   149015622.134        1712.015          38.000    28356729.601   114180831.199        1312.077          36.000  
G21  26092744.626   137118367.369        1724.561          33.000                                                                  
E10  25904928.993   136131612.999       -2271.490          44.000    25904928.532   104308769.358       -1740.515          46.000  
G10  20598678.185   108246920.570         -82.801          49.000    20598673.741    84348343.554         -64.424          43.000  
G18  24433866.634   128401093.321       -3254.395          43.000    24433861.611   100052886.984       -2535.858          40.000  
G08  24298173.721   127687763.874        2297.559          39.000    24298173.238    99496956.510        1790.350          40.000  
E11  23745250.367   124782324.351       -1533.077          42.000    23745246.137    95612543.275       -1174.970          42.000  
G26  22141949.096   116356752.587       -3455.188          42.000    22141947.242    90667598.728       -2692.040          42.000  
> 2024 06 08 04 12 30.0020000  0 29                     
G23  21618285.012   113604996.704       -2725.293          44.000    21618279.256    88523452.021       -2123.661          41.000  
E04  27439299.400   144194587.516        1047.912          37.000    27439299.560   110486740.550         803.033          42.000  
G16  21305003.151   111958562.639        -701.727          44.000                                                                  
G32  24992403.588   131335961.637        2187.697          41.000    24992402.639   102339777.731        1704.540          34.000  
E06  28262830.776   148522209.021        1686.912          33.000                                                                  
R04  21662508.451   116001879.774        2462.608          45.000    21662503.536    90223682.184        1915.464          46.000  
R19  21320760.996   114051687.255        -498.334          36.000    21320756.419    88707118.775        -387.500          44.000  
R18  21895884.051   116881707.543       -1983.551          45.000    21895881.148    90908232.150       -1542.678          44.000  
R03  21533733.263   115271853.348        -979.803          44.000    21533726.447    89655904.729        -762.085          43.000  
R16  22459739.434   119975885.558       -4457.050          40.000    22459738.445    93314530.910       -3466.505          46.000  
E02  26418564.372   138830499.147        1022.602          40.000    26418565.439   106376607.743         783.847          45.000  
S31  39225191.470   206129815.301        -747.029          43.000  
S33  40218728.812   211350846.912        -746.559          39.000  
E36  25579405.401   134420888.211         111.032          41.000    25579406.379   102997882.813          85.062          46.000  
R09  21737491.834   116076966.051       -1352.195          46.000    21737487.714    90282057.862       -1051.558          47.000  
R10  23711968.280   126398128.238        1563.476          37.000                                                                  
G27  22009761.223   115662170.822        1390.792          45.000    22009758.335    90126428.076        1083.873          44.000  
E12  27817826.873   146183781.220       -2602.801          35.000    27817823.905   112011005.677       -1994.255          38.000  
E14  29266467.108   153796330.111        -634.604          41.000    29266466.453   117843944.120        -486.337          42.000  
E24  26568801.576   139620020.269       -3594.355          40.000    26568803.029   106981580.942       -2754.124          43.000  
E25  24351685.669   127969020.428       -1556.882          45.000    24351686.228    98054201.058       -1192.992          46.000  
E09  28346938.946   148964199.844        1716.580          38.000    28346944.005   114141429.873        1315.062          37.000  
G21  26082897.626   137066622.278        1725.267          32.000                                                                  
E10  25917893.957   136199741.990       -2270.391          45.000    25917892.838   104360972.107       -1739.497          46.000  
G10  20599208.979   108249707.800        -102.915          49.000    20599203.997    84350515.453         -80.254          44.000  
G18  24452440.576   128498700.751       -3252.551          43.000    24452435.453   100128944.719       -2534.344          40.000  
G08  24285053.253   127618817.480        2299.182          40.000    24285052.989    99443232.137        1791.431          40.000  
E11  23754006.338   124828336.025       -1534.187          42.000    23754001.905    95647798.966       -1175.718          43.000  
G26  22161704.651   116460567.615       -3465.577          43.000    22161702.705    90748493.556       -2700.636          42.000  
> 2024 06 08 04 13 00.0020000  0 30                     
G23  21633889.000   113686995.382       -2740.857          44.000    21633882.605    88587347.096       -2135.826          40.000  
E04  27433335.306   144163243.603        1041.492          37.000    27433334.908   110462723.860         798.086          41.000  
G16  21309067.805   111979919.409        -721.881          45.000                                                                  
G32  24979911.025   131270310.534        2189.192          41.000    24979910.108   102288621.199        1705.911          36.000  
E06  28253187.883   148471542.159        1691.571          32.000                                                                  
R04  21648754.910   115928232.234        2447.525          45.000    21648750.162    90166400.803        1903.574          46.000  
R19  21323565.386   114066680.170        -500.555          37.000    21323559.999    88718779.925        -389.569          43.000  
R18  21907037.054   116941244.357       -1985.476          45.000    21907033.911    90954538.559       -1544.110          44.000  
R03  21539299.957   115301649.990       -1006.531          45.000    21539292.880    89679079.927        -782.404          44.000  
R16  22484796.159   120109729.197       -4465.631          42.000    22484794.683    93418631.324       -3473.190          46.000  
E02  26412757.529   138799983.342        1012.040          40.000    26412758.532   106353225.575         775.317          44.000  
S31  39229457.271   206152231.846        -747.127          43.000  
S33  40222990.821   211373244.375        -746.285          39.000  
E36  25578784.530   134417625.315         106.827          41.000    25578785.347   102995382.717          81.864          45.000  
R05  24617193.388   131592997.4461       3533.083          41.000                                                                  
R09  21745156.212   116117896.422       -1376.371          45.000    21745151.833    90313892.587       -1070.304          46.000  
R10  23703225.755   126351525.461        1543.179          37.000                                                                  
G27  22001837.317   115620529.635        1385.302          45.000    22001833.987    90093980.433        1079.589          44.000  
E12  27832678.995   146261834.056       -2600.437          35.000    27832677.115   112070812.413       -1992.978          37.000  
E14  29270079.819   153815311.768        -630.716          41.000    29270078.499   117858488.498        -483.198          41.000  
E24  26589335.843   139727925.982       -3599.291          40.000    26589337.082   107064261.865       -2757.765          43.000  
E25  24360613.431   128015936.466       -1570.540          45.000    24360613.669    98090149.709       -1203.380          45.000  
E09  28337129.420   148912658.081        1719.819          37.000    28337135.414   114101936.935        1318.167          36.000  
G21  26073051.557   137014875.911        1724.706          32.000                                                                  
E10  25930853.657   136267847.220       -2269.844          45.000    25930852.929   104413156.672       -1739.248          45.000  
G10  20599857.126   108253117.025        -124.036          49.000    20599852.678    84353172.032         -96.676          44.000  
G18  24471006.723   128596263.854       -3251.508          43.000    24471001.157   100204967.902       -2533.527          40.000  
G08  24271926.714   127549837.684        2299.583          40.000    24271925.902    99389481.683        1792.128          40.000  
E11  23762770.465   124874392.732       -1536.060          42.000    23762766.263    95683089.157       -1177.002          42.000  
G26  22181523.484   116564719.545       -3477.623          42.000    22181522.413    90829650.862       -2709.789          42.000  
> 2024 06 08 04 13 30.0020000  0 30                     
G23  21649584.786   113769476.319       -2757.504          44.000    21649578.199    88651617.955       -2148.771          41.000  
E04  27427411.110   144132107.662        1034.122          38.000    27427410.027   110438866.542         792.284          42.000  
G16  21313249.625   112001893.992        -742.944          45.000                                                                  
G32  24967412.917   131204629.504        2189.460          42.000    24967412.736   102237441.291        1706.337          37.000  
E06  28243507.295   148420737.405        1695.972          30.000                                                                  
R04  21635089.379   115855051.179        2431.286          45.000    21635083.014    90109482.286        1891.054          45.000  
R19  21326382.930   114081777.7921       -504.346          36.000    21326377.056    88730506.158        -391.754          41.000  
R18  21918203.175   117000850.610       -1988.373          45.000    21918200.225    91000898.977       -1546.649          44.000  
R03  21545018.765   115332260.706       -1034.259          46.000    21545011.363    89702888.290        -804.273          44.000  
R16  22509902.758   120243838.450       -4474.983          43.000    22509900.098    93522938.397       -3480.564          45.000  
E02  26407014.082   138769801.424        1000.241          39.000    26407014.999   106330099.221         766.310          45.000  
S31  39233725.492   206174661.144        -748.052          44.000  
S33  40227255.055   211395654.166        -747.533          39.000  
E36  25578188.346   134414492.776         101.908          42.000    25578189.445   102992982.518          78.208          46.000  
R05  24597356.221   131486955.973        3536.331          41.000                                                                  
R09  21752959.659   116159565.086       -1401.467          45.000    21752954.873    90346301.549       -1090.087          46.000  
R10  23694601.434   126305551.023        1521.209          38.000                                                                  
G27  21993946.030   115579058.755        1379.183          46.000    21993941.958    90061665.491        1074.778          44.000  
E12  27847519.485   146339836.394       -2599.441          35.000    27847520.576   112130580.406       -1991.696          39.000  
E14  29273671.363   153834184.383        -627.515          42.000    29273669.603   117872949.332        -480.708          42.000  
E24  26609898.665   139835984.282       -3604.856          40.000    26609900.058   107147059.717       -2762.109          44.000  
E25  24369620.812   128063271.788       -1585.009          45.000    24369621.114    98126419.638       -1214.594          45.000  
E09  28327304.398   148861021.505        1722.457          38.000    28327309.266   114062371.371        1319.537          37.000  
G21  26063207.910   136963151.231        1723.745          36.000                                                                  
E10  25943813.879   136335951.034       -2270.180          45.000    25943812.524   104465340.131       -1739.721          46.000  
G10  20600628.491   108257171.320        -146.229          48.000    20600624.251    84356331.248        -114.053          44.000  
G18  24489567.452   128693805.025       -3251.227          42.000    24489562.788   100280973.995       -2533.380          40.000  
G08  24258798.749   127480848.761        2299.696          41.000    24258797.510    99335724.145        1791.814          40.000  
E11  23771547.353   124920516.452       -1538.867          42.000    23771543.297    95718430.720       -1179.268          43.000  
G26  22201410.834   116669228.330       -3489.958          41.000    22201409.461    90911086.244       -2719.432          41.000  
> 2024 06 08 04 14 00.0020000  0 30                     
G23  21665376.079   113852461.506       -2775.260          44.000    21665370.310    88716281.702       -2162.049          41.000  
E04  27421530.523   144101206.085        1025.643          38.000    27421529.475   110415188.806         785.774          42.000  
G16  21317553.103   112024511.375        -764.813          45.000                                                                  
G32  24954913.287   131138945.863        2189.197          43.000    24954914.355   102186259.418        1705.367          38.000  
E06  28233823.401   148369820.961        1698.997          30.000                                                                  
R04  21621515.786   115782366.118        2414.166          46.000    21621509.400    90052949.573        1877.549          45.000  
R19  21329220.985   114096962.931        -508.331          36.000    21329214.076    88742316.925        -395.331          40.000  
R18  21929387.534   117060551.631       -1992.032          46.000    21929384.302    91047333.093       -1549.415          44.000  
R03  21550893.820   115363710.179       -1062.567          45.000    21550885.858    89727349.002        -826.666          44.000  
R16  22535060.025   120378233.622       -4484.772          43.000    22535059.325    93627467.856       -3488.410          46.000  
E02  26401338.477   138739979.211         987.962          39.000    26401339.929   106307248.485         756.809          44.000  
S31  39238000.641   206197127.250        -749.642          44.000  
S33  40231526.529   211418101.035        -749.646          39.000  
E36  25577621.671   134411514.293          96.183          43.000    25577622.811   102990700.362          73.716          46.000  
R05  24577501.094   131380820.931        3538.983          39.000                                                                  
R09  21760905.924   116201995.203       -1427.474          45.000    21760900.899    90379302.729       -1110.261          46.000  
R10  23686100.668   126260232.320        1499.297          37.000                                                                  
G27  21986092.103   115537784.620        1372.198          46.000    21986087.998    90029503.875        1069.020          44.000  
E12  27862361.105   146417812.422       -2598.945          36.000    27862358.986   112190328.275       -1991.766          38.000  
E14  29277246.800   153852973.264        -625.243          42.000    29277244.938   117887346.024        -479.325          41.000  
E24  26630494.601   139944217.794       -3611.283          40.000    26630496.375   107229991.821       -2766.975          43.000  
E25  24378712.224   128111050.234       -1600.369          44.000    24378712.683    98163029.095       -1226.362          44.000  
E09  28317466.557   148809316.318        1723.704          39.000    28317469.196   114022753.206        1321.085          36.000  
G21  26053376.238   136911472.207        1721.389          36.000                                                                  
E10  25956777.844   136404077.446       -2271.752          45.000    25956776.421   104517540.881       -1740.701          45.000  
G10  20601527.096   108261895.297        -169.078          48.000    20601523.224    84360012.270        -131.734          44.000  
G18  24508129.244   128791348.293       -3251.886          42.000    24508124.767   100356981.700       -2533.869          40.000  
G08  24245674.216   127411876.592        2298.179          42.000    24245672.512    99281979.651        1791.060          39.000  
E11  23780341.663   124966730.874       -1542.373          42.000    23780337.882    95753841.774       -1181.957          43.000  
G26  22221370.148   116774115.531       -3502.966          42.000    22221368.530    90992816.471       -2729.417          41.000  
> 2024 06 08 04 14 30.0020000  0 30                     
G23  21681268.190   113935976.217       -2792.825          44.000    21681262.553    88781358.143       -2176.280          41.000  
E04  27415700.226   144070568.592        1016.654          38.000    27415699.444   110391713.392         779.008          42.000  
G16  21321984.499   112047799.371        -787.494          44.000                                                                  
G32  24942419.489   131073290.371        2187.771          43.000    24942419.802   102135099.390        1705.001          37.000  
E06  28224121.655   148318822.140        1701.081          31.000                                                                  
R04  21608042.577   115710209.744        2396.146          46.000    21608034.760    89996828.016        1863.747          45.000  
R19  21332085.704   114112269.6621       -513.208          37.000    21332079.812    88754233.866        -399.432          43.000  
R18  21940594.761   117120376.168       -1996.291          46.000    21940591.765    91093863.280       -1552.670          44.000  
R03  21556930.475   115396026.531       -1091.797          45.000    21556923.283    89752483.974        -849.323          45.000  
R16  22560276.954   120512938.604       -4495.218          42.000    22560276.861    93732238.260       -3496.422          46.000  
E02  26395737.239   138710545.944         974.781          38.000    26395738.918   106284695.756         746.749          45.000  
S31  39242288.236   206219657.402        -752.139          44.000  
S33  40235809.938   211440611.922        -751.761          39.000  
E36  25577089.259   134408716.844          90.078          43.000    25577090.432   102988556.923          68.954          46.000  
R05  24557634.196   131274623.995        3540.692          40.000                                                                  
R09  21768999.456   116245213.111       -1453.890          46.000    21768994.579    90412916.633       -1130.767          46.000  
R10  23677726.377   126215604.9841       1476.675          34.000                                                                  
G27  21978280.888   115496737.036        1364.286          46.000    21978277.173    89997518.767        1062.959          44.000  
E12  27877199.282   146495789.882       -2599.735          36.000    27877197.451   112250077.212       -1991.999          39.000  
E14  29280811.426   153871707.177        -623.500          41.000    29280809.824   117901700.574        -477.928          42.000  
E24  26651129.127   140052652.537       -3618.104          40.000    26651130.731   107313078.120       -2772.236          43.000  
E25  24387893.934   128159298.981       -1616.250          44.000    24387893.812    98199998.903       -1238.506          44.000  
E09  28307620.014   148757572.055        1725.474          39.000    28307622.112   113983105.144        1321.986          36.000  
G21  26043555.600   136859866.469        1719.009          36.000                                                                  
E10  25969750.846   136472253.762       -2273.503          45.000    25969750.140   104569779.878       -1742.091          46.000  
G10  20602558.352   108267316.877        -192.465          47.000    20602554.615    84364236.882        -149.995          44.000  
G18  24526696.741   128888920.899       -3252.948          42.000    24526692.010   100433012.259       -2534.540          39.000  
G08  24232557.783   127342950.413        2296.476          42.000    24232555.943    99228271.002        1789.451          39.000  
E11  23789158.522   125013062.972       -1546.646          42.000    23789154.899    95789342.975       -1185.065          44.000  
G26  22241405.942   116879406.008       -3516.416          41.000    22241404.346    91074860.962       -2740.068          41.000  
