     3.00           OBSERVATION DATA    M: Mixed            RINEX VERSION / TYPE
CONVBIN demo5 b34j                      20240609 013619 UTC PGM / RUN BY / DATE 
log: SAUC00CHL_R_20241600815_15M_30S_MO.ubx                 COMMENT             
format: u-blox UBX                                          COMMENT             
format: u-blox UBX                                          COMMENT             
log: SAUC00CHL_R_20241600815_15M_30S_MO.ubx                 COMMENT             
SAUC00CHL                                                   MARKER NAME         
                                                            MARKER NUMBER       
GEODETIC                                                    MARKER TYPE         
El Sauce            Obstech                                 OBSERVER / AGENCY   
UNKNOWN             UBLOX-ZED-F9P                           REC # / TYPE / VERS 
UNKNWOWN            TWIVSP6037L                             ANT # / TYPE        
  1813185.0000 -5195981.0000 -3216438.0000                  APPROX POSITION XYZ 
        0.0000        0.0000        0.0000                  ANTENNA: DELTA H/E/N
G    8 C1C L1C D1C S1C C2X L2X D2X S2X                      SYS / # / OBS TYPES 
R    8 C1C L1C D1C S1C C2C L2C D2C S2C                      SYS / # / OBS TYPES 
E    8 C1X L1X D1X S1X C7X L7X D7X S7X                      SYS / # / OBS TYPES 
S    4 C1C L1C D1C S1C                                      SYS / # / OBS TYPES 
  2024    06    08    08    15   00.4880000     GPS         TIME OF FIRST OBS   
  2024    06    08    08    29   30.4880000     GPS         TIME OF LAST OBS    
                                                            END OF HEADER       
> 2024 06 08 08 15 00.4880000  0 30                     
G14  21959899.769   115400041.7601      -2058.689          39.000    21959893.772    89922439.7661      -1604.554          36.000  
E03  22921762.557   120454696.0091       2070.571          43.000    22921764.266    92296493.5891       1586.563          47.000  
G32  20535160.371   107913061.6281      -4243.611          44.000    20535156.775    84088185.0931      -3306.822          40.000  
E06  20529552.777   107883625.2111      -2222.222          45.000                                                                  
R20  16076380.864    85967618.1241      -1933.117          40.000    16076377.642    66863781.1351      -1503.391          42.000  
R19  20763869.233   111072704.5791      -4550.906          31.000    20763863.924    86390117.7931      -3539.076          35.000  
R06  15911692.276    84907841.2561       -261.839          38.000                                                                  
R07  18761391.350   100431214.4331       2561.167          48.000    18761385.992    78113230.3681       1992.062          46.000  
E30  24755949.210   130093370.7341      -2431.217          39.000    24755950.183    99681924.4901      -1862.989          41.000  
E02  24754284.892   130084619.3541      -2824.859          35.000    24754283.784    99675214.9201      -2164.727          42.000  
S31  35052802.951   184203794.3291       -766.798          46.000  
S33  36043668.119   189410807.9761       -765.787          40.000  
E05  18422829.726    96812688.1231        279.702          45.000    18422829.759    74181184.0891        214.355          50.000  
E36  20310758.981   106734002.8581      -1109.850          45.000    20310759.675    81783264.3801       -850.295          48.000  
R05  17701475.964    94624614.4891      -4217.693          49.000    17701470.313    73596926.2021      -3280.430          49.000  
R21  16681201.206    89264510.6461       1950.829          51.000    16681193.115    69427892.2481       1517.352          46.000  
G27  20587368.578   108187437.1921      -4567.792          41.000    20587365.146    84301794.8241      -3559.292          36.000  
E34  20923015.791   109951264.1831        878.913          46.000    20923015.392    84248392.8151        673.500          50.000  
E18  23806477.741   125103897.2401      -1556.405          46.000    23806475.315    95858812.1341      -1192.473          48.000  
G28  20135363.450   105812072.9381         16.309          42.000    20135357.277    82450932.0211         12.701          43.000  
E15  24948552.888   131105553.4291       1524.001          40.000    24948554.499   100457502.2491       1167.662          41.000  
E09  21313275.073   112002125.1521      -2478.503          46.000    21313273.892    85819861.9941      -1899.114          49.000  
G21  16044751.378    84315883.5441       -378.746          46.000                                                                  
G17  20199272.873   106147888.5181       2395.984          43.000    20199267.535    82712622.4791       1866.998          38.000  
G02  16591196.295    87187398.7511        365.417          50.000                                                                  
G08  18211135.523    95700199.2351      -3850.098          45.000    18211132.431    74571560.7941      -3000.164          43.000  
G31  20307191.737   106715046.7511       1140.601          42.000    20307186.542    83154558.7191        888.800          41.000  
E11  22616647.179   118851478.6151      -2641.122          41.000    22616643.871    91068129.9911      -2023.870          41.000  
G03  18001345.535    94597788.7811        234.478          46.000    18001342.794    73712623.5881        182.652          45.000  
G04  18850739.387    99061352.3991       2575.487          44.000    18850735.819    77190672.7241       2006.712          43.000  
> 2024 06 08 08 15 30.4880000  0 30                     
G14  21971666.095   115461872.559       -2062.917          40.000    21971658.916    89970619.562       -1608.088          35.000  
E03  22909943.643   120392585.368        2069.944          43.000    22909945.018    92248902.375        1586.166          48.000  
G32  20559392.012   108040399.122       -4245.497          44.000    20559388.183    84187409.129       -3308.328          39.000  
E06  20542259.942   107950400.726       -2229.352          45.000                                                                  
R20  16087274.258    86025867.232       -1949.884          41.000    16087270.348    66909086.021       -1516.792          41.000  
R19  20789394.887   111209243.036       -4552.804          26.000    20789388.079    86496314.332       -3541.072          32.000  
R06  15913209.425    84915940.876        -278.273          38.000                                                                  
R07  18747061.613   100354505.151        2552.939          48.000    18747056.571    78053567.642        1985.822          45.000  
E30  24769832.033   130166322.044       -2432.369          38.000    24769832.935    99737822.210       -1863.748          41.000  
E02  24770386.292   130169233.448       -2816.476          34.000    24770385.341    99740049.020       -2157.618          42.000  
S31  35057169.066   184226738.399        -762.771          45.000  
S33  36048027.768   189433717.587        -761.564          40.000  
E05  18421257.064    96804424.757         271.445          45.000    18421257.163    74174852.443         207.745          50.000  
E36  20317104.603   106767346.938       -1112.898          45.000    20317104.858    81808813.745        -852.777          49.000  
R05  17725152.730    94751183.132       -4220.132          50.000    17725147.385    73695368.454       -3282.306          49.000  
R21  16670289.538    89206121.857        1942.024          50.000    16670282.073    69382478.756        1510.370          47.000  
G27  20613436.082   108324423.895       -4564.806          40.000    20613433.436    84408537.707       -3557.480          37.000  
E34  20917993.092   109924871.949         880.576          45.000    20917993.212    84228170.204         674.748          50.000  
E18  23815352.698   125150536.740       -1552.817          46.000    23815350.391    95894548.905       -1189.748          48.000  
G28  20135301.717   105811749.634           5.585          43.000    20135295.585    82450680.124           4.254          43.000  
E15  24939832.823   131059727.903        1531.158          40.000    24939834.281   100422389.264        1173.367          42.000  
E09  21327441.007   112076569.526       -2484.288          46.000    21327440.226    85876903.810       -1903.657          49.000  
G21  16046949.608    84327438.020        -391.599          46.000                                                                  
G17  20185616.606   106076119.903        2388.562          43.000    20185610.820    82656698.898        1861.145          39.000  
G02  16589139.196    87176583.868         355.611          50.000                                                                  
G08  18233133.673    95815802.100       -3856.475          45.000    18233131.203    74661640.941       -3004.955          43.000  
G31  20300687.303   106680863.099        1138.257          42.000    20300681.616    83127922.140         887.000          41.000  
E11  22631731.030   118930744.573       -2643.039          41.000    22631727.562    91128866.235       -2024.971          40.000  
G03  18000012.795    94590784.799         232.510          46.000    18000009.727    73707165.954         181.100          44.000  
G04  18836050.978    98984164.803        2570.411          44.000    18836047.800    77130526.577        2002.871          44.000  
> 2024 06 08 08 16 00.4880000  0 30                     
G14  21983457.985   115523837.054       -2067.894          39.000    21983450.604    90018903.588       -1611.438          36.000  
E03  22898129.159   120330499.642        2068.920          44.000    22898130.527    92201330.270        1585.188          48.000  
G32  20583635.626   108167800.323       -4247.895          45.000    20583631.905    84286682.805       -3310.003          39.000  
E06  20555009.149   108017397.390       -2237.153          45.000                                                                  
R20  16098265.371    86084639.926       -1968.278          41.000    16098260.705    66954798.121       -1530.781          40.000  
R19  20814934.687                       -4558.886          17.000    20814929.546                1      -3539.184          20.000  
R06  15914819.668    84924530.623        -294.150          38.000                                                                  
R07  18732778.794   100278046.684        2544.205          48.000    18732772.767    77994099.986        1978.640          44.000  
E30  24783720.648   130239309.521       -2433.757          38.000    24783721.571    99793747.632       -1864.626          41.000  
E02  24786435.629   130253585.578       -2807.713          33.000    24786437.468    99804682.464       -2151.175          43.000  
S31  35061513.941   184249568.991        -759.401          45.000  
S33  36052366.133   189456515.421        -758.188          40.000  
E05  18419735.133    96796426.909         261.853          46.000    18419735.113    74168724.215         200.775          49.000  
E36  20323468.085   106800790.757       -1116.570          45.000    20323468.834    81834439.539        -855.647          48.000  
R05  17748844.418    94877827.536       -4222.816          51.000    17748838.808    73793869.639       -3284.506          49.000  
R21  16659429.111    89148009.956        1932.182          50.000    16659422.536    69337280.601        1502.881          47.000  
G27  20639486.166   108461319.367       -4561.545          40.000    20639483.983    84515209.489       -3554.682          37.000  
E34  20912961.777   109898435.361         881.858          45.000    20912962.328    84207913.610         675.611          50.000  
E18  23824208.458   125197077.494       -1549.836          45.000    23824206.772    95930210.007       -1187.505          48.000  
G28  20135303.523   105811754.737          -5.884          42.000    20135296.462    82450684.123          -4.541          43.000  
E15  24931071.228   131013686.527        1538.124          40.000    24931072.683   100387110.877        1178.474          41.000  
E09  21341641.577   112151193.787       -2490.547          46.000    21341640.746    85934083.427       -1908.367          49.000  
G21  16049224.338    84339389.912        -405.203          46.000                                                                  
G17  20172002.854   106004578.923        2380.695          42.000    20171997.203    82600952.687        1855.090          39.000  
G02  16587137.748    87166065.507         345.539          51.000                                                                  
G08  18255168.626    95931597.349       -3863.092          45.000    18255166.463    74751870.999       -3010.451          43.000  
G31  20294197.619   106646759.441        1134.998          42.000    20294192.061    83101347.907         884.796          42.000  
E11  22646825.236   119010063.944       -2645.059          42.000    22646821.338    91189643.436       -2026.744          40.000  
G03  17998691.806    94583843.618         230.099          46.000    17998688.075    73701757.269         179.351          44.000  
G04  18821391.879    98907133.333        2564.676          44.000    18821388.906    77070502.106        1998.634          43.000  
> 2024 06 08 08 16 30.4880000  0 30                     
G14  21995274.877   115585936.751       -2072.209          39.000    21995268.665    90067292.968       -1614.936          37.000  
G22  21833229.573                       -1340.475          24.000                                                                  
E03  22886320.134   120268444.349        2067.927          44.000    22886321.650    92153781.471        1584.361          48.000  
G32  20607891.852   108295266.578       -4249.989          45.000    20607887.858    84386007.187       -3311.958          37.000  
E06  20567800.824   108084617.839       -2244.678          46.000                                                                  
R20  16109354.540    86143940.504       -1985.760          41.000    16109350.011    67000920.797       -1544.535          40.000  
R06  15916521.978    84933604.6401       -311.493          38.000                                                                  
R07  18718543.289   100201845.372        2535.538          49.000    18718537.570    77934832.326        1971.997          44.000  
E30  24797617.197   130312335.289       -2435.029          38.000    24797618.238    99849702.433       -1865.920          41.000  
E02  24802431.374   130337678.291       -2798.244          32.000    24802439.793    99869117.108       -2144.677          43.000  
S31  35065837.610   184272291.251        -756.051          45.000  
S33  36056683.285   189479203.430        -754.898          40.000  
E05  18418264.608    96788698.938         252.871          46.000    18418264.269    74162802.802         193.744          50.000  
E36  20329852.233   106834339.324       -1120.034          45.000    20329852.889    81860145.582        -858.386          49.000  
R05  17772550.363    95004548.160       -4225.365          51.000    17772544.331    73892430.116       -3286.449          47.000  
R21  16648622.493    89090182.806        1922.675          50.000    16648616.245    69292303.934        1495.466          46.000  
G27  20665519.283   108598125.029       -4558.611          40.000    20665517.188    84621811.294       -3552.530          37.000  
E34  20907923.129   109871959.748         882.890          45.000    20907923.917    84187627.095         676.522          50.000  
E18  23833046.290   125243523.164       -1546.720          45.000    23833045.118    95965798.272       -1185.220          48.000  
G28  20135366.723   105812094.163         -17.010          41.000    20135360.885    82450948.648         -13.251          43.000  
E15  24922269.626   130967433.796        1545.051          40.000    24922271.080   100351670.520        1183.973          42.000  
E09  21355876.592   112226000.471       -2496.701          46.000    21355876.085    85991402.829       -1913.133          49.000  
G21  16051575.801    84351745.059        -418.881          46.000                                                                  
G17  20158433.421   105933272.590        2372.736          42.000    20158427.570    82545389.350        1848.975          38.000  
G02  16585193.382    87155849.618         335.319          51.000                                                                  
G08  18277240.475    96047585.965       -3869.694          45.000    18277238.602    74842251.703       -3015.388          43.000  
G31  20287724.707   106612742.459        1132.025          42.000    20287718.953    83074841.209         882.214          42.000  
E11  22661930.053   119089440.879       -2647.009          42.000    22661926.135    91250464.728       -2028.185          39.000  
G03  17997383.384    94576968.546         227.844          45.000    17997379.408    73696400.092         177.570          43.000  
G04  18806764.504    98830264.486        2559.277          45.000    18806761.251    77010604.363        1994.237          43.000  
> 2024 06 08 08 17 00.4880000  0 30                     
G14  22007119.305   115648182.427       -2077.241          37.000    22007113.910    90115796.058       -1618.255          36.000  
G22  21840921.596                       -1352.282          26.000                                                                  
E03  22874519.106   120206433.946        2066.029          43.000    22874521.146    92106267.070        1583.113          48.000  
G32  20632162.219   108422808.223       -4252.806          45.000    20632158.246    84485390.302       -3314.227          37.000  
E06  20580637.250   108152073.684       -2252.481          45.000                                                                  
R20  16120545.480    86203782.579       -2003.810          40.000    16120540.993    67047464.618       -1558.435          41.000  
R06  15918318.424    84943192.728        -328.362          37.000                                                                  
R07  18704358.903   100125916.039        2526.514          48.000    18704352.501    77875776.225        1964.702          42.000  
E30  24811524.328   130385410.519       -2436.670          40.000    24811523.696    99905695.088       -1867.098          41.000  
E02  24818394.392   130421522.979       -2791.025          35.000    24818394.744    99933361.689       -2138.460          43.000  
S31  35070143.443   184294917.846        -752.574          45.000  
S33  36060982.628   189501796.313        -751.826          40.000  
E05  18416847.943    96781254.315         243.239          46.000    18416847.640    74157098.509         186.233          50.000  
E36  20336259.635   106868006.661       -1124.448          45.000    20336259.548    81885942.624        -861.601          49.000  
R05  17796272.111    95131354.415       -4228.354          49.000    17796265.650    73991057.214       -3288.784          47.000  
R21  16637872.389    89032657.586        1912.355          50.000    16637866.532    69247562.118        1487.260          47.000  
G27  20691537.384   108734851.111       -4556.251          40.000    20691535.148    84728351.060       -3550.200          37.000  
E34  20902880.609   109845459.326         883.575          45.000    20902880.739    84167321.582         677.030          49.000  
E18  23841868.473   125289886.489       -1544.205          44.000    23841867.684    96001323.432       -1183.221          48.000  
G28  20135497.475   105812782.754         -28.729          40.000    20135491.857    82451485.242         -22.540          43.000  
E15  24913430.462   130920983.176        1551.380          39.000    24913431.412   100316078.565        1188.721          41.000  
E09  21370148.854   112301001.070       -2503.370          45.000    21370148.254    86048870.817       -1918.112          50.000  
G21  16054006.401    84364518.415        -432.841          46.000                                                                  
G17  20144911.147   105862216.857        2364.050          42.000    20144906.098    82490021.274        1842.365          38.000  
G02  16583309.526    87145951.730         324.537          50.000                                                                  
G08  18299351.508    96163777.930       -3876.352          45.000    18299348.498    74932790.886       -3020.432          42.000  
G31  20281271.219   106578828.056        1128.668          43.000    20281265.188    83048414.435         879.572          43.000  
E11  22677048.091   119168888.499       -2649.986          41.000    22677044.242    91311340.188       -2030.344          39.000  
G03  17996089.670    94570171.883         225.125          45.000    17996086.398    73691104.018         175.339          44.000  
G04  18792171.525    98753573.798        2553.404          44.000    18792166.895    76950845.418        1989.610          43.000  
> 2024 06 08 08 17 30.4880000  0 30                     
G14  22018994.577   115710589.308       -2083.676          38.000    22018989.247    90164424.816       -1623.834          35.000  
G22  21848673.096                       -1364.695          25.000                                                                  
E03  22862731.061   120144487.521        2063.082          43.000    22862732.882    92058801.694        1580.857          47.000  
G32  20656449.533   108550440.160       -4256.575          45.000    20656445.707    84584843.787       -3316.749          37.000  
E06  20593521.528   108219781.169       -2261.849          45.000                                                                  
R20  16131840.251    86264184.363       -2023.373          39.000    16131837.063    67094443.780       -1573.722          41.000  
R06  15920212.329    84953302.704        -346.465          37.000                                                                  
R07  18690228.263   100050278.925        2515.565          47.000    18690222.163    77816947.348        1956.761          41.000  
E30  24825442.133   130458550.885       -2439.628          39.000    24825441.361    99961737.669       -1869.149          40.000  
E02  24834303.941   130505135.604       -2784.167          35.000    24834305.547    99997428.484       -2133.034          43.000  
S31  35074434.104   184317465.319        -750.902          45.000  
S33  36065266.945   189524310.710        -750.088          40.000  
E05  18415488.729    96774111.018         232.326          46.000    18415488.470    74151625.079         178.028          50.000  
E36  20342692.892   106901811.342       -1129.821          46.000    20342692.318    81911844.916        -865.777          49.000  
R05  17820011.821    95258261.324       -4232.580          47.000    17820006.399    74089762.586       -3292.009          47.000  
R21  16627183.275    88975456.355        1900.557          50.000    16627177.447    69203072.285        1478.245          48.000  
G27  20717542.730   108871512.551       -4554.878          40.000    20717541.014    84834840.517       -3549.795          37.000  
E34  20897837.457   109818953.021         882.868          45.000    20897836.734    84147011.557         676.561          49.000  
E18  23850678.704   125336184.752       -1542.827          44.000    23850677.896    96036798.743       -1182.156          48.000  
G28  20135698.642   105813840.044         -42.114          40.000    20135693.086    82452309.104         -32.501          43.000  
E15  24904556.647   130874352.729        1556.544          39.000    24904557.740   100280348.799        1192.566          41.000  
E09  21384461.098   112376211.721       -2511.200          45.000    21384460.287    86106499.752       -1924.141          50.000  
G21  16056520.389    84377728.643        -448.367          47.000                                                                  
G17  20131441.855   105791432.503        2354.279          43.000    20131435.980    82434864.624        1834.955          39.000  
G02  16581489.386    87136391.046         312.349          50.000                                                                  
G08  18321503.638    96280187.889       -3884.601          45.000    18321500.153    75023499.952       -3027.020          42.000  
G31  20274840.613   106545036.744        1123.730          43.000    20274835.073    83022083.579         875.488          43.000  
E11  22692183.247   119248424.521       -2653.526          40.000    22692179.397    91372283.374       -2033.308          39.000  
G03  17994814.418    94563470.544         221.130          45.000    17994811.769    73685882.213         172.353          45.000  
G04  18777615.792    98677081.270        2545.666          45.000    18777611.061    76891240.888        1983.775          43.000  
> 2024 06 08 08 18 00.4880000  0 30                     
G14  22030907.527   115773188.662       -2090.037          38.000    22030902.258    90213203.452       -1628.956          38.000  
G22  21856503.358                       -1378.284          22.000                                                                  
E03  22850962.090   120082640.136        2059.436          43.000    22850963.310    92011412.190        1578.232          47.000  
G32  20680760.198   108678193.336       -4260.460          45.000    20680756.637    84684391.744       -3319.982          37.000  
E06  20606459.956   108287772.445       -2271.186          46.000                                                                  
R20  16143246.386    86325179.982       -2043.317          40.000    16143243.565    67141884.804       -1589.182          41.000  
R06  15922210.923    84963967.561        -365.120          37.000                                                                  
R07  18676159.001    99974969.646        2504.625          45.000    18676154.193    77758373.582        1948.009          42.000  
E30  24839379.062   130531788.148       -2443.222          40.000    24839377.858   100017854.498       -1871.912          40.000  
E02  24850176.557   130588548.186       -2777.146          36.000    24850178.498   100061342.024       -2128.143          42.000  
S31  35078716.493   184339969.490        -749.591          45.000  
S33  36069542.894   189546780.416        -748.406          40.000  
E05  18414192.937    96767302.983         221.198          46.000    18414193.209    74146408.545         169.460          50.000  
E36  20349158.429   106935787.945       -1135.711          46.000    20349157.775    81937878.933        -870.104          48.000  
R05  17843776.279    95385299.028       -4236.996          48.000    17843771.389    74188569.682       -3295.553          47.000  
R21  16616561.857    88918617.075        1888.285          50.000    16616555.994    69158863.980        1468.670          48.000  
G27  20743542.274   109008140.246       -4553.899          40.000    20743540.682    84941303.620       -3548.462          37.000  
E34  20892799.154   109792475.665         881.932          46.000    20892798.129    84126723.734         675.647          49.000  
E18  23859483.154   125382451.227       -1541.967          44.000    23859482.013    96072249.693       -1181.519          48.000  
G28  20135976.581   105815301.461         -55.493          41.000    20135971.554    82453447.877         -43.176          43.000  
E15  24895655.119   130827576.570        1561.547          38.000    24895656.297   100244507.392        1196.320          41.000  
E09  21398819.328   112451664.498       -2519.246          45.000    21398818.528    86164314.210       -1930.361          50.000  
G21  16059124.318    84391411.974        -464.218          47.000                                                                  
G17  20118030.886   105720956.057        2343.774          43.000    20118025.097    82379947.946        1826.379          40.000  
G02  16579740.580    87127203.341         299.829          49.000                                                                  
G08  18343703.175    96396846.360       -3892.873          45.000    18343699.535    75114402.644       -3033.301          42.000  
G31  20268440.593   106511405.003        1118.030          43.000    20268435.070    82995877.041         871.228          42.000  
E11  22707341.293   119328082.649       -2657.820          40.000    22707337.596    91433320.090       -2036.623          38.000  
G03  17993563.614    94556897.391         216.902          46.000    17993561.601    73680760.296         168.974          45.000  
G04  18763104.387    98600822.939        2537.871          45.000    18763099.475    76831818.879        1977.396          43.000  
> 2024 06 08 08 18 30.4880000  0 30                     
G14  22042861.074   115836004.729       -2097.560          37.000    22042855.762    90262150.978       -1634.887          36.000  
G22  21864419.823                       -1393.420          25.000                                                                  
E03  22839217.030   120020919.990        2054.779          43.000    22839218.587    91964120.191        1574.521          47.000  
G32  20705098.545   108806091.828       -4265.894          45.000    20705094.830    84784052.932       -3324.314          38.000  
E06  20619457.374   108356072.872       -2282.151          46.000                                                                  
R20  16154769.493    86386797.064       -2064.688          40.000    16154765.743    67189809.220       -1606.014          40.000  
R06  15924318.908    84975213.059        -384.837          38.000                                                                  
R07  18662157.304    99900017.548        2492.053          46.000    18662151.592    77700077.561        1938.195          41.000  
E30  24853338.882   130605147.119       -2447.418          40.000    24853337.942   100074064.571       -1875.241          40.000  
E02  24866016.947   130671785.886       -2771.809          37.000    24866018.357   100125121.575       -2123.978          42.000  
S31  35082995.723   184362455.881        -749.480          45.000  
S33  36073815.338   189569232.662        -748.516          40.000  
E05  18412966.673    96760857.327         208.492          46.000    18412966.740    74141469.672         159.706          50.000  
E36  20355661.822   106969964.142       -1142.837          46.000    20355661.281    81964065.898        -875.813          48.000  
R05  17867570.982    95512491.779       -4242.682          49.000    17867565.626    74287497.359       -3299.955          47.000  
R21  16606013.503    88862170.918        1874.552          50.000    16606007.699    69114961.429        1457.974          48.000  
G27  20769540.267   109144758.199       -4554.060          41.000    20769538.132    85047759.183       -3548.744          38.000  
E34  20887772.170   109766055.293         879.308          46.000    20887770.562    84106479.564         673.766          49.000  
E18  23868286.347   125428712.339       -1542.342          44.000    23868285.334    96107696.529       -1181.747          48.000  
G28  20136337.175   105817195.543         -70.837          41.000    20136331.664    82454923.812         -55.237          43.000  
E15  24886732.086   130780681.944        1564.825          38.000    24886732.810   100208575.200        1199.033          42.000  
E09  21413228.340   112527384.608       -2528.805          45.000    21413227.487    86222333.519       -1937.644          49.000  
G21  16061823.782    84405596.625        -481.530          47.000                                                                  
G17  20104683.653   105650817.085        2332.086          43.000    20104678.460    82325294.238        1817.090          40.000  
G02  16578067.432    87118417.480         285.739          48.000                                                                  
G08  18365954.813    96513777.057       -3902.575          46.000    18365951.163    75205517.458       -3041.000          42.000  
G31  20262076.880   106477962.160        1111.133          43.000    20262070.869    82969817.700         865.765          42.000  
E11  22722528.001   119407889.608       -2663.475          39.000    22722524.413    91494470.872       -2040.727          38.000  
G03  17992343.333    94550478.467         211.158          47.000    17992340.031    73675758.540         164.536          45.000  
G04  18748642.885    98524827.931        2528.428          45.000    18748638.003    76772602.044        1970.172          43.000  
> 2024 06 08 08 19 00.4880000  0 30                     
G14  22054861.022   115899063.641       -2106.372          37.000    22054855.249    90311287.807       -1641.517          37.000  
G22  21872415.131   114940318.4561      -1408.760          29.000                                                                  
E03  22827502.484   119959357.136        2049.137          43.000    22827503.195    91916948.710        1570.090          46.000  
G32  20729469.229   108934161.560       -4272.141          44.000    20729465.640    84883847.548       -3328.750          38.000  
E06  20632518.469   108424709.665       -2293.849          46.000                                                                  
R20  16166413.974    86449065.036       -2086.938          40.000    16166409.355    67238239.863       -1623.179          40.000  
R06  15926540.765    84987066.891        -405.295          39.000                                                                  
R07  18648228.133    99825453.506        2478.414          47.000    18648221.957    77642083.297        1927.986          41.000  
E30  24867326.170   130678654.525       -2452.927          39.000    24867325.765   100130388.404       -1879.737          40.000  
E02  24881827.625   130754875.774       -2767.359          37.000    24881830.095   100188787.830       -2120.461          42.000  
S31  35087276.287   184384952.227        -750.348          46.000  
S33  36078090.081   189591696.177        -749.344          40.000  
E05  18411814.673    96754802.989         194.947          46.000    18411814.850    74136830.627         149.293          50.000  
E36  20362208.955   107004369.522       -1151.108          46.000    20362208.295    81990428.452        -882.021          48.000  
R05  17891399.701    95639864.912       -4248.998          50.000    17891393.017    74386565.360       -3304.851          48.000  
R21  16595544.947    88806150.914        1859.824          51.000    16595539.428    69071390.325        1446.501          48.000  
G27  20795541.340   109281392.356       -4555.200          42.000    20795538.494    85154227.337       -3549.131          38.000  
E34  20882761.312   109739721.780         875.817          46.000    20882759.681    84086301.951         671.214          49.000  
E18  23877094.157   125474996.340       -1543.510          44.000    23877092.580    96143160.910       -1182.757          48.000  
G28  20136785.952   105819552.630         -86.505          41.000    20136780.494    82456760.546         -67.578          43.000  
E15  24877791.804   130733697.900        1567.162          40.000    24877792.397   100172574.486        1200.854          42.000  
E09  21427693.678   112603399.149       -2539.109          45.000    21427692.647    86280578.426       -1945.464          49.000  
G21  16064624.104    84420312.294        -499.692          47.000                                                                  
G17  20091407.335   105581047.279        2319.141          44.000    20091401.572    82270928.177        1807.098          40.000  
G02  16576476.822    87110064.036         271.059          47.000                                                                  
G08  18388262.077    96631005.550       -3912.803          45.000    18388258.289    75296864.319       -3048.796          42.000  
G31  20255755.154   106444739.356        1103.381          43.000    20255748.752    82943929.829         859.613          42.000  
E11  22737748.480   119487874.082       -2669.562          39.000    22737744.858    91555757.666       -2045.474          38.000  
G03  17991156.826    94544241.661         204.566          47.000    17991152.741    73670898.723         159.403          45.000  
G04  18734237.369    98449127.339        2518.090          45.000    18734232.681    76713614.609        1962.251          43.000  
> 2024 06 08 08 19 30.4880000  0 29                     
G14  22066912.118   115962393.999       -2115.853          36.000    22066906.305    90360636.102       -1648.795          35.000  
E03  22815823.938   119897983.957        2042.176          44.000    22815824.570    91869922.566        1564.978          47.000  
G32  20753878.431   109062430.785       -4279.222          44.000    20753874.486    84983797.624       -3334.558          39.000  
E06  20645649.041   108493712.263       -2306.628          46.000                                                                  
R20  16178186.349    86512015.547       -2110.040          40.000    16178182.205    67287201.375       -1641.199          40.000  
R06  15928881.984    84999559.296        -427.554          38.000                                                                  
R07  18634377.200    99751310.729        2463.918          45.000    18634372.356    77584416.766        1916.522          41.000  
E30  24881347.782   130752339.361       -2459.420          38.000    24881347.906   100186848.189       -1884.521          40.000  
E02  24897616.518   130837847.146       -2764.524          37.000    24897619.324   100252363.320       -2117.780          43.000  
S31  35091565.382   184407491.968        -752.403          45.000  
S33  36082372.617   189614201.914        -751.653          40.000  
E05  18410743.157    96749171.188         180.385          47.000    18410743.010    74132515.352         138.164          50.000  
E36  20368805.617   107039035.980       -1160.343          45.000    20368804.997    82016991.052        -889.024          48.000  
R05  17915266.745    95767446.502       -4256.601          50.000    17915260.185    74485795.480       -3310.644          48.000  
R21  16585162.610    88750592.332        1843.820          51.000    16585156.944    69028178.109        1434.042          48.000  
G27  20821550.763   109418070.945       -4557.126          42.000    20821547.802    85260730.152       -3550.630          38.000  
E34  20877772.571   109713507.344         871.450          46.000    20877771.577    84066215.596         667.726          49.000  
E18  23885912.139   125521333.887       -1545.945          45.000    23885910.258    96178666.307       -1184.439          47.000  
G28  20137328.954   105822405.468        -103.540          42.000    20137322.867    82458983.566         -81.036          42.000  
E15  24868839.662   130686655.887        1568.670          39.000    24868840.886   100136529.352        1202.010          43.000  
E09  21442220.321   112679737.508       -2550.385          45.000    21442219.249    86339071.464       -1954.161          49.000  
G21  16067531.758    84435592.022        -519.134          48.000                                                                  
G17  20078207.171   105511680.510        2305.015          44.000    20078200.827    82216876.127        1796.449          40.000  
G02  16574976.694    87102176.209         254.758          47.000                                                                  
G08  18410631.652    96748559.744       -3924.205          44.000    18410627.627    75388464.994       -3057.982          42.000  
G31  20249481.396   106411770.590        1094.458          44.000    20249474.821    82918239.904         852.692          41.000  
E11  22753009.104   119568067.091       -2676.966          39.000    22753005.264    91617204.282       -2051.406          39.000  
G03  17990010.190    94538217.196         196.911          48.000    17990005.889    73666204.379         153.445          45.000  
G04  18719894.428    98373754.489        2506.543          45.000    18719889.979    76654882.566        1952.969          43.000  
> 2024 06 08 08 20 00.4880000  0 30                     
G14  22079019.515   116026016.259       -2125.312          37.000    22079013.406    90410211.867       -1656.387          35.000  
G22  21888690.097                1      -1439.331          23.000                                                                  
E03  22804185.709   119836824.742        2035.006          44.000    22804185.987    91823060.355        1559.353          47.000  
G32  20778328.951   109190919.697       -4286.694          44.000    20778324.786    85083918.862       -3340.268          39.000  
E06  20658853.569   108563102.075       -2319.655          46.000                                                                  
R20  16190090.240    86575671.665       -2133.747          40.000    16190086.264    67336711.677       -1659.584          40.000  
R06  15931346.255    85012712.076        -449.674          38.000                                                                  
R07  18620612.564    99677614.436        2448.994          47.000    18620605.482    77527097.489        1904.566          42.000  
E30  24895406.450   130826222.589       -2466.469          37.000    24895407.940   100243459.979       -1889.525          41.000  
E02  24913386.825   130920721.261       -2760.855          36.000    24913389.598   100315864.272       -2115.526          43.000  
S31  35095866.726   184430095.586        -754.422          45.000  
S33  36086667.658   189636771.720        -753.413          40.000  
E05  18409757.031    96743985.092         165.333          47.000    18409756.225    74128541.588         126.609          51.000  
E36  20375457.046   107073987.243       -1169.999          45.000    20375455.972    82043771.885        -896.461          48.000  
R05  17939175.406    95895256.381       -4264.179          49.000    17939169.517    74585203.154       -3316.729          47.000  
R21  16574871.250    88695522.410        1827.391          50.000    16574865.849    68985345.958        1421.367          48.000  
G27  20847572.310   109554814.101       -4559.083          41.000    20847569.652    85367283.280       -3552.865          39.000  
E34  20872811.534   109687436.119         866.528          46.000    20872810.692    84046238.958         663.966          50.000  
E18  23894744.767   125567747.437       -1548.486          45.000    23894742.424    96214229.950       -1186.572          47.000  
G28  20137970.913   105825778.645        -121.405          42.000    20137964.668    82461612.037         -94.623          42.000  
E15  24859880.780   130639579.244        1569.744          39.000    24859882.854   100100457.692        1202.682          43.000  
E09  21456813.048   112756420.965       -2561.930          45.000    21456811.578    86397828.926       -1963.089          49.000  
G21  16070551.142    84451460.765        -538.846          47.000                                                                  
G17  20065088.251   105442742.497        2290.513          44.000    20065082.288    82163158.223        1784.793          39.000  
G02  16573570.212    87094778.447         238.298          48.000                                                                  
G08  18433067.048    96866459.374       -3935.699          45.000    18433063.865    75480334.824       -3066.752          42.000  
G31  20243260.621   106379081.341        1085.046          43.000    20243254.022    82892767.815         845.294          41.000  
E11  22768313.314   119648491.513       -2684.932          39.000    22768309.952    91678828.187       -2057.303          39.000  
G03  17988907.706    94532427.139         189.174          47.000    17988904.225    73661692.683         147.293          45.000  
G04  18705618.535    98298734.580        2494.652          45.000    18705614.118    76596425.542        1943.758          43.000  
> 2024 06 08 08 20 30.4880000  0 30                     
G14  22091182.525   116089933.030       -2135.393          36.000    22091175.372    90460017.164       -1664.237          33.000  
G22  21896970.696   115069365.8881      -1460.030          27.000                                                                  
E03  22792588.865   119775885.936        2027.799          43.000    22792589.852    91776367.050        1553.755          47.000  
G32  20802821.940   109319630.622       -4293.881          44.000    20802817.766    85184213.096       -3345.980          40.000  
E06  20672132.390   108632882.608       -2332.178          46.000                                                                  
R20  16202126.387    86640038.489       -2157.476          39.000    16202123.221    67386774.740       -1677.986          40.000  
R06  15933936.159    85026529.057        -471.710          39.000                                                                  
R07  18606929.183    99604371.327        2433.996          47.000    18606922.265    77470130.665        1893.204          41.000  
E30  24909504.271   130900307.337       -2472.505          35.000    24909505.792   100300226.183       -1894.723          41.000  
E02  24929139.574   131003501.536       -2757.318          36.000    24929142.885   100379293.339       -2113.164          43.000  
S31  35100181.695   184452769.140        -756.945          45.000  
S33  36090975.417   189659411.969        -755.478          40.000  
E05  18408855.686    96739250.023         150.635          47.000    18408855.227    74124913.432         115.291          51.000  
E36  20382162.564   107109229.325       -1179.364          45.000    20382162.366    82070775.554        -903.704          48.000  
R05  17963128.004    96023296.323       -4271.598          50.000    17963122.141    74684789.754       -3322.339          46.000  
R21  16564673.385    88640950.289        1811.000          50.000    16564667.685    68942900.999        1408.433          48.000  
G27  20873606.583   109691624.200       -4561.404          41.000    20873603.759    85473888.529       -3554.381          38.000  
E34  20867878.575   109661514.425         861.674          46.000    20867878.150    84026376.887         660.254          50.000  
E18  23903592.519   125614241.737       -1550.929          45.000    23903590.025    96249855.442       -1188.282          47.000  
G28  20138712.872   105829678.917        -138.641          42.000    20138707.013    82464651.242        -108.130          41.000  
E15  24850916.864   130592473.562        1570.768          40.000    24850919.060   100064363.747        1203.778          44.000  
E09  21471471.477   112833453.033       -2573.323          45.000    21471470.355    86456853.493       -1971.856          49.000  
G21  16073683.677    84467924.625        -558.512          47.000                                                                  
G17  20052052.891   105374241.040        2276.270          45.000    20052046.682    82109780.471        1773.397          38.000  
G02  16572258.608    87087877.958         222.000          50.000                                                                  
G08  18455569.271    96984706.466       -3947.221          45.000    18455566.224    75572475.371       -3075.677          43.000  
G31  20237094.493   106346679.116        1075.427          43.000    20237087.727    82867519.380         837.805          40.000  
E11  22783662.638   119729152.412       -2692.646          39.000    22783659.487    91740633.293       -2063.201          40.000  
G03  17987850.623    94526875.891         181.268          46.000    17987848.297    73657367.058         141.174          46.000  
G04  18691411.062    98224075.111        2482.632          44.000    18691407.639    76538249.360        1934.729          44.000  
> 2024 06 08 08 21 00.4880000  0 29                     
G14  22103402.350   116154150.961       -2146.086          38.000    22103394.850    90510057.028       -1672.829          33.000  
E03  22781036.229   119715178.067        2019.263          43.000    22781037.731    91729850.703        1547.077          48.000  
G32  20827358.530   109448570.102       -4302.361          43.000    20827354.303    85284685.401       -3352.517          40.000  
E06  20685486.940   108703061.551       -2346.514          46.000                                                                  
R20  16214298.120    86705125.676       -2182.152          40.000    16214294.849    67437398.134       -1697.256          40.000  
R06  15936651.076    85041018.043        -494.533          39.000                                                                  
R07  18593333.908    99531592.676        2417.746          47.000    18593326.985    77413525.108        1880.613          42.000  
E30  24923642.085   130974600.759       -2480.246          36.000    24923642.927   100357152.310       -1900.444          41.000  
E02  24944875.590   131086195.572       -2755.833          36.000    24944879.163   100442656.280       -2111.388          43.000  
S31  35104511.330   184475522.484        -760.173          45.000  
S33  36095299.047   189682131.273        -759.090          40.000  
E05  18408042.129    96734975.376         134.289          47.000    18408041.841    74121638.062         102.899          51.000  
E36  20388925.856   107144772.297       -1190.291          45.000    20388925.989    82098009.774        -912.029          48.000  
R05  17987124.683    96151572.174       -4280.181          51.000    17987118.663    74784559.875       -3329.067          46.000  
R21  16554571.286    88586889.010        1792.997          50.000    16554564.823    68900853.327        1394.584          48.000  
G27  20899654.979   109828507.638       -4564.435          42.000    20899651.653    85580550.963       -3556.715          38.000  
E34  20862975.782   109635752.649         855.477          46.000    20862975.796    84006637.357         655.540          50.000  
E18  23912457.627   125660825.553       -1554.843          46.000    23912454.706    96285549.536       -1191.317          47.000  
G28  20139557.143   105834117.069        -157.367          41.000    20139551.181    82468109.569        -122.571          41.000  
E15  24841947.795   130545348.400        1570.614          39.000    24841950.731   100028254.884        1203.458          43.000  
E09  21486197.869   112910841.243       -2585.900          45.000    21486196.987    86516150.945       -1981.497          49.000  
G21  16076931.515    84484994.112        -579.487          46.000                                                                  
G17  20039103.561   105306188.143        2260.380          45.000    20039096.910    82056752.216        1761.264          39.000  
G02  16571042.653    87081485.829         204.100          51.000                                                                  
G08  18478137.929    97103307.046       -3959.787          45.000    18478135.710    75664891.400       -3085.778          43.000  
G31  20230985.169   106314576.097        1064.691          43.000    20230978.849    82842504.074         829.688          41.000  
E11  22799059.059   119810058.884       -2701.302          40.000    22799055.678    91802626.574       -2070.088          41.000  
G03  17986841.675    94521571.852         172.095          45.000    17986838.766    73653234.030         134.182          46.000  
G04  18677273.825    98149787.511        2469.378          43.000    18677271.423    76480362.972        1924.359          44.000  
> 2024 06 08 08 21 30.4880000  0 30                     
G14  22115685.079   116218697.176       -2157.351          39.000    22115677.005    90560352.742       -1680.804          32.000  
G22  21913832.973   115157970.9273      -1495.257          27.000                                                                  
E03  22769533.243   119654732.233        2010.244          42.000    22769534.965    91683535.122        1540.362          48.000  
G32  20851943.615   109577765.064       -4310.964          43.000    20851939.245    85385356.793       -3359.181          41.000  
E06  20698922.350   108773667.116       -2361.022          46.000                                                                  
R20  16226610.526    86770977.4301      -2207.314          41.000    16226607.136    67488605.285       -1716.736          40.000  
R06  15939498.751    85056205.8561       -517.994          39.000                                                                  
R07  18579829.824    99459310.708        2400.866          47.000    18579825.089    77357305.888        1867.360          42.000  
E30  24937825.859   131049130.676       -2488.503          37.000    24937826.284   100414259.604       -1906.713          41.000  
E02  24960606.286   131168831.426       -2754.427          32.000    24960604.567   100505974.665       -2110.102          43.000  
S31  35108861.793   184498384.454        -764.019          46.000  
S33  36099643.039   189704959.137        -762.759          40.000  
E05  18407321.477    96731191.081         117.756          47.000    18407321.278    74118738.417          90.281          50.000  
E36  20395752.317   107180646.753       -1201.683          45.000    20395752.816    82125497.987        -920.688          48.000  
R05  18011170.758    96280110.707       -4289.153          52.000    18011164.791    74884534.331       -3336.102          47.000  
R21  16544570.876    88533372.651        1774.456          52.000    16544563.676    68859229.486        1380.139          47.000  
G27  20925722.286   109965491.370       -4567.869          42.000    20925718.728    85687291.549       -3559.358          38.000  
E34  20858110.134   109610181.754         849.073          46.000    20858109.724    83987044.074         650.485          50.000  
E18  23921344.523   125707528.213       -1558.998          46.000    23921341.870    96321334.687       -1194.633          47.000  
G28  20140509.762   105839124.485        -176.630          41.000    20140504.426    82472011.485        -137.921          41.000  
E15  24832981.909   130498233.942        1569.956          39.000    24832984.413    99992154.236        1202.938          42.000  
E09  21500997.416   112988613.749       -2598.991          45.000    21500996.608    86575742.853       -1991.512          49.000  
G21  16080301.357    84502700.887        -601.107          46.000                                                                  
G17  20026245.064   105238616.958        2244.036          45.000    20026239.119    82004099.350        1748.503          39.000  
G02  16569928.891    87075633.732         185.667          51.000                                                                  
G08  18500779.518    97222287.681       -3972.589          46.000    18500777.028    75757603.548       -3095.551          43.000  
G31  20224939.474   106282804.463        1053.259          43.000    20224933.541    82817746.991         820.776          41.000  
E11  22814507.549   119891240.673       -2710.830          41.000    22814504.238    91864830.789       -2077.108          41.000  
G03  17985884.780    94516543.901         162.495          46.000    17985881.751    73649316.155         126.918          45.000  
G04  18663214.116    98075903.840        2455.689          43.000    18663211.760    76422791.310        1913.565          44.000  
> 2024 06 08 08 22 00.4880000  0 29                     
G14  22128032.837   116283589.738       -2169.247          36.000    22128026.491    90610918.385       -1689.653          32.000  
E03  22758084.603   119594570.177        2000.392          42.000    22758086.332    91637436.982        1532.773          48.000  
G32  20876580.591   109707233.210       -4320.118          43.000    20876576.218    85486241.065       -3366.426          41.000  
E06  20712443.290   108844718.152       -2376.023          46.000                                                                  
R20  16239066.950    86837585.974       -2233.208          41.000    16239062.708    67540411.935       -1736.908          41.000  
R06  15942479.668    85072115.419        -542.053          39.000                                                                  
R07  18566423.195    99387547.247        2383.111          46.000    18566417.097    77301489.895        1853.661          40.000  
E30  24952056.090   131123915.450       -2497.398          38.000    24952057.133   100471562.214       -1913.375          41.000  
E02  24976314.545   131251427.918       -2752.722          32.000    24976322.213   100569262.864       -2109.230          44.000  
S31  35113236.646   184521374.661        -768.739          46.000  
S33  36104011.733   189727916.747        -767.579          40.000  
E05  18406698.099    96727917.697         100.374          46.000    18406698.069    74116230.253          76.927          50.000  
E36  20402646.674   107216873.923       -1213.768          45.000    20402646.547    82153256.474        -929.953          48.000  
R05  18035269.200    96408929.283       -4298.826          50.000    18035263.377    74984726.565       -3343.498          48.000  
R21  16534676.246    88480425.787        1755.167          50.000    16534668.814    68818048.588        1365.140          47.000  
G27  20951811.822   110102593.129       -4572.262          42.000    20951808.661    85794124.095       -3562.720          38.000  
E34  20853284.724   109584823.365         841.421          46.000    20853284.004    83967613.620         644.815          50.000  
E18  23930258.056   125754369.673       -1563.924          46.000    23930255.585    96357226.194       -1198.331          47.000  
G28  20141574.763   105844723.164        -196.509          41.000    20141569.495    82476374.090        -153.387          41.000  
E15  24824023.522   130451151.033        1568.688          39.000    24824024.636    99956077.763        1201.860          43.000  
E09  21515873.516   113066789.241       -2612.539          45.000    21515872.850    86635643.565       -2002.006          49.000  
G21  16083796.528    84521066.931        -623.470          46.000                                                                  
G17  20013482.323   105171550.202        2226.952          44.000    20013476.901    81951839.547        1735.444          39.000  
G02  16568922.443    87070344.106         166.690          51.000                                                                  
G08  18523496.604    97341665.663       -3986.165          46.000    18523494.255    75850625.333       -3106.007          44.000  
G31  20218960.690   106251387.453        1040.979          44.000    20218955.331    82793266.212         811.273          42.000  
E11  22830012.581   119972718.072       -2720.882          41.000    22830008.668    91927261.545       -2084.845          41.000  
G03  17984984.485    94511811.634         152.583          46.000    17984980.855    73645628.714         118.966          45.000  
G04  18649235.773    98002446.773        2441.160          44.000    18649233.273    76365552.076        1902.222          44.000  
> 2024 06 08 08 22 30.4880000  0 30                     
G14  22140448.817   116348839.507       -2181.238          37.000    22140443.178    90661762.326       -1699.997          34.000  
E03  22746692.157   119534706.571        1990.040          41.000    22746694.784    91591567.537        1524.870          48.000  
G32  20901271.333   109836985.256       -4329.988          42.000    20901267.396    85587346.551       -3374.307          42.000  
E06  20726051.004   108916226.470       -2391.754          46.000                                                                  
R20  16251669.726    86904979.126       -2260.299          40.000    16251666.137    67592828.787       -1757.735          41.000  
R22  20548643.365   109690053.9901       3242.830          42.000    20548633.116    85314387.6193       2522.416          40.000  
R06  15945597.723    85088756.986        -567.124          38.000                                                                  
R07  18553117.691    99316318.165        2365.035          46.000    18553110.631    77246089.471        1839.415          41.000  
E30  24966337.972   131198966.453       -2506.713          37.000    24966338.743   100529068.825       -1920.573          40.000  
E02  24992034.200   131333996.717       -2752.090          30.000    24992034.543   100632529.875       -2108.862          44.000  
S31  35117638.617   184544508.204        -773.997          46.000  
S33  36108407.703   189751016.165        -772.850          40.000  
E05  18406174.862    96725168.738          82.434          46.000    18406174.521    74114123.913          63.140          49.000  
E36  20409610.126   107253468.024       -1226.290          45.000    20409610.188    82181296.116        -939.655          48.000  
R05  18059421.676    96538038.271       -4308.808          49.000    18059415.730    75085144.654       -3351.250          49.000  
R21  16524890.979    88428065.814        1734.999          50.000    16524884.100    68777324.174        1349.503          47.000  
G27  20977925.776   110239823.453       -4576.948          41.000    20977922.528    85901056.836       -3566.268          38.000  
E34  20848502.568   109559692.077         833.386          46.000    20848501.539    83948357.187         638.635          49.000  
E18  23939200.397   125801362.939       -1569.466          45.000    23939198.146    96393234.017       -1202.548          47.000  
G28  20142755.721   105850928.073        -217.639          41.000    20142750.611    82481209.067        -169.257          42.000  
E15  24815073.230   130404113.506        1566.881          39.000    24815073.753    99920036.072        1200.411          43.000  
E09  21530828.520   113145379.517       -2627.048          45.000    21530828.103    86695862.082       -2012.817          50.000  
G21  16087419.748    84540106.806        -646.365          46.000                                                                  
G17  20000818.771   105105003.857        2209.315          44.000    20000813.264    81899985.287        1721.331          39.000  
G02  16568025.379    87065632.185         146.945          50.000                                                                  
G08  18546290.992    97461451.153       -4000.089          45.000    18546289.074    75943964.666       -3117.086          44.000  
G31  20213052.822   106220341.074        1028.381          44.000    20213047.601    82769074.258         800.952          42.000  
E11  22845575.999   120054504.360       -2731.704          41.000    22845571.844    91989928.971       -2093.032          40.000  
G03  17984142.916    94507387.719         141.989          46.000    17984139.201    73642181.523         110.763          45.000  
G04  18635341.756    97929431.985        2425.935          44.000    18635338.891    76308657.452        1890.453          43.000  
> 2024 06 08 08 23 00.4880000  0 30                     
G14  22152936.686   116414466.643       -2194.094          38.000    22152931.696    90712900.294       -1708.986          36.000  
E03  22735363.204   119475165.572        1979.306          43.000    22735364.615    91545945.284        1516.621          48.000  
G32  20926020.188   109967041.226       -4340.348          42.000    20926016.070    85688688.838       -3381.810          42.000  
E06  20739749.393   108988213.303       -2407.598          46.000                                                                  
R20  16264423.518    86973180.064       -2287.015          40.000    16264420.275    67645873.967       -1778.807          41.000  
R22  20530427.581   109592813.452        3239.446          44.000    20530422.589    85238756.116        2519.661          42.000  
R06  15948857.209    85106152.063        -592.623          38.000                                                                  
R07  18539914.970    99245647.901        2346.238          45.000    18539910.737    77191123.778        1824.807          43.000  
E30  24980673.175   131274304.597       -2516.604          36.000    24980675.097   100586795.394       -1928.118          40.000  
E02  25007742.893   131416559.156       -2752.169          31.000    25007745.248   100695791.888       -2108.561          44.000  
S31  35122072.312   184567806.640        -779.302          45.000  
S33  36112834.667   189774281.304        -778.167          40.000  
E05  18405756.341    96722967.160          64.143          46.000    18405755.498    74112436.986          49.261          49.000  
E36  20416648.127   107290452.700       -1239.392          45.000    20416648.190    82209635.017        -949.649          48.000  
R05  18083631.726    96667457.142       -4319.170          48.000    18083626.305    75185803.731       -3359.321          49.000  
R21  16515220.258    88376319.994        1714.448          50.000    16515213.761    68737077.451        1333.312          47.000  
G27  21004067.712   110377202.465       -4581.546          41.000    21004065.220    86008105.459       -3570.416          39.000  
E34  20843767.790   109534811.903         825.139          46.000    20843766.829    83929293.163         632.224          49.000  
E18  23948176.015   125848530.350       -1575.064          45.000    23948173.882    96429375.289       -1207.004          47.000  
G28  20144056.905   105857763.476        -238.531          42.000    20144051.142    82486535.350        -185.504          41.000  
E15  24806135.950   130357144.622        1564.511          39.000    24806136.409    99884046.974        1198.800          43.000  
E09  21545866.830   113224405.711       -2641.648          45.000    21545866.254    86756414.624       -2024.011          50.000  
G21  16091175.476    84559844.669        -669.676          46.000                                                                  
G17  19988258.796   105039003.746        2190.788          43.000    19988253.430    81848556.644        1707.147          40.000  
G02  16567243.034    87061522.802         126.851          50.000                                                                  
G08  18569166.874    97581663.858       -4014.384          45.000    18569164.300    76037636.864       -3128.126          43.000  
G31  20207220.804   106189690.624        1014.929          44.000    20207215.047    82745190.792         790.887          42.000  
E11  22861202.371   120136622.281       -2742.785          41.000    22861198.035    92052850.515       -2101.416          40.000  
G03  17983364.366    94503294.051         130.911          47.000    17983360.103    73638991.659         102.156          45.000  
G04  18621536.865    97856884.513        2410.503          44.000    18621533.094    76252126.975        1878.267          43.000  
> 2024 06 08 08 23 30.4880000  0 30                     
G14  22165496.447   116480466.465       -2206.204          37.000    22165491.418    90764328.730       -1718.906          34.000  
E03  22724093.916   119415946.411        1968.522          43.000    22724095.406    91500569.613        1508.425          48.000  
G32  20950826.049   110097396.304       -4349.913          42.000    20950821.801    85790264.230       -3389.667          42.000  
E06  20753538.086   109060674.963       -2423.287          45.000                                                                  
R20  16277327.900    87042186.440       -2313.204          40.000    16277324.352    67699545.601       -1799.407          40.000  
R22  20512230.509   109495669.624        3236.566          45.000    20512226.169    85163199.871        2517.419          44.000  
R06  15952257.817    85124296.828        -617.455          38.000                                                                  
R07  18526817.851    99175535.615        2327.807          47.000    18526812.981    77136592.108        1810.815          43.000  
E30  24995062.891   131349925.531       -2525.741          36.000    24995065.385   100644738.673       -1935.095          40.000  
E02  25023447.556   131499111.268       -2751.023          31.000    25023454.149   100759046.084       -2108.156          43.000  
S31  35126537.019   184591268.730        -784.982          46.000  
S33  36117293.306   189797709.969        -783.827          40.000  
E05  18405441.921    96721310.934          46.199          47.000    18405440.290    74111167.941          35.467          49.000  
E36  20423760.519   107327826.636       -1252.287          45.000    20423760.220    82238272.192        -959.602          48.000  
R05  18107899.111    96797180.153       -4329.042          49.000    18107893.943    75286699.384       -3367.039          48.000  
R21  16505665.250    88325189.690        1693.981          50.000    16505658.948    68697309.436        1317.673          47.000  
G27  21030237.114   110514725.272       -4586.392          41.000    21030235.013    86115266.099       -3574.000          39.000  
E34  20839080.412   109510181.990         816.845          46.000    20839079.620    83910420.900         625.934          49.000  
E18  23957184.234   125895869.407       -1580.868          45.000    23957182.336    96465648.070       -1211.198          48.000  
G28  20145477.547   105865228.813        -259.290          44.000    20145471.859    82492352.508        -202.069          42.000  
E15  24797210.101   130310242.675        1562.400          39.000    24797211.723    99848109.206        1197.145          43.000  
E09  21560987.527   113303864.040       -2655.680          45.000    21560986.775    86817298.280       -2034.833          50.000  
G21  16095064.433    84580280.519        -692.743          46.000                                                                  
G17  19975802.877   104973550.712        2172.753          42.000    19975798.033    81797554.318        1692.609          40.000  
G02  16566574.731    87058015.529         106.737          48.000                                                                  
G08  18592122.915    97702298.438       -4028.104          45.000    18592119.622    76131637.854       -3138.951          42.000  
G31  20201463.717   106159436.900        1001.794          45.000    20201457.818    82721616.471         780.658          42.000  
E11  22876891.323   120219069.603       -2753.470          41.000    22876887.206    92116024.489       -2110.059          40.000  
G03  17982648.019    94499527.743         120.197          48.000    17982643.856    73636056.907          93.461          45.000  
G04  18607821.255    97784804.515        2394.973          45.000    18607816.188    76195960.773        1866.081          43.000  
> 2024 06 08 08 24 00.4880000  0 31                     
G14  22178126.018   116546829.658       -2217.712          36.000    22178120.240    90816040.284       -1727.979          32.000  
G09  22018110.033                1       2843.882          26.000    22018106.817                        2214.603          25.000  
E03  22712884.880   119357043.501        1957.999          43.000    22712886.477    91455436.272        1500.316          48.000  
G32  20975686.995   110228040.959       -4359.690          42.000    20975682.555    85892065.249       -3397.522          42.000  
E06  20767415.754   109133603.017       -2438.811          45.000                                                                  
R20  16290381.882    87111990.326       -2340.198          41.000    16290377.023    67753837.542       -1820.237          40.000  
R22  20494050.307   109398618.128        3233.402          45.000    20494046.044    85087715.407        2515.115          44.000  
R06  15955797.343    85143182.830        -641.805          39.000                                                                  
R07  18513825.057    99105976.606        2309.293          47.000    18513817.382    77082490.698        1796.238          41.000  
E30  25009505.608   131425820.559       -2534.379          37.000    25009506.946   100702891.972       -1941.830          39.000  
E02  25039158.882   131581644.751       -2750.944          35.000    25039159.682   100822285.990       -2107.695          42.000  
S31  35131031.398   184614887.140        -789.907          46.000  
S33  36121781.023   189821293.946        -788.690          40.000  
E05  18405229.243    96720193.390          28.023          47.000    18405227.985    74110311.660          21.556          49.000  
E36  20430944.790   107365583.823       -1265.043          45.000    20430945.198    82267203.018        -969.392          48.000  
R05  18132221.333    96927197.252       -4338.889          50.000    18132216.087    75387823.765       -3374.576          47.000  
R21  16496225.717    88274671.784        1673.607          51.000    16496218.704    68658017.736        1301.896          48.000  
G27  21056432.225   110652382.312       -4590.788          41.000    21056430.251    86222531.339       -3576.991          39.000  
E34  20834439.581   109485796.718         808.623          45.000    20834438.952    83891736.094         619.626          48.000  
E18  23966223.739   125943372.833       -1586.330          45.000    23966222.006    96502046.804       -1215.445          48.000  
G28  20147017.588   105873318.781        -279.974          45.000    20147011.849    82498656.384        -218.262          42.000  
E15  24788296.835   130263401.344        1560.128          39.000    24788298.440    99812217.871        1195.369          44.000  
E09  21576188.430   113383746.003       -2669.876          45.000    21576187.851    86878506.534       -2045.761          50.000  
G21  16099084.889    84601408.187        -715.955          46.000                                                                  
G17  19963450.919   104908641.041        2154.460          43.000    19963445.798    81746975.340        1678.912          39.000  
G02  16566018.975    87055105.168          86.925          47.000                                                                  
G08  18615156.803    97823344.874       -4041.677          44.000    18615153.546    76225959.740       -3149.218          42.000  
G31  20195781.142   106129575.428         988.672          44.000    20195775.160    82698347.828         770.374          41.000  
E11  22892641.683   120301839.444       -2764.498          40.000    22892637.714    92179445.522       -2117.953          39.000  
G03  17981991.686    94496081.156         109.352          48.000    17981988.599    73633371.285          85.370          46.000  
G04  18594193.093    97713187.392        2379.417          46.000    18594187.284    76140155.252        1853.956          43.000  
> 2024 06 08 08 24 30.4880000  0 31                     
G14  22190823.372   116613554.187       -2230.521          34.000    22190817.227    90868033.401       -1737.588          29.000  
G09  22001891.107   115620743.1681       2836.606          34.000    22001893.417    90094077.1211       2210.696          34.000  
E03  22701737.096   119298458.585        1947.657          43.000    22701737.988    91410546.591        1492.433          48.000  
G32  21000602.364   110358972.898       -4369.132          43.000    21000598.113    85994090.109       -3404.334          43.000  
E06  20781382.375   109206996.344       -2454.010          45.000                                                                  
R20  16303585.786    87182592.423       -2366.587          42.000    16303580.603    67808750.271       -1840.497          40.000  
R22  20475888.362   109301662.000        3230.468          46.000    20475883.244    85012305.160        2512.334          44.000  
R06  15959475.811    85162808.849        -666.589          39.000                                                                  
R07  18500934.664    99036972.484        2291.020          48.000    18500926.689    77028820.895        1782.274          42.000  
E30  25023999.289   131501988.055       -2543.380          37.000    25024001.386   100761254.065       -1948.739          40.000  
E02  25054861.308   131664158.236       -2750.113          35.000    25054862.441   100885510.634       -2106.946          44.000  
S31  35135555.395   184638661.183        -794.972          46.000  
S33  36126298.512   189845034.694        -793.974          40.000  
E05  18405118.992    96719614.971          10.530          47.000    18405118.439    74109868.480           8.101          50.000  
E36  20438202.985   107403725.527       -1277.607          45.000    20438203.332    82296428.467        -979.081          48.000  
R05  18156598.594    97057505.368       -4348.087          50.000    18156593.051    75489174.559       -3382.119          47.000  
R21  16486900.454    88224770.445        1653.241          51.000    16486893.525    68619205.601        1285.788          48.000  
G27  21082652.429   110790171.275       -4595.327          40.000    21082650.798    86329899.350       -3580.440          39.000  
E34  20829846.168   109461657.708         800.716          46.000    20829845.250    83873239.992         613.435          48.000  
E18  23975294.578   125991040.619       -1591.605          45.000    23975292.959    96538571.475       -1219.447          48.000  
G28  20148676.005   105882035.239        -300.830          44.000    20148669.992    82505448.452        -234.699          41.000  
E15  24779394.390   130216621.491        1558.397          38.000    24779396.431    99776373.618        1194.130          43.000  
E09  21591470.015   113464050.338       -2683.614          45.000    21591469.399    86940038.423       -2056.322          50.000  
G21  16103237.003    84623229.843        -738.740          46.000                                                                  
G17  19951202.889   104844277.170        2136.614          43.000    19951197.786    81696821.690        1664.774          40.000  
G02  16565578.769    87052794.174          67.171          46.000                                                                  
G08  18638268.385    97944800.491       -4055.241          43.000    18638266.267    76320600.448       -3159.894          43.000  
G31  20190173.476   106100109.114         975.806          44.000    20190167.600    82675387.099         760.181          40.000  
E11  22908453.238   120384932.031       -2774.666          39.000    22908449.686    92243113.890       -2125.941          39.000  
G03  17981396.164    94492953.936          98.949          47.000    17981393.140    73630934.525          77.003          45.000  
G04  18580653.839    97642035.796        2364.093          46.000    18580647.326    76084712.483        1842.312          43.000  
> 2024 06 08 08 25 00.4880000  0 31                     
G14  22203587.974   116680628.106       -2242.207          32.000    22203582.603    90920298.773       -1746.886          28.000  
G09  21985714.166   115535732.715        2830.530          39.000    21985715.219    90027835.415        2205.676          39.000  
E03  22690647.955   119240183.824        1937.458          44.000    22690648.472    91365894.550        1484.460          47.000  
G32  21025570.161   110490180.297       -4378.436          43.000    21025565.874    86096329.646       -3411.851          43.000  
E06  20795435.471   109280844.114       -2469.064          45.000                                                                  
R20  16316935.734    87253982.837       -2393.071          41.000    16316931.453    67864276.154       -1861.090          41.000  
R22  20457741.040   109204794.567        3227.450          45.000    20457736.558    84936963.872        2510.100          43.000  
R06  15963289.928    85183163.712        -690.864          38.000                                                                  
R07  18488146.229    98968515.439        2272.693          48.000    18488137.161    76975576.589        1767.686          41.000  
E30  25038541.650   131578416.820       -2551.699          35.000    25038545.893   100819816.385       -1955.459          41.000  
E02  25070555.402   131746641.154       -2748.989          34.000    25070558.183   100948711.774       -2106.107          44.000  
S31  35140107.542   184662583.322        -799.987          46.000  
S33  36130844.530   189868923.845        -799.042          40.000  
E05  18405109.920    96719566.692          -7.353          47.000    18405109.477    74109831.506          -5.500          50.000  
E36  20445533.282   107442243.395       -1290.208          45.000    20445532.972    82325942.137        -988.567          48.000  
R05  18181027.578    97188091.786       -4357.483          50.000    18181022.185    75590741.782       -3389.168          47.000  
R21  16477689.537    88175480.203        1632.788          51.000    16477682.273    68580868.747        1269.908          48.000  
G27  21108895.377   110928080.239       -4599.045          40.000    21108893.986    86437360.889       -3583.350          39.000  
E34  20825297.314   109437757.091         792.729          45.000    20825296.876    83854926.548         607.384          48.000  
E18  23984394.806   126038863.206       -1596.697          44.000    23984393.259    96575214.758       -1223.431          48.000  
G28  20150452.315   105891370.542        -321.625          43.000    20150446.673    82512722.718        -250.543          41.000  
E15  24770501.400   130169894.451        1556.740          38.000    24770504.106    99740569.840        1192.777          43.000  
E09  21606829.696   113544766.261       -2697.435          45.000    21606829.075    87001885.670       -2066.801          50.000  
G21  16107520.314    84645737.779        -761.711          46.000                                                                  
G17  19939057.776   104780453.029        2118.511          42.000    19939052.487    81647088.604        1651.034          40.000  
G02  16565251.806    87051075.184          47.320          46.000                                                                  
G08  18661456.512    98066652.883       -4068.377          44.000    18661454.059    76415550.334       -3170.250          43.000  
G31  20184640.058   106071031.359         962.793          43.000    20184633.947    82652729.161         749.908          39.000  
E11  22924324.210   120468338.169       -2785.317          39.000    22924321.027    92307022.476       -2134.163          39.000  
G03  17980859.984    94490136.124          88.768          47.000    17980856.154    73628738.833          69.198          45.000  
G04  18567200.995    97571342.799        2348.813          46.000    18567195.445    76029627.095        1830.292          43.000  
> 2024 06 08 08 25 30.4880000  0 31                     
G14  22216417.746   116748045.324       -2253.368          29.000    22216413.108    90972493.5501      -1754.864          25.000  
G09  21969573.405   115450907.765        2824.557          39.000    21969573.138    89961738.205        2200.635          38.000  
E03  22679617.587   119182216.908        1926.915          44.000    22679617.618    91321478.391        1476.494          47.000  
G32  21050589.262   110621656.841       -4387.021          43.000    21050584.977    86198778.894       -3418.474          43.000  
E06  20809573.829   109355141.108       -2484.210          45.000                                                                  
R20  16330432.194    87326158.168       -2418.985          41.000    16330428.839    67920412.510       -1881.702          41.000  
R22  20439610.053   109108014.538        3224.291          44.000    20439605.883    84861690.587        2507.528          44.000  
R06  15967238.896    85204242.132        -714.495          37.000                                                                  
R07  18475458.729    98900603.305        2254.519          45.000    18475450.193    76922756.071        1753.643          42.000  
E30  25053134.658   131655101.303       -2560.383          36.000    25053138.873   100878574.625       -1961.739          41.000  
E02  25086244.871   131829088.162       -2747.468          35.000    25086247.120   101011885.419       -2105.635          44.000  
S31  35144687.293   184686649.580        -804.702          46.000  
S33  36135417.749   189892955.754        -803.806          40.000  
E05  18405200.905    96720044.950         -24.757          47.000    18405200.564    74110197.990         -19.065          51.000  
E36  20452933.780   107481134.594       -1302.755          45.000    20452933.841    82355741.902        -998.199          49.000  
R05  18205506.902    97318949.659       -4366.624          49.000    18205501.956    75692520.136       -3396.261          48.000  
R21  16468592.749    88126800.979        1612.176          50.000    16468585.644    68543007.120        1253.894          47.000  
G27  21135160.294   111066102.893       -4602.877          40.000    21135158.288    86544911.041       -3586.628          39.000  
E34  20820794.202   109414092.474         784.655          45.000    20820793.941    83836793.933         601.337          48.000  
E18  23993523.727   126086836.528       -1601.809          44.000    23993522.252    96611973.548       -1227.307          48.000  
G28  20152346.276   105901322.470        -342.413          43.000    20152339.669    82520477.503        -266.895          40.000  
E15  24761619.148   130123217.100        1554.960          39.000    24761621.303    99704804.132        1191.291          43.000  
E09  21622266.919   113625888.412       -2710.940          45.000    21622266.095    87064044.192       -2077.265          50.000  
G21  16111933.143    84668929.692        -784.551          45.000                                                                  
G17  19927014.909   104717167.839        2100.536          42.000    19927009.348    81597775.512        1636.435          40.000  
G02  16565038.620    87049946.625          27.622          47.000                                                                  
G08  18684718.827    98188895.253       -4081.251          45.000    18684715.185    76510804.100       -3180.177          43.000  
G31  20179180.139   106042341.442         949.731          44.000    20179174.080    82630373.404         739.911          39.000  
E11  22940255.233   120552054.107       -2795.778          38.000    22940251.345    92371168.457       -2142.083          39.000  
G03  17980381.903    94487623.290          78.745          48.000    17980377.444    73626780.812          61.229          45.000  
G04  18553835.216    97501107.044        2333.404          46.000    18553829.843    75974897.981        1818.239          44.000  
> 2024 06 08 08 26 00.4880000  0 31                     
G14  22229310.758   116815797.092       -2263.643          26.000    22229304.336                       -1764.587          23.000  
G09  21953466.627   115366264.037        2818.558          38.000    21953465.731    89895782.248        2196.244          39.000  
E03  22668644.342   119124553.105        1917.054          44.000    22668644.152    91277294.493        1468.906          47.000  
G32  21075658.037   110753393.855       -4395.491          45.000    21075653.626    86301431.116       -3424.945          43.000  
E06  20823796.384   109429879.742       -2498.598          46.000                                                                  
R20  16344074.914    87399111.205       -2444.440          40.000    16344071.128    67977153.751       -1901.133          41.000  
R22  20421494.546   109011318.686        3221.928          44.000    20421490.467    84786482.717        2505.852          43.000  
R06  15971323.354    85226036.531        -737.974          38.000                                                                  
R07  18462872.321    98833231.620        2236.921          44.000    18462867.226    76870355.994        1739.686          45.000  
E30  25067774.268   131732033.461       -2568.478          36.000    25067779.038   100937522.630       -1968.075          42.000  
E02  25101926.867   131911491.666       -2746.166          37.000    25101927.359   101075025.718       -2104.218          43.000  
S31  35149292.977   184710852.695        -809.106          46.000  
S33  36140017.131   189917125.994        -807.934          40.000  
E05  18405390.632    96721043.847         -41.945          47.000    18405390.244    74110963.381         -32.226          50.000  
E36  20460404.404   107520393.972       -1314.745          45.000    20460404.583    82385823.765       -1007.309          48.000  
R05  18230035.076    97450069.263       -4374.811          48.000    18230030.544    75794502.033       -3402.729          49.000  
R21  16459609.772    88078730.638        1592.262          51.000    16459603.006    68505619.086        1238.493          48.000  
G27  21161445.336   111204230.505       -4605.831          40.000    21161442.897    86652542.984       -3589.018          38.000  
E34  20816334.977   109390659.136         777.175          45.000    20816334.681    83818838.525         595.585          48.000  
E18  24002680.215   126134954.192       -1606.348          44.000    24002678.675    96648842.939       -1230.906          48.000  
G28  20154356.298   105911886.482        -362.256          43.000    20154349.667    82528709.217        -282.343          40.000  
E15  24752746.192   130076583.905        1553.908          40.000    24752746.586    99669072.241        1190.632          42.000  
E09  21637779.865   113707409.169       -2723.921          45.000    21637778.874    87126508.136       -2087.138          50.000  
G21  16116475.330    84692800.683        -806.918          44.000                                                                  
G17  19915074.210   104654418.155        2082.566          42.000    19915068.068    81548879.650        1622.771          40.000  
G02  16564936.319    87049404.167           8.443          48.000                                                                  
G08  18708053.724    98311518.446       -4093.789          45.000    18708049.393    76606354.623       -3189.874          42.000  
G31  20173794.281   106014035.858         937.061          45.000    20173787.581    82608317.130         730.103          39.000  
E11  22956244.788   120636073.691       -2805.347          39.000    22956239.794    92435547.110       -2150.056          38.000  
G03  17979960.689    94485408.694          68.992          47.000    17979955.976    73625055.168          53.611          45.000  
G04  18540555.455    97431324.691        2318.639          46.000    18540551.319    75920522.180        1806.684          44.000  
> 2024 06 08 08 26 30.4880000  0 31                     
G09  21937387.498   115281775.241        2814.084          38.000    21937387.333    89829946.977        2192.983          38.000  
E03  22657724.074   119067165.470        1908.794          44.000    22657723.626    91233322.184        1462.553          47.000  
G32  21100770.463   110885360.454       -4402.057          45.000    21100766.256    86404262.246       -3430.122          43.000  
E06  20838096.536   109505030.228       -2511.355          46.000                                                                  
R20  16357857.980    87472813.618       -2468.921          42.000    16357853.627    68034477.847       -1919.916          40.000  
R22  20403391.136   108914680.812        3220.831          44.000    20403386.550    84711319.988        2504.937          42.000  
R06  15975534.495    85248509.2701       -760.266          39.000                                                                  
R07  18450382.424    98766372.866        2220.651          43.000    18450378.087    76818354.809        1726.934          45.000  
E30  25082456.495   131809183.054       -2574.890          37.000    25082459.474   100996637.237       -1972.715          41.000  
E02  25117592.214   131993821.858       -2742.435          37.000    25117593.875   101138109.911       -2101.603          42.000  
S31  35153919.701   184735165.820        -811.865          46.000  
S33  36144637.461   189941405.410        -810.689          41.000  
E05  18405674.213    96722535.150         -57.487          47.000    18405673.566    74112106.064         -43.958          49.000  
E36  20467939.855   107559994.064       -1325.294          46.000    20467940.275    82416166.706       -1015.501          49.000  
R05  18254606.807    97581418.885       -4381.673          50.000    18254602.268    75896662.811       -3407.754          48.000  
R21  16450736.293    88031244.074        1573.571          52.000    16450729.359    68468685.107        1223.986          47.000  
G27  21187744.281   111342432.172       -4607.153          40.000    21187741.810    86760232.627       -3589.922          37.000  
E34  20811914.770   109367430.043         771.439          46.000    20811914.478    83801039.621         591.130          48.000  
E18  24011858.502   126183187.504       -1609.109          44.000    24011857.214    96685800.936       -1232.880          48.000  
G28  20156478.019   105923035.731        -381.134          44.000    20156471.476    82537396.962        -296.814          40.000  
E15  24743876.155   130029967.090        1554.475          41.000    24743875.606    99633352.927        1190.834          42.000  
E09  21653362.805   113789298.614       -2735.265          46.000    21653361.877    87189254.588       -2095.845          50.000  
G21  16121141.792    84717324.119        -827.761          45.000                                                                  
G17  19903230.626   104592178.797        2066.490          44.000    19903224.620    81500381.454        1610.122          39.000  
G02  16564940.025    87049421.106          -9.483          50.000                                                                  
G08  18731454.573    98434491.000       -4104.397          45.000    18731450.719    76702177.394       -3198.414          43.000  
G31  20168476.437   105986088.724         925.928          46.000    20168469.788    82586540.138         721.472          39.000  
E11  22972285.578   120720368.546       -2814.264          39.000    22972280.822    92500136.663       -2155.995          38.000  
G03  17979589.712    94483463.256          60.925          46.000    17979586.878    73623539.246          47.446          46.000  
G04  18527357.429    97361969.741        2305.199          46.000    18527353.889    75866479.412        1796.027          44.000  
G14                                                                  22242253.328                       -1776.654          19.000  
> 2024 06 08 08 27 00.4880000  0 31                     
G09  21921327.255   115197376.738        2812.623          37.000    21921326.102    89764182.089        2191.833          35.000  
E03  22646843.467   119009988.893        1903.065          43.000    22646843.435    91189511.609        1458.219          47.000  
G32  21125913.497   111017487.589       -4405.973          45.000    21125909.018    86507218.460       -3433.624          42.000  
E06  20852462.550   109580524.438       -2521.355          46.000                                                                  
R20  16371768.361    87547196.436       -2489.934          42.000    16371763.143    68092331.181       -1936.663          40.000  
R22  20385286.185   108818036.213        3222.345          43.000    20385281.925    84636152.022        2506.372          42.000  
R06  15979862.109    85271605.175        -779.335          38.000                                                                  
R07  18437976.432    98699961.238        2207.175          45.000    18437971.473    76766701.378        1716.481          45.000  
E30  25097165.297   131886481.615       -2578.282          36.000    25097169.354   101055866.035       -1975.470          41.000  
E02  25133234.310   132076010.805       -2736.204          37.000    25133233.717   101201085.823       -2096.620          42.000  
S31  35158554.177   184759521.761        -811.685          46.000  
S33  36149266.055   189965728.092        -810.669          40.000  
E05  18406039.558    96724452.497         -70.265          47.000    18406038.126    74113575.207         -53.860          49.000  
E36  20475528.077   107599869.249       -1332.920          46.000    20475528.227    82446720.424       -1021.404          48.000  
R05  18279208.360    97712927.418       -4385.397          49.000    18279203.543    75998947.216       -3410.820          48.000  
R21  16441959.106    87984277.519        1557.598          51.000    16441952.480    68432155.584        1211.488          48.000  
G27  21214043.931   111480638.809       -4606.099          39.000    21214041.857    86867926.122       -3589.155          37.000  
E34  20807520.968   109344340.104         768.067          45.000    20807520.949    83783347.338         588.562          48.000  
E18  24021046.316   126231469.686       -1609.494          44.000    24021044.939    96722796.384       -1233.197          48.000  
G28  20158698.714   105934705.141        -396.771          43.000    20158692.409    82546490.042        -309.338          40.000  
E15  24734995.836   129983300.830        1557.187          41.000    24734994.928    99597595.715        1193.187          42.000  
E09  21669003.185   113871488.676       -2743.969          46.000    21669002.009    87252231.395       -2102.435          49.000  
G21  16125920.452    84742434.661        -846.069          45.000                                                                  
G17  19891472.317   104530385.954        2053.113          43.000    19891466.371    81452231.189        1599.927          40.000  
G02  16565038.225    87049933.115         -24.439          50.000                                                                  
G08  18754908.445    98557743.381       -4112.191          44.000    18754905.029    76798218.196       -3204.729          42.000  
G31  20163214.458   105958436.501         917.480          46.000    20163208.039    82564992.993         715.039          39.000  
E11  22988366.483   120804872.118       -2819.443          40.000    22988361.255    92564886.212       -2160.518          39.000  
G03  17979257.378    94481719.790          55.688          46.000    17979256.045    73622180.727          43.217          46.000  
G04  18514228.541    97292977.976        2294.445          45.000    18514224.728    75812719.641        1787.945          43.000  
G14                                                                  22255242.458                       -1774.638          19.000  
> 2024 06 08 08 27 30.4880000  0 31                     
G09  21905271.525   115113003.635        2812.321          35.000    21905270.352    89698436.956        2191.904          37.000  
E03  22635990.872   118952957.754        1898.830          43.000    22635990.929    91145812.481        1454.978          47.000  
G32  21151073.489   111149705.687       -4408.810          44.000    21151069.324    86610245.540       -3435.048          42.000  
E06  20866881.238   109656293.884       -2529.905          46.000                                                                  
R20  16385792.696    87622191.615       -2509.659          41.000    16385788.158    68150660.752       -1952.027          41.000  
R22  20367167.841   108721319.561        3225.458          44.000    20367163.185    84560927.993        2508.630          42.000  
R06  15984293.999    85295247.430        -796.536          38.000                                                                  
R07  18425642.366    98633929.781        2194.969          46.000    18425635.980    76715343.588        1707.249          45.000  
E30  25111888.932   131963860.272       -2580.158          34.000    25111894.703   101115156.176       -1976.979          43.000  
E02  25148834.002   132157990.049       -2728.858          37.000    25148833.966   101263901.052       -2090.845          42.000  
S31  35163184.650   184783853.624        -810.215          45.000  
S33  36153889.979   189990026.678        -809.420          40.000  
E05  18406472.555    96726729.023         -81.417          47.000    18406471.175    74115319.562         -62.312          49.000  
E36  20483155.869   107639953.435       -1339.347          46.000    20483156.049    82477434.273       -1026.202          49.000  
R05  18303826.175    97844523.547       -4387.709          48.000    18303821.223    76101299.733       -3412.671          47.000  
R21  16433267.220    87937766.595        1543.128          51.000    16433260.646    68395980.429        1200.146          48.000  
G27  21240331.349   111618780.761       -4603.137          39.000    21240329.381    86975569.248       -3586.930          38.000  
E34  20803141.619   109321323.664         766.337          46.000    20803141.236    83765711.380         587.181          49.000  
E18  24030230.159   126279733.384       -1608.207          43.000    24030229.243    96759777.667       -1232.170          48.000  
G28  20161005.507   105946829.231        -410.968          44.000    20161000.154    82555937.415        -320.526          41.000  
E15  24726092.944   129936518.679        1561.838          41.000    24726093.160    99561749.726        1196.657          42.000  
E09  21684687.590   113953910.727       -2750.840          46.000    21684686.336    87315385.968       -2107.857          49.000  
G21  16130798.300    84768067.369        -862.912          45.000                                                                  
G17  19879786.031   104468975.294        2040.835          42.000    19879780.199    81404378.760        1590.237          40.000  
G02  16565217.760    87050875.021         -38.261          50.000                                                                  
G08  18778402.231    98681205.492       -4118.541          44.000    18778399.331    76894422.409       -3209.436          42.000  
G31  20157996.465   105931014.866         910.638          47.000    20157990.345    82543625.493         709.644          40.000  
E11  23004474.020   120889517.398       -2823.716          40.000    23004468.962    92629744.271       -2163.548          39.000  
G03  17978951.726    94480110.634          51.674          46.000    17978949.627    73620926.831          40.382          46.000  
G04  18501156.888    97224284.697        2285.033          46.000    18501152.649    75759192.425        1780.604          43.000  
G14                                                                  22268281.021                       -1773.882          12.000  
> 2024 06 08 08 28 00.4880000  0 31                     
G09  21889211.897   115028616.120        2814.226          35.000    21889211.549    89632680.686        2192.616          38.000  
E03  22625158.287   118896031.669        1896.482          43.000    22625158.270    91102193.843        1453.238          47.000  
G32  21176242.552   111281970.412       -4408.967          45.000    21176238.269    86713308.996       -3435.549          42.000  
E06  20881343.807   109732295.345       -2536.403          46.000                                                                  
R20  16399923.442    87697756.195       -2527.473          41.000    16399918.871    68209433.163       -1965.940          40.000  
R22  20349028.662   108624491.269        3230.212          44.000    20349024.200    84485617.148        2512.262          41.000  
R06  15988817.494    85319392.081        -812.474          38.000                                                                  
R07  18413371.162    98568237.421        2184.885          47.000    18413364.428    76664249.609        1699.295          46.000  
E30  25126622.151   132041275.305       -2580.350          37.000    25126626.377   101174474.228       -1977.235          42.000  
E02  25164384.890   132239716.303       -2719.255          37.000    25164385.940   101326522.463       -2083.463          42.000  
S31  35167802.426   184808120.157        -807.136          45.000  
S33  36158501.039   190014259.951        -806.177          40.000  
E05  18406966.251    96729323.071         -91.150          47.000    18406964.915    74117307.230         -69.858          49.000  
E36  20490815.832   107680205.778       -1343.828          46.000    20490816.025    82508276.978       -1029.651          49.000  
R05  18328451.912    97976161.734       -4387.975          48.000    18328446.440    76203684.984       -3412.868          46.000  
R21  16424653.657    87891672.720        1530.208          51.000    16424646.875    68360129.647        1190.199          48.000  
G27  21266597.599   111756813.762       -4598.607          39.000    21266596.396    87083127.450       -3583.247          38.000  
E34  20798767.601   109298340.333         766.400          45.000    20798767.680    83748100.791         587.177          49.000  
E18  24039403.066   126327936.552       -1605.073          43.000    24039401.911    96796712.556       -1229.822          48.000  
G28  20163391.488   105959367.691        -423.956          44.000    20163385.737    82565707.664        -330.426          41.000  
E15  24717160.077   129889579.572        1567.920          40.000    24717161.437    99525783.447        1201.363          43.000  
E09  21700408.148   114036521.472       -2756.139          46.000    21700406.639    87378685.114       -2111.886          49.000  
G21  16135767.955    84794181.550        -877.686          45.000                                                                  
G17  19868164.650   104407907.797        2030.604          42.000    19868159.480    81356793.751        1582.263          41.000  
G02  16565470.907    87052207.170         -50.126          50.000                                                                  
G08  18801927.963    98804832.500       -4122.830          43.000    18801925.269    76990755.121       -3212.720          43.000  
G31  20152814.943   105903784.830         905.194          46.000    20152808.790    82522407.307         705.353          40.000  
E11  23020599.991   120974262.558       -2825.588          39.000    23020595.590    92694678.906       -2165.459          39.000  
G03  17978663.329    94478593.352          49.858          47.000    17978659.630    73619744.538          38.889          45.000  
G04  18488134.485    97155850.423        2277.477          45.000    18488129.844    75705867.045        1774.842          42.000  
G14                                                                  22281326.917                       -1780.629          18.000  
> 2024 06 08 08 28 30.4880000  0 31                     
G09  21873142.953   114944176.652        2816.057          34.000    21873142.815    89566883.937        2193.865          37.000  
E03  22614339.045   118839172.518        1894.349          43.000    22614338.302    91058626.482        1451.354          48.000  
G32  21201412.564   111414239.794       -4408.770          45.000    21201408.394    86816376.036       -3435.479          42.000  
E06  20895842.616   109808487.786       -2542.767          46.000                                                                  
R20  16414153.203    87773849.082       -2544.919          41.000    16414148.320    68268616.515       -1979.349          41.000  
R22  20330860.846   108527514.082        3235.193          44.000    20330857.063    84410190.455        2516.425          42.000  
R06  15993430.213    85343997.196        -827.414          39.000                                                                  
R07  18401155.662    98502845.407        2175.061          47.000    18401147.167    76613389.230        1691.516          45.000  
E30  25141353.780   132118685.358       -2579.921          38.000    25141356.963   101233788.388       -1976.855          43.000  
E02  25179881.142   132321148.658       -2709.523          37.000    25179881.994   101388918.660       -2075.987          41.000  
S31  35172400.043   184832281.411        -803.347          45.000  
S33  36163092.267   190038388.072        -802.216          40.000  
E05  18407512.544    96732195.244        -100.139          46.000    18407511.682    74119508.007         -76.753          49.000  
E36  20498500.428   107720587.621       -1348.042          46.000    20498500.417    82539218.917       -1032.984          49.000  
R05  18353077.465    98107798.645       -4387.582          47.000    18353071.591    76306069.273       -3412.691          45.000  
R21  16416110.905    87845959.150        1517.590          52.000    16416103.831    68324574.661        1180.282          48.000  
G27  21292835.386   111894695.739       -4593.641          38.000    21292834.248    87190567.935       -3579.252          38.000  
E34  20794393.027   109275352.015         766.543          45.000    20794393.194    83730486.374         587.379          49.000  
E18  24048556.737   126376039.340       -1601.572          44.000    24048555.568    96833570.530       -1227.159          48.000  
G28  20165849.756   105972282.444        -436.652          44.000    20165843.341    82575771.119        -340.167          41.000  
E15  24708190.150   129842444.621        1574.547          40.000    24708191.986    99489667.116        1206.433          43.000  
E09  21716156.429   114119279.810       -2760.872          46.000    21716154.958    87442097.355       -2115.519          49.000  
G21  16140822.095    84820738.231        -892.507          46.000                                                                  
G17  19856601.947   104347146.932        2020.562          43.000    19856596.742    81309447.644        1574.543          40.000  
G02  16565791.328    87053891.678         -61.830          50.000                                                                  
G08  18825477.583    98928581.835       -4126.695          44.000    18825474.632    77087183.122       -3215.606          43.000  
G31  20147662.315   105876709.168         899.957          46.000    20147656.333    82501309.422         701.599          40.000  
E11  23036737.569   121059068.047       -2827.924          39.000    23036733.575    92759659.745       -2166.899          40.000  
G03  17978384.768    94477127.763          48.215          47.000    17978380.421    73618602.526          37.593          45.000  
G04  18475154.642    97087637.895        2270.343          46.000    18475149.466    75652714.456        1769.029          43.000  
G14                                                                  22294396.493                       -1783.507          13.000  
> 2024 06 08 08 29 00.4880000  0 30                     
G09  21857062.067   114859672.713        2817.422          36.000    21857061.020    89501036.869        2195.444          36.000  
E03  22603529.251   118782367.039        1892.624          43.000    22603528.817    91015100.243        1450.082          48.000  
G32  21226580.025   111546496.687       -4408.347          45.000    21226575.880    86919433.344       -3434.876          43.000  
E06  20910374.737   109884855.009       -2548.443          46.000                                                                  
R20  16428479.035    87850455.974       -2562.070          41.000    16428474.822    68328199.651       -1992.508          41.000  
R22  20312663.006   108430375.862        3240.747          43.000    20312660.070    84334638.576        2520.245          43.000  
R06  15998125.357    85369046.240        -842.320          39.000                                                                  
R07  18388993.798    98437740.740        2165.312          47.000    18388984.045    76562752.305        1684.109          43.000  
E30  25156080.491   132196073.796       -2579.211          38.000    25156083.649   101293086.047       -1976.358          43.000  
E02  25195318.568   132402270.994       -2699.369          35.000    25195318.815   101451077.329       -2067.938          40.000  
S31  35176974.906   184856323.318        -799.412          45.000  
S33  36167660.851   190062395.557        -798.244          40.000  
E05  18408109.524    96735331.019        -109.015          47.000    18408108.734    74121910.753         -83.516          49.000  
E36  20506206.994   107761085.235       -1351.886          46.000    20506206.899    82570249.562       -1035.876          49.000  
R05  18377699.371    98239416.128       -4387.000          47.000    18377693.123    76408438.415       -3412.121          45.000  
R21  16407637.652    87800615.177        1505.266          52.000    16407630.563    68289307.138        1170.655          48.000  
G27  21319041.671   112032409.425       -4587.912          38.000    21319040.076    87297877.329       -3574.657          37.000  
E34  20790015.049   109252345.446         767.166          46.000    20790015.234    83712857.968         587.916          49.000  
E18  24057688.601   126424026.821       -1597.843          44.000    24057687.255    96870340.145       -1224.299          47.000  
G28  20168375.989   105985560.219        -448.517          44.000    20168370.165    82586117.474        -349.683          41.000  
E15  24699180.580   129795099.788        1581.680          39.000    24699182.560    99453389.967        1211.887          44.000  
E09  21731929.682   114202169.520       -2765.112          46.000    21731928.427    87505610.248       -2118.727          48.000  
G21  16145957.592    84847724.554        -906.866          46.000                                                                  
G17  19845096.218   104286681.074        2010.502          43.000    19845089.934    81262331.396        1566.816          40.000  
G02  16566175.835    87055915.874         -73.208          49.000                                                                  
G08  18849047.063    99052435.707       -4130.222          45.000    18849043.125    77183692.604       -3218.202          43.000  
G31  20142537.106   105849776.161         895.209          45.000    20142530.475    82480322.672         697.742          40.000  
E11  23052883.862   121143919.155       -2829.257          39.000    23052880.264    92824675.546       -2167.952          40.000  
G03  17978112.648    94475698.564          47.094          47.000    17978108.274    73617488.877          36.519          44.000  
G04  18462214.144    97019634.802        2263.158          45.000    18462209.110    75599725.063        1763.711          44.000  
> 2024 06 08 08 29 30.4880000  0 30                     
G09  21840966.921   114775092.844        2820.766          35.000    21840965.503    89435130.634        2197.787          37.000  
E03  22592726.925   118725603.185        1891.216          43.000    22592727.390    90971605.904        1449.329          49.000  
G32  21251742.565   111678725.066       -4406.799          44.000    21251738.174    87022468.470       -3433.816          41.000  
E06  20924937.101   109961382.109       -2553.357          46.000                                                                  
R20  16442898.188    87927561.839       -2578.555          41.000    16442893.945    68388170.891       -2005.419          42.000  
R22  20294433.950   108333065.869        3246.393          43.000    20294430.425    84258953.081        2524.890          44.000  
R06  16002899.660    85394523.732        -856.383          39.000                                                                  
R07  18376882.056    98372910.719        2156.571          46.000    18376873.315    76512329.038        1676.996          44.000  
E30  25170798.288   132273425.464       -2577.625          36.000    25170802.867   101352355.487       -1975.108          43.000  
E02  25210693.867   132483068.506       -2687.751          38.000    25210694.496   101512987.070       -2059.458          41.000  
S31  35181524.474   184880232.051        -794.730          45.000  
S33  36172204.068   190086271.197        -793.545          40.000  
E05  18408753.902    96738717.057        -116.929          46.000    18408753.244    74124505.258         -89.500          50.000  
E36  20513932.553   107801686.083       -1354.958          45.000    20513932.949    82601359.307       -1038.299          49.000  
R05  18402313.997    98370997.399       -4385.322          48.000    18402307.984    76510779.410       -3410.887          46.000  
R21  16399230.701    87755630.911        1493.480          51.000    16399224.064    68254319.379        1161.646          48.000  
G27  21345212.477   112169938.883       -4580.982          38.000    21345210.919    87405043.171       -3569.755          37.000  
E34  20785631.309   109229308.592         768.474          46.000    20785631.352    83695206.358         588.777          49.000  
E18  24066795.628   126471885.244       -1593.228          44.000    24066794.394    96907010.872       -1220.696          47.000  
G28  20170969.781   105999189.034        -460.193          44.000    20170963.168    82596737.330        -358.398          41.000  
E15  24690130.071   129747532.323        1589.299          40.000    24690130.324    99416942.221        1217.821          43.000  
E09  21747725.218   114285175.614       -2768.823          46.000    21747724.026    87569212.332       -2121.518          48.000  
G21  16151171.801    84875128.717        -920.389          46.000                                                                  
G17  19833644.083   104226499.468        2001.374          43.000    19833637.175    81215436.642        1559.794          40.000  
G02  16566621.994    87058268.189         -84.020          48.000                                                                  
G08  18872632.045    99176377.654       -4132.879          45.000    18872628.123    77280270.746       -3220.415          43.000  
G31  20137436.166   105822975.059         891.217          44.000    20137429.902    82459438.746         694.275          39.000  
E11  23069036.163   121228802.443       -2830.087          39.000    23069033.160    92889716.015       -2168.659          41.000  
G03  17977844.471    94474291.612          46.660          47.000    17977840.854    73616392.586          36.212          45.000  
G04  18449310.789    96951829.923        2256.962          45.000    18449306.337    75546890.156        1758.588          44.000  
