     3.00           OBSERVATION DATA    M: Mixed            RINEX VERSION / TYPE
CONVBIN demo5 b34j                      20240609 013620 UTC PGM / RUN BY / DATE 
log: SAUC00CHL_R_20241601345_15M_30S_MO.ubx                 COMMENT             
format: u-blox UBX                                          COMMENT             
format: u-blox UBX                                          COMMENT             
log: SAUC00CHL_R_20241601345_15M_30S_MO.ubx                 COMMENT             
SAUC00CHL                                                   MARKER NAME         
                                                            MARKER NUMBER       
GEODETIC                                                    MARKER TYPE         
El Sauce            Obstech                                 OBSERVER / AGENCY   
UNKNOWN             UBLOX-ZED-F9P                           REC # / TYPE / VERS 
UNKNWOWN            TWIVSP6037L                             ANT # / TYPE        
  1813185.0000 -5195981.0000 -3216438.0000                  APPROX POSITION XYZ 
        0.0000        0.0000        0.0000                  ANTENNA: DELTA H/E/N
G    8 C1C L1C D1C S1C C2X L2X D2X S2X                      SYS / # / OBS TYPES 
R    8 C1C L1C D1C S1C C2C L2C D2C S2C                      SYS / # / OBS TYPES 
E    8 C1X L1X D1X S1X C7X L7X D7X S7X                      SYS / # / OBS TYPES 
S    4 C1C L1C D1C S1C                                      SYS / # / OBS TYPES 
  2024    06    08    13    45   00.4980000     GPS         TIME OF FIRST OBS   
  2024    06    08    13    59   30.4980000     GPS         TIME OF LAST OBS    
                                                            END OF HEADER       
> 2024 06 08 13 45 00.4980000  0 33                     
E08  23740256.728   124755893.9481        -38.147          47.000    23740256.491    95592164.1491        -29.264          51.000  
G09  20780794.276   109203842.4441      -1805.521          46.000    20780791.760    85093898.4801      -1407.006          43.000  
E03  23866161.430   125417531.0181      -1543.494          47.000    23866163.972    96099181.1811      -1182.756          50.000  
E26  27464210.490   144325367.5551       1079.056          39.000    27464211.590   110587008.1661        826.779          38.000  
G30  19861347.369   104372068.4441        583.288          49.000    19861346.115    81328863.1801        454.386          45.000  
R24  22165522.653   118528888.3071      -2191.652          48.000    22165520.882    92189136.6831      -1704.476          44.000  
R12  23245539.790   124173469.4621       3723.944          40.000                                                                  
R11  19101473.236   102072552.9951       1680.003          49.000    19101468.246    79389783.5351       1306.574          47.000  
R07  21756448.308   116463936.3181      -2734.469          47.000    21756445.852    90583110.9761      -2126.693          46.000  
E25  24875287.629   130720550.5661       -769.727          45.000    24875289.584   100162528.4861       -589.793          46.000  
G06  21624545.152   113637691.4391      -3363.115          48.000    21624544.726    88548867.1861      -2620.695          42.000  
S31  37950310.823   199430238.7591       -748.440          46.000  
S33  38938329.018   204622213.4321       -747.875          40.000  
E02  24469905.704   128590287.6011       1478.129          44.000    24469908.881    98530254.3631       1132.613          48.000  
R09  22940620.258   122501626.7601      -4783.376          34.000    22940620.134    95278979.3231      -3720.583          39.000  
R10  19687636.133   104946186.7561      -2625.592          43.000                                                                  
R08  19498798.987   104415188.2211       -668.006          49.000    19498792.061    81212109.2471       -519.620          48.000  
R01  21138006.732   112994780.0571       1788.904          44.000    21138006.197    87884947.8341       1391.284          41.000  
R23  22769403.726   121800790.5321      -4244.422          45.000                                                                  
G07  19122780.717   100490854.3541      -1625.671          48.000    19122772.965    78304487.7501      -1266.615          42.000  
E34  27876105.328   146489727.3761      -3610.593          41.000    27876122.908   112245324.1991      -2766.398          41.000  
E13  24710710.164   129855576.9011      -1139.312          44.000    24710713.139    99499749.2001       -873.086          47.000  
E15  24905666.057   130880124.2801      -3314.545          44.000    24905671.141   100284755.9541      -2539.663          46.000  
G13  24523982.315   128874346.2071       1357.593          42.000                                                                  
G20  21785517.205   114483639.4651       2101.672          44.000                                                                  
E07  27103593.926   142430338.9351        872.951          38.000    27103602.001   109134930.9731        668.519          40.000  
G11  21858312.405   114866158.4581      -1152.582          46.000    21858311.517    89506150.0281       -898.016          45.000  
G14  22933221.598   120514948.2901       2705.784          39.000    22933224.403    93907756.0001       2108.686          40.000  
G05  24697180.344   129784536.0801       2686.217          41.000    24697179.155   101130831.7791       2093.014          36.000  
G22  25259116.684   132737563.2061       2464.127          36.000                                                                  
G03  24102623.121   126660022.2051      -4161.208          39.000    24102631.169    98696044.9401      -3242.443          36.000  
G04  23387509.466   122902158.9241      -2924.470          43.000    23387510.241    95767823.9451      -2278.796          41.000  
E30  27336894.122   143656332.7641       2127.532          39.000    27336904.795   110074396.2381       1630.181          41.000  
> 2024 06 08 13 45 30.4980000  0 33                     
E08  23740473.368   124757033.385         -37.850          47.000    23740473.352    95593037.230         -28.934          51.000  
G09  20791108.043   109258042.702       -1807.964          46.000    20791105.506    85136132.398       -1408.646          43.000  
E03  23874972.944   125463835.479       -1543.355          46.000    23874975.226    96134661.190       -1182.565          50.000  
E26  27458077.756   144293143.918        1069.537          38.000    27458080.148   110562317.341         819.402          38.000  
G30  19858058.955   104354786.550         568.921          49.000    19858056.947    81315396.797         443.249          45.000  
R24  22177866.236   118594898.423       -2209.489          45.000    22177865.180    92240477.678       -1718.299          45.000  
R12  23224624.296   124061740.903        3724.725          41.000                                                                  
R11  19092101.235   102022472.258        1658.705          49.000    19092096.354    79350831.975        1290.159          47.000  
R07  21771792.115   116546071.547       -2741.272          48.000    21771789.172    90646993.824       -2132.020          46.000  
E25  24879717.939   130743832.755        -782.351          44.000    24879719.870   100180368.081        -599.397          45.000  
G06  21643769.940   113738720.615       -3372.054          47.000    21643770.759    88627591.096       -2627.566          42.000  
S31  37954579.557   199452670.867        -747.150          45.000  
S33  38942596.337   204644637.185        -746.984          40.000  
E02  24461485.144   128546036.096        1472.082          45.000    24461488.164    98496347.434        1127.778          48.000  
R09  22967510.734   122645222.465       -4789.587          28.000    22967511.153    95390664.869       -3725.958          32.000  
R10  19702473.121   105025280.417       -2647.536          42.000                                                                  
R08  19502561.479   104435336.205        -675.158          49.000    19502554.947    81227779.880        -525.153          48.000  
R01  21127962.881   112941088.670        1790.597          44.000    21127962.365    87843187.948        1392.536          41.000  
R23  22793207.070   121928124.053       -4244.378          42.000                                                                  
G07  19132107.672   100539863.670       -1641.618          50.000    19132100.787    78342676.860       -1279.133          44.000  
E34  27896698.955   146597946.460       -3603.884          40.000    27896716.665   112328245.071       -2761.562          42.000  
E13  24717250.751   129889950.207       -1152.129          44.000    24717253.772    99526087.135        -882.875          47.000  
E15  24924600.802   130979623.009       -3318.794          44.000    24924604.813   100360995.083       -2542.939          46.000  
G13  24516228.233   128833600.031        1358.497          41.000                                                                  
G20  21773540.906   114420703.358        2093.980          44.000                                                                  
E07  27098608.216   142404133.384         874.071          38.000    27098614.904   109114851.425         669.935          39.000  
G11  21864939.766   114900983.889       -1169.162          46.000    21864938.807    89533286.677        -910.946          44.000  
G14  22917770.406   120433751.419        2707.115          40.000    22917772.190    93844485.996        2109.670          39.000  
G05  24681841.809   129703929.592        2688.068          40.000    24681840.222   101068021.491        2094.600          36.000  
G22  25245023.837   132663507.018        2473.586          34.000                                                                  
G03  24126389.478   126784916.652       -4165.386          39.000    24126398.179    98793364.904       -3245.477          35.000  
G04  23404204.468   122989890.456       -2924.039          42.000    23404205.252    95836186.023       -2278.613          41.000  
E30  27324734.290   143592437.019        2132.229          38.000    27324745.910   110025437.340        1633.981          42.000  
> 2024 06 08 13 46 00.4980000  0 33                     
E08  23740686.413   124758157.681         -37.095          46.000    23740687.167    95593898.731         -28.614          51.000  
G09  20801436.378   109312320.508       -1810.785          46.000    20801433.682    85178426.770       -1411.001          43.000  
E03  23883782.819   125510130.798       -1543.173          47.000    23883784.910    96170134.207       -1182.339          49.000  
E26  27451998.705   144261198.354        1059.939          37.000    27452000.985   110537839.571         812.401          38.000  
G30  19854852.287   104337934.748         554.313          49.000    19854849.687    81302265.536         431.950          44.000  
R24  22190309.547   118661436.411       -2226.728          46.000    22190308.703    92292229.279       -1732.064          45.000  
R12  23203703.401   123949985.790        3725.629          41.000                                                                  
R11  19082848.565   101973028.064        1637.402          50.000    19082843.576    79312375.486        1273.506          47.000  
R07  21787171.621   116628402.757       -2747.737          47.000    21787170.108    90711029.077       -2137.089          46.000  
E25  24884219.251   130767487.291        -794.764          44.000    24884221.295   100198493.004        -609.061          46.000  
G06  21663044.477   113840008.221       -3380.723          47.000    21663044.841    88706516.366       -2634.519          42.000  
S31  37958840.690   199475062.902        -746.082          45.000  
S33  38946855.865   204667020.247        -745.570          40.000  
E02  24453098.963   128501966.305        1465.738          45.000    24453101.975    98462579.725        1123.208          48.000  
R09  22994438.326   122789006.455       -4795.955          27.000    22994437.794    95502496.799       -3730.261          29.000  
R10  19717434.020   105105031.341       -2669.425          43.000                                                                  
R08  19506364.220   104455698.451        -682.424          49.000    19506357.109    81243617.177        -530.707          48.000  
R01  21117908.918   112887342.422        1792.313          45.000    21117909.437    87801385.392        1393.582          42.000  
R23  22817011.440   122055453.606       -4244.545          43.000                                                                  
G07  19141525.283   100589352.204       -1657.820          50.000    19141519.394    78381239.339       -1291.843          46.000  
E34  27917254.601   146705967.549       -3597.479          42.000    27917272.566   112411014.241       -2756.505          43.000  
E13  24723864.759   129924705.298       -1164.948          44.000    24723866.973    99552717.610        -892.562          46.000  
E15  24943557.397   131079246.068       -3322.930          43.000    24943562.668   100437329.494       -2546.198          46.000  
G13  24508469.852   128792826.555        1359.530          43.000                                                                  
G20  21761608.788   114357999.813        2086.002          44.000                                                                  
E07  27093612.042   142377877.741         875.916          39.000    27093618.202   109094733.532         671.317          39.000  
G11  21871661.793   114936304.135       -1185.774          47.000    21871659.966    89560808.883        -923.998          44.000  
G14  22902313.123   120352519.267        2708.165          39.000    22902313.408    93781188.483        2110.149          39.000  
G05  24666491.867   129623267.751        2689.470          40.000    24666490.141   101005168.069        2095.591          35.000  
G22  25230880.363   132589183.306        2481.721          34.000                                                                  
G03  24150176.777   126909917.292       -4168.603          39.000    24150185.422    98890767.657       -3248.519          35.000  
G04  23420896.608   123077608.259       -2924.152          42.000    23420897.706    95904537.354       -2278.425          41.000  
E30  27312547.078   143528394.893        2137.319          38.000    27312559.142   109976366.329        1637.354          43.000  
> 2024 06 08 13 46 30.4980000  0 33                     
E08  23740902.672   124759296.811         -38.410          46.000    23740903.490    95594771.584         -29.635          51.000  
G09  20811785.930   109366706.227       -1815.121          47.000    20811783.406    85220805.234       -1414.392          43.000  
E03  23892596.846   125556447.345       -1544.469          47.000    23892598.634    96205623.512       -1183.642          49.000  
E26  27445978.138   144229562.193        1048.805          37.000    27445981.065   110513598.922         803.617          39.000  
G30  19851732.227   104321543.205         538.275          49.000    19851730.203    81289492.932         419.500          43.000  
R24  22202857.027   118728529.410       -2246.071          49.000    22202856.529    92344412.552       -1746.943          46.000  
R12  23182785.146   123838275.0471       3724.433          44.000                                                                  
R11  19073721.065   101924254.090        1614.121          51.000    19073717.354    79274440.242        1255.347          48.000  
R07  21802594.801   116710961.134       -2756.074          46.000    21802592.716    90775241.039       -2143.746          46.000  
E25  24888797.392   130791544.533        -809.023          45.000    24888799.285   100216926.506        -619.813          46.000  
G06  21682373.142   113941581.085       -3390.786          47.000    21682373.310    88785663.932       -2642.217          42.000  
S31  37963099.573   199497443.967        -746.468          46.000  
S33  38951113.242   204689480.9613       -746.124          41.000  
E02  24444753.400   128458110.215        1457.844          45.000    24444756.282    98428975.794        1117.140          48.000  
R09  23021401.249                       -4803.007          23.000    23021404.276    95614496.071       -3737.310          30.000  
R10  19732524.357   105185467.461       -2693.201          44.000                                                                  
R08  19510212.711   104476307.074        -691.491          49.000    19510205.722    81259646.089        -537.781          48.000  
R01  21107850.204   112833573.097        1792.240          46.000    21107850.500    87759564.885        1394.068          40.000  
R23  22840819.661   122182805.189       -4245.782          45.000                                                                  
G07  19151038.431   100639348.181       -1675.322          49.000    19151034.161    78420197.217       -1305.563          46.000  
E34  27937777.966   146813818.992       -3592.409          37.000    27937796.317   112493653.487       -2752.675          38.000  
E13  24730557.264   129959871.576       -1179.523          45.000    24730558.703    99579663.142        -903.673          45.000  
E15  24962545.019   131179021.399       -3328.777          44.000    24962549.457   100513780.542       -2550.644          46.000  
G13  24500711.253   128752055.756        1358.465          43.000                                                                  
G20  21749727.738   114295561.396        2076.401          45.000                                                                  
E07  27088612.416   142351601.718         875.823          40.000    27088617.934   109074600.033         671.029          39.000  
G11  21878482.922   114972148.046       -1203.998          48.000    21878480.600    89588739.154        -938.220          43.000  
G14  22886854.068   120271284.683        2707.515          39.000    22886855.269    93717889.100        2109.557          39.000  
G05  24651137.736   129542582.587        2689.396          41.000    24651136.004   100942296.511        2095.657          35.000  
G22  25216692.521   132514613.5181       2488.942          34.000                                                                  
G03  24173989.835   127035052.567       -4173.777          40.000    24173998.647    98988275.285       -3252.658          35.000  
G04  23437592.532   123165342.646       -2925.430          43.000    23437593.263    95972901.650       -2279.343          40.000  
E30  27300338.334   143464238.225        2140.054          39.000    27300350.327   109927207.514        1639.685          43.000  
> 2024 06 08 13 47 00.4980000  0 33                     
E08  23741129.813   124760488.514         -40.758          46.000    23741129.932    95595684.733         -31.291          50.000  
G09  20822163.259   109421237.959       -1820.382          47.000    20822160.780    85263297.481       -1418.530          44.000  
E03  23901421.372   125602823.288       -1547.052          46.000    23901423.459    96241158.316       -1185.535          49.000  
E26  27440024.367   144198274.702        1036.521          37.000    27440027.074   110489625.450         794.185          39.000  
G30  19848706.545   104305649.916         521.073          48.000    19848705.586    81277108.612         406.230          44.000  
R24  22215514.567   118796212.794       -2266.061          48.000    22215513.907    92397055.009       -1762.529          46.000  
R12  23161874.929   123726576.843        3721.973          43.000                                                                  
R11  19064726.615   101876191.996        1589.872          51.000    19064723.261    79237058.676        1236.609          48.000  
R07  21818066.940   116793786.415       -2765.579          46.000    21818065.492    90839660.568       -2150.918          46.000  
E25  24893459.245   130816042.547        -824.196          45.000    24893461.322   100235697.773        -631.437          46.000  
G06  21701761.977   114043473.876       -3401.897          45.000    21701763.782    88865060.770       -2650.890          43.000  
S31  37967363.659   199519852.625        -747.584          46.000  
S33  38955375.701   204711880.764        -747.198          41.000  
E02  24436456.103   128414507.678        1449.062          45.000    24436458.705    98395566.164        1110.200          48.000  
R09  23048404.518                       -4805.978          18.000    23048417.583    95726689.130       -3743.148          25.000  
R10  19747749.404   105266624.040       -2717.513          44.000                                                                  
R08  19514114.243   104497202.638        -701.496          48.000    19514107.534    81275898.187        -545.569          47.000  
R01  21097794.362   112779820.623        1791.206          45.000    21097793.582    87717757.481        1393.180          39.000  
R23  22864638.537   122310213.225       -4247.926          45.000                                                                  
G07  19160653.047   100689887.458       -1693.762          45.000    19160651.257    78459578.411       -1319.810          47.000  
E34  27958276.909   146921537.779       -3588.885          27.000    27958294.750   112576191.030       -2749.603          30.000  
E13  24737335.194   129995486.226       -1194.721          45.000    24737336.012    99606952.248        -915.665          45.000  
E15  24981567.292   131278984.689       -3335.567          43.000    24981571.990   100590375.627       -2555.882          46.000  
G13  24492959.646   128711324.910        1356.770          41.000                                                                  
G20  21737904.056   114233428.741        2065.763          46.000                                                                  
E07  27083615.905   142325342.730         874.784          40.000    27083621.128   109054479.579         670.012          39.000  
G11  21885410.277   115008552.287       -1223.157          47.000    21885407.341    89617106.020        -953.123          42.000  
G14  22871402.971   120190088.454        2705.417          41.000    22871404.063    93654619.589        2108.399          40.000  
G05  24635786.384   129461913.304        2688.013          40.000    24635785.203   100879437.461        2094.776          35.000  
G22  25202466.926   132439857.792        2494.719          33.000                                                                  
G03  24197835.126   127160358.519       -4180.010          40.000    24197844.353    99085915.901       -3257.339          37.000  
G04  23454297.908   123253131.833       -2927.345          42.000    23454298.921    96041308.649       -2280.981          40.000  
E30  27288115.527   143400006.517        2142.160          39.000    27288126.946   109877991.221        1641.236          43.000  
> 2024 06 08 13 47 30.4980000  0 33                     
E08  23741370.456   124761752.154         -43.853          46.000    23741370.661    95596652.999         -33.522          51.000  
G09  20832571.926   109475935.581       -1826.355          48.000    20832569.302    85305918.983       -1423.192          44.000  
E03  23910261.680   125649278.405       -1550.392          46.000    23910263.481    96276753.801       -1187.999          49.000  
E26  27434139.513   144167356.645        1024.245          36.000    27434143.507   110465935.009         784.698          39.000  
G30  19845780.809   104290274.486         503.447          48.000    19845780.004    81265127.778         392.438          44.000  
R24  22228286.071   118864503.185       -2286.913          49.000    22228284.879    92450169.605       -1778.757          46.000  
R12  23140978.338   123614951.334        3719.214          41.000                                                                  
R11  19055869.819   101828864.281        1564.927          50.000    19055866.366    79200248.271        1217.117          48.000  
R07  21833593.574   116876898.537       -2775.604          47.000    21833592.240    90904303.222       -2158.918          46.000  
E25  24898208.618   130841000.943        -840.005          45.000    24898211.078   100254821.783        -643.789          47.000  
G06  21721215.988   114145702.727       -3413.679          45.000    21721217.867    88944719.462       -2659.781          43.000  
S31  37971636.797   199542307.854        -749.733          46.000  
S33  38959647.191   204734327.670        -749.597          41.000  
E02  24428211.472   128371180.084        1439.327          45.000    24428213.469    98362367.181        1102.880          48.000  
R10  19763112.303   105348517.860       -2742.407          45.000                                                                  
R08  19518074.115   104518406.648        -712.392          48.000    19518067.723    81292390.199        -554.209          47.000  
R01  21087745.573   112726106.107        1789.340          44.000    21087744.149    87675979.603        1391.897          39.000  
R23  22888469.650   122437693.199       -4250.850          44.000                                                                  
G07  19170376.744   100740987.570       -1713.046          45.000    19170374.847    78499396.568       -1334.960          45.000  
E13  24744200.403   130031568.073       -1210.873          45.000    24744202.417    99634599.320        -927.788          46.000  
E15  25000628.638   131379153.321       -3342.889          42.000    25000633.172   100667128.021       -2561.375          45.000  
G13  24485219.453   128670652.925        1354.256          41.000                                                                  
G20  21726143.244   114171623.972        2054.182          46.000                                                                  
E07  27078623.598   142299119.795         873.258          38.000    27078630.993   109034386.732         669.074          40.000  
G11  21892448.093   115045535.104       -1242.936          47.000    21892444.594    89645923.715        -968.406          42.000  
G14  22855964.388   120108953.000        2703.015          42.000    22855964.406    93591397.416        2106.312          40.000  
G05  24620442.044   129381282.325        2686.759          38.000    24620441.925   100816608.368        2093.328          36.000  
G22  25188206.881   132364927.407        2501.110          32.000                                                                  
G03  24221715.439   127285852.884       -4186.440          40.000    24221725.637    99183703.316       -3261.996          37.000  
G04  23471018.343   123340995.639       -2930.413          43.000    23471019.393    96109773.798       -2283.681          40.000  
E30  27275881.328   143335720.911        2142.980          38.000    27275893.839   109828733.583        1642.353          43.000  
E34                                                                  27978770.464                       -2748.657          21.000  
R09                                                                  23075478.977                1      -3752.862          17.000  
> 2024 06 08 13 48 00.4980000  0 32                     
E08  23741628.313   124763110.527         -46.813          45.000    23741629.422    95597693.857         -35.872          51.000  
G09  20843016.545   109530822.323       -1832.491          48.000    20843014.002    85348687.846       -1427.501          44.000  
E03  23919120.926   125695835.912       -1553.592          45.000    23919123.274    96312427.745       -1190.344          49.000  
E26  27428331.327   144136832.333        1011.376          38.000    27428335.409   110442546.320         774.672          39.000  
G30  19842958.328   104275439.907         485.640          48.000    19842957.264    81253568.358         378.499          45.000  
R24  22241173.711   118933420.562       -2307.571          48.000    22241173.249    92503771.826       -1794.778          45.000  
R12  23120100.302   123503425.382        3716.034          42.000                                                                  
R11  19047155.715   101782297.141        1539.653          51.000    19047151.510    79164029.439        1197.538          47.000  
R07  21849178.022   116960321.835       -2785.801          47.000    21849176.082    90969187.882       -2166.879          46.000  
E25  24903049.904   130866442.835        -856.047          45.000    24903052.294   100274316.229        -655.888          47.000  
G06  21740736.853   114248287.285       -3425.235          45.000    21740738.707    89024655.351       -2669.043          42.000  
S31  37975923.207   199564832.643        -751.891          46.000  
S33  38963932.305   204756844.631        -751.547          40.000  
E02  24420023.202   128328152.305        1429.285          45.000    24420025.312    98329397.937        1095.248          48.000  
R10  19778618.569   105431169.681       -2767.402          45.000                                                                  
R08  19522096.405   104539944.234        -723.397          47.000    19522089.972    81309141.658        -562.727          47.000  
R01  21077708.838   112672454.119        1787.503          45.000    21077707.826    87634250.347        1390.184          39.000  
R23  22912318.614   122565264.037       -4253.746          47.000                                                                  
G07  19180214.250   100792669.317       -1732.326          48.000    19180207.830    78539667.989       -1349.718          44.000  
E13  24751159.138   130068139.345       -1227.188          44.000    24751162.207    99662621.428        -940.341          46.000  
E15  25019733.695   131479547.997       -3350.072          42.000    25019737.961   100744053.645       -2567.063          45.000  
G13  24477494.990   128630062.176        1351.685          41.000                                                                  
G20  21714449.520   114110172.428        2042.489          46.000                                                                  
E07  27073644.046   142272955.427         871.133          38.000    27073652.191   109014338.803         667.414          40.000  
G11  21899599.944   115083118.142       -1262.738          47.000    21899596.836    89675209.159        -984.052          42.000  
G14  22840540.767   120027904.056        2700.091          40.000    22840541.575    93528242.641        2103.867          41.000  
G05  24605109.879   129300713.600        2684.789          38.000    24605109.928   100753827.768        2092.130          36.000  
G22  25173918.059   132289847.736        2504.948          33.000                                                                  
G03  24245636.504   127411556.821       -4193.486          40.000    24245646.817    99281654.044       -3267.516          37.000  
G04  23487757.379   123428957.295       -2933.611          42.000    23487757.484    96178315.177       -2285.932          39.000  
E30  27263642.409   143271405.994        2144.507          39.000    27263655.139   109779453.521        1643.046          43.000  
E34                                                                  27999224.784                       -2730.205          14.000  
> 2024 06 08 13 48 30.4980000  0 33                     
E08  23741906.601   124764574.267         -50.910          45.000    23741907.914    95598815.440         -38.873          51.000  
G09  20853499.540   109585909.188       -1839.778          48.000    20853495.843    85391612.714       -1433.645          44.000  
E03  23928002.532   125742506.774       -1557.788          45.000    23928004.359    96348188.537       -1193.668          49.000  
E26  27422600.791   144106713.799         996.861          38.000    27422603.459   110419468.488         764.004          39.000  
G30  19840240.591   104261156.874         466.661          49.000    19840239.948    81242438.734         363.498          46.000  
R24  22254179.293   119002972.661       -2329.283          47.000    22254179.467    92557867.761       -1811.740          45.000  
R12  23099243.045   123392013.489        3711.572          41.000                                                                  
R11  19038586.328   101736504.404        1513.174          51.000    19038580.540    79128412.891        1176.874          46.000  
R07  21864822.746   117044067.472       -2797.138          48.000    21864820.587    91034323.284       -2175.499          46.000  
E25  24907985.098   130892379.066        -873.079          45.000    24907987.927   100294189.441        -668.890          47.000  
G06  21760326.729   114351235.014       -3438.061          44.000    21760328.817    89104874.216       -2678.810          42.000  
S31  37980224.980   199587437.742        -754.983          45.000  
S33  38968232.635   204779441.605        -754.592          40.000  
E02  24411894.578   128285436.941        1418.332          45.000    24411896.970    98296668.086        1086.830          48.000  
R09  23129740.403                       -4855.964          19.000                                                                  
R10  19794267.356   105514587.031       -2793.593          45.000                                                                  
R08  19526181.891   104561828.010        -735.656          47.000    19526176.311    81326162.383        -572.067          46.000  
R01  21067687.852   112618877.286        1784.301          46.000    21067684.789    87592579.537        1387.539          39.000  
R23  22936185.571   122692932.371       -4257.484          46.000                                                                  
G07  19190162.444   100844941.676       -1752.501          50.000    19190153.648    78580399.703       -1365.580          43.000  
E13  24758213.288   130105210.004       -1244.351          44.000    24758217.103    99691026.180        -953.428          47.000  
E15  25038881.055   131580177.277       -3358.541          40.000    25038887.239   100821159.016       -2573.460          45.000  
G13  24469787.561   128589563.244        1348.064          40.000                                                                  
G20  21702825.356   114049087.228        2029.672          46.000                                                                  
E07  27068678.400   142246859.847         868.475          38.000    27068686.431   108994343.558         665.520          40.000  
G11  21906867.390   115121310.805       -1283.502          46.000    21906864.883    89704969.615        -999.937          43.000  
G14  22825136.219   119946955.170        2696.274          41.000    22825137.429    93465165.858        2100.772          42.000  
G05  24589791.288   129220219.382        2681.454          37.000    24589792.731   100691105.222        2089.446          37.000  
G22  25159606.407   132214630.896        2509.107          34.000                                                                  
G03  24269599.395   127537479.266       -4201.551          39.000    24269610.128    99379775.015       -3273.899          37.000  
G04  23504516.667   123517027.757       -2937.671          42.000    23504516.685    96246941.360       -2289.141          39.000  
E30  27251400.491   143207074.196        2144.348          39.000    27251412.976   109730160.492        1643.010          43.000  
E34                                                                  28019671.916                       -2745.363          19.000  
> 2024 06 08 13 49 00.4980000  0 32                     
E08  23742210.126   124766167.056         -55.568          45.000    23742211.050    95600035.911         -42.494          51.000  
G09  20864024.767   109641220.316       -1847.684          48.000    20864021.510    85434712.332       -1439.940          44.000  
E03  23936909.705   125789315.115       -1562.899          45.000    23936911.557    96384054.698       -1197.394          49.000  
E26  27416953.138   144077026.194         982.262          38.000    27416954.239   110396720.854         752.493          39.000  
G30  19837633.161   104247449.279         446.969          50.000    19837631.535    81231757.484         348.282          46.000  
R24  22267307.661   119073180.221       -2351.500          47.000    22267308.395    92612473.505       -1829.008          44.000  
R12  23078413.185   123280743.463        3706.168          42.000    23078421.349    95885171.2251       2882.454          40.000  
R11  19030167.044   101691513.409        1485.979          51.000    19030161.387    79093419.925        1155.866          46.000  
R07  21880532.060   117128160.668       -2809.295          46.000    21880529.832    91099728.991       -2184.854          45.000  
E25  24913018.931   130918833.644        -890.763          44.000    24913022.069   100314459.845        -682.460          48.000  
G06  21779991.099   114454566.384       -3451.128          45.000    21779992.829    89185392.043       -2689.214          42.000  
S31  37984546.551   199610147.436        -759.043          45.000  
S33  38972552.616   204802142.977        -758.837          40.000  
E02  24403829.676   128243059.763        1406.590          44.000    24403832.740    98264197.375        1077.727          48.000  
R10  19810063.460   105598791.321       -2820.242          45.000                                                                  
R08  19530338.360   104584084.226        -748.450          47.000    19530332.166    81343472.794        -581.916          46.000  
R01  21057684.430   112565401.070        1780.418          46.000    21057680.887    87550986.936        1385.096          39.000  
R23  22960074.370   122820717.901       -4261.795          47.000                                                                  
G07  19200225.927   100897826.524       -1773.380          49.000    19200218.297    78621608.684       -1381.913          43.000  
E13  24765366.538   130142803.133       -1262.274          43.000    24765371.222    99719831.270        -967.022          48.000  
E15  25058079.858   131681062.853       -3367.388          40.000    25058085.333   100898460.742       -2580.198          45.000  
G13  24462102.983   128549179.269        1343.791          40.000                                                                  
G20  21691275.629   113988394.974        2016.233          46.000                                                                  
E07  27063729.005   142220856.469         865.051          38.000    27063738.000   108974418.994         662.769          41.000  
G11  21914255.158   115160135.643       -1304.967          46.000    21914253.604    89735222.696       -1016.739          43.000  
G14  22809756.429   119866133.141        2691.655          41.000    22809757.255    93402187.865        2097.312          42.000  
G05  24574493.020   129139826.312        2677.869          38.000    24574493.878   100628461.449        2086.465          36.000  
G22  25145274.971   132139302.760        2512.715          35.000                                                                  
G03  24293607.820   127663642.204       -4209.568          39.000    24293618.611    99478083.398       -3280.704          37.000  
G04  23521300.960   123605231.227       -2942.689          41.000    23521301.419    96315671.144       -2293.036          38.000  
E30  27239159.531   143142750.959        2143.812          37.000    27239172.414   109680874.015        1642.633          43.000  
E34                                                                  28040101.704                       -2742.281          14.000  
> 2024 06 08 13 49 30.4980000  0 31                     
E08  23742538.989   124767894.242         -59.872          46.000    23742539.381    95601359.372         -45.962          50.000  
G09  20874593.639   109696761.444       -1855.466          48.000    20874591.191    85477991.142       -1445.907          45.000  
E03  23945843.918   125836266.670       -1567.561          44.000    23945846.143    96420030.594       -1201.203          49.000  
E26  27411387.165   144047776.259         967.633          38.000    27411388.609   110374308.572         741.340          40.000  
G30  19835135.278   104234322.569         427.715          50.000    19835133.067    81221528.873         333.349          45.000  
R24  22280560.165   119144045.680       -2373.128          47.000    22280560.135    92667590.916       -1845.858          44.000  
R12  23057610.174   123169624.524        3701.208          41.000    23057617.995    95798745.583        2878.919          39.000  
R11  19021899.315   101647332.410        1458.995          51.000    19021893.263    79059056.945        1134.956          46.000  
R07  21896306.943   117212607.596       -2820.991          44.000    21896305.086    91165409.838       -2194.167          46.000  
E25  24918152.999   130945812.119        -908.190          44.000    24918156.041   100335131.647        -695.842          48.000  
G06  21799727.924   114558283.597       -3463.789          45.000    21799728.766    89266210.526       -2699.313          40.000  
S31  37988888.940   199632966.437        -762.584          45.000  
S33  38976893.421   204824953.837        -762.538          40.000  
E02  24395830.780   128201028.101        1395.273          44.000    24395834.210    98231991.406        1068.961          48.000  
R10  19826008.295   105683784.698       -2846.315          45.000                                                                  
R08  19534565.702   104606720.011        -761.157          48.000    19534559.953    81361078.416        -592.097          47.000  
R01  21047699.071   112512032.572        1776.772          45.000    21047697.319    87509478.186        1381.966          39.000  
R23  22983984.921   122948622.126       -4265.529          47.000                                                                  
G07  19210405.725   100951327.117       -1793.880          47.000    19210400.500    78663297.411       -1397.859          45.000  
E13  24772619.902   130180923.378       -1279.523          43.000    24772625.507    99749040.254        -980.433          48.000  
E15  25077326.822   131782207.949       -3376.062          40.000    25077332.521   100975961.348       -2586.773          45.000  
G13  24454440.563   128508914.886        1339.773          40.000                                                                  
G20  21679802.509   113928103.487        2002.774          46.000                                                                  
E07  27058799.083   142194950.298         861.666          38.000    27058808.053   108954568.897         660.070          41.000  
G11  21921764.831   115199596.788       -1326.059          46.000    21921763.313    89765971.580       -1033.610          44.000  
G14  22794402.308   119785446.248        2687.237          41.000    22794402.489    93339315.176        2093.977          41.000  
G05  24559215.170   129059542.039        2673.941          38.000    24559215.985   100565902.383        2084.154          35.000  
G22  25130920.262   132063870.966        2516.022          34.000                                                                  
G03  24317662.467   127790049.432       -4217.671          39.000    24317673.389    99576582.116       -3286.258          36.000  
G04  23538112.112   123693573.496       -2947.385          41.000    23538112.370    96384509.081       -2296.363          38.000  
E30  27226921.174   143078443.418        2143.345          37.000    27226934.653   109631599.585        1642.077          42.000  
> 2024 06 08 13 50 00.4980000  0 31                     
E08  23742896.271   124769770.142         -65.165          46.000    23742896.045    95602796.780         -49.916          50.000  
G09  20885208.923   109752547.270       -1863.787          48.000    20885206.723    85521460.597       -1452.345          45.000  
E03  23954808.472   125883376.126       -1573.231          44.000    23954810.676    96456127.442       -1205.396          49.000  
E26  27405905.679   144018979.577         951.896          38.000    27405909.265   110352243.590         729.501          40.000  
G30  19832750.685   104221791.139         407.592          50.000    19832748.334    81211764.126         317.817          45.000  
R24  22293938.217   119215580.150       -2395.805          47.000    22293937.187    92723228.702       -1863.403          44.000  
R12  23036839.479   123058674.514        3695.134          42.000    23036848.676    95712451.371        2874.195          41.000  
R11  19013786.236   101603979.098        1431.150          51.000    19013781.155    79025337.713        1113.202          47.000  
R07  21912151.304   117297423.284       -2833.424          45.000    21912149.816    91231377.477       -2204.021          45.000  
E25  24923388.981   130973328.956        -926.289          44.000    24923392.303   100356215.963        -709.801          48.000  
G06  21819541.362   114662397.741       -3477.221          46.000    21819540.389    89347338.315       -2709.640          39.000  
S31  37993254.895   199655909.794        -767.052          46.000  
S33  38981258.289   204847889.833        -766.705          40.000  
E02  24387901.161   128159358.274        1382.880          44.000    24387904.656    98200062.673        1059.557          48.000  
R10  19842103.317   105769578.981       -2873.366          46.000                                                                  
R08  19538867.407   104629751.802        -774.487          49.000    19538860.371    81378992.043        -602.492          47.000  
R01  21037737.831   112458787.871        1772.543          45.000    21037736.705    87468065.693        1378.851          38.000  
R23  23007919.528   123076655.231       -4270.033          46.000                                                                  
G07  19220703.244   101005455.734       -1814.851          43.000    19220701.613    78705475.500       -1414.173          46.000  
E13  24779977.601   130219584.439       -1298.070          44.000    24779982.572    99778663.604        -994.409          48.000  
E15  25096626.722   131883624.825       -3385.255          40.000    25096631.575   101053670.201       -2593.936          45.000  
G13  24446803.433   128468784.146        1335.247          40.000                                                                  
G20  21668408.962   113868229.801        1988.637          46.000                                                                  
E07  27053892.129   142169155.252         857.954          39.000    27053899.648   108934803.907         657.219          41.000  
G11  21929397.716   115239707.248       -1348.118          46.000    21929396.092    89797226.394       -1050.371          43.000  
G14  22779076.157   119704911.839        2681.582          41.000    22779077.377    93276561.294        2089.714          41.000  
G05  24543961.854   128979382.042        2669.731          38.000    24543961.361   100503440.121        2080.278          35.000  
G22  25116549.333   131988351.404        2518.230          33.000                                                                  
G03  24341766.269   127916713.433       -4226.801          40.000    24341776.860    99675280.933       -3293.209          36.000  
G04  23554952.589   123782069.190       -2952.871          41.000    23554953.339    96453466.588       -2300.596          39.000  
E30  27214689.918   143014167.700        2142.109          38.000    27214702.840   109582349.517        1641.120          41.000  
> 2024 06 08 13 50 30.4980000  0 31                     
E08  23743285.296   124771814.419         -71.240          46.000    23743284.958    95604363.199         -54.502          50.000  
G09  20895874.995   109808597.952       -1872.952          48.000    20895873.059    85565136.420       -1459.410          45.000  
E03  23963807.026   125930663.562       -1579.215          45.000    23963809.232    96492360.672       -1210.164          49.000  
E26  27400515.691   143990657.251         935.986          38.000    27400519.991   110330542.073         716.888          40.000  
G30  19830483.010   104209874.743         386.780          50.000    19830480.370    81202478.651         301.509          44.000  
R24  22307443.586   119287800.621       -2418.884          46.000    22307442.531    92779400.037       -1881.345          43.000  
R12  23016104.884   122947917.383        3688.391          41.000    23016114.919    95626307.242        2868.652          41.000  
R11  19005832.347   101561476.043        1402.332          51.000    19005827.901    78992279.822        1090.757          48.000  
R07  21928067.842   117382628.241       -2846.896          43.000    21928066.292    91297647.867       -2214.370          45.000  
E25  24928731.818   131001404.094        -945.294          44.000    24928734.901   100377728.059        -724.373          48.000  
G06  21839432.833   114766925.260       -3491.219          46.000    21839432.854    89428788.189       -2720.188          41.000  
S31  37997648.199   199678996.707        -772.265          46.000  
S33  38985650.492   204870969.584        -772.043          40.000  
E02  24380045.588   128118071.944        1369.642          44.000    24380048.223    98168427.762        1049.455          48.000  
R10  19858351.371   105856191.291       -2901.069          45.000                                                                  
R08  19543247.228   104653201.506        -788.774          50.000    19543239.634    81397230.716        -613.586          47.000  
R01  21027804.554   112405688.091        1767.378          46.000    21027803.305    87426765.986        1374.500          38.000  
R23  23031880.580   123204833.063       -4275.060          45.000                                                                  
G07  19231126.927   101060230.411       -1836.689          44.000    19231125.074    78748156.967       -1431.218          46.000  
E13  24787441.215   130258805.308       -1316.834          44.000    24787445.995    99808715.909       -1009.061          48.000  
E15  25115980.680   131985331.083       -3395.095          41.000    25115985.917   101131600.778       -2601.413          45.000  
G13  24439195.892   128428806.615        1329.756          40.000                                                                  
G20  21657098.982   113808796.427        1973.400          46.000                                                                  
E07  27049008.683   142143490.694         853.180          39.000    27049016.234   108915138.917         653.934          42.000  
G11  21937157.366   115280485.403       -1370.471          47.000    21937156.074    89829001.518       -1068.027          43.000  
G14  22763783.940   119624552.624        2675.820          41.000    22763785.245    93213943.944        2084.842          41.000  
G05  24528735.873   128899368.506        2664.622          38.000    24528735.417   100441091.926        2076.339          36.000  
G22  25102165.870   131912766.467        2520.319          35.000                                                                  
G03  24365922.452   128043652.136       -4236.019          39.000    24365932.539    99774193.809       -3300.775          35.000  
G04  23571825.788   123870738.471       -2958.941          41.000    23571826.988    96522559.329       -2305.417          38.000  
E30  27202469.345   142949945.302        2139.806          37.000    27202481.477   109533140.297        1639.653          41.000  
> 2024 06 08 13 51 00.4980000  0 31                     
E08  23743709.561   124774044.148         -77.401          46.000    23743709.523    95606071.726         -59.383          50.000  
G09  20906594.816   109864930.954       -1882.692          48.000    20906592.713    85609032.237       -1466.945          44.000  
E03  23972842.640   125978146.477       -1586.025          45.000    23972844.965    96528743.679       -1215.257          49.000  
E26  27395220.342   143962827.812         919.216          38.000    27395224.116   110309218.202         704.445          40.000  
G30  19828334.587   104198590.506         365.458          49.000    19828332.321    81193685.779         284.622          44.000  
R24  22321079.578   119360720.768       -2442.395          46.000    22321079.304    92836115.539       -1899.646          42.000  
R12  22995410.551   122837374.170        3681.208          41.000    22995420.840    95540329.514        2862.980          41.000  
R11  18998041.583   101519843.638        1373.057          51.000    18998036.992    78959899.088        1067.848          48.000  
R07  21944060.702   117468241.342       -2860.642          42.000    21944059.757    91364235.715       -2224.918          44.000  
E25  24934183.381   131030054.744        -964.688          44.000    24934186.781   100399681.145        -739.128          47.000  
G06  21859404.167   114871880.041       -3505.793          44.000    21859405.915    89510570.976       -2731.884          42.000  
S31  38002072.212   199702244.777        -777.578          46.000  
S33  38990072.960   204894209.478        -777.189          40.000  
E02  24372266.059   128077188.117        1355.873          44.000    24372268.398    98137101.270        1038.830          48.000  
R10  19874754.915   105943635.770       -2928.854          45.000                                                                  
R08  19547707.376   104677088.528        -803.696          49.000    19547700.396    81415809.489        -624.889          47.000  
R01  21017902.510   112352752.419        1761.563          46.000    21017900.941    87385593.881        1370.265          39.000  
R23  23055872.395   123333168.667       -4280.574          48.000                                                                  
G07  19241678.841   101115666.652       -1858.969          47.000    19241674.126    78791353.984       -1448.501          46.000  
E13  24795014.933   130298602.382       -1336.175          45.000    24795019.078    99839209.707       -1023.793          48.000  
E15  25135393.345   132087341.706       -3405.277          42.000    25135398.571   101209764.588       -2609.536          46.000  
G13  24431621.672   128388998.664        1324.132          41.000                                                                  
G20  21645876.658   113749823.059        1958.035          46.000                                                                  
E07  27044152.766   142117973.366         848.000          40.000    27044160.574   108895586.781         649.793          42.000  
G11  21945047.183   115321947.035       -1393.594          46.000    21945045.325    89861309.174       -1085.969          42.000  
G14  22748528.399   119544388.708        2668.843          41.000    22748530.573    93151478.760        2079.472          42.000  
G05  24513541.391   128819520.512        2658.557          39.000    24513541.575   100378872.639        2071.312          36.000  
G22  25087774.507   131837135.506        2521.672          36.000                                                                  
G03  24390134.052   128170881.018       -4246.183          39.000    24390143.376    99873332.743       -3308.857          35.000  
G04  23588735.781   123959598.794       -2965.399          40.000    23588736.277    96591800.990       -2310.735          38.000  
E30  27190261.325   142885795.097        2137.094          36.000    27190273.913   109483986.449        1637.434          41.000  
> 2024 06 08 13 51 30.4980000  0 31                     
E08  23744169.607   124776464.313         -83.911          46.000    23744170.400    95607926.160         -64.451          50.000  
G09  20917369.246   109921551.675       -1892.305          48.000    20917367.363    85653152.288       -1474.749          45.000  
E03  23981916.843   126025830.219       -1592.974          45.000    23981919.003    96565280.574       -1220.528          49.000  
E26  27390019.456   143935497.560         902.254          38.000    27390023.574   110288276.839         691.597          40.000  
G30  19826308.571   104187943.392         344.071          49.000    19826305.940    81185389.344         267.990          44.000  
R24  22334848.901   119434342.418       -2465.967          48.000    22334846.979    92893376.659       -1918.113          43.000  
R12  22974754.518   122727026.5911       3673.480          40.000    22974768.828    95454524.981        2857.092          43.000  
R11  18990414.607   101479089.657        1343.627          51.000    18990409.874    78928201.577        1045.024          47.000  
R07  21960132.203   117554268.051       -2874.611          46.000    21960130.463    91431145.257       -2236.033          44.000  
E25  24939745.981   131059285.998        -984.106          44.000    24939749.214   100422079.091        -754.127          47.000  
G06  21879458.070   114977263.791       -3520.126          44.000    21879459.412    89592687.990       -2742.766          42.000  
S31  38006527.778   199725658.486        -783.348          46.000  
S33  38994526.946   204917615.901        -782.907          40.000  
E02  24364564.776   128036713.747        1342.140          45.000    24364566.241    98106088.496        1028.381          48.000  
R10  19891316.118   106031906.6651      -2956.574          46.000                                                                  
R08  19552251.007   104701419.443        -818.562          50.000    19552244.090    81434733.559        -636.647          47.000  
R01  21008031.238   112299987.579        1755.694          46.000    21008030.567    87344554.686        1365.569          39.000  
R23  23079893.659   123461663.282       -4285.761          46.000                                                                  
G07  19252354.875   101171766.887       -1881.344          49.000    19252348.592    78835068.468       -1465.961          44.000  
E13  24802698.633   130338979.881       -1355.695          45.000    24802702.589    99870148.249       -1038.856          47.000  
E15  25154862.893   132189659.524       -3415.901          41.000    25154868.929   101288163.783       -2617.448          46.000  
G13  24424079.527   128349364.839        1318.035          41.000                                                                  
G20  21634743.227   113691317.207        1942.177          46.000                                                                  
E07  27039326.504   142092607.834         842.740          40.000    27039333.819   108876150.923         645.685          42.000  
G11  21953068.276   115364095.722       -1416.609          46.000    21953065.586    89894152.192       -1103.601          41.000  
G14  22733311.786   119464427.998        2661.689          40.000    22733314.441    93089171.917        2074.226          41.000  
G05  24498379.848   128739844.255        2652.738          39.000    24498380.284   100316787.122        2067.017          38.000  
G22  25073374.914   131761465.123        2522.278          37.000                                                                  
G03  24414400.904   128298403.271       -4256.015          39.000    24414410.262    99972700.282       -3316.035          36.000  
G04  23605682.544   124048655.588       -2972.178          40.000    23605683.779    96661195.697       -2315.721          38.000  
E30  27178069.392   142821723.831        2134.178          38.000    27178081.697   109434893.115        1635.157          42.000  
> 2024 06 08 13 52 00.4980000  0 31                     
E08  23744665.444   124779070.643         -89.777          46.000    23744666.357    95609923.230         -68.888          50.000  
G09  20928197.823   109978456.338       -1901.407          48.000    20928195.974    85697493.580       -1481.753          45.000  
E03  23991028.339   126073710.951       -1599.124          45.000    23991030.466    96601968.423       -1225.410          49.000  
E26  27384912.403   143908663.518         886.157          38.000    27384918.031   110267715.731         679.182          41.000  
G30  19824402.790   104177929.128         323.492          49.000    19824401.403    81177586.043         252.180          45.000  
R24  22348746.612   119508658.283       -2488.626          47.000    22348745.152    92951177.723       -1935.455          44.000  
R12  22954146.605   122616927.865        3666.104          40.000    22954157.115    95368893.100        2851.519          41.000  
R11  18982951.781   101439212.475        1314.699          50.000    18982946.945    78897185.996        1022.594          46.000  
R07  21976279.214   117640703.955       -2888.103          45.000    21976276.975    91498373.057       -2246.165          44.000  
E25  24945418.593   131089093.740       -1003.067          44.000    24945421.392   100444918.762        -768.665          47.000  
G06  21899591.211   115083068.998       -3533.532          42.000    21899594.203    89675133.445       -2753.645          43.000  
S31  38011014.100   199749233.973        -788.373          46.000  
S33  38999012.017   204941184.701        -788.315          40.000  
E02  24356939.481   127996646.557        1329.000          44.000    24356941.729    98075387.728        1018.303          48.000  
R10  19908032.953   106121012.257       -2983.783          46.000                                                                  
R08  19556877.043   104726192.031        -832.945          49.000    19556869.999    81454001.123        -647.797          47.000  
R01  20998192.079   112247390.804        1750.509          46.000    20998190.345    87303646.132        1361.377          37.000  
R23  23103943.066   123590307.820       -4290.479          47.000                                                                  
G07  19263155.107   101228525.224       -1902.860          49.000    19263147.893    78879295.807       -1482.646          42.000  
E13  24810492.369   130379932.793       -1374.460          46.000    24810495.771    99901527.682       -1053.269          47.000  
E15  25174390.715   132292278.264       -3425.236          40.000    25174397.045   101366793.534       -2624.711          46.000  
G13  24416569.248   128309900.566        1312.412          40.000                                                                  
G20  21623698.451   113633277.249        1926.916          46.000                                                                  
E07  27034528.112   142067389.494         838.175          40.000    27034535.173   108856827.820         642.232          43.000  
G11  21961218.188   115406925.855       -1438.776          46.000    21961215.553    89927526.278       -1121.080          41.000  
G14  22718133.754   119384669.264        2655.015          40.000    22718136.097    93027022.449        2069.246          41.000  
G05  24483251.481   128660339.678        2647.409          40.000    24483251.868   100254835.393        2062.888          38.000  
G22  25058968.472   131685752.950        2524.153          38.000                                                                  
G03  24438722.582   128426212.956       -4264.931          40.000    24438732.291   100072291.775       -3323.418          35.000  
G04  23622666.259   124137904.979       -2978.262          40.000    23622667.105    96730740.528       -2321.173          38.000  
E30  27165891.575   142757728.987        2131.888          38.000    27165903.662   109385858.379        1633.642          42.000  
> 2024 06 08 13 52 30.4980000  0 31                     
E08  23745194.648   124781853.581         -95.565          46.000    23745195.710    95612055.620         -73.179          50.000  
G09  20939078.686   110035635.718       -1910.441          47.000    20939076.577    85742048.943       -1488.662          44.000  
E03  24000175.808   126121779.474       -1605.245          46.000    24000177.610    96638800.139       -1230.039          49.000  
E26  27379899.317   143882317.372         870.435          39.000    27379905.206   110247528.460         666.800          43.000  
G30  19822616.010   104168538.171         302.733          50.000    19822614.271    81170268.439         235.825          45.000  
R24  22362770.851   119583654.835       -2510.956          47.000    22362770.325    93009508.194       -1953.328          44.000  
R12  22933577.217   122507044.764        3659.363          42.000    22933585.556    95283428.836        2846.149          41.000  
R11  18975652.388   101400205.083        1285.840          50.000    18975647.280    78866846.958        1000.094          46.000  
R07  21992500.288   117727540.175       -2900.949          45.000    21992498.984    91565912.216       -2256.443          45.000  
E25  24951199.044   131119468.517       -1021.726          45.000    24951201.505   100468192.929        -783.118          47.000  
G06  21919803.361   115189282.872       -3547.128          43.000    21919806.758    89757897.306       -2763.947          43.000  
S31  38015529.175   199772961.916        -793.372          46.000  
S33  39003525.981   204964905.642        -793.175          40.000  
E02  24349391.095   127956978.936        1315.777          45.000    24349393.329    98044993.136        1008.045          48.000  
R10  19924901.705   106210931.646       -3010.669          45.000                                                                  
R08  19561583.447   104751398.194        -847.279          48.000    19561576.867    81473605.941        -658.928          47.000  
R01  20988382.862   112194953.707        1745.376          47.000    20988379.872    87262861.756        1357.406          37.000  
R23  23128018.953   123719088.857       -4294.776          45.000                                                                  
G07  19274077.876   101285929.976       -1924.117          47.000    19274071.458    78924026.857       -1499.194          43.000  
E13  24818393.264   130421450.752       -1393.196          46.000    24818396.446    99933340.067       -1067.432          47.000  
E15  25193972.077   132395186.219       -3434.828          39.000    25193980.084   101445644.866       -2631.888          46.000  
G13  24409089.851   128270595.931        1307.333          40.000                                                                  
G20  21612741.753   113575696.298        1911.876          47.000                                                                  
E07  27029756.079   142042308.411         833.780          40.000    27029763.041   108837609.863         638.704          44.000  
G11  21969496.402   115450426.523       -1461.020          46.000    21969494.299    89961422.790       -1138.108          41.000  
G14  22702992.960   119305105.865        2648.892          39.000    22702995.025    92965025.211        2064.034          40.000  
G05  24468154.216   128580998.267        2642.107          40.000    24468154.241   100193010.811        2058.980          38.000  
G22  25044552.361   131609991.573        2526.467          37.000                                                                  
G03  24463096.518   128554298.694       -4274.153          38.000    24463106.890   100172098.376       -3330.233          35.000  
G04  23639685.124   124227337.797       -2984.071          40.000    23639685.665    96800428.254       -2325.279          37.000  
E30  27153727.663   142693802.830        2129.618          39.000    27153738.770   109336876.263        1631.987          43.000  
> 2024 06 08 13 53 00.4980000  0 31                     
E08  23745756.897   124784808.012        -101.631          46.000    23745757.398    95614319.412         -77.737          49.000  
G09  20950011.283   110093085.106       -1919.701          47.000    20950008.936    85786814.694       -1495.919          44.000  
E03  24009357.767   126170031.031       -1611.605          46.000    24009359.621    96675772.087       -1234.755          49.000  
E26  27374978.517   143856455.401         854.023          39.000    27374984.174   110227712.150         654.452          43.000  
G30  19820947.228   104159765.362         282.000          50.000    19820945.192    81163432.497         219.861          46.000  
R24  22376922.058   119659323.472       -2533.618          47.000    22376920.412    93068361.413       -1970.614          43.000  
R12  22913046.881   122397375.842        3651.664          42.000    22913055.068    95198131.168        2840.176          41.000  
R11  18968515.661   101362065.125        1256.656          51.000    18968510.102    78837182.564         977.497          47.000  
R07  22008795.215   117814772.244       -2914.515          44.000    22008795.146    91633759.196       -2266.719          45.000  
E25  24957086.535   131150405.330       -1040.768          45.000    24957088.681   100491897.723        -797.467          47.000  
G06  21940091.610   115295897.020       -3560.577          43.000    21940094.312    89840973.092       -2774.557          42.000  
S31  38020072.701   199796837.169        -798.624          46.000  
S33  39008067.875   204988773.818        -798.343          41.000  
E02  24341917.841   127917707.764        1302.275          45.000    24341920.150    98014902.297         997.860          48.000  
R10  19941920.815   106301656.925       -3037.747          44.000                                                                  
R08  19566371.131   104777034.494        -861.923          48.000    19566364.266    81493545.295        -670.252          47.000  
R01  20978603.097   112142672.917        1739.781          47.000    20978599.732    87222198.955        1353.667          37.000  
R23  23152116.453   123847996.957       -4299.378          45.000                                                                  
G07  19285121.577   101343973.887       -1945.724          44.000    19285118.490    78969255.905       -1516.051          44.000  
E13  24826400.664   130463527.877       -1412.148          46.000    24826403.394    99965580.899       -1081.892          48.000  
E15  25213611.452   132498376.182       -3444.536          40.000    25213616.371   101524712.281       -2639.346          46.000  
G13  24401640.196   128231445.406        1302.361          40.000                                                                  
G20  21601871.808   113518571.775        1896.336          47.000                                                                  
E07  27025007.347   142017359.110         829.118          40.000    27025015.728   108818492.890         635.372          44.000  
G11  21977901.095   115494591.110       -1483.445          46.000    21977898.980    89995836.694       -1155.976          41.000  
G14  22687889.074   119225735.778        2642.254          40.000    22687891.320    92903178.591        2059.008          41.000  
G05  24453086.958   128501816.402        2636.559          39.000    24453086.210   100131310.506        2054.573          37.000  
G22  25030125.809   131534178.355        2528.021          38.000                                                                  
G03  24487521.968   128682653.484       -4283.333          33.000    24487531.702   100272114.569       -3336.898          31.000  
G04  23656737.553   124316949.292       -2989.988          40.000    23656738.934    96870255.205       -2329.729          37.000  
E30  27141574.476   142629941.905        2127.588          38.000    27141586.167   109287944.167        1630.112          42.000  
> 2024 06 08 13 53 30.4980000  0 31                     
E08  23746351.030   124787926.870        -106.153          46.000    23746350.684    95616709.195         -81.376          49.000  
G09  20960993.250   110150797.831       -1927.786          47.000    20960991.181    85831785.616       -1502.263          44.000  
E03  24018573.220   126218458.965       -1616.731          46.000    24018574.850    96712879.180       -1238.676          49.000  
E26  27370147.998   143831071.796         838.547          39.000    27370153.322   110208262.359         642.657          42.000  
G30  19819393.918   104151603.502         262.156          50.000    19819392.158    81157072.655         204.388          46.000  
R24  22391196.168   119735653.771       -2554.842          46.000    22391193.782    93127729.249       -1986.954          42.000  
R12  22892555.821   122287917.722        3645.458          42.000    22892563.203    95112997.461        2835.406          40.000  
R11  18961539.123   101324787.794        1228.635          51.000    18961534.103    78808189.143         955.686          47.000  
R07  22025164.175   117902393.813       -2926.912          44.000    22025163.841    91701909.143       -2276.348          45.000  
E25  24963079.375   131181897.082       -1058.625          45.000    24963081.458   100516027.727        -810.964          47.000  
G06  21960453.306   115402901.154       -3572.888          42.000    21960454.818    89924352.773       -2784.240          40.000  
S31  38024642.567   199820852.849        -802.240          46.000  
S33  39012636.468   205012782.731        -802.526          40.000  
E02  24334518.818   127878827.846        1290.038          44.000    24334521.295    97985111.260         988.440          47.000  
R10  19959089.754   106393177.575       -3063.354          44.000                                                                  
R08  19571237.804   104803095.697        -875.410          48.000    19571230.897    81513815.129        -680.886          47.000  
R01  20968849.815   112090542.756        1735.463          45.000    20968848.309    87181653.346        1349.701          39.000  
R23  23176237.124   123977020.422       -4302.210          46.000                                                                  
G07  19296287.901   101402647.780       -1965.758          45.000    19296284.993    79014975.820       -1531.868          46.000  
E13  24834512.172   130506156.238       -1429.715          46.000    24834515.336    99998244.124       -1095.445          48.000  
E15  25233301.020   132601838.857       -3452.902          41.000    25233305.412   101603988.691       -2645.633          46.000  
G13  24394217.466   128192441.164        1298.170          40.000                                                                  
G20  21591087.693   113461898.957        1881.783          48.000                                                                  
E07  27020283.219   141992534.185         825.914          40.000    27020291.664   108799471.229         632.814          44.000  
G11  21986429.953   115539411.091       -1504.451          46.000    21986427.337    90030761.297       -1172.362          41.000  
G14  22672821.507   119146554.898        2636.810          40.000    22672823.505    92841479.403        2054.648          41.000  
G05  24438049.153   128422789.533        2632.001          38.000    24438047.630   100069731.041        2050.806          37.000  
G22  25015688.266   131458308.045        2530.405          38.000                                                                  
G03  24511996.341   128811269.024       -4291.093          23.000    24512004.461                       -3343.548          20.000  
G04  23673822.994   124406732.840       -2995.525          39.000    23673823.746    96940216.269       -2334.436          36.000  
E30  27129432.418   142566140.936        2126.207          37.000    27129445.079   109239057.978        1629.073          42.000  
> 2024 06 08 13 54 00.4980000  0 31                     
E08  23746968.878   124791172.521        -109.413          47.000    23746968.283    95619196.133         -83.853          49.000  
G09  20972018.489   110208736.737       -1934.105          46.000    20972016.378    85876932.802       -1507.221          44.000  
E03  24027815.668   126267026.060       -1620.276          46.000    24027816.742    96750092.891       -1241.498          49.000  
E26  27365402.179   143806130.173         824.845          39.000    27365405.719   110189151.154         632.176          41.000  
G30  19817949.285   104144014.864         244.177          49.000    19817947.825    81151159.468         190.209          45.000  
R24  22405585.320   119812603.565       -2574.538          45.000    22405583.442    93187578.935       -2002.371          43.000  
R12  22872097.306   122178635.761        3640.646          42.000    22872105.473    95028000.762        2831.575          41.000  
R11  18954717.358   101288337.733        1202.332          50.000    18954713.410    78779839.151         934.851          48.000  
R07  22041598.502   117990366.666       -2937.556          45.000    22041598.574    91770332.372       -2284.719          46.000  
E25  24969170.148   131213906.216       -1074.812          44.000    24969172.871   100540554.143        -823.576          48.000  
G06  21980883.707   115510254.343       -3583.280          44.000    21980883.911    90008004.442       -2792.185          40.000  
S31  38029232.088   199844970.590        -804.759          46.000  
S33  39017225.104   205036894.910        -804.461          40.000  
E02  24327187.414   127840303.521        1279.058          44.000    24327190.304    97955592.702         980.034          47.000  
R10  19976400.563   106485452.047       -3087.536          44.000                                                                  
R08  19576177.158   104829545.220        -887.371          49.000    19576169.977    81534386.974        -690.130          46.000  
R01  20959118.464   112038526.595        1732.752          45.000    20959118.305    87141196.359        1347.617          38.000  
R23  23200370.313   124106117.278       -4303.528          45.000                                                                  
G07  19307566.685   101461912.186       -1984.422          48.000    19307562.980    79061155.903       -1546.255          46.000  
E13  24842721.321   130549297.457       -1445.698          45.000    24842724.953   100031300.326       -1107.943          48.000  
E15  25253033.600   132705534.539       -3459.358          41.000    25253038.253   101683443.645       -2650.883          46.000  
G13  24386816.387   128153545.303        1295.572          40.000                                                                  
G20  21580382.747   113405643.313        1869.053          48.000                                                                  
E07  27015575.045   141967795.639         823.860          40.000    27015583.737   108780515.735         631.381          43.000  
G11  21995076.188   115584847.365       -1523.942          46.000    21995073.345    90066166.105       -1187.285          40.000  
G14  22657782.362   119067528.580        2632.764          39.000    22657785.528    92779900.694        2051.135          42.000  
G05  24423033.065   128343883.271        2628.735          38.000    24423032.350   100008245.583        2048.494          38.000  
G22  25001233.073   131382345.311        2534.471          39.000                                                                  
G04  23690934.027   124496651.177       -2998.639          40.000    23690935.120    97010282.302       -2336.917          37.000  
E30  27117294.969   142502364.038        2126.791          36.000    27117308.710   109190190.270        1629.277          43.000  
G03                                                                  24536523.542                       -3348.349          11.000  
> 2024 06 08 13 54 30.4980000  0 30                     
E08  23747597.468   124794475.738        -109.969          47.000    23747597.054    95621727.195         -84.301          49.000  
G09  20983074.227   110266832.965       -1938.167          47.000    20983072.220    85922202.554       -1510.278          44.000  
E03  24037071.007   126315663.494       -1621.451          46.000    24037072.163    96787360.517       -1242.347          49.000  
E26  27360728.010   143781562.535         813.693          39.000    27360730.276   110170326.503         623.473          41.000  
G30  19816600.850   104136930.126         228.679          49.000    19816599.093    81145638.923         178.080          45.000  
R24  22420076.576   119890099.248       -2591.263          45.000    22420075.697    93247853.183       -2015.405          42.000  
R12  22851660.012   122069463.224        3638.035          44.000    22851667.835    94943089.283        2829.270          41.000  
R11  18948038.553   101252646.961        1178.082          50.000    18948034.805    78752079.696         916.302          48.000  
R07  22058085.480   118078621.196       -2945.758          45.000    22058085.144    91838974.658       -2290.909          46.000  
E25  24975346.264   131246363.558       -1088.304          44.000    24975349.547   100565424.000        -833.958          48.000  
G06  22001365.382   115617884.046       -3591.273          44.000    22001365.252    90091871.568       -2798.784          39.000  
S31  38033828.215   199869122.156        -804.640          46.000  
S33  39021819.818   205061039.016        -804.359          40.000  
E02  24319911.240   127802067.380        1270.768          43.000    24319914.323    97926294.985         973.552          48.000  
R10  19993839.029   106578406.930       -3108.747          44.000                                                                  
R08  19581175.992   104856314.335        -896.706          49.000    19581168.748    81555207.395        -697.495          46.000  
R01  20949396.418   111986555.326        1732.765          45.000    20949395.535    87100774.275        1347.511          39.000  
R23  23224504.678   124235212.428       -4302.075          46.000                                                                  
G07  19318943.354   101521695.401       -2000.379          48.000    19318938.774    79107740.281       -1558.771          46.000  
E13  24851015.099   130592881.435       -1459.228          45.000    24851018.846   100064695.772       -1118.100          48.000  
E15  25272794.865   132809391.900       -3463.880          39.000    25272802.102   101763022.453       -2653.929          47.000  
G13  24379423.309   128114688.239        1295.384          41.000                                                                  
G20  21569744.017   113349737.826        1858.673          48.000                                                                  
E07  27010873.020   141943073.866         824.707          41.000    27010879.084   108761573.068         631.904          43.000  
G11  22003826.478   115630829.141       -1540.804          45.000    22003822.848    90101996.004       -1200.881          40.000  
G14  22642761.325   118988590.648        2630.843          41.000    22642764.421    92718390.822        2049.791          42.000  
G05  24408026.573   128265028.648        2628.664          38.000    24408027.190    99946800.417        2048.012          37.000  
G22  24986747.449   131306223.064        2541.244          37.000                                                                  
G04  23708057.573   124586635.417       -2999.431          39.000    23708058.797    97080399.750       -2337.589          37.000  
E30  27105149.515   142438543.809        2129.120          36.000    27105163.535   109141289.343        1631.318          42.000  
> 2024 06 08 13 55 00.4980000  0 30                     
E08  23748224.609   124797770.493        -109.276          47.000    23748224.226    95624251.760         -83.770          49.000  
G09  20994147.282   110325020.950       -1940.865          47.000    20994145.025    85967543.801       -1512.357          44.000  
E03  24046327.511   126364305.582       -1621.231          46.000    24046328.571    96824631.703       -1242.247          49.000  
E26  27356111.190   143757304.041         803.781          38.000    27356114.173   110151738.731         615.934          41.000  
G30  19815335.847   104130283.073         214.543          48.000    19815334.056    81140459.439         167.167          45.000  
R24  22434657.600   119968069.891       -2606.585          45.000    22434657.426    93308496.834       -2027.297          43.000  
R12  22831230.991   121960336.500        3637.084          44.000    22831238.563    94858213.346        2828.677          40.000  
R11  18941489.663   101217650.582        1155.303          51.000    18941486.273    78724860.339         898.613          48.000  
R07  22074612.712   118167090.749       -2952.204          47.000    22074612.248    91907784.164       -2296.082          46.000  
E25  24981595.199   131279203.112       -1100.623          44.000    24981598.895   100590586.732        -843.330          49.000  
G06  22021886.084   115725720.976       -3597.699          44.000    22021885.925    90175900.155       -2803.264          40.000  
S31  38038417.909   199893241.120        -803.294          46.000  
S33  39026408.475   205085151.757        -802.988          40.000  
E02  24312676.911   127764055.291        1263.767          43.000    24312680.562    97897168.945         968.288          47.000  
R10  20011391.402   106671972.478       -3128.793          44.000                                                                  
R08  19586222.711   104883337.400        -904.565          49.000    19586214.767    81576225.334        -703.632          45.000  
R01  20939670.866   111934563.719        1733.834          45.000    20939669.632    87060336.383        1348.351          38.000  
R23  23248624.676   124364234.613       -4299.084          46.000                                                                  
G07  19330404.867   101581929.501       -2014.786          47.000    19330400.321    79154675.957       -1570.031          45.000  
E13  24859380.520   130636841.261       -1471.232          46.000    24859384.272   100098379.213       -1127.308          48.000  
E15  25292576.750   132913342.714       -3466.251          40.000    25292583.389   101842672.853       -2655.765          47.000  
G13  24372023.207   128075803.255        1296.765          41.000                                                                  
G20  21559160.185   113294119.336        1849.560          48.000                                                                  
E07  27006158.929   141918302.437         826.817          41.000    27006164.927   108742592.333         633.708          43.000  
G11  22012667.676   115677288.862       -1556.182          46.000    22012663.938    90138198.278       -1212.656          39.000  
G14  22627745.368   118909678.000        2630.235          41.000    22627747.585    92656900.624        2049.522          42.000  
G05  24393018.374   128186162.962        2629.179          39.000    24393019.239    99885346.680        2048.755          37.000  
G22  24972219.619   131229877.088        2548.411          38.000                                                                  
G04  23725181.146   124676619.901       -2999.274          38.000    23725182.404    97150517.334       -2336.869          37.000  
E30  27092984.502   142374615.916        2133.187          37.000    27092998.106   109092305.899        1634.265          42.000  
> 2024 06 08 13 55 30.4980000  0 30                     
E08  23748840.915   124801011.337        -106.849          47.000    23748840.922    95626735.015         -81.963          49.000  
G09  21005228.867   110383255.600       -1941.758          48.000    21005226.748    86012921.417       -1512.866          44.000  
E03  24055575.937   126412907.265       -1619.215          47.000    24055577.151    96861871.917       -1240.613          49.000  
E26  27351542.581   143733310.566         795.521          36.000    27351548.591   110133354.050         609.542          42.000  
G30  19814145.758   104124028.090         202.269          49.000    19814143.548    81135585.476         157.561          44.000  
R24  22449319.351   120046465.865       -2620.058          45.000    22449318.341    93369471.308       -2037.967          44.000  
R12  22810802.108   121851213.143        3637.399          43.000    22810810.073    94773340.147        2828.932          42.000  
R11  18935062.564   101183305.194        1134.073          51.000    18935058.158    78698147.321         882.129          48.000  
R07  22091171.871   118255729.488       -2957.273          47.000    22091170.704    91976725.244       -2300.061          46.000  
E25  24987908.490   131312379.436       -1111.092          44.000    24987912.418   100616007.526        -851.539          49.000  
G06  22042437.183   115833716.396       -3602.324          44.000    22042438.410    90260052.249       -2807.060          42.000  
S31  38042992.661   199917282.122        -799.834          46.000  
S33  39030982.068   205109186.841        -799.648          41.000  
E02  24305478.074   127726223.716        1258.211          44.000    24305481.214    97868181.230         964.179          47.000  
R10  20029049.749   106766098.597       -3146.800          44.000                                                                  
R08  19591307.853   104910570.113        -911.139          49.000    19591300.181    81597406.300        -708.453          45.000  
R01  20929932.642   111882507.126        1736.588          45.000    20929930.990    87019847.949        1350.574          38.000  
R23  23272721.824   124493133.705       -4294.354          47.000                                                                  
G07  19341942.106   101642567.229       -2027.735          46.000    19341938.122    79201926.133       -1580.053          44.000  
E13  24867808.967   130681130.583       -1481.467          46.000    24867812.464   100132315.151       -1135.302          48.000  
E15  25312366.849   133017339.419       -3467.172          40.000    25312373.464   101922358.437       -2656.582          47.000  
G13  24364609.815   128036844.874        1299.737          40.000                                                                  
G20  21548622.093   113238744.833        1841.902          47.000                                                                  
E07  27001426.526   141893435.569         830.477          40.000    27001432.903   108723538.500         636.331          43.000  
G11  22021590.584   115724179.548       -1570.007          46.000    22021586.160    90174736.427       -1223.575          39.000  
G14  22612724.548   118830748.158        2631.572          40.000    22612726.958    92595397.057        2050.453          41.000  
G05  24378000.310   128107243.295        2631.964          39.000    24378000.484    99823850.986        2050.872          37.000  
G22  24957640.453   131153264.535        2558.476          40.000                                                                  
G04  23742295.906   124766559.646       -2997.144          37.000    23742297.248    97220600.076       -2335.701          36.000  
E30  27080791.176   142310536.713        2138.962          38.000    27080804.398   109043206.496        1638.640          43.000  
> 2024 06 08 13 56 00.4980000  0 30                     
E08  23749442.362   124804172.888        -103.918          47.000    23749442.357    95629157.506         -79.715          49.000  
G09  21016314.586   110441511.953       -1942.353          48.000    21016312.488    86058315.947       -1513.414          44.000  
E03  24064811.886   126461443.568       -1616.661          47.000    24064813.326    96899062.041       -1238.704          49.000  
E26  27347020.506   143709557.939         787.406          34.000    27347029.087   110115153.933         603.775          43.000  
G30  19813025.596   104118139.633         190.096          49.000    19813023.242    81130997.119         148.068          45.000  
R24  22464052.697   120125257.414       -2633.064          44.000    22464053.404    93430753.429       -2048.034          43.000  
R12  22790370.419   121742071.187        3638.292          43.000    22790377.978    94688452.493        2829.852          42.000  
R11  18928753.019   101149587.198        1113.375          51.000    18928747.963    78671922.283         866.102          48.000  
R07  22107758.423   118344511.948       -2961.821          49.000    22107756.263    92045778.105       -2303.704          45.000  
E25  24994281.074   131345867.092       -1121.505          44.000    24994284.972   100641666.872        -859.204          49.000  
G06  22063012.307   115941841.612       -3606.283          43.000    22063014.719    90344305.425       -2809.873          42.000  
S31  38047548.201   199941219.817        -796.158          46.000  
S33  39035536.289   205133118.117        -795.923          41.000  
E02  24298309.635   127688549.107        1253.199          45.000    24298311.983    97839313.796         960.285          47.000  
R10  20046807.670   106860756.923       -3164.014          44.000                                                                  
R08  19596428.051   104937988.181        -916.984          49.000    19596420.504    81618731.449        -713.349          46.000  
R01  20920177.301   111830361.284        1739.588          45.000    20920176.104    86979290.098        1352.896          39.000  
R23  23296790.303   124621879.533       -4288.868          46.000                                                                  
G07  19353552.191   101703580.755       -2040.180          45.000    19353548.043    79249469.145       -1589.791          43.000  
E13  24876294.731   130725723.117       -1491.385          46.000    24876298.060   100166483.415       -1142.764          48.000  
E15  25332160.931   133121354.436       -3467.426          41.000    25332167.276   102002058.035       -2656.760          48.000  
G13  24357176.898   127997787.059        1303.172          41.000                                                                  
G20  21538126.983   113183591.336        1834.699          47.000                                                                  
E07  26996671.001   141868447.387         835.042          40.000    26996677.857   108704391.728         639.720          43.000  
G11  22030590.863   115771474.244       -1583.271          47.000    22030585.988    90211589.372       -1233.465          39.000  
G14  22597697.053   118751778.779        2633.066          41.000    22597699.138    92533862.668        2051.806          41.000  
G05  24362967.528   128028245.856        2634.575          40.000    24362967.267    99762294.685        2052.959          36.000  
G22  24943006.374   131076361.960        2568.062          39.000                                                                  
G04  23759398.027   124856429.525       -2994.722          37.000    23759399.136    97290628.395       -2333.844          35.000  
E30  27068564.092   142246282.562        2144.686          38.000    27068577.242   108993973.034        1643.255          43.000  
> 2024 06 08 13 56 30.4980000  0 30                     
E08  23750024.829   124807232.449        -100.141          46.000    23750024.457    95631501.849         -76.612          49.000  
G09  21027400.757   110499767.710       -1941.573          48.000    21027397.894    86103710.014       -1513.121          44.000  
E03  24074032.065   126509892.156       -1613.310          47.000    24074033.076    96936184.952       -1236.194          49.000  
E26  27342543.476   143686024.669         781.150          35.000    27342551.091   110097121.978         598.385          43.000  
G30  19811970.099   104112594.728         179.327          49.000    19811967.779    81126676.461         139.733          45.000  
R24  22478856.518   120204418.170       -2644.482          45.000    22478856.636    93492322.683       -2057.082          43.000  
R12  22769930.837   121632890.755        3640.322          42.000    22769938.264    94603534.954        2831.127          41.000  
R11  18922556.592   101116475.970        1093.744          51.000    18922551.090    78646169.164         850.629          47.000  
R07  22124366.250   118433415.441       -2965.283          47.000    22124364.265    92114925.097       -2306.371          45.000  
E25  25000708.583   131379643.257       -1130.422          44.000    25000712.377   100667547.300        -866.207          50.000  
G06  22083607.693   116050070.580       -3608.976          42.000    22083609.829    90428639.486       -2812.120          42.000  
S31  38052079.526   199965031.787        -791.343          45.000  
S33  39040066.339   205156923.382        -791.338          40.000  
E02  24291166.631   127651010.596        1249.229          45.000    24291168.514    97810550.659         957.195          48.000  
R10  20064660.082   106955920.225       -3180.305          43.000                                                                  
R08  19601578.988   104965570.318        -921.789          50.000    19601572.331    81640184.181        -717.055          47.000  
R01  20910401.725   111778104.657        1743.878          45.000    20910400.585    86938646.058        1356.414          38.000  
R23  23320824.841   124750444.588       -4282.239          47.000                                                                  
G07  19365231.090   101764945.404       -2051.019          46.000    19365225.848    79297285.790       -1598.383          44.000  
E13  24884833.904   130770595.240       -1500.195          46.000    24884836.880   100200865.904       -1149.381          48.000  
E15  25351953.491   133225362.895       -3466.459          41.000    25351959.482   102081752.620       -2656.072          48.000  
G13  24349720.879   127958606.564        1308.409          41.000                                                                  
G20  21527669.488   113128639.203        1828.559          46.000                                                                  
E07  26991886.808   141843314.924         840.078          39.000    26991895.456   108685134.393         643.835          44.000  
G11  22039663.128   115819148.530       -1595.119          46.000    22039658.663    90248738.123       -1243.018          39.000  
G14  22582659.250   118672750.199        2635.505          42.000    22582659.933    92472282.119        2053.599          41.000  
G05  24347916.087   127949149.313        2638.526          40.000    24347914.847    99700661.133        2055.790          35.000  
G22  24928313.107   130999148.269        2579.395          38.000                                                                  
G04  23776481.326   124946207.260       -2990.964          36.000    23776483.376    97360584.930       -2330.576          35.000  
E30  27056298.493   142181832.435        2151.768          35.000    27056312.181   108944589.373        1648.968          43.000  
> 2024 06 08 13 57 00.4980000  0 30                     
E08  23750584.594   124810171.521         -96.311          47.000    23750583.926    95633753.889         -73.680          49.000  
G09  21038483.243   110558004.763       -1941.106          48.000    21038480.273    86149089.502       -1512.811          44.000  
E03  24083231.437   126558234.894       -1609.999          47.000    24083232.328    96973226.742       -1233.473          49.000  
E26  27338106.862   143662693.452         774.225          38.000    27338111.158   110079244.772         593.143          42.000  
G30  19810977.346   104107374.718         168.383          50.000    19810974.921    81122608.959         131.175          46.000  
R24  22493724.932   120283925.601       -2656.179          44.000    22493725.313    93554161.562       -2065.803          44.000  
R12  22749482.431   121523656.957        3641.829          44.000    22749489.009    94518575.823        2832.240          41.000  
R11  18916470.617   101083955.025        1074.106          51.000    18916465.309    78620875.185         835.368          48.000  
R07  22140992.687   118522421.784       -2968.909          46.000    22140991.605    92184152.065       -2309.095          45.000  
E25  25007187.634   131413689.384       -1139.425          44.000    25007191.214   100693634.582        -873.221          49.000  
G06  22104218.378   116158381.504       -3612.303          42.000    22104221.328    90513037.398       -2814.629          42.000  
S31  38056583.256   199988699.027        -786.561          45.000  
S33  39044568.716   205180585.326        -786.381          40.000  
E02  24284046.407   127613591.528        1245.104          46.000    24284047.869    97781879.067         954.081          47.000  
R10  20082602.327   107051566.976       -3196.615          42.000                                                                  
R08  19606757.431   104993299.665        -926.882          50.000    19606750.324    81661751.416        -720.980          47.000  
R01  20900602.860   111725720.516        1747.999          46.000    20900601.619    86897902.892        1359.497          39.000  
R23  23344821.047   124878806.612       -4275.519          46.000                                                                  
G07  19376972.615   101826640.436       -2062.323          48.000    19376967.021    79345359.873       -1606.899          45.000  
E13  24893421.763   130815727.485       -1508.874          46.000    24893425.100   100235447.722       -1156.272          48.000  
E15  25371739.452   133329344.173       -3465.980          41.000    25371746.723   102161426.389       -2655.707          47.000  
G13  24342238.155   127919284.271        1312.855          40.000                                                                  
G20  21517247.043   113073871.895        1822.188          45.000                                                                  
E07  26987073.596   141818019.238         845.595          39.000    26987081.784   108665752.023         647.994          43.000  
G11  22048803.966   115867182.319       -1607.179          46.000    22048799.050    90286167.011       -1252.303          39.000  
G14  22567607.503   118593646.831        2637.815          43.000    22567607.376    92410643.316        2055.448          41.000  
G05  24332842.633   127869937.501        2641.910          40.000    24332841.632    99638937.697        2058.792          35.000  
G22  24913557.076   130921607.487        2589.891          39.000                                                                  
G04  23793545.322   125035874.766       -2987.676          37.000    23793546.495    97430455.551       -2327.664          35.000  
E30  27043993.342   142117169.632        2159.182          36.000    27044007.244   108895042.792        1654.035          43.000  
> 2024 06 08 13 57 30.4980000  0 30                     
E08  23751123.318   124813004.697         -92.812          47.000    23751123.330    95635924.787         -71.136          49.000  
G09  21049564.910   110616238.142       -1941.253          49.000    21049561.767    86194466.097       -1512.665          45.000  
E03  24092413.242   126606486.783       -1606.986          47.000    24092414.298    97010198.932       -1231.407          49.000  
E26  27333710.466   143639580.054         766.349          39.000    27333712.657   110061534.445         587.463          42.000  
G30  19810048.057   104102493.898         156.889          49.000    19810046.676    81118805.753         122.221          46.000  
R24  22508660.368   120363790.618       -2668.489          44.000    22508660.909    93616278.592       -2075.270          43.000  
R12  22729026.868   121414388.302        3642.582          44.000    22729033.722    94433589.572        2833.122          40.000  
R11  18910497.528   101052041.675        1053.313          50.000    18910492.894    78596053.736         819.341          48.000  
R07  22157642.157   118611545.840       -2972.797          48.000    22157640.653    92253470.619       -2312.365          46.000  
E25  25013721.092   131448019.996       -1149.319          45.000    25013724.131   100719939.835        -880.603          49.000  
G06  22124846.125   116266785.679       -3615.115          42.000    22124849.158    90597507.970       -2817.181          41.000  
S31  38061062.285   200012235.885        -782.935          46.000  
S33  39049046.968   205204116.731        -782.618          40.000  
E02  24276951.895   127576308.369        1240.240          46.000    24276953.119    97753311.598         950.487          47.000  
R10  20100638.101   107147708.923       -3213.165          42.000                                                                  
R08  19611966.053   105021192.513        -932.656          49.000    19611959.308    81683445.839        -725.424          47.000  
R01  20890782.152   111673225.042        1751.442          46.000    20890781.431    86857073.141        1362.272          40.000  
R23  23368780.896   125006975.709       -4269.245          45.000                                                                  
G07  19388777.818   101888678.233       -2073.778          47.000    19388773.082    79393701.016       -1615.914          46.000  
E13  24902062.334   130861133.517       -1518.222          45.000    24902065.508   100270239.302       -1163.402          47.000  
E15  25391522.911   133433310.684       -3465.469          40.000    25391530.815   102241088.820       -2655.351          47.000  
G13  24334730.656   127879834.860        1316.544          39.000                                                                  
G20  21506863.840   113019307.095        1815.258          45.000                                                                  
E07  26982232.340   141792574.624         850.343          40.000    26982239.347   108646255.535         651.553          43.000  
G11  22058015.100   115915588.569       -1619.997          46.000    22058010.722    90323886.109       -1262.183          39.000  
G14  22552543.146   118514486.341        2639.382          42.000    22552543.275    92348960.028        2056.737          41.000  
G05  24317750.884   127790628.176        2644.817          41.000    24317749.871    99577138.339        2061.263          36.000  
G22  24898742.073   130843756.471        2599.937          40.000                                                                  
G04  23810590.020   125125446.903       -2984.399          36.000    23810591.860    97500251.936       -2326.284          35.000  
E30  27031650.824   142052310.588        2165.130          36.000    27031664.750   108845345.839        1658.957          43.000  
> 2024 06 08 13 58 00.4980000  0 31                     
E08  23751642.086   124815736.168         -89.657          46.000    23751643.078    95638017.758         -68.689          50.000  
G09  21060646.365   110674472.336       -1941.418          48.000    21060643.269    86239843.329       -1512.753          45.000  
E03  24101579.100   126654652.299       -1604.432          47.000    24101580.235    97047104.918       -1229.366          50.000  
E26  27329354.029   143616689.774         758.908          39.000    27329356.356   110043995.122         581.397          42.000  
G30  19809183.776   104097956.126         145.237          48.000    19809183.012    81115269.841         113.200          46.000  
R24  22523662.279   120444014.229       -2680.425          44.000    22523663.438    93678674.553       -2084.782          44.000  
R12  22708566.362   121305092.451        3643.317          44.000    22708572.280    94348582.143        2833.334          40.000  
R17  23561904.979   126084512.3043        -15.818          43.000                                                                  
R11  18904640.301   101020742.186        1032.719          50.000    18904636.533    78571709.785         803.166          49.000  
R07  22174314.718   118700792.807       -2977.283          48.000    22174313.828    92322884.763       -2315.622          46.000  
E25  25020308.560   131482639.105       -1159.140          45.000    25020311.915   100746466.158        -888.152          49.000  
G06  22145492.643   116375283.872       -3618.416          42.000    22145495.522    90682051.808       -2819.595          41.000  
S31  38065517.281   200035647.974        -778.607          46.000  
S33  39053501.001   205227522.870        -778.222          41.000  
E02  24269883.090   127539167.041        1235.385          46.000    24269885.586    97724852.816         946.633          47.000  
R10  20118767.348   107244346.283       -3229.858          43.000                                                                  
R08  19617206.297   105049255.058        -938.523          48.000    19617199.526    81705272.216        -729.984          47.000  
R01  20880941.471   111620624.229        1754.946          45.000    20880941.090    86816161.455        1364.935          40.000  
R23  23392704.675   125134952.243       -4262.895          44.000                                                                  
G07  19400647.592   101951060.682       -2085.451          46.000    19400644.335    79442310.704       -1625.118          46.000  
E13  24910755.861   130906816.446       -1527.580          46.000    24910758.565   100305243.066       -1170.546          47.000  
E15  25411304.446   133537264.366       -3465.073          40.000    25411312.427   102320741.468       -2655.194          46.000  
G13  24327199.141   127840261.816        1320.690          39.000                                                                  
G20  21496520.031   112964951.301        1808.088          45.000                                                                  
E07  26977363.244   141766984.744         855.155          42.000    26977369.551   108626647.748         655.143          42.000  
G11  22067297.559   115964369.627       -1632.618          45.000    22067294.435    90361897.302       -1271.858          40.000  
G14  22537469.744   118435275.795        2640.971          44.000    22537469.670    92287237.723        2057.965          41.000  
G05  24302641.837   127711227.139        2647.933          42.000    24302640.279    99515267.533        2063.063          36.000  
G22  24883869.959   130765601.477        2609.440          39.000                                                                  
G04  23827618.363   125214928.153       -2981.429          37.000    23827620.095    97569977.400       -2323.252          35.000  
E30  27019273.110   141987261.128        2171.249          37.000    27019286.037   108795502.986        1663.559          43.000  
> 2024 06 08 13 58 30.4980000  0 31                     
E08  23752141.270   124818361.272         -85.696          46.000    23752142.659    95640029.216         -65.739          50.000  
G09  21071727.100   110732703.191       -1941.048          49.000    21071724.368    86285217.978       -1512.481          45.000  
E03  24110727.008   126702727.249       -1601.125          47.000    24110728.795    97083941.528       -1226.837          50.000  
E26  27325039.879   143594018.992         752.106          38.000    27325042.453   110026623.966         576.247          42.000  
G30  19808384.664   104093756.490         134.272          48.000    19808383.546    81111997.382         104.398          46.000  
R24  22538729.780   120524587.819       -2691.583          43.000    22538731.486    93741342.708       -2093.482          44.000  
R12  22688100.525   121195768.411        3644.391          45.000    22688106.307    94263552.759        2834.502          40.000  
R17  23562042.229   126085244.210         -33.480          44.000                                                                  
R11  18898897.918   100990053.944        1012.583          51.000    18898893.769    78547841.195         787.628          49.000  
R07  22191009.125   118790158.349       -2980.998          49.000    22191008.347    92392391.140       -2318.447          46.000  
E25  25026949.699   131517541.960       -1168.177          44.000    25026953.707   100773209.934        -895.109          49.000  
G06  22166156.016   116483868.136       -3620.939          43.000    22166158.797    90766662.699       -2821.684          41.000  
S31  38069947.598   200058928.466        -773.916          46.000  
S33  39057930.114   205250798.469        -773.825          41.000  
E02  24262841.607   127502164.701        1231.183          46.000    24262843.880    97696500.523         943.161          47.000  
R10  20136988.528   107341471.023       -3245.874          44.000                                                                  
R08  19622477.248   105077484.142        -943.971          48.000    19622471.426    81727228.141        -734.200          47.000  
R01  20871080.771   111567915.078        1758.733          45.000    20871080.261    86775165.489        1367.968          39.000  
R23  23416589.785   125262727.357       -4256.026          42.000                                                                  
G07  19412581.605   102013781.067       -2096.450          44.000    19412579.259    79491183.673       -1633.533          45.000  
E13  24919500.737   130952770.619       -1536.411          46.000    24919503.214   100340454.675       -1177.234          46.000  
E15  25431081.517   133641198.465       -3464.373          39.000    25431091.084   102400379.052       -2654.344          47.000  
G13  24319644.581   127800559.850        1325.189          37.000                                                                  
G20  21486215.841   112910802.299        1801.468          45.000                                                                  
E07  26972464.503   141741244.581         860.455          41.000    26972470.724   108606924.791         659.280          42.000  
G11  22076649.827   116013519.144       -1644.499          44.000    22076648.464    90400195.603       -1281.604          41.000  
G14  22522387.114   118356013.599        2642.997          45.000    22522386.479    92225475.159        2059.296          41.000  
G05  24287514.556   127631731.995        2650.972          42.000    24287512.526    99453323.325        2066.454          35.000  
G22  24868938.945   130687140.070        2620.094          39.000                                                                  
G04  23844627.724   125304314.270       -2977.927          36.000    23844629.801    97639628.774       -2320.734          35.000  
E30  27006858.059   141922018.459        2177.915          37.000    27006870.684   108745512.092        1668.837          43.000  
> 2024 06 08 13 59 00.4980000  0 31                     
E08  23752623.852   124820893.166         -82.948          47.000    23752624.496    95641969.260         -63.565          50.000  
G09  21082810.123   110790944.238       -1941.656          48.000    21082807.072    86330600.580       -1513.013          45.000  
E03  24119860.832   126750725.184       -1598.830          47.000    24119862.576    97120719.132       -1225.053          50.000  
E26  27320768.771   143571582.047         743.403          37.000    27320773.229   110009431.962         570.020          43.000  
G30  19807652.629   104089907.780         122.270          48.000    19807651.200    81108998.405          95.157          46.000  
R24  22553863.946   120605520.911       -2703.892          43.000    22553867.448    93804290.403       -2102.869          45.000  
R12  22667631.823   121086433.161        3644.481          44.000    22667637.160    94178514.598        2834.549          40.000  
R17  23562280.939   126086521.711         -51.906          44.000                                                                  
R11  18893272.672   100959992.469         991.512          51.000    18893268.237    78524460.094         771.000          50.000  
R07  22207728.297   118879655.968       -2985.650          50.000    22207727.250    92462000.271       -2322.096          46.000  
E25  25033648.043   131552741.533       -1178.396          44.000    25033651.687   100800181.066        -902.906          49.000  
G06  22186837.664   116592548.276       -3624.427          44.000    22186840.107    90851348.283       -2824.174          41.000  
S31  38074355.549   200082092.845        -770.458          46.000  
S33  39062337.004   205273956.629        -770.074          41.000  
E02  24255828.168   127465316.312        1225.440          45.000    24255831.698    97668266.152         939.072          47.000  
R10  20155302.259   107439093.020       -3262.494          44.000                                                                  
R08  19627782.831   105105895.044        -950.156          48.000    19627777.438    81749325.504        -739.016          47.000  
R01  20861203.972   111515112.583        1761.499          46.000    20861202.395    86734096.915        1370.573          40.000  
R23  23440439.199   125390310.482       -4249.652          42.000                                                                  
G07  19424584.788   102076850.357       -2108.136          46.000    19424579.735    79540328.572       -1642.732          44.000  
E13  24928299.911   130999008.167       -1546.104          46.000    24928301.932   100375883.419       -1184.701          46.000  
E15  25450858.616   133745123.886       -3464.021          40.000    25450867.743   102480009.985       -2654.258          47.000  
G13  24312068.746   127760741.628        1328.827          39.000                                                                  
G20  21475953.917   112856875.656        1793.791          45.000                                                                  
E07  26967539.042   141715366.885         864.626          40.000    26967546.180   108587096.448         662.828          41.000  
G11  22086074.690   116063048.520       -1657.339          44.000    22086074.087    90438789.861       -1291.668          42.000  
G14  22507297.149   118276715.906        2643.643          44.000    22507296.806    92163684.907        2059.995          41.000  
G05  24272371.807   127552157.327        2653.491          42.000    24272369.061    99391317.173        2068.052          33.000  
G22  24853952.644   130608387.716        2629.768          38.000                                                                  
G04  23861621.875   125393618.805       -2975.156          36.000    23861623.763    97709216.565       -2318.649          35.000  
E30  26994408.254   141856597.418        2183.365          38.000    26994421.076   108695384.553        1673.108          43.000  
> 2024 06 08 13 59 30.4980000  0 31                     
E08  23753090.134   124823338.799         -80.236          47.000    23753089.750    95643843.225         -61.385          50.000  
G09  21093896.437   110849202.795       -1942.419          48.000    21093894.054    86375996.804       -1513.599          46.000  
E03  24128980.897   126798653.336       -1596.452          47.000    24128983.078    97157443.261       -1223.337          50.000  
E26  27316545.165   143549386.908         735.985          37.000    27316550.242   109992425.302         563.689          44.000  
G30  19806988.427   104086416.605         110.450          49.000    19806986.324    81106278.019          86.078          45.000  
R24  22569068.226   120686816.647       -2716.018          43.000    22569070.453    93867520.175       -2112.539          45.000  
R12  22647163.106   120977097.508        3644.776          42.000    22647169.136    94093476.203        2834.615          39.000  
R17  23562625.018   126088352.426         -70.222          47.000                                                                  
R11  18887765.627   100930566.831         970.187          50.000    18887761.106    78501573.518         754.581          49.000  
R07  22224472.937   118969293.313       -2990.246          50.000    22224471.976    92531718.032       -2325.644          44.000  
E25  25040404.332   131588244.568       -1188.529          45.000    25040407.599   100827384.714        -910.785          48.000  
G06  22207538.946   116701327.922       -3627.742          45.000    22207540.886    90936111.393       -2827.030          41.000  
S31  38078742.485   200105146.175        -766.548          46.000  
S33  39066723.332   205297004.916        -766.501          41.000  
E02  24248846.765   127428630.546        1220.049          44.000    24248850.711    97640156.393         934.726          47.000  
R10  20173709.819   107537215.829       -3279.004          45.000                                                                  
R08  19633123.581   105134496.455        -956.647          47.000    19633118.137    81771571.029        -743.938          47.000  
R01  20851310.524   111462225.548        1764.347          46.000    20851308.962    86692962.644        1372.351          40.000  
R23  23464254.036   125517704.322       -4243.014          42.000                                                                  
G07  19436654.570   102140272.966       -2119.938          48.000    19436648.275    79589748.826       -1651.932          43.000  
E13  24937153.655   131045535.026       -1555.702          46.000    24937155.939   100411533.839       -1192.188          47.000  
E15  25470635.271   133849045.433       -3464.085          41.000    25470643.757   102559637.936       -2654.258          48.000  
G13  24304471.726   127720813.973        1332.720          41.000                                                                  
G20  21465736.038   112803181.103        1785.756          46.000                                                                  
E07  26962589.909   141689358.191         868.870          40.000    26962596.614   108567167.768         665.924          41.000  
G11  22095573.414   116112962.942       -1670.435          44.000    22095572.677    90477684.142       -1301.473          43.000  
G14  22492201.444   118197392.598        2644.475          44.000    22492201.836    92101874.737        2060.513          41.000  
G05  24257216.169   127472512.664        2655.794          42.000    24257212.231    99329256.418        2069.576          33.000  
G22  24838912.583   130529353.479        2639.123          39.000                                                                  
G04  23878602.041   125482848.980       -2973.048          35.000    23878604.122    97778746.452       -2317.063          34.000  
E30  26981927.124   141791006.718        2189.005          38.000    26981939.302   108645127.030        1677.386          43.000  
