     3.00           OBSERVATION DATA    M: Mixed            RINEX VERSION / TYPE
CONVBIN demo5 b34j                      20240609 013620 UTC PGM / RUN BY / DATE 
log: SAUC00CHL_R_20241601330_15M_30S_MO.ubx                 COMMENT             
format: u-blox UBX                                          COMMENT             
format: u-blox UBX                                          COMMENT             
log: SAUC00CHL_R_20241601330_15M_30S_MO.ubx                 COMMENT             
SAUC00CHL                                                   MARKER NAME         
                                                            MARKER NUMBER       
GEODETIC                                                    MARKER TYPE         
El Sauce            Obstech                                 OBSERVER / AGENCY   
UNKNOWN             UBLOX-ZED-F9P                           REC # / TYPE / VERS 
UNKNWOWN            TWIVSP6037L                             ANT # / TYPE        
  1813185.0000 -5195981.0000 -3216438.0000                  APPROX POSITION XYZ 
        0.0000        0.0000        0.0000                  ANTENNA: DELTA H/E/N
G    8 C1C L1C D1C S1C C2X L2X D2X S2X                      SYS / # / OBS TYPES 
R    8 C1C L1C D1C S1C C2C L2C D2C S2C                      SYS / # / OBS TYPES 
E    8 C1X L1X D1X S1X C7X L7X D7X S7X                      SYS / # / OBS TYPES 
S    4 C1C L1C D1C S1C                                      SYS / # / OBS TYPES 
  2024    06    08    13    30   00.4970000     GPS         TIME OF FIRST OBS   
  2024    06    08    13    44   30.4970000     GPS         TIME OF LAST OBS    
                                                            END OF HEADER       
> 2024 06 08 13 30 00.4970000  0 29                     
E08  23731176.318   124708178.4921         -7.650          46.000    23731176.866    95555602.3591         -5.789          50.000  
G09  20476595.101   107605275.2891      -1688.807          46.000    20476593.384    83848262.7581      -1316.107          44.000  
E03  23599388.825   124015634.7701      -1513.495          45.000    23599390.263    95025001.8221      -1159.655          48.000  
G30  19996412.745   105081836.7351       1051.221          49.000    19996410.026    81881928.5621        818.866          44.000  
R24  21842409.423   116801075.3021      -1574.271          48.000    21842406.897    90845286.6371      -1224.398          45.000  
R11  19433580.147   103847229.5651       2306.367          49.000    19433578.122    80770086.0541       1793.931          51.000  
R07  21311082.919   114079874.1051      -2507.159          47.000    21311080.576    88728843.1751      -1949.967          47.000  
E25  24773608.998   130186225.5901       -360.693          44.000    24773612.171    99753110.4511       -276.419          48.000  
G06  21072291.681   110735599.9401      -3010.706          44.000    21072291.023    86287500.7881      -2345.867          42.000  
S31  37817248.671   198730995.5621       -746.395          46.000  
S33  38805326.607   203923289.3831       -745.913          41.000  
E02  24735341.013   129985144.2601       1670.744          44.000    24735343.132    99599038.8871       1280.161          49.000  
R09  22152526.974   118293221.5671      -4488.583          42.000    22152525.328    92005807.6151      -3491.218          45.000  
R10  19300842.474   102884356.9681      -1884.815          46.000                                                                  
R08  19401518.670   103894259.1441       -437.863          49.000    19401512.053    80806942.4751       -340.492          47.000  
R01  21432043.411   114566565.3071       1758.915          46.000    21432041.651    89107445.9371       1368.038          39.000  
R23  22057669.181   117993544.1011      -4133.339          45.000                                                                  
G07  18885652.647    99244741.5091      -1076.208          47.000    18885647.703    77333490.5121       -838.680          45.000  
E34  27240902.028   143151767.1611      -3739.508          39.000    27240918.139   109687679.7101      -2865.315          42.000  
E13  24547357.343   128997168.0081       -706.905          42.000    24547361.690    98842009.2231       -541.629          47.000  
E15  24349257.398   127956197.8011      -3113.314          44.000    24349262.020    98044349.3161      -2385.566          46.000  
G13  24753261.041   130079258.0751       1381.091          34.000                                                                  
G20  22161581.468   116459858.2571       2336.426          45.000                                                                  
E07  27247808.100   143188169.1071        872.736          41.000    27247814.610   109715604.4851        668.871          43.000  
G11  21702817.733   114049026.1301       -600.292          47.000    21702814.248    88869425.5251       -467.833          43.000  
G14  23389591.360   122913155.2001       2668.958          41.000    23389594.843    95776480.7151       2079.946          34.000  
G03  23399240.372   122963755.9011      -3985.183          41.000    23399245.722    95815847.4261      -3105.338          38.000  
G04  22883772.162   120255017.9391      -2900.098          43.000    22883771.567    93705120.9881      -2259.827          42.000  
E30  27685780.333   145489738.9031       1998.232          37.000    27685793.922   111479211.1081       1530.994          41.000  
> 2024 06 08 13 30 30.4970000  0 30                     
E08  23731227.985   124708453.255         -11.030          46.000    23731229.080    95555812.884          -8.370          50.000  
G09  20486253.373   107656028.610       -1694.960          46.000    20486251.440    83887810.778       -1320.931          44.000  
E03  23608037.490   124061084.316       -1516.747          45.000    23608039.227    95059826.774       -1162.127          48.000  
E26  27662198.055   145365823.2161       1364.978          29.000                                                                  
G30  19990461.037   105050564.560        1033.344          47.000    19990459.257    81857560.591         805.292          44.000  
R24  21851308.402   116848663.118       -1598.359          48.000    21851305.655    90882299.289       -1243.288          45.000  
R11  19420691.688   103778354.141        2285.113          49.000    19420688.592    80716516.388        1777.125          51.000  
R07  21325159.722   114155224.928       -2516.512          48.000    21325156.727    88787449.300       -1957.444          47.000  
E25  24775711.516   130197276.152        -376.292          44.000    24775714.986    99761577.779        -288.421          48.000  
G06  21089523.993   110826155.571       -3026.284          44.000    21089524.129    86358063.486       -2358.121          43.000  
S31  37821515.302   198753416.233        -748.562          46.000  
S33  38809590.939   203945697.648        -748.211          41.000  
E02  24725824.222   129935134.971        1662.970          44.000    24725826.641    99560720.276        1274.249          49.000  
R09  22177782.177   118428085.948       -4502.677          41.000    22177781.187    92110702.020       -3502.162          45.000  
R10  19311528.341   102941320.553       -1912.869          46.000                                                                  
R08  19403996.064   103907526.632        -446.907          50.000    19403989.259    80817261.629        -347.584          47.000  
R01  21422174.131   114513807.500        1758.002          46.000    21422172.348    89066412.132        1367.236          40.000  
R23  22080872.703   118117660.705       -4141.447          46.000                                                                  
G07  18891857.635    99277346.983       -1097.643          47.000    18891852.582    77358897.379        -855.428          45.000  
E34  27262247.207   143263933.941       -3738.447          39.000    27262263.430   109773625.070       -2864.310          42.000  
E13  24551441.741   129018627.411        -723.922          42.000    24551445.513    98858452.067        -554.650          47.000  
E15  24367060.064   128049746.315       -3123.342          45.000    24367063.997    98116029.211       -2393.391          46.000  
G13  24745386.751   130037860.851        1378.230          35.000                                                                  
G20  22148268.572   116389897.783        2327.373          46.000                                                                  
E07  27242831.684   143162017.084         870.223          40.000    27242838.190   109695566.036         666.779          43.000  
G11  21706303.098   114067343.283        -621.246          46.000    21706299.872    88883698.573        -483.839          43.000  
G14  23374354.407   122833083.001        2668.881          41.000    23374357.862    95714087.050        2079.718          36.000  
G03  23422015.784   123083439.920       -3993.713          41.000    23422021.159    95909107.426       -3112.776          37.000  
G04  22900336.278   120342061.266       -2902.997          43.000    22900335.710    93772946.831       -2261.963          42.000  
E30  27674365.819   145429752.366        2000.884          38.000    27674378.797   111433247.236        1533.119          41.000  
> 2024 06 08 13 31 00.4970000  0 30                     
E08  23731299.948   124708832.158         -14.442          46.000    23731301.164    95556103.221         -11.071          50.000  
G09  20495946.580   107706966.059       -1701.019          47.000    20495944.445    83927502.252       -1325.458          44.000  
E03  23616705.191   124106631.712       -1520.074          46.000    23616706.487    95094726.697       -1164.674          48.000  
E26  27654443.906   145325042.531        1354.020          33.000                                                                  
G30  19984609.509   105019823.409        1015.900          46.000    19984609.355    81833606.467         791.595          44.000  
R24  21860343.604   116896975.501       -1622.409          48.000    21860341.276    90919875.471       -1261.958          46.000  
R11  19407923.639   103710125.803        2263.316          50.000    19407920.342    80663450.038        1760.338          50.000  
R07  21339289.321   114230863.206       -2526.139          48.000    21339286.273    88846278.958       -1964.829          47.000  
E25  24777903.782   130208798.857        -392.004          43.000    24777907.366    99770406.848        -300.298          47.000  
G06  21106844.493   110917177.421       -3041.958          44.000    21106845.019    86428989.473       -2370.161          42.000  
S31  37825795.443   198775909.071        -751.135          46.000  
S33  38813868.579   203968178.135        -750.711          41.000  
E02  24716352.532   129885360.143        1655.135          44.000    24716354.621    99522581.301        1268.178          49.000  
R09  22203116.818   118563372.251       -4516.713          41.000    22203115.959    92215924.565       -3513.001          46.000  
R10  19322372.194   102999125.704       -1940.998          45.000                                                                  
R08  19406525.674   103921072.316        -456.236          50.000    19406518.664    80827797.176        -354.889          47.000  
R01  21412310.263   114461077.074        1757.200          47.000    21412308.978    89025399.666        1366.720          40.000  
R23  22104121.762   118242023.970       -4149.661          46.000                                                                  
G07  18898184.256    99310593.297       -1118.937          48.000    18898178.826    77384803.594        -871.930          45.000  
E34  27283585.943   143376065.440       -3737.388          40.000    27283601.677   109859543.431       -2863.707          42.000  
E13  24555621.926   129040594.021        -740.914          43.000    24555625.615    98875283.567        -567.635          47.000  
E15  24384918.604   128143595.345       -3133.516          45.000    24384923.368    98187939.353       -2400.952          47.000  
G13  24737531.328   129996564.410        1374.630          37.000                                                                  
G20  22135006.881   116320206.597        2318.465          46.000                                                                  
E07  27237868.557   143135942.031         867.622          40.000    27237875.954   109675586.564         664.791          42.000  
G11  21709908.874   114086292.436        -642.218          46.000    21709905.881    88898464.141        -500.676          44.000  
G14  23359115.711   122753005.788        2669.181          42.000    23359119.568    95651689.500        2079.839          36.000  
G03  23444842.194   123203393.175       -4002.790          41.000    23444847.665    96002577.144       -3119.041          37.000  
G04  22916917.373   120429195.785       -2906.116          42.000    22916916.660    93840843.737       -2264.557          42.000  
E30  27662934.601   145369684.615        2003.427          38.000    27662948.379   111387221.156        1535.272          41.000  
> 2024 06 08 13 31 30.4970000  0 30                     
E08  23731395.476   124709332.262         -18.781          48.000    23731396.540    95556486.425         -14.400          50.000  
G09  20505678.774   107758105.095       -1708.103          49.000    20505675.703    83967350.836       -1331.199          44.000  
E03  23625394.130   124152294.404       -1524.038          47.000    23625395.849    95129714.963       -1167.725          48.000  
E26  27646750.940   145284627.629        1341.316          36.000                                                                  
G30  19978863.030   104989631.299         997.162          50.000    19978864.019    81810080.184         776.996          44.000  
R24  21869516.056   116946027.866       -1647.491          49.000    21869515.624    90958027.180       -1281.328          46.000  
R11  19395281.343   103642566.481        2240.611          52.000    19395276.418    80610904.000        1742.791          49.000  
R07  21353476.698   114306807.369       -2536.720          50.000    21353472.911    88905346.529       -1972.824          46.000  
E25  24780189.742   130220811.673        -408.689          44.000    24780193.132    99779611.478        -313.150          47.000  
G06  21124257.355   111008679.752       -3058.141          46.000    21124257.101    86500289.891       -2382.942          42.000  
S31  37830092.877   198798491.685        -754.197          47.000  
S33  38818163.793   203990748.117        -754.010          41.000  
E02  24706929.183   129835839.092        1646.428          45.000    24706931.178    99484636.760        1261.508          49.000  
R09  22228533.195   118699094.073       -4531.501          43.000    22228532.538    92321485.833       -3524.270          46.000  
R10  19333378.018   103057788.328       -1969.974          48.000                                                                  
R08  19409111.419   103934915.562        -466.502          53.000    19409103.710    80838564.148        -362.766          46.000  
R01  21402454.127   114408392.590        1755.243          49.000    21402453.064    88984422.939        1365.111          40.000  
R23  22127418.101   118366646.565       -4158.660          46.000                                                                  
G07  18904636.513    99344496.450       -1140.919          50.000    18904630.526    77411221.664        -889.310          45.000  
E34  27304920.416   143488177.269       -3736.824          41.000    27304936.428   109945446.717       -2863.111          42.000  
E13  24559902.299   129063084.983        -758.463          44.000    24559905.618    98892516.851        -581.265          48.000  
E15  24402837.408   128237760.123       -3144.107          46.000    24402842.267    98260091.438       -2409.178          47.000  
G13  24729694.951   129955385.223        1370.670          37.000                                                                  
G20  22121800.317   116250804.733        2308.529          47.000                                                                  
E07  27232923.565   143109960.745         864.571          40.000    27232931.846   109655678.944         662.245          43.000  
G11  21713637.948   114105890.504        -664.171          46.000    21713635.488    88913735.327        -517.600          44.000  
G14  23343880.736   122672943.551        2668.488          43.000    23343884.167    95589303.588        2079.892          36.000  
G03  23467723.061   123323631.386       -4012.777          42.000    23467728.099    96096268.909       -3126.683          37.000  
G04  22933519.315   120516439.039       -2909.784          44.000    22933518.498    93908825.404       -2267.560          42.000  
E30  27651492.647   145309554.497        2005.178          38.000    27651505.879   111341147.277        1536.607          41.000  
> 2024 06 08 13 32 00.4970000  0 30                     
E08  23731517.112   124709967.162         -23.386          46.000    23731517.429    95556972.907         -17.855          51.000  
G09  20515451.625   107809459.717       -1715.392          47.000    20515448.597    84007367.388       -1336.639          45.000  
E03  23634108.242   124198086.423       -1528.296          46.000    23634109.766    95164802.333       -1171.060          48.000  
E26  27639130.789   145244593.946        1328.058          37.000                                                                  
G30  19973227.475   104960002.871         978.418          50.000    19973225.832    81786993.127         762.329          43.000  
R24  21878829.141   116995832.360       -1672.399          48.000    21878830.044    90996763.901       -1300.807          47.000  
R11  19382766.342   103575693.988        2217.754          50.000    19382762.156    80558892.219        1724.802          50.000  
R07  21367723.757   114383072.216       -2547.463          48.000    21367719.750    88964663.550       -1981.432          46.000  
E25  24782571.632   130233329.132        -425.589          43.000    24782575.155    99789202.802        -325.979          47.000  
G06  21141763.449   111100673.407       -3074.417          45.000    21141763.555    86571973.176       -2395.517          42.000  
S31  37834409.812   198821177.665        -757.714          45.000  
S33  38822478.586   204013422.610        -757.645          40.000  
E02  24697555.654   129786587.827        1637.335          43.000    24697558.591    99446898.919        1254.583          48.000  
R09  22254033.267   118835261.388       -4546.239          41.000    22254032.725    92427393.616       -3535.882          47.000  
R10  19344546.102   103117320.605       -1998.806          46.000                                                                  
R08  19411755.333   103949072.271        -476.984          50.000    19411747.636    80849574.920        -371.052          46.000  
R01  21392609.919   114355769.015        1753.145          46.000    21392607.937    88943493.560        1363.678          39.000  
R23  22150766.222   118491538.074       -4167.566          46.000                                                                  
G07  18911215.747    99379068.930       -1163.479          48.000    18911209.603    77438161.278        -906.588          45.000  
E34  27326253.898   143600281.610       -3736.419          39.000    27326269.651   110031344.283       -2862.980          42.000  
E13  24564284.382   129086113.970        -776.438          43.000    24564288.068    98910162.405        -595.028          48.000  
E15  24420818.224   128332252.521       -3154.929          44.000    24420823.066    98332494.555       -2417.363          46.000  
G13  24721884.376   129914337.233        1365.966          36.000                                                                  
G20  22108651.541   116181708.531        2298.128          45.000                                                                  
E07  27227999.969   143084086.748         860.704          38.000    27228008.557   109635853.492         659.618          43.000  
G11  21717493.170   114126150.868        -686.271          45.000    21717491.196    88929522.605        -534.907          43.000  
G14  23328650.376   122592912.786        2667.079          41.000    23328655.060    95526942.216        2078.333          36.000  
G03  23490660.721   123444166.796       -4022.721          40.000    23490665.907    96190192.302       -3134.342          37.000  
G04  22950144.099   120603805.172       -2914.044          41.000    22950144.090    93976902.796       -2270.856          43.000  
E30  27640041.634   145249377.454        2006.625          37.000    27640054.719   111295037.501        1537.620          40.000  
> 2024 06 08 13 32 30.4970000  0 30                     
E08  23731667.312   124710756.197         -29.047          47.000    23731667.437    95557577.490         -22.216          51.000  
G09  20525269.216   107861049.757       -1723.724          48.000    20525266.160    84047567.387       -1343.102          45.000  
E03  23642850.871   124244027.575       -1533.827          46.000    23642852.096    95200003.971       -1175.400          48.000  
E26  27631587.605   145204962.655        1314.156          36.000                                                                  
G30  19967702.552   104930958.373         958.374          50.000    19967698.174    81764361.060         746.802          42.000  
R24  21888287.093   117046406.199       -1698.754          48.000    21888287.547    91036099.010       -1321.186          46.000  
R11  19370384.731   103509531.553        2193.399          49.000    19370380.907    80507432.650        1705.923          50.000  
R07  21382034.218   114459679.055       -2559.195          47.000    21382031.045    89024246.570       -1990.636          47.000  
E25  24785054.181   130246371.491        -443.754          43.000    24785057.018    99799196.325        -339.903          47.000  
G06  21159364.243   111193175.042       -3091.641          43.000    21159366.825    86644052.281       -2409.227          43.000  
S31  37838750.395   198843986.411        -762.430          45.000  
S33  38826816.600   204036219.505        -761.940          40.000  
E02  24688238.775   129737628.027        1627.021          43.000    24688241.680    99409384.384        1246.579          48.000  
R09  22279619.948   118971890.498       -4562.112          41.000    22279618.996    92533660.573       -3548.181          47.000  
R10  19355880.201   103177740.909       -2028.901          45.000                                                                  
R08  19414461.668   103963563.892        -488.741          50.000    19414454.065    80860846.188        -380.160          46.000  
R01  21382779.980   114303227.289        1749.760          45.000    21382779.485    88902627.867        1360.800          40.000  
R23  22174167.179   118616713.867       -4177.309          46.000                                                                  
G07  18917925.026    99414328.628       -1186.882          47.000    18917919.721    77465636.406        -924.838          45.000  
E34  27347589.167   143712396.413       -3737.461          40.000    27347604.867   110117249.859       -2863.556          42.000  
E13  24568772.637   129109700.444        -795.657          42.000    24568776.539    98928235.123        -609.631          48.000  
E15  24438864.894   128427090.156       -3167.032          43.000    24438870.474    98405162.203       -2426.768          45.000  
G13  24714101.243   129873439.355        1360.671          35.000                                                                  
G20  22095565.642   116112939.825        2286.536          44.000                                                                  
E07  27223101.773   143058339.139         856.029          39.000    27223108.890   109616124.913         655.925          44.000  
G11  21721479.145   114147092.765        -709.401          46.000    21721475.439    88945840.926        -552.991          43.000  
G14  23313431.109   122512935.838        2665.003          41.000    23313435.171    95464622.778        2076.513          34.000  
G03  23513657.751   123565017.567       -4033.708          40.000    23513663.460    96284361.414       -3143.345          36.000  
G04  22966796.510   120691314.009       -2919.653          41.000    22966796.553    94045091.368       -2275.073          43.000  
E30  27628586.256   145189174.674        2007.266          37.000    27628598.876   111248908.048        1537.749          41.000  
> 2024 06 08 13 33 00.4970000  0 31                     
E08  23731851.907   124711727.208         -35.663          47.000    23731852.344    95558321.520         -27.273          51.000  
G09  20535136.319   107912903.444       -1733.063          48.000    20535133.410    84087972.850       -1350.498          45.000  
E03  23651626.988   124290146.093       -1540.520          46.000    23651628.214    95235341.517       -1180.374          48.000  
E26  27624128.330   145165763.356        1299.397          35.000                                                                  
G30  19962292.677   104902526.469         937.323          50.000    19962287.773    81742206.347         730.145          42.000  
R24  21897893.619   117097775.695       -1725.851          47.000    21897891.899    91076052.936       -1342.353          44.000  
R12  23741919.936   126825064.6451       3680.041          44.000                                                                  
R11  19358141.861   103444112.080        2167.877          49.000    19358138.354    80456550.958        1686.254          50.000  
R07  21396414.143   114536657.230       -2572.275          47.000    21396411.483    89084118.415       -2000.720          47.000  
E25  24787641.760   130259967.382        -462.506          44.000    24787644.533    99809613.972        -354.495          47.000  
G06  21177069.199   111286209.723       -3110.265          44.000    21177070.738    86716546.693       -2423.496          43.000  
S31  37843119.458   198866946.931        -768.150          45.000  
S33  38831183.592   204059167.912        -767.579          40.000  
E02  24678982.582   129688989.777        1615.805          43.000    24678986.119    99372116.213        1238.016          48.000  
R09  22305297.242   119109005.634       -4579.036          41.000    22305296.618    92640305.537       -3561.333          47.000  
R10  19367385.880   103239075.547       -2060.008          45.000                                                                  
R08  19417235.621   103978420.629        -501.657          50.000    19417228.720    80872401.415        -390.165          46.000  
R01  21372972.173   114250796.895        1745.474          46.000    21372971.798    88861848.755        1357.548          42.000  
R23  22197624.984   118742198.465       -4188.137          46.000                                                                  
G07  18924769.310    99450302.892       -1211.222          46.000    18924765.856    77493668.320        -943.977          46.000  
E34  27368931.285   143824547.957       -3739.088          40.000    27368947.139   110203183.621       -2865.079          42.000  
E13  24573371.452   129133872.238        -815.785          42.000    24573376.612    98946756.340        -625.029          48.000  
E15  24456983.740   128522299.020       -3179.848          44.000    24456987.976    98478114.284       -2436.615          45.000  
G13  24706352.521   129832719.231        1353.789          36.000                                                                  
G20  22082547.447   116044529.468        2274.117          45.000                                                                  
E07  27218231.168   143032745.454         850.754          40.000    27218238.577   109596514.309         651.650          44.000  
G11  21725598.921   114168743.684        -733.625          46.000    21725595.168    88962711.743        -571.801          42.000  
G14  23298228.056   122433043.459        2661.527          42.000    23298230.903    95402369.201        2073.531          33.000  
G03  23536720.078   123686210.144       -4045.510          40.000    23536725.325    96378796.864       -3152.450          36.000  
G04  22983481.846   120778993.840       -2925.750          42.000    22983481.661    94113413.184       -2279.834          43.000  
E30  27617130.185   145128975.758        2006.128          37.000    27617143.794   111202781.585        1537.282          42.000  
> 2024 06 08 13 33 30.4970000  0 31                     
E08  23732074.913   124712898.956         -42.372          46.000    23732075.093    95559219.358         -32.439          50.000  
G09  20545057.682   107965039.932       -1742.484          48.000    20545055.051    84128598.653       -1357.749          46.000  
E03  23660440.807   124336461.123       -1547.007          46.000    23660441.539    95270829.640       -1185.455          48.000  
E26  27616756.980   145127016.610        1283.965          37.000                                                                  
G30  19957002.015   104874726.782         916.138          48.000    19956997.230    81720544.233         713.727          42.000  
R24  21907652.278   117149957.939       -1752.846          47.000    21907648.793    91116638.938       -1363.555          43.000  
R12  23721264.599   126714723.699        3676.208          43.000                                                                  
R11  19346042.717   103379458.501        2142.251          49.000    19346039.732    80406264.914        1666.208          50.000  
R07  21410867.415   114614026.928       -2585.604          47.000    21410865.394    89144294.772       -2010.992          47.000  
E25  24790338.330   130274136.525        -481.666          44.000    24790341.206    99820470.857        -369.133          48.000  
G06  21194878.776   111379793.308       -3128.606          45.000    21194879.011    86789468.847       -2437.989          42.000  
S31  37847521.163   198890077.442        -773.900          45.000  
S33  38835583.077   204082286.627        -773.535          40.000  
E02  24669791.725   129640694.181        1604.041          42.000    24669795.429    99335110.576        1229.184          47.000  
R09  22331068.644   119246622.534       -4595.566          42.000    22331068.022    92747340.786       -3574.230          47.000  
R10  19379066.976   103301341.834       -2091.205          45.000                                                                  
R08  19420081.666   103993663.688        -514.583          49.000    19420075.033    80884257.142        -400.127          46.000  
R01  21363188.097   114198497.910        1741.184          44.000    21363188.313    88821171.907        1354.095          42.000  
R23  22221144.174   118868006.115       -4198.948          48.000                                                                  
G07  18931752.916    99487009.107       -1235.799          46.000    18931750.465    77522270.550        -962.907          45.000  
E34  27390283.692   143936753.623       -3741.017          40.000    27390299.765   110289158.823       -2866.319          42.000  
E13  24578085.961   129158648.114        -835.918          42.000    24578091.533    98965740.407        -640.509          48.000  
E15  24475175.681   128617896.079       -3192.904          44.000    24475179.053    98551363.827       -2446.559          45.000  
G13  24698641.096   129792195.604        1347.217          36.000                                                                  
G20  22069601.516   115976499.166        2261.399          44.000                                                                  
E07  27213392.638   143007324.350         844.840          39.000    27213400.912   109577035.898         647.068          44.000  
G11  21729857.421   114191122.128        -758.111          46.000    21729853.365    88980149.423        -590.682          42.000  
G14  23283045.125   122353257.361        2657.893          42.000    23283047.484    95340198.442        2071.621          33.000  
G03  23559850.264   123807762.063       -4057.958          39.000    23559856.225    96473512.279       -3161.559          36.000  
G04  23000203.366   120866864.011       -2932.147          42.000    23000202.761    94181883.319       -2284.686          42.000  
E30  27605678.617   145068801.282        2005.696          37.000    27605692.753   111156673.896        1536.650          42.000  
> 2024 06 08 13 34 00.4970000  0 31                     
E08  23732336.111   124714270.924         -49.008          46.000    23732336.099    95560270.605         -37.441          50.000  
G09  20555032.616   108017459.134       -1751.915          48.000    20555029.942    84169444.753       -1365.255          46.000  
E03  23669291.198   124382972.578       -1553.426          46.000    23669292.320    95306468.268       -1190.385          48.000  
E26  27609472.314   145088723.721        1268.609          38.000                                                                  
G30  19951831.578   104847559.619         895.203          46.000    19951828.085    81699375.048         697.540          42.000  
R24  21917562.099   117202950.041       -1779.639          47.000    21917559.147    91157854.886       -1384.142          44.000  
R12  23700628.913   126604489.152        3672.783          42.000                                                                  
R11  19334087.620   103315574.314        2116.815          49.000    19334084.210    80356577.275        1646.337          50.000  
R07  21425393.721   114691788.854       -2598.378          47.000    21425392.161    89204776.202       -2020.961          47.000  
E25  24793143.753   130288879.213        -500.863          44.000    24793146.768    99831767.217        -383.939          48.000  
G06  21212791.419   111473922.446       -3146.433          46.000    21212790.792    86862816.142       -2451.855          42.000  
S31  37851955.201   198913378.205        -779.429          46.000  
S33  38840014.871   204105575.742        -778.978          40.000  
E02  24660667.166   129592743.001        1592.677          42.000    24660670.385    99298368.845        1220.295          47.000  
R09  22356933.127   119384736.708       -4611.808          42.000    22356932.083    92854762.817       -3587.061          47.000  
R10  19390922.219   103364537.534       -2121.758          45.000                                                                  
R08  19423000.662   104009294.484        -527.214          50.000    19422994.076    80896414.412        -409.988          46.000  
R01  21353428.546   114146331.234        1736.903          44.000    21353429.061    88780597.893        1350.856          42.000  
R23  22244722.157   118994131.987       -4208.872          44.000                                                                  
G07  18938877.250    99524445.508       -1259.814          46.000    18938873.923    77551441.735        -981.753          45.000  
E34  27411646.006   144049011.461       -3742.781          40.000    27411662.325   110375174.018       -2867.642          42.000  
E13  24582916.111   129184027.552        -856.015          42.000    24582920.985    98985186.933        -655.784          48.000  
E15  24493440.867   128713879.000       -3205.586          44.000    24493443.951    98624909.038       -2456.420          45.000  
G13  24690966.278   129751867.571        1341.313          36.000                                                                  
G20  22056727.494   115908850.917        2248.832          43.000                                                                  
E07  27208587.428   142982075.020         839.000          39.000    27208596.001   109557689.114         642.617          44.000  
G11  21734253.928   114214227.238        -782.077          46.000    21734250.335    88998153.364        -609.374          42.000  
G14  23267883.048   122273580.036        2654.408          43.000    23267885.566    95278112.474        2068.607          34.000  
G03  23583049.746   123929671.383       -4069.570          39.000    23583055.384    96568506.249       -3171.012          37.000  
G04  23016960.137   120954924.469       -2938.202          42.000    23016960.007    94250501.743       -2289.557          42.000  
E30  27594233.198   145008652.592        2004.770          38.000    27594246.885   111110585.942        1536.116          42.000  
> 2024 06 08 13 34 30.4970000  0 31                     
E08  23732632.847   124715833.353         -55.137          46.000    23732633.324    95561467.798         -42.253          50.000  
G09  20565059.735   108070151.725       -1760.918          49.000    20565056.781    84210503.883       -1372.035          45.000  
E03  23678177.768   124429671.091       -1559.676          46.000    23678178.812    95342250.204       -1195.014          48.000  
E26  27602269.838   145050876.632        1254.157          39.000                                                                  
G30  19946778.109   104821015.911         874.384          44.000    19946777.392    81678691.728         681.268          43.000  
R24  21927620.438   117256740.074       -1806.234          46.000    21927619.356    91199691.417       -1404.640          45.000  
R12  23680011.485   126494354.318        3669.718          42.000                                                                  
R11  19322275.386   103252453.420        2091.316          49.000    19322272.305    80307483.312        1626.640          50.000  
R07  21439992.232   114769933.821       -2611.121          48.000    21439990.941    89265555.563       -2030.966          48.000  
E25  24796056.331   130304186.470        -519.517          44.000    24796059.606    99843496.134        -398.124          48.000  
G06  21230804.609   111568584.568       -3164.061          46.000    21230804.552    86936578.755       -2465.599          42.000  
S31  37856419.354   198936838.556        -784.591          46.000  
S33  38844477.537   204129024.995        -784.167          40.000  
E02  24651607.220   129545128.768        1581.659          43.000    24651609.409    99261885.264        1212.031          47.000  
R09  22382887.573   119523334.557       -4627.866          42.000    22382886.941    92962561.035       -3599.478          47.000  
R10  19402949.661   103428651.079       -2152.286          45.000                                                                  
R08  19425990.704   104025304.935        -539.865          49.000    19425983.683    80908866.966        -419.856          45.000  
R01  21343693.311   114094287.982        1732.915          45.000    21343692.410    88740119.860        1347.729          40.000  
R23  22268356.385   119120562.286       -4219.154          44.000                                                                  
G07  18946139.094    99562601.171       -1283.790          47.000    18946133.980    77581173.388       -1000.235          44.000  
E34  27433015.975   144161310.230       -3743.836          40.000    27433032.599   110461220.587       -2868.599          42.000  
E13  24587859.706   129210000.775        -875.643          43.000    24587863.329    99005088.420        -670.926          47.000  
E15  24511777.366   128810236.193       -3218.045          44.000    24511780.607    98698740.994       -2465.704          45.000  
G13  24683328.485   129711725.070        1334.949          38.000                                                                  
G20  22043925.487   115841577.851        2236.495          44.000                                                                  
E07  27203814.300   142956987.499         833.596          40.000    27203821.761   109538466.254         638.629          43.000  
G11  21738787.017   114238048.929        -805.854          46.000    21738784.040    89016715.662        -628.133          43.000  
G14  23252739.421   122194004.616        2650.837          42.000    23252742.588    95216106.007        2065.393          35.000  
G03  23606314.812   124051927.000       -4081.021          38.000    23606320.743    96663770.012       -3179.679          38.000  
G04  23033752.633   121043165.956       -2944.373          43.000    23033752.320    94319261.210       -2294.525          43.000  
E30  27582790.962   144948521.682        2004.189          38.000    27582804.238   111064511.624        1535.671          42.000  
> 2024 06 08 13 35 00.4970000  0 32                     
E08  23732964.280   124717577.706         -60.965          46.000    23732965.335    95562804.390         -46.781          50.000  
G09  20575136.828   108123109.522       -1769.388          49.000    20575134.847    84251769.648       -1378.605          45.000  
E03  23687098.491   124476548.514       -1565.330          46.000    23687099.337    95378169.229       -1199.288          48.000  
E26  27595149.293   145013468.701        1239.355          36.000                                                                  
G30  19941842.393   104795087.966         854.242          46.000    19941843.208    81658488.221         665.759          43.000  
R24  21937826.522   117311316.707       -1832.038          47.000    21937826.172    91242139.811       -1424.892          46.000  
R12  23659411.425   126384314.212        3666.845          41.000                                                                  
R11  19310605.563   103190091.110        2066.364          49.000    19310601.445    80258979.309        1607.139          49.000  
R07  21454660.909   114848454.587       -2623.237          48.000    21454659.424    89326627.179       -2040.408          48.000  
E25  24799075.128   130320050.545        -537.835          44.000    24799078.395    99855651.688        -412.133          48.000  
G06  21248916.031   111663768.272       -3181.179          44.000    21248917.143    87010747.765       -2478.674          42.000  
S31  37860913.135   198960451.987        -789.564          46.000  
S33  38848968.827   204152627.301        -789.154          40.000  
E02  24642610.139   129497845.223        1570.780          43.000    24642611.509    99225655.088        1203.682          47.000  
R09  22408930.973   119662403.796       -4643.301          44.000    22408930.198    93070725.917       -3611.408          47.000  
R10  19415147.269   103493672.065       -2182.229          44.000                                                                  
R08  19429049.845   104041688.353        -552.082          49.000    19429043.335    80921609.607        -429.408          45.000  
R01  21333979.479   114042360.697        1729.121          44.000    21333977.211    88699732.083        1344.630          39.000  
R23  22292046.640   119247283.582       -4228.438          44.000                                                                  
G07  18953535.439    99601466.128       -1307.014          47.000    18953529.629    77611457.762       -1018.564          44.000  
E34  27454391.878   144273639.996       -3744.593          40.000    27454408.945   110547290.914       -2869.273          43.000  
E13  24592914.440   129236559.170        -894.773          44.000    24592917.233    99025438.284        -685.563          47.000  
E15  24530181.595   128906957.287       -3229.710          44.000    24530186.134    98772851.811       -2474.848          45.000  
G13  24675724.894   129671759.228        1329.311          38.000                                                                  
G20  22031194.263   115774674.099        2224.452          45.000                                                                  
E07  27199068.088   142932052.966         829.019          38.000    27199076.529   109519360.620         635.067          43.000  
G11  21743454.956   114262578.277        -829.208          46.000    21743452.392    89035829.380        -645.954          44.000  
G14  23237614.162   122114525.488        2647.813          42.000    23237618.316    95154174.523        2063.573          35.000  
G05  24998781.593                        2622.072          26.000                                                                  
G03  23629643.562   124174519.008       -4091.825          38.000    23629649.825    96759295.931       -3188.382          38.000  
G04  23050577.406   121131580.409       -2949.713          44.000    23050577.348    94388155.442       -2298.651          43.000  
E30  27571350.538   144888401.816        2003.859          38.000    27571363.923   111018445.815        1535.466          42.000  
> 2024 06 08 13 35 30.4970000  0 32                     
E08  23733330.047   124719503.573         -67.119          45.000    23733331.923    95564280.068         -51.483          50.000  
G09  20585265.608   108176332.557       -1778.352          49.000    20585262.506    84293242.135       -1385.664          45.000  
E03  23696053.026   124523604.866       -1571.525          46.000    23696053.926    95414225.380       -1204.074          48.000  
E26  27588113.971   144976501.090        1225.215          36.000                                                                  
G30  19937026.883   104769776.151         833.447          48.000    19937026.935    81638764.785         649.640          43.000  
R24  21948181.723   117366677.348       -1858.263          48.000    21948179.859    91285197.963       -1445.267          47.000  
R12  23638829.830   126274371.638        3663.189          41.000                                                                  
R11  19299078.196   103128490.791        2040.721          49.000    19299073.809    80211067.929        1587.285          49.000  
R07  21469399.995   114927351.752       -2636.049          49.000    21469397.898    89387991.548       -2050.375          47.000  
E25  24802198.973   130336471.751        -556.577          43.000    24802203.246    99868234.127        -426.438          48.000  
G06  21267126.227   111759470.276       -3198.360          42.000    21267128.377    87085320.636       -2492.261          42.000  
S31  37865435.266   198984217.283        -794.445          46.000  
S33  38853488.808   204176380.855        -794.213          40.000  
E02  24633675.151   129450894.184        1559.583          43.000    24633676.916    99189679.700        1195.073          47.000  
R09  22435061.402   119801939.525       -4658.777          45.000    22435060.754    93179253.610       -3623.529          46.000  
R10  19427514.720   103559597.864       -2212.402          44.000                                                                  
R08  19432179.584   104058446.105        -564.778          49.000    19432172.049    80934643.421        -439.215          45.000  
R01  21324287.303   113990550.194        1725.082          44.000    21324285.044    88659435.085        1341.522          40.000  
R23  22315789.355   119374290.821       -4238.267          43.000                                                                  
G07  18961066.201    99641038.854       -1330.733          48.000    18961059.853    77642293.613       -1036.943          44.000  
E34  27475773.610   144385998.789       -3745.620          40.000    27475790.533   110633383.511       -2870.135          43.000  
E13  24598078.758   129263702.195        -914.346          43.000    24598082.113    99046236.122        -700.695          47.000  
E15  24548656.391   129004039.993       -3242.122          44.000    24548660.663    98847239.695       -2484.088          45.000  
G13  24668153.709   129631969.382        1323.545          38.000                                                                  
G20  22018533.411   115708141.817        2211.607          44.000                                                                  
E07  27194351.906   142907270.839         823.862          37.000    27194360.457   109500371.728         631.194          42.000  
G11  21748257.950   114287814.468        -852.957          47.000    21748255.155    89055493.894        -664.522          45.000  
G14  23222509.018   122035145.151        2644.465          42.000    23222512.367    95092319.986        2061.168          35.000  
G05  24983830.567   131290902.9301       2618.308          28.000                                                                  
G03  23653035.895   124297445.581       -4103.246          38.000    23653041.969    96855082.562       -3197.452          39.000  
G04  23067435.187   121220167.838       -2955.603          44.000    23067434.630    94457184.479       -2302.881          42.000  
E30  27559912.071   144828294.327        2003.520          39.000    27559925.781   110972389.498        1535.123          42.000  
> 2024 06 08 13 36 00.4970000  0 32                     
E08  23733730.838   124721608.668         -72.994          45.000    23733732.489    95565893.078         -55.827          50.000  
G09  20595443.186   108229818.972       -1787.026          48.000    20595440.628    84334919.836       -1392.424          44.000  
E03  23705041.641   124570838.272       -1577.162          47.000    23705042.249    95450417.191       -1208.495          48.000  
E26  27581162.825   144939973.485        1210.817          36.000                                                                  
G30  19932329.731   104745078.958         813.190          49.000    19932327.274    81619520.268         633.545          43.000  
R24  21958680.975   117422817.627       -1884.036          48.000    21958678.768    91328862.491       -1465.222          46.000  
R12  23618267.484   126164527.972        3659.821          41.000                                                                  
R11  19287694.174   103067654.127        2015.459          49.000    19287689.920    80163750.518        1567.366          49.000  
R07  21484209.117   115006623.811       -2648.496          49.000    21484206.204    89449647.498       -2060.005          47.000  
E25  24805429.939   130353448.660        -574.866          43.000    24805434.024    99881242.381        -440.462          48.000  
G06  21285436.773   111855685.479       -3215.526          44.000    21285437.941    87160293.366       -2505.618          42.000  
S31  37869986.164   199008132.285        -799.338          45.000  
S33  38858037.850   204200284.868        -799.274          40.000  
E02  24624804.290   129404275.739        1548.834          43.000    24624805.457    99153959.155        1186.699          47.000  
R09  22461278.564   119941936.080       -4673.823          45.000    22461277.616    93288139.733       -3635.261          46.000  
R10  19440050.798   103626424.522       -2242.307          44.000                                                                  
R08  19435378.138   104075577.858        -577.015          48.000    19435371.177    80947968.115        -448.774          45.000  
R01  21314617.074   113938855.528        1721.482          44.000    21314615.525    88619228.172        1338.967          41.000  
R23  22339583.105   119501578.079       -4247.437          44.000                                                                  
G07  18968730.672    99681315.775       -1354.109          48.000    18968723.551    77673678.237       -1055.233          43.000  
E34  27497159.930   144498382.954       -3746.405          40.000    27497176.972   110719495.547       -2870.488          43.000  
E13  24603355.346   129291427.541        -933.619          44.000    24603357.835    99067480.145        -715.439          46.000  
E15  24567197.686   129101480.175       -3253.592          43.000    24567203.797    98921901.522       -2493.074          46.000  
G13  24660616.001   129592352.815        1317.636          40.000                                                                  
G20  22005944.204   115641981.920        2199.445          45.000                                                                  
E07  27189663.470   142882638.614         818.781          36.000    27189673.061   109481497.720         627.395          42.000  
G11  21753194.282   114313754.788        -876.154          47.000    21753191.828    89075707.079        -682.751          45.000  
G14  23207422.994   121955864.357        2641.168          42.000    23207425.725    95030543.073        2057.568          36.000  
G05  24968896.650   131212416.419        2614.757          33.000    24968899.259   102243461.0191       2037.786          28.000  
G03  23676491.290   124420703.114       -4114.066          37.000    23676497.485    96951127.019       -3205.312          39.000  
G04  23084325.248   121308926.536       -2961.260          43.000    23084325.101    94526346.972       -2307.438          43.000  
E30  27548476.615   144768198.880        2003.339          39.000    27548489.756   110926342.413        1534.840          42.000  
> 2024 06 08 13 36 30.4970000  0 32                     
E08  23734164.335   124723884.178         -78.381          46.000    23734165.323    95567636.651         -60.087          50.000  
G09  20605670.182   108283560.365       -1795.481          49.000    20605666.940    84376796.210       -1399.094          44.000  
E03  23714062.142   124618240.317       -1582.793          48.000    23714062.814    95486738.208       -1212.719          49.000  
E26  27574295.450   144903878.609        1195.883          38.000                                                                  
G30  19927746.554   104720988.300         793.048          50.000    19927742.887    81600748.309         618.036          43.000  
R24  21969322.048   117479725.740       -1909.374          49.000    21969319.917    91373124.191       -1485.046          44.000  
R12  23597722.170   126054793.7891       3656.819          43.000                                                                  
R11  19276449.399   103007575.900        1990.208          50.000    19276446.727    80117022.936        1548.068          49.000  
R07  21499086.671   115086263.343       -2660.410          52.000    21499082.898    89511589.271       -2069.315          46.000  
E25  24808765.156   130370973.195        -593.053          45.000    24808768.586    99894670.224        -454.458          48.000  
G06  21303842.676   111952402.101       -3231.954          48.000    21303842.929    87235656.827       -2518.356          42.000  
S31  37874564.099   199032188.852        -804.321          47.000  
S33  38862613.695   204224330.515        -803.602          42.000  
E02  24615994.488   129357983.289        1537.629          44.000    24615996.342    99118488.395        1178.312          47.000  
R09  22487579.387   120082380.954       -4688.740          48.000    22487578.947    93397374.534       -3646.728          45.000  
R10  19452755.148   103694141.330       -2271.567          47.000                                                                  
R08  19438646.118   104093076.689        -588.986          50.000    19438639.269    80961578.338        -458.296          46.000  
R01  21304965.961   113887268.851        1718.039          46.000    21304965.830    88579105.201        1335.918          41.000  
R23  22363429.519   119629131.437       -4255.779          49.000                                                                  
G07  18976526.052    99722286.791       -1377.137          48.000    18976519.737    77705603.717       -1073.229          43.000  
E34  27518549.302   144610782.172       -3746.653          41.000    27518566.257   110805619.126       -2870.915          43.000  
E13  24608740.523   129319726.266        -952.667          45.000    24608743.265    99089163.495        -729.923          47.000  
E15  24585805.843   129199267.263       -3265.226          43.000    24585812.336    98996829.097       -2501.812          46.000  
G13  24653108.674   129552900.617        1312.452          41.000                                                                  
G20  21993423.937   115576188.270        2187.299          46.000                                                                  
E07  27185004.360   142858147.255         813.959          37.000    27185012.400   109462731.619         623.815          42.000  
G11  21758262.680   114340389.963        -899.179          48.000    21758260.505    89096461.687        -700.651          45.000  
G14  23192353.206   121876677.166        2638.015          43.000    23192357.617    94968839.022        2055.867          36.000  
G05  24953979.477   131134022.439        2612.375          38.000    24953981.234   102182379.7151       2034.807          32.000  
G03  23700008.158   124544281.379       -4124.295          37.000    23700014.521    97047421.473       -3214.306          38.000  
G04  23101246.631   121397848.095       -2966.549          45.000    23101246.656    94595636.339       -2311.859          42.000  
E30  27537041.399   144708108.456        2003.079          39.000    27537054.833   110880299.196        1534.915          42.000  
> 2024 06 08 13 37 00.4970000  0 32                     
E08  23734624.209   124726299.295         -82.068          45.000    23734624.653    95569487.209         -62.930          50.000  
G09  20615939.224   108337526.374       -1802.045          47.000    20615936.621    84418847.621       -1404.143          44.000  
E03  23723108.336   124665780.652       -1586.378          46.000    23723109.444    95523165.201       -1215.420          49.000  
E26  27567503.928   144868187.454        1183.662          37.000                                                                  
G30  19923271.657   104697473.981         774.902          48.000    19923267.843    81582425.474         603.790          42.000  
R24  21980101.347   117537368.194       -1932.829          47.000    21980097.422    91417957.012       -1503.368          42.000  
R12  23577188.429   125945109.124        3656.154          40.000                                                                  
R11  19265342.798   102948228.567        1966.787          47.000    19265340.662    80070863.856        1529.697          49.000  
R07  21514026.697   115166239.746       -2670.824          50.000    21514023.464    89573793.038       -2077.335          46.000  
E25  24812198.831   130389015.225        -609.188          44.000    24812201.578    99908494.587        -466.893          47.000  
G06  21322337.578   112049586.424       -3246.565          47.000    21322336.941    87311384.749       -2529.814          43.000  
S31  37879163.157   199056356.134        -806.651          45.000  
S33  38867210.654   204248486.846        -806.616          40.000  
E02  24607242.305   129311988.292        1528.861          44.000    24607244.231    99083245.546        1171.552          47.000  
R09  22513957.742   120223239.072       -4701.455          46.000    22513957.171    93506930.784       -3656.653          45.000  
R10  19465619.693   103762714.498       -2299.344          45.000                                                                  
R08  19441976.786   104110912.904        -599.372          48.000    19441970.145    80975450.918        -466.163          46.000  
R01  21295329.238   113835759.723        1716.250          43.000    21295329.475    88539042.558        1334.829          41.000  
R23  22387317.281   119756915.513       -4262.718          42.000                                                                  
G07  18984447.313    99763919.609       -1397.961          45.000    18984443.359    77738044.848       -1089.252          43.000  
E34  27539935.348   144723164.253       -3745.016          40.000    27539952.128   110891729.596       -2869.583          43.000  
E13  24614228.126   129348567.443        -969.785          43.000    24614231.559    99111262.504        -743.072          47.000  
E15  24604475.624   129297368.467       -3274.435          44.000    24604480.417    99071997.421       -2509.003          46.000  
G13  24645626.782   129513581.817        1309.216          40.000                                                                  
G20  21980968.379   115510732.702        2176.818          45.000                                                                  
E07  27180366.664   142833765.630         811.144          37.000    27180372.942   109444049.620         621.847          43.000  
G11  21763457.428   114367688.707        -920.338          46.000    21763455.166    89117733.353        -717.028          45.000  
G14  23177297.197   121797555.731        2636.889          42.000    23177301.464    94907186.252        2054.748          36.000  
G05  24939073.536   131055692.006        2610.972          40.000    24939074.825   102121343.009        2034.057          35.000  
G03  23723580.157   124668148.155       -4133.322          37.000    23723586.078    97143940.689       -3220.667          38.000  
G04  23118193.660   121486902.195       -2969.971          44.000    23118193.204    94665028.975       -2314.240          42.000  
E30  27525601.222   144647994.007        2004.982          38.000    27525614.947   110834237.643        1536.252          42.000  
> 2024 06 08 13 37 30.4970000  0 32                     
E08  23735097.399   124728785.974         -83.208          45.000    23735097.487    95571392.613         -63.709          49.000  
G09  20626238.562   108391649.366       -1805.918          48.000    20626235.750    84461021.348       -1407.148          44.000  
E03  23732168.562   124713391.555       -1587.296          46.000    23732169.757    95559646.245       -1216.145          49.000  
E26  27560776.112   144832833.743        1173.892          36.000                                                                  
G30  19918893.421   104674468.615         759.161          46.000    19918889.624    81564499.242         591.705          42.000  
R24  21991004.956   117595673.324       -1953.746          47.000    21991000.775    91463305.278       -1519.283          43.000  
R12  23556655.748   125835424.470        3656.785          40.000                                                                  
R11  19254361.505   102889546.635        1945.917          48.000    19254358.769    80025222.285        1513.364          49.000  
R07  21529016.932   115246484.860       -2678.323          50.000    21529014.383    89636205.809       -2083.073          47.000  
E25  24815717.943   130407507.453        -623.050          45.000    24815720.271    99922663.927        -477.432          47.000  
G06  21340906.174   112147167.466       -3258.402          47.000    21340906.246    87387421.827       -2538.993          43.000  
S31  37883770.012   199080565.653        -806.841          46.000  
S33  38871815.898   204272686.680        -806.724          40.000  
E02  24598534.145   129266224.919        1522.583          45.000    24598535.654    99048180.168        1166.636          47.000  
R09  22540399.992   120364437.170       -4711.354          47.000    22540399.309    93616751.449       -3664.275          45.000  
R10  19478630.837   103832073.298       -2324.236          45.000                                                                  
R08  19445357.315   104129019.015        -606.998          47.000    19445351.736    80989533.412        -472.262          47.000  
R01  21285697.342   113784260.926        1717.213          44.000    21285695.600    88498987.971        1335.607          41.000  
R23  22411234.130   119884856.750       -4266.352          45.000                                                                  
G07  18992482.705    99806145.230       -1416.443          46.000    18992480.116    77770947.870       -1103.814          45.000  
E34  27561304.696   144835459.686       -3740.991          40.000    27561321.598   110977773.693       -2866.349          43.000  
E13  24619806.214   129377882.872        -984.176          42.000    24619810.248    99133724.899        -754.088          47.000  
E15  24623190.565   129395713.902       -3281.328          44.000    24623195.839    99147352.870       -2514.254          47.000  
G13  24638156.895   129474327.943        1308.146          39.000                                                                  
G20  21968564.428   115445550.050        2169.210          45.000                                                                  
E07  27175735.338   142809425.432         811.438          37.000    27175741.336   109425399.372         621.979          43.000  
G11  21768765.304   114395582.413        -938.979          46.000    21768763.117    89139468.641        -731.500          45.000  
G14  23162240.280   121718434.967        2638.163          41.000    23162245.306    94845533.924        2056.187          37.000  
G05  24924166.535   130977357.688        2611.851          39.000    24924166.535   102060303.294        2035.068          36.000  
G03  23747192.760   124792233.905       -4138.715          37.000    23747199.719    97240630.547       -3225.026          39.000  
G04  23135152.075   121576021.346       -2971.058          43.000    23135152.171    94734472.308       -2314.999          43.000  
E30  27514144.630   144587789.356        2009.047          38.000    27514158.400   110788106.935        1539.680          42.000  
> 2024 06 08 13 38 00.4970000  0 32                     
E08  23735570.250   124731273.153         -82.323          45.000    23735571.101    95573298.430         -63.223          50.000  
G09  20636553.996   108445858.673       -1807.987          48.000    20636551.279    84503262.316       -1408.899          44.000  
E03  23741227.755   124761002.416       -1586.487          46.000    23741229.928    95596127.254       -1215.649          49.000  
E26  27554098.926   144797748.120        1165.702          36.000                                                                  
G30  19914597.050   104651901.722         745.404          45.000    19914595.425    81546914.712         580.994          43.000  
R24  22002017.591   117654566.289       -1972.329          46.000    22002014.890    91509110.790       -1534.330          43.000  
R12  23536110.084   125725671.220        3660.204          41.000                                                                  
R11  19243493.832   102831461.672        1926.550          49.000    19243488.385    79980045.024        1498.543          48.000  
R07  21544044.351   115326927.202       -2684.339          50.000    21544042.091    89698771.994       -2087.742          47.000  
E25  24819309.184   130426379.487        -634.793          45.000    24819311.299    99937124.329        -486.533          46.000  
G06  21359535.819   112245071.305       -3268.287          46.000    21359537.840    87463710.397       -2546.808          44.000  
S31  37888371.683   199104748.816        -804.989          46.000  
S33  38876415.369   204296858.653        -804.895          41.000  
E02  24589856.270   129220624.370        1517.731          45.000    24589858.472    99013239.529        1162.835          48.000  
R09  22566891.064   120505899.645       -4719.351          46.000    22566890.552    93726777.758       -3670.539          43.000  
R10  19491775.873   103902143.291       -2347.030          45.000                                                                  
R08  19448776.150   104147324.807        -613.109          48.000    19448770.277    81003771.175        -476.765          48.000  
R01  21276052.223   113732701.321        1720.185          44.000    21276050.206    88458886.023        1337.803          41.000  
R23  22435166.927   120012878.511       -4268.144          44.000                                                                  
G07  19000617.973    99848890.651       -1432.970          47.000    19000614.890    77804255.931       -1116.624          46.000  
E34  27582643.724   144947595.906       -3734.748          41.000    27582660.925   111063695.802       -2861.665          43.000  
E13  24625461.207   129407601.285        -996.839          42.000    24625465.631    99156496.092        -763.753          47.000  
E15  24641937.949   129494230.602       -3286.074          45.000    24641942.952    99222839.544       -2518.110          47.000  
G13  24630684.954   129435067.757        1309.135          38.000                                                                  
G20  21956199.412   115380571.976        2162.983          46.000                                                                  
E07  27171095.715   142785055.359         813.150          36.000    27171104.285   109406726.264         623.099          44.000  
G11  21774172.329   114423999.464        -955.489          46.000    21774170.892    89161611.750        -744.559          45.000  
G14  23147171.401   121639246.800        2641.017          42.000    23147176.178    94783829.098        2058.165          37.000  
G05  24909245.648   130898951.510        2615.206          38.000    24909245.841   101999207.610        2037.842          34.000  
G03  23770833.159   124916466.202       -4142.837          38.000    23770840.347    97337434.628       -3228.284          38.000  
G04  23152109.800   121665134.983       -2969.923          43.000    23152109.989    94803911.357       -2314.183          43.000  
E30  27502656.922   144527425.137        2015.645          37.000    27502671.166   110741854.033        1544.154          42.000  
> 2024 06 08 13 38 30.4970000  0 32                     
E08  23736034.421   124733711.212         -79.779          45.000    23736035.182    95575166.593         -61.130          50.000  
G09  20646877.072   108500105.042       -1808.213          48.000    20646874.044    84545532.164       -1409.052          44.000  
E03  23750278.869   124808563.977       -1583.946          46.000    23750280.653    95632570.456       -1213.638          49.000  
E26  27547463.913   144762882.551        1159.117          35.000                                                                  
G30  19910374.981   104629724.304         733.325          45.000    19910375.383    81529633.684         571.576          43.000  
R24  22013130.171   117713993.928       -1989.104          45.000    22013129.737    91555332.127       -1547.008          44.000  
R12  23515542.508   125615802.335        3664.883          41.000                                                                  
R11  19232726.878   102773926.884        1909.274          49.000    19232722.627    79935295.684        1484.871          49.000  
R07  21559099.327   115407517.461       -2688.230          50.000    21559097.452    89761453.225       -2090.862          47.000  
E25  24822963.238   130445582.345        -644.857          45.000    24822965.643    99951838.222        -494.152          46.000  
G06  21378217.070   112343245.271       -3276.201          45.000    21378219.641    87540209.462       -2552.933          44.000  
S31  37892958.769   199128853.689        -801.568          46.000  
S33  38881000.695   204320952.882        -801.412          40.000  
E02  24581199.722   129175139.127        1514.929          44.000    24581202.851    98978387.219        1160.806          48.000  
R09  22593421.729   120647571.990       -4725.259          46.000    22593420.853    93836967.309       -3675.110          42.000  
R10  19505044.740   103972872.578       -2367.773          45.000                                                                  
R08  19452224.290   104165781.381        -617.048          49.000    19452217.089    81018126.242        -479.847          48.000  
R01  21266384.610   113681031.352        1724.923          43.000    21266384.696    88418698.227        1341.614          41.000  
R23  22459103.402   120140925.875       -4268.028          44.000                                                                  
G07  19008842.385    99892105.103       -1447.549          48.000    19008838.193    77837929.502       -1128.151          45.000  
E34  27603942.632   145059521.769       -3726.300          40.000    27603960.068   111149456.762       -2855.564          43.000  
E13  24631183.118   129437672.829       -1007.511          43.000    24631188.021    99179537.872        -772.056          47.000  
E15  24660707.335   129592867.006       -3289.021          44.000    24660712.056    99298417.960       -2520.255          46.000  
G13  24623202.810   129395751.484        1311.963          39.000                                                                  
G20  21943864.377   115315751.460        2158.698          45.000                                                                  
E07  27166444.800   142760605.533         816.976          38.000    27166452.154   109387992.014         625.995          44.000  
G11  21779670.829   114452889.627        -970.217          47.000    21779668.653    89184123.501        -755.882          45.000  
G14  23132080.826   121559944.509        2645.730          41.000    23132085.706    94722035.336        2061.965          38.000  
G05  24894302.447   130820425.306        2620.062          40.000    24894302.603   101938018.334        2041.376          35.000  
G03  23794492.016   125040793.885       -4144.702          38.000    23794499.187    97434313.006       -3229.733          38.000  
G04  23169057.151   121754193.877       -2967.172          43.000    23169057.703    94873307.755       -2312.182          43.000  
E30  27491130.138   144466853.557        2023.378          37.000    27491144.523   110695442.237        1550.043          41.000  
> 2024 06 08 13 39 00.4970000  0 32                     
E08  23736482.594   124736066.014         -76.483          45.000    23736483.230    95576970.990         -58.742          50.000  
G09  20657200.409   108554354.880       -1807.905          48.000    20657197.851    84587804.724       -1408.828          44.000  
E03  23759313.614   124856042.591       -1580.702          45.000    23759315.553    95668950.130       -1211.279          49.000  
E26  27540866.091   144728204.648        1153.561          37.000                                                                  
G30  19906222.509   104607902.954         721.594          46.000    19906223.081    81512630.065         562.329          43.000  
R24  22024336.083   117773919.345       -2005.289          46.000    22024337.361    91601940.608       -1559.635          46.000  
R12  23494947.706   125505786.709        3669.889          42.000                                                                  
R11  19222056.678   102716911.190        1892.269          48.000    19222053.021    79890950.091        1471.795          49.000  
R07  21574175.588   115488221.351       -2691.654          50.000    21574173.958    89824222.843       -2093.469          48.000  
E25  24826673.908   130465082.510        -654.609          45.000    24826676.384    99966779.929        -501.421          46.000  
G06  21396943.367   112441652.321       -3283.569          45.000    21396945.895    87616890.137       -2558.650          44.000  
S31  37897524.812   199152847.570        -797.692          45.000  
S33  38885564.305   204344936.829        -797.113          40.000  
E02  24572559.661   129129737.391        1512.464          43.000    24572563.120    98943598.877        1159.032          47.000  
R09  22619984.372   120789415.976       -4730.563          46.000    22619983.841    93947290.344       -3679.249          42.000  
R10  19518430.651   104044223.947       -2388.209          45.000                                                                  
R08  19455693.033   104184356.113        -620.675          49.000    19455686.046    81032573.226        -482.741          48.000  
R01  21256691.261   113629217.993        1729.922          42.000    21256691.355    88378398.951        1345.319          41.000  
R23  22483038.289   120268959.797       -4267.147          44.000                                                                  
G07  19017148.586    99935752.952       -1461.692          49.000    19017143.432    77871940.787       -1138.992          45.000  
E34  27625194.762   145171201.846       -3718.165          41.000    27625212.296   111235029.374       -2848.956          43.000  
E13  24636966.930   129468063.221       -1017.798          43.000    24636971.045    99202823.942        -779.916          47.000  
E15  24679493.233   129691587.147       -3291.450          44.000    24679498.425    99374060.524       -2522.058          46.000  
G13  24615704.280   129356344.477        1315.483          39.000                                                                  
G20  21931553.159   115251057.167        2154.820          45.000                                                                  
E07  27161771.161   142736041.627         821.039          38.000    27161777.637   109369170.367         629.218          44.000  
G11  21785252.095   114482218.172        -984.506          48.000    21785249.463    89206976.836        -767.202          45.000  
G14  23116961.390   121480496.967        2651.167          40.000    23116967.127    94660128.421        2065.950          39.000  
G05  24879330.885   130741747.422        2625.653          40.000    24879330.448   101876710.860        2046.246          33.000  
G03  23818162.631   125165181.497       -4146.983          38.000    23818169.055    97531238.066       -3231.321          37.000  
G04  23185987.890   121843164.407       -2963.781          43.000    23185988.497    94942635.312       -2309.632          43.000  
E30  27479558.226   144406042.278        2031.671          37.000    27479572.235   110648846.798        1556.737          41.000  
> 2024 06 08 13 39 30.4970000  0 32                     
E08  23736910.422   124738315.558         -72.714          46.000    23736911.183    95578694.731         -55.680          50.000  
G09  20667520.437   108608586.609       -1806.882          48.000    20667518.151    84630063.168       -1407.925          44.000  
E03  23768328.687   124903416.726       -1577.018          45.000    23768330.504    95705249.745       -1208.319          49.000  
E26  27534299.355   144693694.136        1148.062          38.000                                                                  
G30  19902135.494   104586416.246         711.096          48.000    19902134.794    81495887.194         554.193          44.000  
R24  22035631.338   117834317.190       -2020.547          46.000    22035632.588    91648916.569       -1571.464          47.000  
R12  23474321.592   125395605.755        3675.963          42.000                                                                  
R11  19211479.388   102660396.068        1875.969          47.000    19211477.441    79846993.839        1459.126          49.000  
R07  21589269.309   115569017.970       -2694.237          50.000    21589267.333    89887064.580       -2095.531          48.000  
E25  24830437.152   130484858.683        -663.308          44.000    24830439.700    99981933.116        -508.292          46.000  
G06  21415710.317   112540267.513       -3290.061          47.000    21415711.329    87693733.032       -2563.745          43.000  
S31  37902065.265   199176708.904        -792.596          45.000  
S33  38890103.074   204368787.094        -791.994          40.000  
E02  24563931.940   129084399.407        1510.640          43.000    24563935.475    98908859.385        1157.515          47.000  
R09  22646574.638   120931405.350       -4734.747          46.000    22646573.984    94057726.475       -3682.845          43.000  
R10  19531927.897   104116173.213       -2407.696          45.000                                                                  
R08  19459180.188   104203028.473        -623.517          50.000    19459172.666    81047096.154        -484.980          47.000  
R01  21246968.507   113577239.962        1735.845          42.000    21246967.773    88337971.582        1350.102          41.000  
R23  22506968.216   120396953.568       -4265.172          46.000                                                                  
G07  19025532.300    99979810.827       -1474.916          48.000    19025526.923    77906271.611       -1149.326          44.000  
E34  27646396.413   145282612.642       -3708.758          41.000    27646413.378   111320395.660       -2841.712          42.000  
E13  24642807.387   129498750.258       -1027.396          44.000    24642810.710    99226337.298        -787.115          47.000  
E15  24698289.304   129790367.140       -3293.002          43.000    24698295.544    99449748.949       -2523.306          46.000  
G13  24608183.585   129316824.645        1319.646          38.000                                                                  
G20  21919262.474   115186469.963        2151.561          45.000                                                                  
E07  27157070.867   142711341.408         826.088          39.000    27157077.460   109350244.283         633.092          44.000  
G11  21790911.785   114511962.519        -997.819          47.000    21790909.530    89230154.153        -777.545          45.000  
G14  23101811.384   121400885.294        2657.022          41.000    23101817.289    94598093.615        2070.208          39.000  
G05  24864326.523   130662896.843        2631.620          40.000    24864325.218   101815268.824        2050.739          33.000  
G03  23841840.001   125289605.473       -4147.524          39.000    23841846.820    97628191.491       -3231.820          38.000  
G04  23202897.661   121932025.127       -2959.511          42.000    23202898.106    95011877.279       -2306.095          43.000  
E30  27467937.647   144344971.207        2040.363          39.000    27467950.323   110602052.245        1563.359          41.000  
> 2024 06 08 13 40 00.4970000  0 32                     
E08  23737316.951   124740446.034         -69.138          47.000    23737316.146    95580327.227         -52.955          49.000  
G09  20677834.102   108662786.848       -1806.145          48.000    20677832.280    84672297.101       -1407.262          44.000  
E03  23777321.693   124950672.928       -1573.393          46.000    23777323.073    95741459.016       -1205.493          49.000  
E26  27527761.938   144659338.822        1142.522          38.000                                                                  
G30  19898109.430   104565250.944         700.098          48.000    19898107.202    81479394.747         545.459          44.000  
R24  22047011.545   117895170.922       -2036.389          46.000    22047012.945    91696247.079       -1583.614          46.000  
R12  23453663.019   125285248.890        3681.366          42.000                                                                  
R11  19200994.580   102604371.307        1859.208          47.000    19200992.903    79803418.997        1446.023          49.000  
R07  21604378.104   115649894.141       -2697.393          50.000    21604375.708    89949968.177       -2097.940          48.000  
E25  24834250.048   130504897.656        -672.401          44.000    24834253.027    99997287.686        -515.307          46.000  
G06  21434512.941   112639074.036       -3296.550          47.000    21434513.497    87770725.007       -2568.788          43.000  
S31  37906577.990   199200423.176        -788.107          45.000  
S33  38894614.175   204392491.954        -788.084          40.000  
E02  24555314.893   129039113.518        1508.603          43.000    24555317.608    98874159.814        1155.828          47.000  
R09  22673188.929   121073522.358       -4739.320          46.000    22673188.164    94168261.845       -3686.435          44.000  
R10  19545534.677   104188704.331       -2427.499          46.000    19545974.623                       -2078.000          10.000  
R08  19462682.855   104221786.424        -626.768          50.000    19462675.774    81061685.666        -487.547          47.000  
R01  21237212.731   113525084.623        1741.414          42.000    21237210.837    88297406.342        1354.376          41.000  
R23  22530884.483   120524888.913       -4263.558          45.000                                                                  
G07  19033990.333   100024263.422       -1488.458          47.000    19033984.895    77940910.014       -1159.796          43.000  
E34  27667543.040   145393738.902       -3699.615          41.000    27667560.243   111405543.949       -2834.690          42.000  
E13  24648700.862   129529719.860       -1037.168          44.000    24648703.767    99250067.169        -794.657          47.000  
E15  24717095.545   129889191.293       -3294.929          43.000    24717100.555    99525471.190       -2524.645          45.000  
G13  24600639.116   129277177.823        1323.649          39.000                                                                  
G20  21906990.966   115121978.928        2148.026          46.000                                                                  
E07  27152341.134   142686490.774         830.878          38.000    27152348.485   109331202.950         636.584          44.000  
G11  21796647.645   114542108.200       -1011.724          46.000    21796646.287    89253644.200        -788.501          45.000  
G14  23086628.428   121321098.600        2662.231          40.000    23086634.505    94535922.407        2074.722          39.000  
G05  24849287.010   130583862.397        2637.316          39.000    24849285.000   101753683.463        2055.496          34.000  
G03  23865520.915   125414050.550       -4148.675          39.000    23865528.316    97725161.342       -3232.823          37.000  
G04  23219784.266   122020762.647       -2955.862          43.000    23219784.299    95081023.275       -2303.231          43.000  
E30  27456264.766   144283628.290        2048.778          38.000    27456277.134   110555049.365        1569.955          41.000  
> 2024 06 08 13 40 30.4970000  0 32                     
E08  23737699.687   124742460.679         -65.066          46.000    23737699.378    95581870.968         -49.885          49.000  
G09  20688142.830   108716959.155       -1805.186          48.000    20688140.266    84714509.251       -1406.635          43.000  
E03  23786292.202   124997814.762       -1569.370          46.000    23786293.677    95777580.640       -1202.422          49.000  
E26  27521255.577   144625143.541        1137.208          38.000                                                                  
G30  19894143.360   104544410.728         689.276          48.000    19894141.614    81463155.609         537.054          44.000  
R24  22058478.088   117956481.038       -2051.283          46.000    22058477.739    91743932.545       -1595.573          46.000  
R12  23432971.426   125174723.063        3686.874          40.000                                                                  
R11  19190603.668   102548843.359        1842.530          47.000    19190601.079    79760230.593        1433.224          48.000  
R07  21619502.105   115730853.625       -2699.901          50.000    21619499.205    90012936.531       -2099.795          47.000  
E25  24838114.255   130525203.220        -681.108          44.000    24838117.023   100012846.520        -521.942          46.000  
G06  21453351.393   112738072.096       -3303.078          47.000    21453352.343    87847866.230       -2573.677          43.000  
S31  37911063.615   199223994.927        -783.166          45.000  
S33  38899097.791   204416053.380        -782.757          40.000  
E02  24546708.404   128993885.114        1506.706          44.000    24546710.761    98839504.281        1154.566          47.000  
R09  22699826.757   121215766.644       -4743.477          45.000    22699826.205    94278896.198       -3689.375          43.000  
R10  19559250.640   104261817.856       -2446.563          46.000                                                                  
R08  19466202.617   104240634.831        -629.691          49.000    19466195.476    81076345.520        -489.756          47.000  
R01  21227423.632   113472756.668        1747.110          42.000    21227421.492    88256706.778        1358.751          40.000  
R23  22554789.873   120652764.605       -4261.532          44.000                                                                  
G07  19042522.907   100069112.589       -1501.356          45.000    19042517.998    77975857.463       -1170.051          42.000  
E34  27688635.922   145504582.325       -3689.974          41.000    27688653.493   111490475.525       -2827.339          42.000  
E13  24654649.415   129560974.930       -1046.425          45.000    24654651.541    99274015.773        -801.694          46.000  
E15  24735910.805   129988060.789       -3296.286          44.000    24735915.172    99601228.186       -2525.692          45.000  
G13  24593071.757   129237406.883        1327.486          41.000                                                                  
G20  21894737.989   115057589.849        2144.582          45.000                                                                  
E07  27147583.524   142661492.629         835.635          39.000    27147590.900   109312048.545         640.346          43.000  
G11  21802461.152   114572657.637       -1024.951          46.000    21802459.555    89277448.846        -798.647          45.000  
G14  23071413.103   121241143.054        2667.963          41.000    23071419.407    94473619.665        2079.083          40.000  
G05  24834213.227   130504649.158        2643.636          38.000    24834210.535   101691958.860        2059.167          34.000  
G03  23889206.429   125538518.407       -4149.081          39.000    23889213.646    97822148.950       -3232.979          38.000  
G04  23236647.343   122109380.648       -2951.752          43.000    23236648.119    95150076.111       -2300.265          43.000  
E30  27444540.309   144222018.460        2058.134          37.000    27444553.062   110507842.020        1577.068          41.000  
> 2024 06 08 13 41 00.4970000  0 32                     
E08  23738059.600   124744355.070         -61.103          46.000    23738059.947    95583322.576         -46.825          50.000  
G09  20698445.222   108771099.593       -1804.252          47.000    20698442.618    84756696.561       -1405.832          43.000  
E03  23795240.661   125044838.269       -1565.474          47.000    23795241.939    95813611.610       -1199.639          49.000  
E26  27514778.729   144591105.535        1132.067          37.000                                                                  
G30  19890238.063   104523891.674         678.644          47.000    19890236.528    81447166.753         528.601          44.000  
R24  22070027.535   118018240.578       -2066.242          45.000    22070026.610    91791967.595       -1607.035          46.000  
R12  23412248.333   125064027.375        3692.754          39.000                                                                  
R11  19180306.065   102493811.479        1826.129          49.000    19180302.026    79717428.095        1420.109          48.000  
R07  21634640.438   115811893.557       -2702.659          50.000    21634637.598    90075967.484       -2102.214          46.000  
E25  24842028.340   130545771.476        -690.004          44.000    24842031.171   100028606.629        -528.620          47.000  
G06  21472224.657   112837254.302       -3309.124          47.000    21472226.165    87925150.908       -2578.420          43.000  
S31  37915521.088   199247418.688        -778.312          45.000  
S33  38903553.034   204439467.659        -777.790          40.000  
E02  24538113.133   128948711.967        1504.846          45.000    24538114.577    98804891.111        1153.094          47.000  
R09  22726486.802   121358129.667       -4747.338          43.000    22726486.387    94389622.953       -3692.376          44.000  
R10  19573074.179   104335506.780       -2465.900          45.000                                                                  
R08  19469738.410   104259571.254        -632.760          49.000    19469731.414    81091073.837        -492.109          47.000  
R01  21217600.268   113420252.673        1753.051          40.000    21217599.736    88215870.314        1363.942          41.000  
R23  22578683.376   120780572.122       -4259.077          45.000                                                                  
G07  19051132.189   100114352.585       -1514.522          44.000    19051127.268    78011109.440       -1180.198          43.000  
E34  27709673.975   145615137.083       -3680.357          41.000    27709691.874   111575185.940       -2820.054          42.000  
E13  24660650.053   129592510.744       -1055.898          44.000    24660652.435    99298179.516        -809.003          46.000  
E15  24754732.684   130086969.305       -3297.583          44.000    24754737.140    99677015.071       -2526.768          46.000  
G13  24585479.492   129197506.984        1332.028          41.000                                                                  
G20  21882504.099   114993300.988        2141.282          45.000                                                                  
E07  27142796.047   142636342.254         840.667          38.000    27142804.933   109292777.501         644.173          43.000  
G11  21808350.785   114603605.698       -1038.284          47.000    21808348.389    89301564.118        -809.133          45.000  
G14  23056166.521   121161017.265        2673.663          42.000    23056171.781    94411184.263        2083.240          40.000  
G05  24819105.393   130425255.673        2649.410          39.000    24819102.513   101630093.735        2064.949          33.000  
G03  23912895.435   125663003.166       -4149.896          40.000    23912902.320    97919149.726       -3233.663          37.000  
G04  23253487.868   122197875.163       -2947.810          44.000    23253488.262    95219032.718       -2296.864          43.000  
E30  27432765.168   144160139.176        2067.377          38.000    27432778.000   110460428.243        1583.954          42.000  
> 2024 06 08 13 41 30.4970000  0 32                     
E08  23738397.064   124746129.465         -57.078          46.000    23738398.220    95584682.220         -43.745          50.000  
G09  20708741.746   108825208.847       -1803.065          48.000    20708739.558    84798859.574       -1405.116          43.000  
E03  23804166.532   125091744.137       -1561.584          48.000    23804167.795    95849552.436       -1196.557          48.000  
E26  27508331.528   144557226.649        1126.840          39.000    27508334.930   110764666.9391        863.453          39.000  
G30  19886394.113   104503694.584         667.920          47.000    19886393.096    81431428.769         520.447          44.000  
R24  22081659.836   118080446.955       -2080.957          48.000    22081658.778    91840350.129       -1618.214          44.000  
R12  23391486.257   124953125.7351       3698.020          37.000                                                                  
R11  19170102.127   102439279.624        1809.526          52.000    19170097.109    79675014.507        1407.308          48.000  
R07  21649794.637   115893014.662       -2705.212          52.000    21649791.914    90139061.559       -2104.250          46.000  
E25  24845992.713   130566603.251        -698.832          46.000    24845995.529   100044568.653        -535.334          47.000  
G06  21491133.591   112936617.877       -3315.114          48.000    21491134.351    88002576.920       -2583.139          43.000  
S31  37919950.504   199270695.139        -773.494          47.000  
S33  38907981.149   204462734.855        -772.750          42.000  
E02  24529528.054   128903596.542        1502.952          47.000    24529529.275    98770322.162        1151.580          46.000  
R09  22753167.878   121500646.1341      -4751.112          44.000    22753168.185    94500439.466       -3695.159          44.000  
R10  19587005.585   104409769.752       -2484.778          47.000                                                                  
R08  19473291.576   104278597.876        -635.603          51.000    19473284.731    81105872.296        -494.306          46.000  
R01  21207745.369   113367574.546        1758.865          44.000    21207745.775    88174898.538        1368.110          42.000  
R23  22602562.626   120908307.443       -4256.514          47.000                                                                  
G07  19059817.108   100159981.641       -1527.372          48.000    19059811.965    78046664.566       -1190.178          45.000  
E34  27730656.481   145725402.067       -3670.481          41.000    27730675.092   111659674.344       -2812.558          42.000  
E13  24666704.725   129624327.287       -1065.151          45.000    24666707.074    99322558.364        -816.166          46.000  
E15  24773562.266   130185915.199       -3298.753          45.000    24773565.685    99752830.586       -2527.513          45.000  
G13  24577862.154   129157478.464        1336.538          43.000                                                                  
G20  21870290.058   114929115.542        2137.825          46.000                                                                  
E07  27137983.368   142611039.641         846.185          41.000    27137989.918   109273389.810         648.128          43.000  
G11  21814315.876   114634951.914       -1051.539          48.000    21814313.443    89325989.655        -819.167          44.000  
G14  23040886.429   121080724.367        2679.480          43.000    23040891.685    94348618.677        2087.762          40.000  
G05  24803963.376   130345683.015        2655.394          40.000    24803960.258   101568089.063        2069.001          33.000  
G03  23936586.634   125787503.570       -4150.158          40.000    23936593.962    98016162.699       -3233.793          37.000  
G04  23270304.408   122286246.923       -2943.746          45.000    23270305.252    95287893.638       -2293.658          43.000  
E30  27420939.412   144097992.584        2076.320          39.000    27420951.638   110412809.634        1590.631          42.000  
> 2024 06 08 13 42 00.4970000  0 32                     
E08  23738713.817   124747790.570         -53.610          46.000    23738714.569    95585955.045         -41.055          51.000  
G09  20719033.763   108879294.115       -1802.534          47.000    20719031.869    84841003.875       -1404.546          43.000  
E03  23813071.191   125138539.496       -1558.046          47.000    23813072.805    95885408.587       -1193.849          49.000  
E26  27501915.800   144523515.254        1120.731          37.000    27501919.333   110738836.044         858.669          38.000  
G30  19882613.498   104483826.632         656.671          47.000    19882611.807    81415947.271         511.621          43.000  
R24  22093376.730   118143104.430       -2096.113          45.000    22093375.874    91889083.563       -1630.294          45.000  
R12  23370706.546   124842115.443        3702.726          37.000                                                                  
R11  19159992.436   102385257.912        1792.036          49.000    19159987.970    79632997.715        1393.836          49.000  
R07  21664965.804   115974225.063       -2708.536          49.000    21664962.925    90202225.090       -2106.599          46.000  
E25  24850008.220   130587705.831        -707.911          45.000    24850011.013   100060738.205        -542.397          47.000  
G06  21510078.356   113036166.479       -3321.514          48.000    21510078.033    88080147.118       -2587.985          43.000  
S31  37924353.406   199293832.144        -768.981          45.000  
S33  38912382.031   204485862.255        -768.609          40.000  
E02  24520955.522   128858547.729        1500.350          46.000    24520956.605    98735804.230        1149.844          47.000  
R09  22779871.618   121643242.742       -4755.287          40.000    22779871.986    94611347.823       -3698.542          45.000  
R10  19601045.371   104484610.821       -2504.291          44.000                                                                  
R08  19476862.533   104297723.595        -639.191          48.000    19476856.196    81120747.850        -497.263          46.000  
R01  21197861.162   113314730.605        1763.993          43.000    21197860.712    88133797.717        1372.437          42.000  
R23  22626427.498   121035972.912       -4254.181          47.000                                                                  
G07  19068576.319   100206005.195       -1540.744          48.000    19068571.288    78082527.119       -1200.568          46.000  
E34  27751585.566   145835382.515       -3661.251          40.000    27751604.050   111743944.767       -2805.391          42.000  
E13  24672813.114   129656430.938       -1074.798          43.000    24672816.619    99347157.204        -823.619          47.000  
E15  24792399.038   130284903.202       -3300.221          45.000    24792402.450    99828678.384       -2528.763          45.000  
G13  24570220.967   129117327.404        1340.251          40.000                                                                  
G20  21858097.009   114865042.760        2133.677          44.000                                                                  
E07  27133142.138   142585591.358         850.517          39.000    27133146.958   109253890.454         651.654          42.000  
G11  21820357.903   114666702.226       -1065.101          47.000    21820355.227    89350730.076        -829.997          44.000  
G14  23025576.942   121000274.147        2684.467          41.000    23025581.742    94285930.427        2091.620          39.000  
G05  24788789.512   130265940.115        2660.789          40.000    24788785.366   101505951.753        2073.688          34.000  
G03  23960282.652   125912024.811       -4150.804          39.000    23960290.265    98113191.926       -3234.695          37.000  
G04  23287099.395   122374503.174       -2940.160          44.000    23287099.924    95356664.543       -2291.006          42.000  
E30  27409063.813   144035587.127        2084.679          37.000    27409076.114   110364992.664        1597.247          41.000  
> 2024 06 08 13 42 30.4970000  0 32                     
E08  23739009.839   124749344.735         -49.702          46.000    23739010.202    95587145.920         -38.170          51.000  
G09  20729322.832   108933362.077       -1801.584          47.000    20729320.553    84883134.712       -1403.889          43.000  
E03  23821956.588   125185231.076       -1554.212          47.000    23821957.957    95921185.218       -1190.929          49.000  
E26  27495534.469   144489979.261        1115.343          38.000    27495536.806   110713139.513         854.495          37.000  
G30  19878896.265   104464294.552         645.892          48.000    19878894.735    81400727.524         503.162          43.000  
R24  22105179.230   118206216.693       -2110.832          46.000    22105179.078    91938170.742       -1641.731          45.000  
R12  23349899.236   124730952.731        3708.028          38.000                                                                  
R11  19149979.478   102331756.123        1775.205          49.000    19149976.377    79591385.357        1380.482          49.000  
R07  21680154.995   116055531.766       -2711.518          48.000    21680152.515    90265463.546       -2108.936          47.000  
E25  24854076.514   130609086.049        -716.925          45.000    24854079.352   100077120.509        -549.382          47.000  
G06  21529057.454   113135903.405       -3327.391          47.000    21529057.419    88157864.099       -2592.786          43.000  
S31  37928730.869   199316835.966        -764.131          45.000  
S33  38916757.766   204508856.041        -763.703          40.000  
E02  24512396.598   128813574.006        1498.210          45.000    24512398.612    98701343.869        1147.937          47.000  
R09  22806598.463   121785960.486       -4758.984          40.000    22806598.341    94722350.414       -3701.416          46.000  
R10  19615194.537   104560034.057       -2523.407          44.000                                                                  
R08  19480454.248   104316956.583        -642.566          48.000    19480447.471    81135706.806        -499.837          46.000  
R01  21187946.249   113261728.340        1769.830          43.000    21187945.390    88092573.839        1376.500          42.000  
R23  22650281.516   121163570.730       -4251.758          46.000                                                                  
G07  19077410.703   100252428.092       -1553.694          49.000    19077405.854    78118700.861       -1210.783          47.000  
E34  27772461.288   145945083.300       -3651.610          41.000    27772479.820   111828000.862       -2798.107          42.000  
E13  24678978.343   129688827.672       -1084.358          44.000    24678981.755    99371980.611        -830.996          47.000  
E15  24811244.102   130383937.722       -3301.640          44.000    24811248.019    99904561.825       -2529.646          45.000  
G13  24562558.083   129077059.875        1344.333          41.000                                                                  
G20  21845927.085   114801091.789        2129.814          43.000                                                                  
E07  27128268.922   142560003.309         855.402          37.000    27128277.297   109234284.017         655.619          41.000  
G11  21826477.894   114698862.127       -1078.372          47.000    21826474.816    89375789.646        -840.353          43.000  
G14  23010238.826   120919675.878        2689.429          38.000    23010244.319    94223126.833        2095.892          40.000  
G05  24773584.148   130186035.326        2666.135          39.000    24773580.327   101443688.294        2077.778          35.000  
G03  23983983.195   126036571.714       -4151.374          40.000    23983991.165    98210241.114       -3234.840          37.000  
G04  23303873.243   122462650.710       -2936.041          43.000    23303873.474    95425350.781       -2287.776          41.000  
E30  27397140.990   143972930.954        2092.941          37.000    27397152.416   110316983.590        1603.706          41.000  
> 2024 06 08 13 43 00.4970000  0 33                     
E08  23739287.535   124750804.101         -47.125          46.000    23739287.465    95588264.131         -36.125          50.000  
G09  20739610.785   108987425.428       -1802.208          47.000    20739608.717    84925261.948       -1404.285          43.000  
E03  23830823.896   125231831.495       -1551.810          47.000    23830825.968    95956892.027       -1189.128          49.000  
E26  27489188.754   144456632.492        1108.532          38.000    27489191.493   110687587.994         849.234          38.000  
G30  19875246.743   104445110.979         633.588          49.000    19875244.989    81385779.328         493.720          44.000  
R24  22117069.303   118269792.851       -2126.884          47.000    22117068.922    91987618.715       -1654.382          46.000  
R12  23329067.630   124619660.447        3712.031          39.000                                                                  
R11  19140066.714   102278790.134        1756.413          48.000    19140064.645    79550189.687        1366.107          49.000  
R07  21695364.457   116136948.201       -2715.846          48.000    21695362.371    90328787.365       -2112.321          48.000  
E25  24858200.236   130630756.488        -727.204          45.000    24858203.121   100093725.170        -557.188          47.000  
G06  21548073.661   113235837.764       -3334.374          46.000    21548074.738    88235734.912       -2598.165          44.000  
S31  37933085.317   199339717.974        -760.906          45.000  
S33  38921110.268   204531728.857        -760.625          40.000  
E02  24503854.783   128768689.676        1494.550          45.000    24503857.531    98666951.987        1145.315          47.000  
R09  22833348.922   121928807.828       -4763.874          39.000    22833349.223    94833453.783       -3705.188          46.000  
R10  19629454.672   104636049.501       -2543.751          44.000                                                                  
R08  19484069.336   104336311.048        -647.405          48.000    19484062.006    81150760.308        -503.526          47.000  
R01  21178003.525   113208581.682        1773.841          43.000    21178003.135    88051237.623        1379.635          42.000  
R23  22674124.152   121291109.364       -4250.337          46.000                                                                  
G07  19086322.125   100299260.284       -1567.859          49.000    19086317.532    78155193.539       -1221.882          46.000  
E34  27793286.051   146054515.141       -3643.237          41.000    27793304.226   111911850.915       -2791.553          42.000  
E13  24685200.964   129721529.239       -1095.185          44.000    24685204.686    99397037.595        -839.162          47.000  
E15  24830100.318   130483028.908       -3303.950          44.000    24830104.714    99980488.706       -2531.779          45.000  
G13  24554874.719   129036687.912        1347.343          41.000                                                                  
G20  21833783.360   114737277.276        2124.546          43.000                                                                  
E07  27123372.915   142534287.375         859.305          37.000    27123383.595   109214579.650         658.405          41.000  
G11  21832678.080   114731442.954       -1093.179          47.000    21832674.930    89401177.198        -851.704          43.000  
G14  22994874.939   120838944.675        2693.109          38.000    22994881.240    94160219.673        2098.895          40.000  
G05  24758350.555   130105982.913        2670.717          39.000    24758346.406   101381309.833        2080.912          34.000  
G22  25314898.920   133030691.8533       2421.085          37.000                                                                  
G03  24007691.175   126161154.821       -4153.792          40.000    24007698.838    98307318.545       -3236.578          37.000  
G04  23320629.355   122550702.164       -2933.382          43.000    23320629.713    95493962.172       -2286.172          42.000  
E30  27385173.086   143910037.990        2100.299          39.000    27385184.270   110268793.065        1609.271          41.000  
> 2024 06 08 13 43 30.4970000  0 33                     
E08  23739549.215   124752181.608         -44.599          46.000    23739549.329    95589319.615         -34.182          50.000  
G09  20749900.727   109041497.475       -1802.772          47.000    20749897.923    84967396.004       -1404.674          43.000  
E03  23839676.910   125278354.105       -1549.479          47.000    23839678.961    95992539.216       -1187.255          49.000  
E26  27482882.950   144423489.421        1101.280          39.000    27482884.193   110662192.553         843.866          38.000  
G30  19871664.804   104426289.216         621.149          49.000    19871663.636    81371113.066         484.143          44.000  
R24  22129047.763   118333843.694       -2143.120          47.000    22129046.687    92037435.817       -1666.855          45.000  
R12  23308213.827   124508255.672        3715.482          41.000                                                                  
R11  19130259.001   102226376.414        1737.760          49.000    19130256.010    79509423.591        1351.558          49.000  
R07  21710596.818   116218488.483       -2720.315          48.000    21710594.860    90392207.493       -2115.788          48.000  
E25  24862381.648   130652730.557        -737.795          45.000    24862384.388   100110562.457        -565.194          47.000  
G06  21567129.680   113335979.417       -3341.548          46.000    21567131.696    88313767.265       -2603.839          44.000  
S31  37937418.844   199362491.774        -757.494          46.000  
S33  38925442.064   204554493.237        -757.247          40.000  
E02  24495332.560   128723909.795        1490.856          44.000    24495336.232    98632640.153        1142.277          47.000  
R09  22860125.752   122071794.303       -4768.671          39.000    22860125.991    94944665.378       -3708.966          47.000  
R10  19643827.661   104712667.654       -2564.119          44.000    19642335.431                       -2096.297          11.000  
R08  19487709.507   104355802.365        -652.094          49.000    19487701.912    81165920.259        -507.363          47.000  
R01  21168036.533   113155304.982        1777.868          44.000    21168036.308    88009800.263        1383.020          42.000  
R23  22697956.779   121418597.357       -4248.842          46.000                                                                  
G07  19095312.443   100346513.474       -1582.172          47.000    19095308.299    78192014.271       -1233.043          45.000  
E34  27814061.624   146163689.489       -3635.069          42.000    27814079.605   111995503.728       -2785.147          42.000  
E13  24691485.006   129754548.210       -1105.955          45.000    24691488.206    99422337.771        -847.543          48.000  
E15  24848969.640   130582187.734       -3306.404          44.000    24848974.568   100056467.389       -2533.469          45.000  
G13  24547174.534   128996224.023        1350.149          41.000                                                                  
G20  21821668.804   114673615.320        2119.387          43.000                                                                  
E07  27118459.333   142508456.322         863.031          38.000    27118468.222   109194787.032         661.427          41.000  
G11  21838960.110   114764456.740       -1107.834          47.000    21838957.217    89426902.139        -863.309          44.000  
G14  22979490.100   120758096.519        2696.899          38.000    22979496.423    94097221.381        2101.276          41.000  
G05  24743091.351   130025797.896        2674.733          39.000    24743088.870   101318827.983        2084.579          35.000  
G22  25301046.412   132957904.0991       2432.177          36.000                                                                  
G03  24031407.917   126285785.475       -4155.106          40.000    24031415.974    98404432.993       -3238.224          37.000  
G04  23337369.083   122638670.909       -2931.071          43.000    23337369.667    95562509.068       -2283.743          41.000  
E30  27373162.279   143846923.070        2107.301          39.000    27373173.865   110220432.441        1614.694          42.000  
> 2024 06 08 13 44 00.4970000  0 33                     
E08  23739796.900   124753485.208         -42.307          46.000    23739797.442    95590318.479         -32.319          50.000  
G09  20760193.484   109095586.522       -1803.267          47.000    20760191.236    85009543.303       -1405.055          43.000  
E03  23848516.639   125324807.171       -1547.411          47.000    23848518.888    96028133.113       -1185.667          49.000  
E26  27476616.910   144390559.526        1094.081          40.000    27476618.009   110636960.475         838.591          39.000  
G30  19868152.708   104407837.540         608.990          48.000    19868152.729    81356735.192         474.359          45.000  
R24  22141116.029   118398374.111       -2158.796          48.000    22141114.029    92087625.942       -1679.030          45.000  
R12  23287338.998   124396749.890        3718.489          41.000                                                                  
R11  19120556.772   102174526.623        1718.873          50.000    19120552.830    79469096.082        1336.914          49.000  
R07  21725853.695   116300161.650       -2724.511          48.000    21725852.086    90455730.955       -2119.044          47.000  
E25  24866622.546   130675016.635        -748.130          45.000    24866625.361   100127638.821        -573.265          47.000  
G06  21586225.783   113436333.209       -3348.589          46.000    21586228.749    88391964.887       -2609.271          44.000  
S31  37941733.583   199385166.058        -754.026          46.000  
S33  38929755.295   204577158.756        -753.961          40.000  
E02  24486833.476   128679244.475        1486.836          44.000    24486836.581    98598416.076        1139.283          47.000  
R09  22886929.918   122214924.168       -4773.590          40.000    22886929.385    95055988.512       -3712.530          47.000  
R10  19658315.531   104789893.923       -2584.160          44.000                                                                  
R08  19491376.458   104375440.338        -656.901          48.000    19491369.446    81181194.252        -510.973          47.000  
R01  21158047.156   113101907.968        1781.891          43.000    21158047.638    87968269.334        1385.845          41.000  
R23  22721780.775   121546038.076       -4247.143          45.000                                                                  
G07  19104383.107   100394193.855       -1596.580          44.000    19104379.850    78229167.840       -1243.977          43.000  
E34  27834789.271   146272612.782       -3626.518          41.000    27834807.153   112078964.180       -2778.936          42.000  
E13  24697830.358   129787892.022       -1116.818          45.000    24697833.293    99447886.861        -855.725          48.000  
E15  24867852.610   130681420.149       -3308.829          43.000    24867858.439   100132502.468       -2535.315          46.000  
G13  24539458.485   128955675.590        1352.810          41.000                                                                  
G20  21809585.235   114610116.478        2113.922          43.000                                                                  
E07  27113524.307   142482517.745         866.413          38.000    27113531.791   109174912.033         663.975          40.000  
G11  21845326.321   114797910.504       -1122.437          48.000    21845323.750    89452969.938        -874.722          44.000  
G14  22964085.311   120677142.354        2700.195          39.000    22964090.494    94034140.456        2104.095          41.000  
G05  24727808.862   129945490.516        2678.956          40.000    24727807.466   101256250.810        2087.607          36.000  
G22  25287131.460   132884781.784        2443.488          34.000                                                                  
G03  24055135.115   126410470.081       -4157.095          40.000    24055142.891    98501589.460       -3239.177          36.000  
G04  23354095.172   122726565.326       -2928.489          43.000    23354095.303    95630998.072       -2281.922          41.000  
E30  27361111.399   143783595.832        2114.466          39.000    27361122.990   110171909.156        1620.162          42.000  
> 2024 06 08 13 44 30.4970000  0 33                     
E08  23740031.973   124754717.455         -40.029          46.000    23740032.335    95591262.680         -30.740          50.000  
G09  20770490.442   109149695.611       -1804.339          47.000    20770487.782    85051706.195       -1405.892          43.000  
E03  23857343.693   125371193.654       -1545.377          46.000    23857346.121    96063675.968       -1184.119          50.000  
E26  27470392.016   144357846.933        1086.554          40.000    27470392.540   110611894.964         832.867          39.000  
G30  19864713.042   104389758.875         596.289          48.000    19864712.619    81342647.911         464.569          45.000  
R24  22153274.250   118463384.015       -2175.157          48.000    22153271.799    92138189.049       -1691.832          46.000  
R12  23266446.677   124285149.313        3721.237          40.000                                                                  
R11  19110960.452   102123246.285        1699.509          50.000    19110955.984    79429211.517        1321.851          48.000  
R07  21741136.510   116381971.140       -2729.503          48.000    21741134.469    90519360.450       -2123.106          47.000  
E25  24870923.131   130697617.753        -758.886          45.000    24870926.015   100144956.568        -581.366          46.000  
G06  21605363.794   113536898.661       -3355.816          47.000    21605364.915    88470327.459       -2615.087          42.000  
S31  37946030.131   199407742.966        -751.342          46.000  
S33  38934049.707   204599726.445        -750.797          40.000  
E02  24478356.725   128634698.351        1482.726          44.000    24478359.747    98564283.343        1136.109          47.000  
R09  22913760.309   122358196.060       -4778.388          42.000    22913759.757    95167422.128       -3716.479          46.000  
R10  19672917.537   104867728.375       -2604.787          43.000                                                                  
R08  19495071.942   104395229.497        -662.435          49.000    19495064.872    81196585.816        -515.279          48.000  
R01  21148036.709   113048394.521        1785.475          44.000    21148036.211    87926647.886        1388.478          41.000  
R23  22745595.051   121673430.525       -4245.747          45.000                                                                  
G07  19113539.619   100442302.447       -1610.892          45.000    19113533.132    78266655.051       -1255.330          42.000  
E34  27855469.299   146381286.164       -3618.433          41.000    27855487.051   112162233.143       -2772.640          41.000  
E13  24704237.414   129821562.861       -1127.963          45.000    24704240.570    99473686.531        -864.247          47.000  
E15  24886751.137   130780726.723       -3311.564          44.000    24886756.146   100208594.369       -2537.653          46.000  
G13  24531727.117   128915045.099        1355.586          40.000                                                                  
G20  21797533.543   114546785.655        2107.985          43.000                                                                  
E07  27108567.484   142456473.849         869.690          38.000    27108575.778   109154956.356         666.497          40.000  
G11  21851776.363   114831805.862       -1137.521          47.000    21851774.320    89479381.823        -886.387          44.000  
G14  22948662.240   120596087.675        2703.143          39.000    22948665.527    93970981.228        2106.464          40.000  
G05  24712503.988   129865064.484        2682.609          40.000    24712503.135   101193581.192        2090.292          36.000  
G22  25273154.587   132811330.086        2453.506          37.000                                                                  
G03  24078872.077   126535209.664       -4158.907          40.000    24078880.234    98598788.781       -3240.743          36.000  
G04  23370807.626   122814388.349       -2926.369          43.000    23370807.819    95699431.467       -2280.678          41.000  
E30  27349021.436   143720060.686        2120.793          39.000    27349032.327   110123226.539        1625.143          42.000  
