     3.00           OBSERVATION DATA    M: Mixed            RINEX VERSION / TYPE
CONVBIN demo5 b34j                      20240609 013620 UTC PGM / RUN BY / DATE 
log: SAUC00CHL_R_20241601730_15M_30S_MO.ubx                 COMMENT             
format: u-blox UBX                                          COMMENT             
format: u-blox UBX                                          COMMENT             
log: SAUC00CHL_R_20241601730_15M_30S_MO.ubx                 COMMENT             
SAUC00CHL                                                   MARKER NAME         
                                                            MARKER NUMBER       
GEODETIC                                                    MARKER TYPE         
El Sauce            Obstech                                 OBSERVER / AGENCY   
UNKNOWN             UBLOX-ZED-F9P                           REC # / TYPE / VERS 
UNKNWOWN            TWIVSP6037L                             ANT # / TYPE        
  1813185.0000 -5195981.0000 -3216438.0000                  APPROX POSITION XYZ 
        0.0000        0.0000        0.0000                  ANTENNA: DELTA H/E/N
G    8 C1C L1C D1C S1C C2X L2X D2X S2X                      SYS / # / OBS TYPES 
R    8 C1C L1C D1C S1C C2C L2C D2C S2C                      SYS / # / OBS TYPES 
E    8 C1X L1X D1X S1X C7X L7X D7X S7X                      SYS / # / OBS TYPES 
S    4 C1C L1C D1C S1C                                      SYS / # / OBS TYPES 
  2024    06    08    17    30   00.0040000     GPS         TIME OF FIRST OBS   
  2024    06    08    17    44   30.0050000     GPS         TIME OF LAST OBS    
                                                            END OF HEADER       
> 2024 06 08 17 30 00.0040000  0 26                     
E08  25630353.370   134688377.1071      -2212.691          48.000    25630355.941   103202755.8321      -1695.566          49.000  
G23  26610918.525   139841288.6601       1499.604          38.000    26610916.610   108967269.6761       1168.511          34.000  
G12  26356302.806   138503264.4461       2554.694          40.000    26356317.319   107925064.7151       1990.663          36.000  
G30  24594002.321   129242289.8731      -2918.141          44.000    24594004.308   100708242.8511      -2273.755          39.000  
R13  21356373.239   114041850.4831       -297.964          38.000    21356373.776    88699474.9611       -231.902          41.000  
R12  21613258.228   115454210.8611      -2914.581          52.000    21613257.104    89797997.3441      -2266.845          48.000  
R14  25134765.020   133982412.8771       2105.377          43.000    25134789.111   104208620.5561       1637.543          45.000  
R03  22503683.008   120463984.5741       2593.671          50.000    22503680.975    93694282.1131       2017.276          47.000  
G19  23633251.435   124193820.4711       1781.310          43.000                                                                  
S31  39923530.760   209799478.7061       -748.733          45.000  
S33  40913056.418   214999427.4551       -750.531          41.000  
G17  23328812.140   122593980.4111       1004.389          45.000    23328811.588    95527889.0651        782.723          43.000  
E02  27359505.765   143775224.2671      -3207.191          44.000    27359508.234   110165462.9551      -2457.432          44.000  
R02  20409709.579   108910120.9731      -1173.434          49.000    20409709.784    84707900.5141       -912.528          48.000  
R01  22638144.344   121013824.1241      -4554.053          47.000    22638147.249    94121933.5961      -3542.224          42.000  
E18  21917809.019   115179117.4121      -2617.993          42.000    21917814.402    88254268.3171      -2006.139          47.000  
G13  21422764.532   112577444.8371        143.170          46.000                                                                  
G20  25141189.269   132117521.0411      -3777.038          40.000                                                                  
E07  24791507.428   130280305.3091        277.338          45.000    24791512.260    99825181.6691        212.714          50.000  
G14  22895039.574   120314381.8521      -3417.577          46.000    22895036.909    93751490.7601      -2663.108          43.000  
G05  23651791.548   124290905.2761      -3046.707          47.000    23651795.808    96850023.0491      -2374.040          42.000  
G22  21539912.107   113193207.9551      -1749.886          44.000                                                                  
G24  25410431.028   133532885.6461       1256.045          43.000    25410435.310   104051854.1291        978.891          42.000  
G15  23029065.487   121018592.7931       1624.000          47.000    23029064.039    94300260.9001       1265.349          43.000  
E30  24632244.236   129443496.2291      -1212.825          45.000    24632248.429    99184087.5741       -929.415          50.000  
E27  26295130.725   138182006.1831       1207.026          46.000    26295136.307   105879849.5031        924.880          47.000  
> 2024 06 08 17 30 30.0040000  0 26                     
E08  25643004.806   134754860.414       -2219.647          48.000    25643007.133   103253697.554       -1700.792          49.000  
G23  26602386.557   139796457.202        1488.839          38.000    26602385.569   108932336.085        1160.384          36.000  
G12  26341724.275   138426654.883        2551.995          41.000    26341739.365   107865368.678        1988.660          36.000  
G30  24610657.533   129329815.189       -2917.294          44.000    24610659.978   100776444.327       -2273.090          39.000  
R13  21358079.184   114050960.222        -309.551          38.000    21358079.790    88706560.395        -240.687          41.000  
R12  21629638.700   115541711.345       -2919.052          52.000    21629637.279    89866053.306       -2270.382          48.000  
R14  25122930.510   133919331.707        2099.756          44.000    25122955.015   104159557.614        1633.148          46.000  
R03  22489179.152   120386346.376        2581.884          50.000    22489177.045    93633896.885        2008.087          48.000  
G19  23623100.940   124140482.047        1774.254          42.000                                                                  
S31  39927798.027   209821903.808        -746.222          45.000  
S33  40917333.399   215021902.746        -747.950          41.000  
G17  23323111.667   122564026.563         992.028          45.000    23323111.340    95504548.495         773.074          43.000  
E02  27377814.669   143871438.639       -3207.300          44.000    27377817.523   110239185.603       -2457.505          44.000  
R02  20416371.638   108945671.002       -1196.932          49.000    20416371.037    84735550.554        -930.899          48.000  
R01  22663732.117   121150607.538       -4564.908          46.000    22663735.134    94228320.471       -3550.697          42.000  
E18  21932830.937   115258057.880       -2644.767          42.000    21932836.162    88314755.285       -2026.437          47.000  
G13  21421977.421   112573306.640         132.597          46.000                                                                  
G20  25162744.103   132230790.734       -3774.017          41.000                                                                  
E07  24789939.709   130272065.317         271.559          45.000    24789944.323    99818867.917         208.136          50.000  
G14  22914567.058   120417000.074       -3423.864          46.000    22914564.830    93831453.007       -2667.942          44.000  
G05  23669208.367   124382426.760       -3054.930          48.000    23669211.802    96921338.156       -2380.267          41.000  
G22  21549941.918   113245913.444       -1764.136          44.000                                                                  
G24  25403250.196   133495148.943        1259.243          43.000    25403253.708   104022449.196         981.196          42.000  
G15  23019813.869   120969975.466        1617.013          46.000    23019812.065    94262377.314        1260.018          43.000  
E30  24639190.531   129479997.734       -1220.937          45.000    24639194.370    99212056.303        -935.453          50.000  
E27  26288255.888   138145885.091        1200.968          46.000    26288262.451   105852172.547         920.131          46.000  
> 2024 06 08 17 31 00.0040000  0 26                     
E08  25655698.881   134821566.485       -2227.581          48.000    25655701.049   103304809.970       -1706.685          49.000  
G23  26593917.484   139751955.887        1477.677          40.000    26593918.057   108897659.705        1151.523          37.000  
G12  26327162.178   138350125.645        2549.402          41.000    26327176.615   107805735.252        1986.336          35.000  
G30  24627309.885   129417324.015       -2916.839          43.000    24627312.441   100844632.959       -2273.061          39.000  
R13  21359850.153   114060416.5911       -321.040          39.000    21359849.751    88713913.100        -249.841          41.000  
R12  21646044.378   115629351.762       -2923.940          50.000    21646043.321    89934218.101       -2274.159          47.000  
R14  25111131.168   133856430.444        2093.451          46.000    25111154.111   104110634.597        1628.192          43.000  
R03  22474744.665   120309076.011        2569.236          50.000    22474742.232    93573797.742        1998.297          48.000  
G19  23612991.551   124087356.572        1767.098          42.000                                                                  
S31  39932053.706   209844265.840        -744.851          45.000  
S33  40921598.164   215044314.477        -746.217          41.000  
G17  23317484.360   122534456.434         979.052          45.000    23317484.029    95481506.941         762.829          43.000  
E02  27396127.320   143967671.774       -3208.490          44.000    27396129.847   110312922.667       -2458.588          44.000  
R02  20423168.930   108981943.969       -1221.382          49.000    20423168.660    84763762.854        -950.015          47.000  
R01  22689382.806   121287721.054       -4576.315          46.000    22689385.332    94334964.101       -3559.311          41.000  
E18  21948008.327   115337808.712       -2672.177          43.000    21948012.717    88375863.236       -2047.496          47.000  
G13  21421253.958   112569498.188         121.138          47.000                                                                  
G20  25184281.509   132343970.975       -3771.217          41.000                                                                  
E07  24788408.627   130264020.120         264.651          46.000    24788413.338    99812703.405         202.821          50.000  
G14  22934131.782   120519813.566       -3430.794          46.000    22934129.935    93911567.384       -2673.377          44.000  
G05  23686674.335   124474203.824       -3063.766          50.000    23686676.500    96992852.462       -2387.284          41.000  
G22  21560053.921   113299052.479       -1778.781          45.000                                                                  
G24  25396053.936   133457332.789        1261.518          43.000    25396056.937   103992982.328         982.959          43.000  
G15  23010604.015   120921580.147        1609.187          46.000    23010602.954    94224666.736        1253.983          43.000  
E30  24646184.439   129516750.684       -1229.626          45.000    24646188.144    99240217.698        -942.168          50.000  
E27  26281419.223   138109962.527        1193.714          45.000    26281425.957   105824647.694         914.644          46.000  
> 2024 06 08 17 31 30.0040000  0 26                     
E08  25668436.078   134888501.531       -2235.273          48.000    25668438.520   103356097.861       -1712.708          49.000  
G23  26585514.471   139707793.069        1466.129          41.000    26585513.217   108863247.184        1142.164          35.000  
G12  26312616.684   138273685.037        2546.202          39.000    26312630.484   107746170.929        1983.562          33.000  
G30  24643960.725   129504822.785       -2916.958          43.000    24643963.148   100912813.745       -2272.950          40.000  
R13  21361685.121   114070218.780        -332.774          38.000    21361684.802    88721537.136        -258.882          40.000  
R12  21662477.542   115717136.034       -2928.839          51.000    21662476.206    90002494.775       -2277.930          47.000  
R14  25099366.705   133793715.880        2086.981          46.000    25099388.100   104061856.808        1623.218          44.000  
R03  22460381.064   120232183.634        2556.440          51.000    22460377.888    93513992.607        1988.188          48.000  
G19  23602925.038   124034453.755        1759.433          43.000                                                                  
S31  39936297.988   209866570.027        -743.061          45.000  
S33  40925852.356   215066669.596        -744.670          41.000  
G17  23311931.837   122505279.261         965.782          46.000    23311931.317    95458771.603         752.384          43.000  
E02  27414444.577   144063928.493       -3209.147          44.000    27414446.808   110386677.796       -2458.998          43.000  
R02  20430103.344   109018946.170       -1245.741          49.000    20430102.609    84792542.321        -968.987          47.000  
R01  22715094.402   121425167.402       -4587.357          45.000    22715097.605    94441866.593       -3567.844          41.000  
E18  21963340.831   115418373.727       -2699.524          45.000    21963344.076    88437595.011       -2068.394          48.000  
G13  21420594.492   112566027.653         109.729          48.000                                                                  
G20  25205803.266   132457065.444       -3768.580          41.000                                                                  
E07  24786916.579   130256177.433         257.504          46.000    24786920.727    99806694.065         197.520          50.000  
G14  22953734.421   120622826.088       -3437.347          46.000    22953733.116    93991836.833       -2678.466          45.000  
G05  23704187.833   124566239.762       -3072.476          49.000    23704191.321    97064568.501       -2394.156          43.000  
G22  21570250.063   113352629.447       -1793.509          46.000                                                                  
G24  25388843.697   133419443.318        1263.958          43.000    25388846.760   103963458.315         984.829          42.000  
G15  23001438.845   120873415.427        1601.404          46.000    23001437.274    94187135.846        1247.831          43.000  
E30  24653227.429   129553760.308       -1238.319          45.000    24653230.589    99268575.763        -948.935          49.000  
E27  26274620.991   138074245.283        1186.757          44.000    26274628.695   105797280.155         909.417          45.000  
> 2024 06 08 17 32 00.0040000  0 26                     
E08  25681222.437   134955690.624       -2243.962          48.000    25681224.332   103407580.406       -1719.460          49.000  
G23  26577179.991   139663995.776        1453.688          38.000    26577178.706   108829119.340        1133.131          37.000  
G12  26298092.175   138197359.794        2542.140          39.000    26298105.881   107686696.475        1980.012          31.000  
G30  24660614.135   129592336.721       -2917.715          43.000    24660616.955   100981006.336       -2273.500          40.000  
R13  21363589.157   114080384.3041       -345.734          39.000    21363590.131    88729450.766        -268.935          41.000  
R12  21678943.325   115805086.952       -2934.563          52.000    21678941.215    90070901.084       -2282.471          48.000  
R14  25087641.557   133731214.882        2079.443          46.000    25087662.830   104013245.181        1617.291          42.000  
R03  22446093.071   120155699.392        2542.389          51.000    22446089.662    93454504.889        1977.452          48.000  
G19  23592905.804   123981801.747        1750.670          44.000                                                                  
S31  39940536.222   209888842.003        -742.227          45.000  
S33  40930100.088   215088992.548        -743.802          41.000  
G17  23306460.039   122476522.945         951.295          47.000    23306458.955    95436364.236         741.188          42.000  
E02  27432770.599   144160232.464       -3211.072          44.000    27432773.189   110460469.162       -2460.467          44.000  
R02  20437179.195   109056703.504       -1271.282          49.000    20437178.737    84821909.109        -988.789          48.000  
R01  22740872.908   121562968.636       -4599.255          45.000    22740876.242    94549045.082       -3577.375          41.000  
E18  21978830.520   115499775.591       -2727.510          44.000    21978834.173    88499968.011       -2089.755          49.000  
G13  21420004.505   112562922.227          97.085          49.000                                                                  
G20  25227311.649   132570096.567       -3766.959          40.000                                                                  
E07  24785468.474   130248563.798         249.743          46.000    24785471.952    99800860.251         191.314          50.000  
G14  22973379.517   120726060.335       -3445.081          46.000    22973377.875    94072279.019       -2684.404          45.000  
G05  23721755.009   124658557.159       -3082.186          48.000    23721759.590    97136503.812       -2401.720          42.000  
G22  21580533.547   113406667.840       -1809.094          46.000                                                                  
G24  25381624.000   133381505.485        1265.240          43.000    25381627.077   103933896.605         985.936          42.000  
G15  22992322.802   120825508.913        1592.359          47.000    22992320.892    94149806.148        1240.832          43.000  
E30  24660324.161   129591050.764       -1247.919          45.000    24660326.314    99297148.987        -956.227          49.000  
E27  26267868.951   138038759.087        1178.749          45.000    26267875.700   105770089.637         903.299          45.000  
> 2024 06 08 17 32 30.0040000  0 26                     
E08  25694059.543   135023150.388       -2253.501          48.000    25694061.619   103459270.368       -1726.760          49.000  
G23  26568918.128   139620582.629        1440.450          38.000    26568918.665   108795290.928        1122.328          39.000  
G12  26283592.803   138121167.963        2537.450          39.000    26283609.948   107627325.901        1976.537          32.000  
G30  24677273.994   129679882.525       -2918.980          43.000    24677276.480   101049223.737       -2274.444          40.000  
R13  21365568.089   114090946.910        -358.979          39.000    21365568.027    88737666.247        -279.051          41.000  
R12  21695441.831   115893218.932       -2941.016          51.000    21695439.401    90139448.216       -2287.494          48.000  
R14  25075959.182   133668944.107        2071.515          46.000    25075980.321   103964812.793        1611.157          47.000  
R03  22431885.710   120079644.976        2527.609          51.000    22431881.905    93395351.495        1966.016          48.000  
G19  23582938.052   123929420.525        1741.228          45.000                                                                  
S31  39944771.653   209911098.692        -742.037          45.000  
S33  40934345.250   215111299.386        -743.804          41.000  
G17  23301071.823   122448206.778         936.168          47.000    23301070.348    95414299.813         729.515          42.000  
E02  27451108.654   144256598.920       -3213.702          44.000    27451110.918   110534308.398       -2462.327          44.000  
R02  20444398.764   109095233.109       -1297.484          48.000    20444399.871    84851876.565       -1009.203          49.000  
R01  22766720.118   121701138.391       -4612.134          44.000    22766724.033    94656510.174       -3587.278          41.000  
E18  21994480.986   115582028.458       -2756.302          43.000    21994486.362    88562993.089       -2111.873          49.000  
G13  21419486.897   112560200.788          83.966          49.000                                                                  
G20  25248812.165   132683078.147       -3765.394          40.000                                                                  
E07  24784066.415   130241197.320         241.148          46.000    24784070.215    99795215.829         184.737          50.000  
G14  22993069.607   120829530.491       -3453.216          46.000    22993067.396    94152905.084       -2691.079          44.000  
G05  23739377.558   124751169.430       -3092.299          47.000    23739382.391    97208668.960       -2409.628          41.000  
G22  21590906.883   113461182.632       -1825.304          45.000                                                                  
G24  25374397.787   133343535.836        1265.636          41.000    25374401.299   103904310.085         986.239          41.000  
G15  22983259.463   120777879.545        1582.723          47.000    22983257.259    94112692.419        1233.141          43.000  
E30  24667477.294   129628637.625       -1258.213          45.000    24667478.467    99325949.334        -964.015          49.000  
E27  26261164.880   138003521.129        1170.118          46.000    26261169.954   105743089.296         896.541          45.000  
> 2024 06 08 17 33 00.0040000  0 26                     
E08  25706953.861   135090914.906       -2264.409          47.000    25706957.089   103511193.833       -1735.082          50.000  
G23  26560736.118   139577589.744        1425.270          37.000    26560737.810   108761789.967        1111.001          39.000  
G12  26269126.675   138045145.991        2530.888          38.000    26269144.207   107568087.766        1972.045          35.000  
G30  24693945.959   129767494.551       -2921.942          42.000    24693948.628   101117492.769       -2276.911          40.000  
R13  21367623.806   114101929.4591       -373.461          39.000    21367624.869    88746209.157        -290.384          41.000  
R12  21711979.081   115981564.083       -2948.872          50.000    21711977.643    90208161.125       -2293.512          47.000  
R14  25064326.353   133606939.458        2061.731          44.000    25064347.310   103916587.399        1603.937          45.000  
R03  22417765.101   120004058.272        2511.194          51.000    22417761.842    93336561.913        1953.169          49.000  
G19  23573028.647   123877347.815        1730.050          45.000                                                                  
S31  39949010.625   209933374.152        -743.402          45.000  
S33  40938594.029   215133626.103        -744.970          40.000  
G17  23295774.147   122420367.560         919.531          46.000    23295772.836    95392607.067         716.561          43.000  
E02  27469464.730   144353060.506       -3217.438          44.000    27469466.716   110608220.547       -2465.420          43.000  
R02  20451769.520   109134570.064       -1325.202          47.000    20451771.955    84882471.965       -1030.764          49.000  
R01  22792642.640   121839707.799       -4625.985          44.000    22792646.423    94764286.117       -3598.201          41.000  
E18  22010299.996   115665163.893       -2786.435          41.000    22010306.219    88626694.398       -2135.004          49.000  
G13  21419049.078   112557899.089          69.174          49.000                                                                  
G20  25270308.699   132796041.835       -3765.609          40.000                                                                  
E07  24782718.441   130234113.520         230.780          46.000    24782722.291    99789787.990         176.978          51.000  
G14  23012810.521   120933268.211       -3463.041          47.000    23012807.835    94233739.610       -2698.351          43.000  
G05  23757062.801   124844107.811       -3103.817          45.000    23757068.686    97281088.161       -2418.665          43.000  
G22  21601376.941   113516206.348       -1843.154          44.000                                                                  
G24  25367172.055   133305568.296        1265.073          41.000    25367175.680   103874725.195         985.686          42.000  
G15  22974255.297   120730563.877        1571.401          47.000    22974253.512    94075823.112        1224.672          43.000  
E30  24674692.524   129666553.951       -1269.845          46.000    24674693.528    99355002.149        -973.033          48.000  
E27  26254513.097   137968566.049        1159.984          45.000    26254518.068   105716305.713         888.621          46.000  
> 2024 06 08 17 33 30.0040000  0 26                     
E08  25719912.553   135159013.091       -2276.008          47.000    25719915.798   103563372.961       -1744.070          50.000  
G23  26552640.865   139535047.977        1409.979          37.000    26552641.811   108728640.545        1098.479          38.000  
G12  26254691.796   137969323.731        2524.796          32.000    26254716.089   107509005.363        1965.916          35.000  
G30  24710636.183   129855201.910       -2925.925          42.000    24710638.647   101185836.072       -2279.991          40.000  
R13  21369765.738   114113361.999        -389.132          39.000    21369765.187    88755101.291        -302.916          41.000  
R12  21728562.921   116070149.269       -2957.420          51.000    21728560.668    90277060.745       -2300.254          47.000  
R14  25052749.235   133545230.479        2051.471          44.000    25052770.923   103868591.936        1595.496          45.000  
R03  22403738.756   119928973.791        2493.767          51.000    22403735.308    93278162.946        1939.609          49.000  
G19  23563183.799   123825615.650        1718.185          44.000                                                                  
S31  39953258.506   209955696.997        -745.566          45.000  
S33  40942851.713   215156000.956        -747.210          40.000  
G17  23290572.379   122393036.235         901.940          46.000    23290571.994    95371310.076         702.751          43.000  
E02  27487844.025   144449644.706       -3222.216          44.000    27487846.146   110682226.618       -2468.917          43.000  
R02  20459297.843   109174743.512       -1353.662          47.000    20459300.085    84913717.991       -1052.822          48.000  
R01  22818644.098   121978702.324       -4640.654          44.000    22818648.842    94872392.666       -3609.634          41.000  
E18  22026292.607   115749208.280       -2817.094          40.000    22026299.031    88691092.185       -2158.624          49.000  
G13  21418696.753   112556048.027          53.670          49.000                                                                  
G20  25291807.512   132909013.808       -3766.690          41.000                                                                  
E07  24781430.203   130227342.723         219.962          46.000    24781433.813    99784599.998         168.480          51.000  
G14  23032607.144   121037299.922       -3473.124          47.000    23032604.638    94314803.250       -2706.314          43.000  
G05  23774816.216   124937397.981       -3116.004          46.000    23774821.768    97353781.475       -2428.302          42.000  
G22  21611949.678   113571766.014       -1861.391          44.000                                                                  
G24  25359954.127   133267631.689        1263.344          42.000    25359956.244   103845164.359         984.601          41.000  
G15  22965317.137   120683593.380        1559.300          47.000    22965315.264    94039222.775        1215.297          42.000  
E30  24681976.070   129704827.687       -1282.347          46.000    24681977.078    99384328.816        -982.575          49.000  
E27  26247920.612   137933923.287        1148.988          45.000    26247925.981   105689761.431         880.448          46.000  
> 2024 06 08 17 34 00.0040000  0 26                     
E08  25732940.285   135227474.427       -2288.608          47.000    25732943.420   103615830.352       -1753.675          49.000  
G23  26544637.546   139492989.000        1393.254          36.000    26544637.980   108695867.332        1085.641          39.000  
G12  26240304.241   137893696.8301       2515.976          33.000    26240331.956   107450103.220        1959.989          36.000  
G30  24727350.308   129943034.206       -2930.361          41.000    24727353.103   101254276.765       -2283.379          41.000  
R13  21371994.769   114125267.6631       -405.746          39.000    21371995.480    88764364.501        -315.333          41.000  
R12  21745196.760   116159001.835       -2966.688          51.000    21745194.496    90346168.336       -2307.459          47.000  
R14  25041234.018   133483847.890        2040.069          45.000    25041256.038   103820850.388        1586.896          45.000  
R03  22389812.147   119854425.162        2475.487          50.000    22389809.386    93220180.741        1925.308          49.000  
G19  23553410.136   123774256.980        1705.154          43.000                                                                  
S31  39957521.239   209978097.575        -748.579          45.000  
S33  40947124.235   215178452.932        -750.235          40.000  
G17  23285474.137   122366246.120         883.310          45.000    23285474.178    95350434.790         688.368          43.000  
E02  27506251.913   144546379.657       -3227.339          44.000    27506254.343   110756348.191       -2473.016          43.000  
R02  20466988.943   109215783.625       -1383.005          47.000    20466990.767    84945638.086       -1075.642          48.000  
R01  22844731.368   122118177.0491      -4656.104          44.000    22844735.438    94980850.975       -3621.694          40.000  
E18  22042464.874   115834188.542       -2848.643          41.000    22042469.937    88756207.051       -2182.843          48.000  
G13  21418435.853   112554679.240          37.090          48.000                                                                  
G20  25313312.513   133022020.955       -3767.810          41.000                                                                  
E07  24780207.773   130220915.936         208.030          47.000    24780210.621    99779675.580         159.443          51.000  
G14  23052464.620   121141652.787       -3484.374          47.000    23052462.450    94396117.145       -2715.091          44.000  
G05  23792641.728   125031066.602       -3128.996          47.000    23792646.597    97426769.696       -2438.136          42.000  
G22  21622630.450   113627889.677       -1880.789          45.000                                                                  
G24  25352746.011   133229755.403        1261.258          42.000    25352748.122   103815650.566         982.857          40.000  
G15  22956450.840   120637000.134        1546.389          47.000    22956448.538    94002916.399        1204.848          42.000  
E30  24689332.855   129743487.302       -1295.551          46.000    24689334.380    99413951.139        -992.732          49.000  
E27  26241391.901   137899622.937        1137.074          44.000    26241398.923   105663479.549         871.258          47.000  
> 2024 06 08 17 34 30.0040000  0 27                     
E08  25746043.000   135296327.877       -2301.896          47.000    25746045.620   103668588.200       -1763.832          49.000  
G23  26536731.738   139451443.645        1375.729          38.000    26536732.634   108663494.383        1072.217          40.000  
G12  26225976.731   137818367.955        2506.561          37.000    26225997.879   107391405.247        1953.490          37.000  
G30  24744094.002   130031020.701       -2935.560          41.000    24744096.212   101322837.590       -2287.611          41.000  
R13  21374320.467   114137682.701        -422.782          39.000    21374320.382    88774020.807        -328.590          41.000  
R12  21761884.882   116248148.711       -2976.643          51.000    21761883.247    90415504.784       -2315.223          48.000  
R14  25029784.702   133422821.524        2028.052          43.000    25029807.874   103773385.888        1577.209          45.000  
R03  22375991.883   119780446.931        2456.198          50.000    22375989.356    93162642.198        1910.282          49.000  
G19  23543713.677   123723303.795        1691.344          42.000                                                                  
S31  39961804.352   210000604.724        -752.554          45.000  
S33  40951416.839   215201011.254        -754.102          40.000  
G17  23280485.039   122340028.181         864.001          46.000    23280485.333    95330005.359         673.271          43.000  
E02  27524693.981   144643293.027       -3233.700          45.000    27524696.331   110830606.449       -2477.684          43.000  
R02  20474848.421   109257719.694       -1413.032          48.000    20474848.727    84978254.996       -1098.938          48.000  
R01  22870908.140   122258102.051       -4672.478          45.000    22870910.887    95089681.297       -3634.149          40.000  
E18  22058820.190   115920130.910       -2880.816          42.000    22058823.801    88822059.130       -2207.469          48.000  
G13  21418272.253   112553823.643          19.767          48.000                                                                  
G20  25334829.707   133135089.758       -3769.993          41.000                                                                  
E07  24779055.855   130214863.576         195.250          47.000    24779058.884    99775038.066         149.623          50.000  
G14  23072388.784   121246353.355       -3496.022          47.000    23072386.166    94477701.995       -2724.392          44.000  
G05  23810543.746   125125140.437       -3142.641          48.000    23810548.439    97500073.665       -2448.838          42.000  
G22  21633423.581   113684604.441       -1900.569          46.000                                                                  
G24  25345554.227   133191968.429        1257.680          42.000    25345557.487   103786206.342         980.027          40.000  
G15  22947661.984   120590815.629        1532.381          47.000    22947659.699    93966928.505        1193.940          42.000  
E30  24696767.524   129782560.774       -1309.604          46.000    24696770.346    99443890.561       -1003.461          50.000  
E27  26234935.394   137865694.596        1124.459          45.000    26234942.961   105637482.724         861.594          47.000  
R21                                                                  25625508.934                         401.000          10.000  
> 2024 06 08 17 35 00.0040000  0 26                     
E08  25759223.595   135365591.053       -2315.779          48.000    25759226.036   103721659.998       -1774.467          49.000  
G23  26528926.553   139410431.548        1357.958          39.000    26528928.935   108631536.939        1058.264          40.000  
G12  26211697.821   137743320.600        2496.594          40.000    26211717.402   107332926.590        1946.140          37.000  
G30  24760870.222   130119179.151       -2941.866          41.000    24760872.260   101391532.410       -2292.144          41.000  
R13  21376743.011   114150614.0151       -440.125          39.000    21376742.684    88784082.565        -342.129          40.000  
R12  21778630.749   116337605.380       -2987.213          50.000    21778629.625    90485082.154       -2323.364          48.000  
R14  25018406.047   133362169.973        2015.155          45.000    25018428.981   103726212.965        1567.395          43.000  
R03  22362283.341   119707061.115        2436.097          50.000    22362280.430    93105564.407        1894.631          49.000  
G19  23534098.995   123672777.265        1676.716          42.000                                                                  
S31  39966110.908   210023236.342        -756.953          45.000  
S33  40955733.300   215223694.411        -758.575          40.000  
G17  23275609.389   122314403.077         843.990          47.000    23275608.452    95310037.880         657.667          43.000  
E02  27543172.720   144740401.117       -3240.393          44.000    27543175.058   110905013.936       -2482.827          42.000  
R02  20482880.013   109300569.833       -1443.730          49.000    20482878.305    85011582.841       -1122.823          47.000  
R01  22897176.117   122398519.610       -4689.042          44.000    22897179.612    95198894.671       -3646.823          42.000  
E18  22075359.899   116007050.373       -2913.644          43.000    22075364.169    88888659.888       -2232.603          48.000  
G13  21418209.951   112553500.739           1.628          47.000                                                                  
G20  25356360.154   133248235.313       -3772.933          39.000                                                                  
E07  24777978.677   130209204.765         181.814          46.000    24777982.013    99770702.099         139.415          50.000  
G14  23092381.542   121351416.885       -3508.363          48.000    23092379.419    94559569.649       -2733.698          45.000  
G05  23828525.679   125219633.956       -3156.820          48.000    23828530.066    97573704.660       -2459.998          42.000  
G22  21644331.436   113741926.413       -1920.996          47.000                                                                  
G24  25338383.422   133154288.315        1254.034          42.000    25338387.523   103756845.372         977.007          41.000  
G15  22938954.465   120545059.574        1517.973          46.000    22938952.659    93931274.476        1182.686          42.000  
E30  24704283.888   129822064.739       -1324.078          45.000    24704287.972    99474159.830       -1014.551          51.000  
E27  26228554.839   137832156.477        1111.238          46.000    26228560.567   105611784.889         851.539          47.000  
> 2024 06 08 17 35 30.0040000  0 26                     
E08  25772486.739   135435288.703       -2330.580          48.000    25772489.031   103775064.689       -1785.770          49.000  
G23  26521230.306   139369979.434        1338.951          41.000    26521231.564   108600015.837        1043.256          41.000  
G12  26197476.564   137668581.192        2486.013          42.000    26197495.070   107274688.019        1937.000          37.000  
G30  24777683.754   130207534.530       -2948.406          41.000    24777685.648   101460380.681       -2297.503          41.000  
R13  21379267.130   114164095.524        -458.674          39.000    21379266.940    88794568.354        -356.717          40.000  
R12  21795439.989   116427394.789       -2998.634          51.000    21795438.122    90554918.363       -2332.203          47.000  
R14  25007102.607   133301919.193        2001.550          45.000    25007125.777   103679351.756        1556.696          44.000  
R03  22348691.118   119634296.946        2414.892          51.000    22348686.606    93048970.101        1878.263          48.000  
G19  23524570.775   123622705.433        1661.224          43.000                                                                  
S31  39970445.495   210046016.260        -761.914          45.000  
S33  40960078.196   215246527.040        -763.579          40.000  
G17  23270851.323   122289398.027         822.897          47.000    23270849.888    95290553.572         641.126          43.000  
E02  27561692.947   144837727.358       -3247.942          44.000    27561695.577   110979588.567       -2488.744          42.000  
R02  20491086.140   109344359.064       -1475.441          49.000    20491085.301    85045641.094       -1147.572          48.000  
R01  22923541.082   122539451.421       -4706.347          45.000    22923545.214    95308508.010       -3660.302          42.000  
E18  22092090.296   116094968.987       -2947.288          44.000    22092094.646    88956026.222       -2258.250          48.000  
G13  21418254.118   112553737.234         -17.402          46.000                                                                  
G20  25377910.206   133361479.612       -3776.832          39.000                                                                  
E07  24776981.387   130203965.721         167.572          46.000    24776984.904    99766687.783         128.438          50.000  
G14  23112447.706   121456865.745       -3521.466          48.000    23112445.726    94641737.585       -2744.071          45.000  
G05  23846590.999   125314568.614       -3171.782          47.000    23846596.301    97647679.376       -2471.526          42.000  
G22  21655359.372   113799878.999       -1942.390          47.000                                                                  
G24  25331238.494   133116739.857        1249.562          42.000    25331242.572   103727587.006         973.168          41.000  
G15  22930333.962   120499759.561        1502.183          46.000    22930332.194    93895975.793        1170.546          43.000  
E30  24711887.097   129862023.011       -1339.658          44.000    24711892.030    99504777.199       -1026.522          51.000  
E27  26222252.210   137799033.892        1097.088          47.000    26222256.954   105586405.431         840.647          47.000  
> 2024 06 08 17 36 00.0040000  0 26                     
E08  25785835.189   135505434.572       -2346.147          48.000    25785837.109   103828812.824       -1797.727          49.000  
G23  26513643.158   139330103.130        1318.850          40.000    26513643.405   108568943.371        1027.603          41.000  
G12  26183316.331   137594165.536        2474.645          43.000    26183334.721   107216701.687        1928.246          37.000  
G30  24794537.158   130296100.853       -2956.060          41.000    24794539.250   101529393.315       -2303.546          41.000  
R13  21381896.101   114178134.553        -477.712          39.000    21381895.868    88805487.754        -371.363          41.000  
R12  21812312.871   116517528.375       -3010.708          51.000    21812311.484    90625022.278       -2341.528          47.000  
R14  24995877.831   133242083.330        1987.140          45.000    24995900.118   103632813.299        1545.697          43.000  
R03  22335217.887   119562172.906        2392.884          51.000    22335214.094    92992873.709        1861.112          48.000  
G19  23515132.277   123573105.125        1644.881          44.000                                                                  
S31  39974811.803   210068959.770        -768.119          45.000  
S33  40964454.415   215269523.492        -769.558          41.000  
G17  23266213.817   122265030.369         801.198          47.000    23266212.195    95271565.944         624.252          42.000  
E02  27580257.331   144935284.222       -3256.197          44.000    27580259.810   111054339.913       -2495.034          42.000  
R02  20499469.878   109389101.577       -1507.776          48.000    20499470.680    85080440.789       -1172.720          49.000  
R01  22950003.582   122680908.244       -4724.408          45.000    22950007.520    95418529.694       -3674.576          42.000  
E18  22109012.641   116183897.887       -2981.591          43.000    22109017.207    89024166.656       -2284.528          49.000  
G13  21418407.220   112554549.151         -37.231          45.000                                                                  
G20  25399480.247   133474833.957       -3780.988          39.000                                                                  
E07  24776067.427   130199161.747         152.399          46.000    24776070.652    99763006.834         116.801          50.000  
G14  23132589.597   121562711.334       -3535.320          48.000    23132587.360    94724214.653       -2754.608          46.000  
G05  23864742.566   125409955.444       -3187.581          47.000    23864747.360    97722006.408       -2483.595          40.000  
G22  21666509.135   113858473.866       -1964.253          46.000                                                                  
G24  25324120.958   133079336.800        1244.001          42.000    25324124.995   103698441.903         969.463          41.000  
G15  22921804.253   120454931.793        1485.869          47.000    22921801.527    93861045.082        1157.728          42.000  
E30  24719578.431   129902448.328       -1355.680          43.000    24719584.765    99535752.431       -1038.830          52.000  
E27  26216030.291   137766341.239        1082.159          47.000    26216035.265   105561355.386         829.176          46.000  
> 2024 06 08 17 36 30.0040000  0 26                     
E08  25799271.944   135576047.044       -2361.425          48.000    25799274.040   103882918.488       -1809.625          49.000  
G23  26506168.074   139290822.919        1299.063          38.000    26506168.859   108538335.434        1012.295          40.000  
G12  26169220.959   137520093.454        2463.557          43.000    26169238.925   107158983.113        1919.225          37.000  
G30  24811434.423   130384896.846       -2963.801          41.000    24811437.147   101598584.868       -2309.370          41.000  
R13  21384633.802   114192748.438        -496.560          40.000    21384632.836    88816854.311        -386.621          41.000  
R12  21829253.661   116608022.443       -3022.529          51.000    21829252.699    90695406.549       -2350.861          48.000  
R14  24984734.635   133182681.929        1972.668          45.000    24984756.375   103586612.754        1534.589          42.000  
R03  22321867.808   119490711.956        2370.792          51.000    22321864.171    92937293.030        1844.046          47.000  
G19  23505788.289   123523998.267        1628.651          46.000                                                                  
S31  39979212.406   210092085.155        -774.014          45.000  
S33  40968864.974   215292701.310        -775.760          41.000  
G17  23261701.432   122241320.247         779.309          47.000    23261699.221    95253090.678         607.041          41.000  
E02  27598868.815   145033088.824       -3264.254          44.000    27598871.461   111129281.105       -2501.307          42.000  
R02  20508036.742   109434815.825       -1540.069          48.000    20508038.074    85115996.300       -1197.910          49.000  
R01  22976567.620   122822905.120       -4742.220          45.000    22976571.257    95528971.398       -3688.511          42.000  
E18  22126130.316   116273852.715       -3015.538          43.000    22126135.160    89093093.188       -2310.752          49.000  
G13  21418674.308   112555956.967         -56.791          43.000                                                                  
G20  25421075.376   133588314.297       -3784.605          39.000                                                                  
E07  24775240.162   130194812.737         137.324          46.000    24775242.879    99759674.508         105.230          50.000  
G14  23152809.600   121668969.732       -3548.930          49.000    23152807.828    94807013.402       -2765.399          46.000  
G05  23882983.947   125505810.318       -3202.940          47.000    23882987.399    97796698.219       -2495.699          39.000  
G22  21677784.752   113917727.646       -1986.103          46.000                                                                  
G24  25317034.381   133042097.513        1238.691          41.000    25317038.014   103669424.425         965.014          41.000  
G15  22913367.670   120410597.174        1469.430          47.000    22913364.637    93826498.654        1144.984          42.000  
E30  24727363.393   129943358.155       -1371.823          43.000    24727369.758    99567098.885       -1051.218          52.000  
E27  26209893.748   137734097.488        1067.105          46.000    26209899.340   105536649.310         817.731          46.000  
> 2024 06 08 17 37 00.0040000  0 26                     
E08  25812796.671   135647122.017       -2376.784          47.000    25812799.365   103937378.520       -1821.211          49.000  
G23  26498804.423   139252136.682        1279.978          37.000    26498806.886   108508190.358         996.992          40.000  
G12  26155190.224   137446362.823        2451.901          43.000    26155208.500   107101530.633        1910.700          38.000  
G30  24828374.516   130473918.682       -2971.194          42.000    24828377.460   101667952.462       -2315.398          41.000  
R13  21387477.508   114207938.3641       -515.560          40.000    21387476.078    88828663.381        -401.193          41.000  
R12  21846260.151   116698870.387       -3034.182          50.000    21846259.208    90766066.023       -2359.915          48.000  
R14  24973669.803   133123711.202        1958.453          43.000    24973693.099   103540747.139        1523.242          41.000  
R03  22308641.917   119419914.215        2348.870          51.000    22308638.041    92882228.170        1826.975          47.000  
G19  23496537.807   123475384.052        1612.160          46.000                                                                  
S31  39983646.942   210115387.590        -779.695          45.000  
S33  40973309.274   215316056.310        -781.709          41.000  
G17  23257314.268   122218266.160         757.474          46.000    23257311.820    95235126.557         590.449          41.000  
E02  27617526.653   145131135.743       -3272.345          44.000    27617529.408   111204407.964       -2507.264          42.000  
R02  20516785.320   109481497.711       -1572.145          49.000    20516786.348    85152304.418       -1222.758          49.000  
R01  23003230.749   122965434.584       -4759.779          45.000    23003234.355    95639827.326       -3702.041          41.000  
E18  22143441.398   116364826.498       -3049.463          43.000    22143446.830    89162800.459       -2336.469          49.000  
G13  21419055.863   112557958.376         -76.691          43.000                                                                  
G20  25442692.621   133701914.012       -3788.219          38.000                                                                  
E07  24774498.845   130190916.071         122.261          46.000    24774501.133    99756688.799          93.735          50.000  
G14  23173107.052   121775634.452       -3562.227          49.000    23173105.765    94890128.754       -2775.877          46.000  
G05  23901311.254   125602125.680       -3218.098          46.000    23901316.320    97871748.826       -2507.823          40.000  
G22  21689184.693   113977634.673       -2007.816          45.000                                                                  
G24  25309977.975   133005017.922        1233.266          42.000    25309982.233   103640531.412         961.028          42.000  
G15  22905024.285   120366754.306        1453.187          47.000    22905021.767    93792335.417        1132.407          43.000  
E30  24735240.647   129984747.350       -1387.594          44.000    24735245.847    99598812.657       -1063.256          52.000  
E27  26203841.454   137702299.015        1052.469          45.000    26203847.695   105512284.448         806.525          46.000  
> 2024 06 08 17 37 30.0040000  0 27                     
E08  25826402.434   135718621.728       -2389.899          47.000    25826405.350   103992164.002       -1831.159          49.000  
G23  26491548.661   139214008.692        1262.096          39.000    26491551.332   108478480.239         983.281          40.000  
G12  26141217.795   137372937.501        2442.975          42.000    26141235.955   107044316.099        1903.284          38.000  
G30  24845350.860   130563128.940       -2976.432          42.000    24845353.476   101737466.890       -2319.412          41.000  
R13  21390419.269   114223650.463        -532.073          40.000    21390418.996    88840884.025        -413.772          42.000  
R12  21863326.185   116790031.575       -3043.442          51.000    21863324.826    90836969.141       -2367.154          47.000  
R14  24962680.499   133065133.792        1946.436          42.000    24962703.291   103495187.571        1513.910          39.000  
R03  22295533.761   119349744.821        2328.957          51.000    22295530.170    92827652.016        1811.491          47.000  
G19  23487373.211   123427227.419        1598.065          46.000                                                                  
S31  39988107.658   210138830.653        -783.302          45.000  
S33  40977780.588   215339552.391        -784.882          41.000  
G17  23253044.890   122195833.317         737.703          45.000    23253043.417    95217646.544         574.950          42.000  
E02  27636223.186   145229385.985       -3277.855          44.000    27636225.767   111279690.622       -2511.634          43.000  
R02  20525707.842   109529108.682       -1602.124          49.000    20525708.462    85189335.134       -1245.982          49.000  
R01  23029985.468   123108454.448       -4774.862          46.000    23029989.306    95751064.665       -3713.869          41.000  
E18  22160939.297   116456778.699       -3080.776          43.000    22160944.431    89233257.423       -2360.779          49.000  
G13  21419544.182   112560517.622         -94.233          44.000                                                                  
G20  25464326.049   133815592.961       -3790.413          40.000                                                                  
E07  24773836.342   130187435.515         109.567          46.000    24773838.783    99754021.934          83.974          49.000  
G14  23193474.812   121882665.472       -3573.437          49.000    23193472.986    94973529.513       -2784.507          45.000  
G05  23919718.873   125698861.386       -3231.113          45.000    23919724.517    97947126.931       -2517.747          40.000  
G22  21700701.886   114038155.482       -2027.139          46.000                                                                  
G24  25302945.480   132968060.347        1230.170          43.000    25302950.053   103611733.499         958.832          42.000  
G15  22896768.537   120323367.969        1438.854          47.000    22896765.391    93758527.901        1121.453          42.000  
E30  24743202.193   130026577.207       -1401.153          45.000    24743205.653    99630864.086       -1073.609          52.000  
E27  26197866.712   137670908.747        1040.022          44.000    26197873.753   105488232.379         796.838          46.000  
R22                                                                  25530088.635                        1258.173          12.000  
> 2024 06 08 17 38 00.0040000  0 26                     
E08  25840076.523   135790479.942       -2400.614          47.000    25840079.755   104047224.204       -1839.564          49.000  
G23  26484388.072   139176374.709        1246.612          39.000    26484389.727   108449155.000         971.615          41.000  
G12  26127290.620   137299753.106        2435.959          41.000    26127309.498   106987289.329        1897.970          38.000  
G30  24862350.290   130652461.666       -2979.237          42.000    24862352.859   101807076.745       -2321.449          40.000  
R13  21393446.614   114239813.7651       -546.561          40.000    21393448.124    88853462.581        -424.925          43.000  
R12  21880437.536   116881436.332       -3050.325          50.000    21880435.217    90908061.705       -2372.480          46.000  
R14  24951753.303   133006883.0831       1936.664          43.000    24951775.341   103449882.026        1506.403          40.000  
R03  22282531.588   119280142.039        2311.077          51.000    22282527.515    92773516.571        1797.420          47.000  
G19  23478283.663   123379466.789        1585.886          45.000                                                                  
S31  39992582.829   210162347.720        -784.644          45.000  
S33  40982265.886   215363122.751        -786.205          41.000  
G17  23248882.086   122173958.154         720.230          45.000    23248880.691    95200601.065         561.175          42.000  
E02  27654945.226   145327772.088       -3281.390          43.000    27654948.124   111355077.338       -2514.110          43.000  
R02  20534791.953   109577581.130       -1629.778          48.000    20534791.599    85227035.894       -1267.516          48.000  
R01  23056819.317   123251894.533       -4787.799          45.000    23056822.641    95862628.846       -3723.821          41.000  
E18  22178610.286   116549640.195       -3109.969          44.000    22178615.364    89304411.101       -2382.965          48.000  
G13  21420125.886   112563570.360        -109.600          45.000                                                                  
G20  25485960.790   133929281.858       -3789.316          40.000                                                                  
E07  24773240.835   130184306.330          98.850          46.000    24773243.271    99751624.268          75.853          49.000  
G14  23213898.756   121989994.282       -3582.092          49.000    23213897.120    95057162.324       -2791.169          45.000  
G05  23938194.606   125795948.025       -3241.420          45.000    23938199.335    98022778.537       -2525.743          39.000  
G22  21712322.771   114099222.372       -2044.106          46.000                                                                  
G24  25295923.005   132931158.642        1229.622          43.000    25295927.135   103582979.098         958.150          41.000  
G15  22888586.916   120280374.759        1426.935          47.000    22888584.414    93725026.734        1112.030          43.000  
E30  24751233.949   130068780.454       -1412.566          47.000    24751236.534    99663201.626       -1082.377          51.000  
E27  26191958.857   137639861.052        1029.533          45.000    26191965.524   105464442.796         789.117          46.000  
> 2024 06 08 17 38 30.0040000  0 26                     
E08  25853808.532   135862641.037       -2409.649          47.000    25853811.524   104102516.453       -1846.301          49.000  
G23  26477310.825   139139180.968        1233.138          38.000    26477310.968   108420172.827         961.040          39.000  
G12  26113398.641   137226755.607        2431.061          40.000    26113418.536   106930408.260        1894.239          38.000  
G30  24879362.618   130741861.495       -2980.260          43.000    24879364.796   101876738.898       -2322.296          39.000  
R13  21396551.097   114256388.162        -558.397          40.000    21396551.402    88866353.881        -434.333          42.000  
R12  21897582.930   116973025.706       -3055.219          50.000    21897581.098    90979297.876       -2376.318          47.000  
R14  24940875.641   132948903.026        1929.083          43.000    24940898.481   103404787.054        1500.305          41.000  
R03  22269625.435   119211052.477        2295.213          52.000    22269621.369    92719780.274        1785.118          47.000  
G19  23469258.979   123332049.525        1575.397          43.000                                                                  
S31  39997061.720   210185883.394        -784.229          45.000  
S33  40986754.816   215386712.597        -785.691          40.000  
G17  23244815.652   122152587.802         704.756          45.000    23244814.462    95183948.943         548.949          42.000  
E02  27673682.577   145426237.061       -3282.609          43.000    27673685.435   111430524.484       -2515.172          43.000  
R02  20544026.930   109626858.589       -1655.145          49.000    20544025.501    85265362.763       -1287.361          48.000  
R01  23083720.735   123395694.238       -4798.396          46.000    23083724.463    95974472.721       -3732.048          42.000  
E18  22196443.723   116643352.495       -3137.153          45.000    22196447.743    89376216.690       -2403.698          48.000  
G13  21420790.771   112567063.126        -122.991          45.000                                                                  
G20  25507585.490   134042923.016       -3786.269          38.000                                                                  
E07  24772701.587   130181474.330          90.092          46.000    24772704.254    99749454.310          69.257          49.000  
G14  23234368.462   122097562.897       -3588.826          48.000    23234366.506    95140982.016       -2796.403          45.000  
G05  23956725.279   125893327.267       -3250.022          45.000    23956731.309    98098658.113       -2532.385          40.000  
G22  21724036.828   114160777.970       -2059.272          47.000                                                                  
G24  25288901.113   132894257.124        1230.718          43.000    25288905.291   103554224.822         959.172          42.000  
G15  22880469.949   120237720.888        1417.042          47.000    22880467.564    93691790.011        1104.090          43.000  
E30  24759325.988   130111300.539       -1421.962          47.000    24759327.334    99695781.931       -1089.387          51.000  
E27  26186107.569   137609100.826        1021.240          47.000    26186112.278   105440873.479         782.692          46.000  
> 2024 06 08 17 39 00.0040000  0 26                     
E08  25867585.621   135935040.289       -2416.772          47.000    25867588.813   104157991.176       -1851.791          49.000  
G23  26470304.912   139102364.809        1221.609          36.000    26470304.636   108391484.899         951.759          38.000  
G12  26099532.311   137153882.276        2427.675          42.000    26099550.859   106873623.973        1891.917          38.000  
G30  24896375.033   130831264.031       -2979.663          43.000    24896377.447   101946403.141       -2321.674          39.000  
R13  21399717.497   114273297.444        -568.919          40.000    21399716.868    88879505.625        -442.221          41.000  
R12  21914751.272   117064731.721       -3058.332          51.000    21914749.291    91050624.752       -2378.711          47.000  
R14  24930035.745   132891128.873        1922.729          43.000    24930059.574   103359852.209        1495.654          41.000  
R03  22256803.352   119142415.012        2280.854          51.000    22256799.071    92666395.624        1773.965          47.000  
G19  23460289.167   123284913.872        1566.798          43.000                                                                  
S31  40001531.728   210209373.809        -781.656          45.000  
S33  40991235.475   215410256.054        -783.765          40.000  
G17  23240833.936   122131660.432         690.625          47.000    23240832.714    95167641.992         537.925          43.000  
E02  27692422.454   145524715.119       -3282.380          42.000    27692425.269   111505981.642       -2514.920          43.000  
R02  20553400.306   109676875.387       -1678.988          49.000    20553398.253    85304264.665       -1305.997          48.000  
R01  23110675.366   123539784.500       -4807.339          45.000    23110679.850    96086542.561       -3739.277          41.000  
E18  22214425.647   116737848.041       -3162.578          45.000    22214429.657    89448622.434       -2423.059          48.000  
G13  21421527.683   112570933.159        -134.834          46.000                                                                  
G20  25529188.674   134156449.586       -3781.917          38.000                                                                  
E07  24772207.583   130178876.495          83.152          46.000    24772210.022    99747463.794          63.775          50.000  
G14  23254871.198   122205304.405       -3593.667          48.000    23254869.065    95224936.446       -2800.437          45.000  
G05  23975300.477   125990931.722       -3256.721          46.000    23975305.969    98174713.151       -2537.543          41.000  
G22  21735830.492   114222755.744       -2072.394          47.000                                                                  
G24  25281866.872   132857291.206        1233.847          42.000    25281871.341   103525420.372         961.417          41.000  
G15  22872405.873   120195344.473        1408.247          46.000    22872403.513    93658769.466        1097.220          43.000  
E30  24767464.848   130154071.799       -1429.386          48.000    24767465.729    99728554.735       -1095.283          50.000  
E27  26180297.473   137578564.005        1014.675          47.000    26180301.371   105417475.347         777.336          47.000  
> 2024 06 08 17 39 30.0040000  0 26                     
E08  25881400.387   136007633.308       -2423.108          47.000    25881402.752   104213614.347       -1856.732          49.000  
G23  26463362.149   139065883.797        1210.222          37.000    26463362.441   108363058.123         943.041          38.000  
G12  26085681.007   137081090.945        2424.804          44.000    26085699.254   106816903.523        1889.598          37.000  
G30  24913380.855   130920625.243       -2978.168          44.000    24913382.295   102016035.128       -2320.496          38.000  
R13  21402937.814   114290494.932        -577.955          40.000    21402937.301    88892881.542        -449.582          41.000  
R12  21931931.573   117156506.872       -3060.443          51.000    21931930.220    91122005.395       -2380.316          47.000  
R14  24919227.768   132833516.043        1917.554          46.000    24919250.191   103315042.839        1491.278          41.000  
R03  22244058.185   119074188.576        2267.085          51.000    22244053.437    92613330.650        1763.330          47.000  
G19  23451366.450   123238019.030        1559.048          45.000                                                                  
S31  40005984.788   210232773.366        -778.671          45.000  
S33  40995698.436   215433709.985        -780.187          40.000  
G17  23236928.009   122111133.909         677.405          47.000    23236926.668    95151647.377         527.949          43.000  
E02  27711155.956   145623160.644       -3281.109          42.000    27711158.780   111581413.885       -2513.853          43.000  
R02  20562903.075   109727585.873       -1701.936          49.000    20562902.318    85343706.096       -1323.820          48.000  
R01  23137675.761   123684117.069       -4815.018          45.000    23137681.014    96198800.880       -3745.315          42.000  
E18  22232547.233   116833079.455       -3186.891          44.000    22232551.562    89521592.014       -2441.853          48.000  
G13  21422328.539   112575138.031        -145.878          47.000                                                                  
G20  25550762.212   134269814.454       -3776.422          38.000                                                                  
E07  24771749.683   130176469.884          76.813          47.000    24771752.272    99745619.809          58.908          50.000  
G14  23275397.192   122313172.118       -3597.846          47.000    23275395.892    95308989.169       -2803.510          45.000  
G05  23993908.750   126088713.436       -3262.270          46.000    23993913.402    98250906.342       -2542.263          40.000  
G22  21747695.995   114285109.746       -2084.792          48.000                                                                  
G24  25274811.578   132820216.652        1237.328          41.000    25274816.021   103496531.269         964.450          41.000  
G15  22864386.698   120153203.913        1400.623          46.000    22864384.418    93625932.693        1091.202          43.000  
E30  24775642.745   130197048.888       -1436.117          48.000    24775643.218    99761485.268       -1100.468          49.000  
E27  26174519.659   137548206.756        1008.720          47.000    26174524.321   105394214.798         772.906          47.000  
> 2024 06 08 17 40 00.0040000  0 26                     
E08  25895248.086   136080401.583       -2428.756          48.000    25895250.150   104269371.800       -1860.975          49.000  
G23  26456480.853   139029721.396        1199.892          39.000    26456481.763   108334879.577         934.918          39.000  
G12  26071841.044   137008363.971        2422.936          44.000    26071859.350   106760233.269        1888.148          37.000  
G30  24930374.347   131009927.016       -2976.037          45.000    24930375.958   102085620.835       -2318.994          39.000  
R13  21406208.651   114307960.753        -587.010          40.000    21406208.047    88906466.134        -456.557          41.000  
R12  21949120.946   117248330.259       -3061.841          52.000    21949119.437    91193423.564       -2381.574          47.000  
R14  24908448.239   132776046.205        1913.074          47.000    24908467.002   103270344.658        1488.080          40.000  
R03  22231386.864   119006358.757        2254.147          51.000    22231381.998    92560574.159        1753.251          47.000  
G19  23442486.425   123191349.752        1551.839          46.000                                                                  
S31  40010417.213   210256066.053        -774.914          45.000  
S33  41000141.129   215457056.087        -776.954          41.000  
G17  23233095.008   122090992.363         664.740          47.000    23233093.773    95135952.759         518.191          43.000  
E02  27729879.403   145721553.983       -3279.045          42.000    27729882.544   111656806.175       -2512.611          44.000  
R02  20572531.777   109778970.984       -1724.347          49.000    20572532.259    85383672.240       -1341.220          48.000  
R01  23164716.642   123828669.142       -4822.313          44.000    23164722.675    96311229.895       -3750.830          42.000  
E18  22250804.174   116929025.347       -3210.252          43.000    22250809.452    89595109.012       -2459.904          48.000  
G13  21423189.105   112579661.471        -156.364          47.000                                                                  
G20  25572301.082   134382996.710       -3769.946          39.000                                                                  
E07  24771324.772   130174237.545          71.182          47.000    24771327.621    99743909.351          54.619          50.000  
G14  23295943.835   122421145.337       -3601.077          47.000    23295942.757    95393124.101       -2806.111          45.000  
G05  24012545.582   126186651.742       -3267.419          45.000    24012550.282    98327221.491       -2546.083          41.000  
G22  21759629.952   114347819.698       -2096.454          48.000                                                                  
G24  25267731.873   132783015.039        1241.909          42.000    25267734.957   103467543.236         967.632          40.000  
G15  22856409.034   120111283.194        1393.396          47.000    22856406.894    93593267.240        1085.605          42.000  
E30  24783856.058   130240212.384       -1442.153          47.000    24783856.639    99794558.642       -1105.087          48.000  
E27  26168772.419   137518011.179        1003.537          46.000    26168778.592   105371078.139         768.911          48.000  
> 2024 06 08 17 40 30.0040000  0 26                     
E08  25909130.226   136153353.302       -2434.859          47.000    25909132.474   104325269.827       -1865.677          49.000  
G23  26449662.957   138993887.673        1188.850          40.000    26449663.268   108306957.093         926.458          39.000  
G12  26058015.846   136935711.505        2420.435          43.000    26058033.847   106703621.093        1886.124          37.000  
G30  24947357.873   131099177.923       -2974.231          44.000    24947360.024   102155166.911       -2317.865          39.000  
R13  21409530.503   114325701.191        -595.799          40.000    21409530.820    88920264.295        -463.415          41.000  
R12  21966320.710   117340207.887       -3063.501          50.000    21966319.664    91264883.928       -2382.751          48.000  
R14  24897696.915   132718728.329        1908.173          50.000    24897714.317   103225764.660        1484.045          44.000  
R03  22218792.177   118938938.069        2240.533          51.000    22218787.386    92508135.914        1742.603          47.000  
G19  23433650.448   123144917.475        1543.682          46.000                                                                  
S31  40014830.251   210279257.983        -771.217          45.000  
S33  41004564.795   215480302.588        -773.134          40.000  
G17  23229336.882   122071246.817         651.560          45.000    23229336.020    95120566.745         507.605          42.000  
E02  27748594.473   145819902.064       -3277.637          42.000    27748597.527   111732163.754       -2511.478          44.000  
R02  20582288.098   109831038.674       -1746.916          47.000    20582290.647    85424169.294       -1358.787          49.000  
R01  23191799.779   123973445.924       -4829.623          43.000    23191806.219    96423833.687       -3756.712          41.000  
E18  22269199.023   117025690.894       -3234.256          43.000    22269204.653    89669177.449       -2478.178          49.000  
G13  21424112.437   112584513.302        -167.286          47.000                                                                  
G20  25593805.576   134496002.118       -3763.640          39.000                                                                  
E07  24770934.743   130172189.150          65.057          47.000    24770938.032    99742339.835          49.896          51.000  
G14  23316511.881   122529229.972       -3604.700          47.000    23316510.221    95477345.852       -2808.727          45.000  
G05  24031214.592   126284752.042       -3272.681          45.000    24031219.087    98403662.877       -2549.998          40.000  
G22  21771632.309   114410892.001       -2108.410          48.000                                                                  
G24  25260630.486   132745694.640        1246.008          43.000    25260630.325   103438462.572         970.919          37.000  
G15  22848475.367   120069593.202        1385.689          46.000    22848473.388    93560781.574        1079.755          42.000  
E30  24792105.989   130283569.461       -1448.486          46.000    24792107.266    99827780.334       -1110.031          48.000  
E27  26163057.796   137487986.014         997.824          45.000    26163065.025   105348072.050         764.571          48.000  
> 2024 06 08 17 41 00.0040000  0 27                     
E08  25923046.223   136226484.407       -2441.001          47.000    25923048.565   104381305.299       -1870.381          49.000  
G23  26442906.827   138958380.562        1177.890          40.000    26442906.784   108279289.121         917.838          40.000  
G12  26044204.367   136863131.789        2417.888          42.000    26044222.595   106647065.611        1884.323          38.000  
G30  24964331.904   131188374.288       -2972.479          44.000    24964333.732   102224670.494       -2316.358          39.000  
R13  21412903.535   114343707.3881       -605.082          40.000    21412903.771    88934271.482        -470.485          41.000  
R12  21983528.954   117432133.411       -3065.106          50.000    21983527.832    91336381.534       -2384.015          47.000  
R14  24886970.685   132661558.819        1902.985          48.000    24886989.522   103181300.101        1479.987          43.000  
R03  22206273.282   118871926.955        2226.721          50.000    22206268.844    92456016.228        1731.862          47.000  
G19  23424859.493   123098721.618        1535.686          46.000                                                                  
S31  40019223.846   210302346.504        -768.119          45.000  
S33  41008968.671   215503445.586        -769.965          40.000  
G17  23225653.795   122051895.901         638.224          45.000    23225653.049    95105488.173         497.415          41.000  
E02  27767300.109   145918199.661       -3275.822          42.000    27767303.092   111807482.642       -2510.253          44.000  
R02  20592173.098   109883784.492       -1769.766          48.000    20592175.243    85465193.795       -1376.410          49.000  
R01  23218924.603   124118439.796       -4836.922          44.000    23218930.347    96536606.321       -3762.034          41.000  
E18  22287729.609   117123068.985       -3257.900          44.000    22287735.061    89743791.895       -2496.368          49.000  
G13  21425097.722   112589691.619        -178.268          46.000                                                                  
G20  25615275.205   134608824.157       -3757.346          37.000                                                                  
E07  24770579.525   130170322.187          58.937          46.000    24770582.921    99740909.315          45.203          51.000  
G14  23337099.464   122637419.744       -3608.244          47.000    23337098.280    95561649.517       -2811.582          45.000  
G05  24049912.205   126383007.114       -3277.845          44.000    24049917.031    98480224.880       -2554.327          40.000  
G22  21783702.584   114474320.870       -2120.417          48.000                                                                  
G24  25253505.739   132708251.533        1250.008          43.000    25253504.728   103409286.301         973.697          38.000  
G15  22840585.787   120028132.288        1378.025          46.000    22840583.831    93528474.388        1073.899          42.000  
E30  24800391.222   130327115.055       -1454.778          45.000    24800394.195    99861146.427       -1114.797          49.000  
E27  26157375.137   137458127.788         992.305          45.000    26157383.056   105325193.887         760.348          48.000  
R22                                                                  26659307.337                        1130.103          10.000  
> 2024 06 08 17 41 30.0040000  0 26                     
E08  25936996.649   136299796.138       -2446.733          46.000    25936999.406   104437479.165       -1874.706          49.000  
G23  26436211.914   138923203.188        1167.335          39.000    26436212.787   108251878.140         909.215          41.000  
G12  26030406.428   136790627.779        2415.511          43.000    26030425.035   106590569.203        1881.701          38.000  
G30  24981295.441   131277517.724       -2970.660          44.000    24981296.806   102294132.818       -2314.526          38.000  
R13  21416326.810   114361985.395        -613.712          41.000    21416326.013    88948487.751        -477.348          41.000  
R12  22000746.642   117524105.985       -3066.534          50.000    22000745.260    91407915.742       -2385.095          47.000  
R14  24876272.355   132604539.761        1898.190          47.000    24876292.143   103136952.451        1476.207          41.000  
R03  22193832.036   118805330.486        2212.836          50.000    22193827.586    92404219.040        1721.132          47.000  
G19  23416114.154   123052766.801        1527.619          46.000                                                                  
S31  40023597.921   210325333.048        -764.363          45.000  
S33  41013353.238   215526486.655        -766.496          40.000  
G17  23222046.753   122032943.409         625.085          45.000    23222045.836    95090720.033         487.194          41.000  
E02  27785995.950   146016446.972       -3274.114          42.000    27785999.054   111882762.993       -2508.747          45.000  
R02  20602186.700   109937209.415       -1792.113          50.000    20602186.206    85506746.474       -1393.845          48.000  
R01  23246089.855   124263648.527       -4843.880          44.000    23246094.952    96649546.081       -3767.495          41.000  
E18  22306396.126   117221157.868       -3281.506          45.000    22306400.607    89818950.951       -2514.406          49.000  
G13  21426145.198   112595199.754        -189.328          45.000                                                                  
G20  25636709.001   134721462.277       -3751.764          38.000                                                                  
E07  24770259.232   130168639.472          53.015          46.000    24770262.837    99739619.956          40.613          51.000  
G14  23357707.124   122745713.808       -3611.551          47.000    23357705.777    95646034.478       -2814.161          45.000  
G05  24068638.508   126481414.954       -3282.654          43.000    24068642.987    98556905.912       -2557.733          39.000  
G22  21795840.172   114538106.081       -2132.073          48.000                                                                  
G24  25246357.112   132670687.194        1254.298          44.000    25246357.558   103380015.502         977.254          39.000  
G15  22832740.530   119986904.462        1370.401          46.000    22832738.296    93496348.845        1067.688          42.000  
E30  24808712.654   130370849.613       -1460.864          44.000    24808717.244    99894657.291       -1119.379          50.000  
E27  26151726.107   137428438.377         986.699          45.000    26151733.084   105302445.066         756.112          48.000  
> 2024 06 08 17 42 00.0040000  0 26                     
E08  25950983.538   136373299.567       -2453.467          46.000    25950986.752   104493799.933       -1880.096          48.000  
G23  26429582.447   138888368.667        1155.205          39.000    26429583.861   108224734.255         900.200          40.000  
G12  26016625.790   136718212.059        2412.098          42.000    26016644.817   106534141.547        1879.618          39.000  
G30  24998251.051   131366619.667       -2969.708          44.000    24998252.783   102363562.824       -2314.032          38.000  
R13  21419802.180   114380542.226        -623.355          41.000    21419800.483    88962920.882        -484.717          41.000  
R12  22017974.344   117616134.592       -3068.756          50.000    22017972.721    91479493.524       -2387.006          47.000  
R14  24865606.632   132547682.737        1892.285          47.000    24865624.914   103092730.885        1471.741          45.000  
R03  22181471.869   118739164.558        2197.992          50.000    22181467.394    92352756.709        1709.564          47.000  
G19  23407416.965   123007067.337        1518.705          45.000                                                                  
S31  40027954.882   210348228.978        -761.930          45.000  
S33  41017720.688   215549437.754        -763.787          41.000  
G17  23218519.667   122014402.987         610.854          45.000    23218517.533    95076273.015         475.867          40.000  
E02  27804684.448   146114653.859       -3273.054          42.000    27804687.290   111958012.393       -2507.963          45.000  
R02  20612327.919   109991324.249       -1815.537          50.000    20612326.803    85548835.736       -1412.142          48.000  
R01  23273296.557   124409080.221       -4851.770          44.000    23273301.286    96762659.233       -3773.466          40.000  
E18  22325198.836   117319965.469       -3305.770          46.000    22325202.980    89894660.725       -2533.056          49.000  
G13  21427258.132   112601050.509        -200.888          45.000                                                                  
G20  25658110.587   134833924.740       -3746.243          39.000                                                                  
E07  24769976.660   130167153.687          45.907          46.000    24769980.197    99738481.498          35.225          51.000  
G14  23378336.771   122854120.998       -3615.593          48.000    23378334.637    95730507.610       -2817.459          44.000  
G05  24087395.191   126579985.289       -3288.615          44.000    24087400.123    98633713.605       -2562.573          38.000  
G22  21808047.420   114602256.827       -2144.740          48.000                                                                  
G24  25239186.956   132633012.830        1257.322          43.000    25239189.292   103350658.935         980.269          39.000  
G15  22824942.240   119945923.205        1361.702          46.000    22824940.095    93464415.433        1060.854          42.000  
E30  24817073.371   130414783.209       -1467.999          44.000    24817078.001    99928320.687       -1124.890          50.000  
E27  26146112.221   137398929.443         980.361          46.000    26146117.288   105279834.512         751.275          48.000  
> 2024 06 08 17 42 30.0040000  0 26                     
E08  25965006.719   136446995.191       -2459.672          46.000    25965010.544   104550267.945       -1884.785          48.000  
G23  26423019.515   138853879.286        1143.877          40.000    26423020.645   108197859.370         891.307          40.000  
G12  26002862.376   136645887.379        2409.323          40.000    26002881.648   106477784.840        1877.174          39.000  
G30  25015198.732   131455681.054       -2968.024          44.000    25015200.598   102432961.230       -2312.921          38.000  
R13  21423329.170   114399376.639        -632.273          41.000    21423327.376    88977569.910        -491.792          41.000  
R12  22035212.983   117708217.738       -3070.233          51.000    22035210.984    91551113.724       -2388.135          47.000  
R14  24854968.924   132490988.980        1887.053          44.000    24854988.805   103048636.204        1467.803          41.000  
R03  22169193.785   118673433.971        2183.789          51.000    22169188.373    92301632.957        1698.340          46.000  
G19  23398769.001   122961627.253        1510.365          45.000                                                                  
S31  40032294.774   210371035.330        -758.746          45.000  
S33  41022070.906   215572298.655        -760.206          41.000  
G17  23215070.769   121996277.734         597.250          46.000    23215068.362    95062149.515         465.566          40.000  
E02  27823364.787   146212819.730       -3271.372          43.000    27823367.788   112033230.368       -2506.762          45.000  
R02  20622598.180   110046129.064       -1838.297          50.000    20622597.001    85591461.637       -1429.675          48.000  
R01  23300544.008   124554731.707       -4858.747          44.000    23300548.532    96875943.339       -3778.805          40.000  
E18  22344137.822   117419489.228       -3329.279          46.000    22344141.318    89970919.204       -2550.950          48.000  
G13  21428436.581   112607246.561        -212.237          44.000                                                                  
G20  25679477.837   134946209.848       -3739.703          38.000                                                                  
E07  24769732.217   130165866.847          39.630          47.000    24769735.308    99737495.486          30.351          51.000  
G14  23398987.070   122962639.621       -3619.057          47.000    23398985.040    95815067.571       -2820.187          44.000  
G05  24106182.527   126678714.848       -3293.516          44.000    24106188.280    98710645.374       -2566.390          39.000  
G22  21820323.639   114666771.982       -2156.432          47.000                                                                  
G24  25231996.736   132595229.111        1261.264          43.000    25231999.540   103321217.200         982.731          41.000  
G15  22817191.416   119905191.594        1353.590          47.000    22817189.628    93432676.561        1054.782          43.000  
E30  24825472.797   130458915.437       -1474.388          45.000    24825476.632    99962136.262       -1129.641          51.000  
E27  26140531.057   137369602.050         974.587          46.000    26140535.781   105257363.056         746.672          47.000  
> 2024 06 08 17 43 00.0040000  0 26                     
E08  25979067.315   136520879.643       -2466.226          46.000    25979070.390   104606880.639       -1889.910          48.000  
G23  26416523.115   138819733.668        1132.125          39.000    26416523.710   108171252.314         882.217          40.000  
G12  25989115.058   136573651.538        2405.852          41.000    25989135.619   106421497.451        1874.905          40.000  
G30  25032138.451   131544699.019       -2966.766          45.000    25032140.919   102502325.802       -2312.085          39.000  
R13  21426906.910   114418488.4751       -641.774          40.000    21426906.355    88992430.823        -499.029          42.000  
R12  22052459.988   117800349.820       -3072.138          50.000    22052458.237    91622771.997       -2389.355          47.000  
R14  24844363.114   132434455.417        1881.433          45.000    24844380.295   103004666.313        1463.422          39.000  
R03  22156996.108   118608139.402        2168.866          51.000    22156991.266    92250848.336        1686.902          47.000  
G19  23390171.802   122916446.587        1501.315          45.000                                                                  
S31  40036616.730   210393747.770        -755.979          45.000  
S33  41026403.805   215595066.859        -757.653          40.000  
G17  23211700.665   121978566.678         583.158          46.000    23211698.376    95048348.799         454.486          41.000  
E02  27842036.733   146310940.122       -3270.234          42.000    27842039.545   112108413.489       -2505.651          45.000  
R02  20632995.334   110101619.830       -1861.464          48.000    20632996.151    85634621.079       -1447.810          48.000  
R01  23327832.042   124700596.226       -4865.922          45.000    23327835.990    96989393.160       -3784.851          40.000  
E18  22363211.381   117519722.701       -3353.310          45.000    22363215.091    90047721.507       -2569.375          48.000  
G13  21429680.252   112613786.608        -224.111          44.000                                                                  
G20  25700809.976   135058311.648       -3734.219          38.000                                                                  
E07  24769524.831   130164777.169          32.686          47.000    24769527.851    99736660.529          25.097          50.000  
G14  23419657.622   123071264.145       -3622.791          47.000    23419655.872    95899710.037       -2822.968          44.000  
G05  24124999.595   126777597.302       -3299.021          44.000    24125006.083    98787696.241       -2570.413          39.000  
G22  21832669.185   114731646.646       -2168.745          48.000                                                                  
G24  25224785.417   132557332.900        1265.113          43.000    25224788.582   103291687.785         985.461          40.000  
G15  22809487.623   119864709.047        1345.023          46.000    22809485.847    93401131.777        1047.847          43.000  
E30  24833909.421   130503241.878       -1481.161          46.000    24833911.885    99996100.662       -1134.882          51.000  
E27  26134983.499   137340453.430         968.420          46.000    26134988.703   105235028.573         742.005          47.000  
> 2024 06 08 17 43 30.0040000  0 26                     
E08  25993166.163   136594965.076       -2472.683          47.000    25993168.556   104663647.337       -1894.901          48.000  
G23  26410093.373   138785945.943        1120.412          39.000    26410093.723   108144924.156         872.537          39.000  
G12  25975389.325   136501518.674        2402.889          42.000    25975407.781   106365290.268        1872.150          38.000  
G30  25049072.038   131633686.176       -2965.686          44.000    25049074.635   102571666.359       -2311.109          38.000  
R13  21430538.001   114437878.842        -651.102          40.000    21430537.997    89007512.280        -506.585          42.000  
R12  22069718.290   117892541.048       -3074.133          50.000    22069716.894    91694476.279       -2390.900          47.000  
R14  24833789.796   132378095.336        1875.638          45.000    24833802.194   102960831.069        1458.762          36.000  
R03  22144882.399   118543298.408        2153.766          51.000    22144879.005    92200416.516        1675.079          48.000  
G19  23381627.261   122871540.723        1492.176          46.000                                                                  
S31  40040923.652   210416380.398        -753.100          45.000  
S33  41030721.444   215617755.221        -754.992          41.000  
G17  23208411.335   121961284.387         568.936          46.000    23208410.277    95034882.183         443.021          41.000  
E02  27860701.816   146409026.111       -3268.886          42.000    27860704.757   112183570.253       -2504.648          45.000  
R02  20643523.980   110157808.707       -1884.592          47.000    20643526.345    85678323.498       -1465.701          48.000  
R01  23355161.239   124846682.768       -4873.220          44.000    23355164.454    97103015.618       -3790.302          40.000  
E18  22382421.103   117620674.934       -3376.893          44.000    22382425.615    90125074.583       -2587.602          48.000  
G13  21430992.436   112620684.733        -235.846          43.000                                                                  
G20  25722109.804   135170240.114       -3727.988          37.000                                                                  
E07  24769357.571   130163898.324          25.738          47.000    24769360.597    99735987.122          19.685          50.000  
G14  23440350.483   123180004.654       -3626.548          47.000    23440348.280    95984442.890       -2825.914          44.000  
G05  24143848.776   126876641.847       -3304.190          45.000    24143853.643    98864873.439       -2574.584          39.000  
G22  21845085.083   114796890.958       -2180.934          48.000                                                                  
G24  25217554.665   132519336.618        1267.945          43.000    25217557.307   103262080.348         988.604          40.000  
G15  22801834.326   119824490.414        1336.173          46.000    22801832.526    93369792.605        1041.082          43.000  
E30  24842383.995   130547773.837       -1487.846          48.000    24842385.969   100030222.558       -1140.008          52.000  
E27  26129472.646   137311496.355         962.019          45.000    26129478.381   105212840.851         737.112          47.000  
> 2024 06 08 17 44 00.0040000  0 26                     
E08  26007302.014   136669250.677       -2480.059          47.000    26007304.581   104720567.395       -1900.249          48.000  
G23  26403731.083   138752517.074        1107.521          37.000    26403731.787   108118875.567         863.416          39.000  
G12  25961682.996   136429490.310        2398.494          41.000    25961701.141   106309164.478        1868.780          37.000  
G30  25066000.080   131722642.075       -2965.234          44.000    25066002.340   102640982.587       -2310.468          38.000  
R13  21434220.571   114457538.1831       -660.729          38.000    21434220.955    89022812.261        -513.966          42.000  
R12  22086987.320   117984788.530       -3076.276          50.000    22086985.661    91766224.314       -2392.542          47.000  
R14  24823249.498   132321908.293        1869.574          45.000    24823259.641   102917130.572        1454.066          41.000  
R03  22132855.163   118478913.481        2138.055          51.000    22132851.269    92150339.390        1663.000          47.000  
G19  23373135.330   122826912.184        1482.592          47.000                                                                  
S31  40045215.285   210438931.959        -750.959          45.000  
S33  41035023.444   215640362.220        -752.702          40.000  
G17  23205204.704   121944433.053         554.056          47.000    23205203.610    95021751.345         431.409          41.000  
E02  27879359.924   146507075.777       -3268.174          42.000    27879363.110   112258699.173       -2504.057          46.000  
R02  20654185.213   110214693.884       -1908.300          48.000    20654186.232    85722567.496       -1484.234          48.000  
R01  23382530.548   124992987.053       -4881.000          44.000    23382534.035    97216807.456       -3796.346          39.000  
E18  22401767.389   117722341.871       -3401.193          45.000    22401772.021    90202975.296       -2606.138          48.000  
G13  21432373.778   112627941.997        -248.478          43.000                                                                  
G20  25743375.646   135281992.456       -3722.313          37.000                                                                  
E07  24769230.736   130163231.115          18.190          47.000    24769233.587    99735475.870          13.984          50.000  
G14  23461064.339   123288858.170       -3630.764          47.000    23461062.544    96069263.787       -2829.015          44.000  
G05  24162727.771   126975845.788       -3309.879          45.000    24162733.032    98942174.771       -2578.801          41.000  
G22  21857570.700   114862502.451       -2193.623          48.000                                                                  
G24  25210305.420   132481239.688        1271.162          43.000    25210307.177   103232394.530         990.264          40.000  
G15  22794231.829   119784537.320        1326.706          47.000    22794229.493    93338660.364        1033.949          43.000  
E30  24850897.311   130592509.514       -1495.095          49.000    24850898.852   100064500.536       -1145.588          52.000  
E27  26123997.937   137282730.531         955.131          45.000    26124004.073   105190799.681         731.857          47.000  
> 2024 06 08 17 44 30.0050000  0 26                     
E08  26021478.619   136743746.616       -2486.821          47.000    26021480.865   104777648.618       -1905.418          48.000  
G23  26397439.846   138719455.609        1095.347          38.000    26397440.382   108093113.348         853.541          39.000  
G12  25947997.852   136357572.742        2394.954          43.000    25948015.631   106253125.015        1865.958          38.000  
G30  25082924.191   131811577.861       -2964.338          44.000    25082926.693   102710283.130       -2309.833          38.000  
R13  21437958.682   114477497.779        -670.522          40.000    21437958.712    89038336.417        -521.372          41.000  
R12  22104268.534   118077101.253       -3078.299          50.000    22104266.696    91838023.118       -2394.111          47.000  
R14  24812743.000   132265900.585        1863.647          46.000    24812757.163   102873569.578        1449.604          38.000  
R03  22120915.242   118414995.024        2122.417          51.000    22120910.335    92100625.083        1650.749          48.000  
G19  23364697.736   122782570.385        1472.911          47.000                                                                  
S31  40049492.541   210461411.225        -748.316          45.000  
S33  41039311.791   215662896.849        -750.181          40.000  
G17  23202081.207   121928022.381         539.517          46.000    23202080.548    95008963.845         420.324          40.000  
E02  27898013.189   146605099.054       -3267.040          41.000    27898016.504   112333807.884       -2503.340          46.000  
R02  20664978.843   110272284.583       -1931.609          49.000    20664978.369    85767360.203       -1502.225          47.000  
R01  23409942.135   125139518.666       -4888.190          43.000    23409946.513    97330776.090       -3801.918          39.000  
E18  22421251.706   117824731.489       -3425.195          46.000    22421256.335    90281429.768       -2624.413          49.000  
G13  21433826.212   112635568.341        -260.575          44.000                                                                  
G20  25764609.613   135393577.762       -3716.616          37.000                                                                  
E07  24769145.574   130162784.788          10.854          47.000    24769148.878    99735133.869           8.361          50.000  
G14  23481801.913   123397833.912       -3634.688          47.000    23481799.424    96154179.964       -2832.331          43.000  
G05  24181638.482   127075217.149       -3315.159          45.000    24181642.822    99019606.595       -2583.536          40.000  
G22  21870127.702   114928489.191       -2205.910          48.000                                                                  
G24  25203037.612   132443048.802        1274.493          43.000    25203039.715   103202635.516         993.164          40.000  
G15  22786681.745   119744859.011        1317.642          47.000    22786678.805    93307742.256        1026.676          43.000  
E30  24859450.376   130637457.182       -1502.018          49.000    24859451.951   100098940.953       -1150.885          51.000  
E27  26118561.382   137254163.332         948.657          45.000    26118567.998   105168910.701         726.914          48.000  
