     3.00           OBSERVATION DATA    M: Mixed            RINEX VERSION / TYPE
CONVBIN demo5 b34j                      20240609 013619 UTC PGM / RUN BY / DATE 
log: SAUC00CHL_R_20241600615_15M_30S_MO.ubx                 COMMENT             
format: u-blox UBX                                          COMMENT             
format: u-blox UBX                                          COMMENT             
log: SAUC00CHL_R_20241600615_15M_30S_MO.ubx                 COMMENT             
SAUC00CHL                                                   MARKER NAME         
                                                            MARKER NUMBER       
GEODETIC                                                    MARKER TYPE         
El Sauce            Obstech                                 OBSERVER / AGENCY   
UNKNOWN             UBLOX-ZED-F9P                           REC # / TYPE / VERS 
UNKNWOWN            TWIVSP6037L                             ANT # / TYPE        
  1813185.0000 -5195981.0000 -3216438.0000                  APPROX POSITION XYZ 
        0.0000        0.0000        0.0000                  ANTENNA: DELTA H/E/N
G    8 C1C L1C D1C S1C C2X L2X D2X S2X                      SYS / # / OBS TYPES 
R    8 C1C L1C D1C S1C C2C L2C D2C S2C                      SYS / # / OBS TYPES 
E    8 C1X L1X D1X S1X C7X L7X D7X S7X                      SYS / # / OBS TYPES 
S    4 C1C L1C D1C S1C                                      SYS / # / OBS TYPES 
  2024    06    08    06    15   00.0050000     GPS         TIME OF FIRST OBS   
  2024    06    08    06    29   30.0060000     GPS         TIME OF LAST OBS    
                                                            END OF HEADER       
> 2024 06 08 06 15 00.0050000  0 31                     
E04  27798964.261   146084654.4161      -1830.200          43.000    27798962.645   111934979.5411      -1402.353          47.000  
G16  25141098.146   132117357.7711      -3960.634          38.000                                                                  
G32  23149771.820   121652940.2141       -499.220          46.000    23149769.386    94794583.3111       -388.933          44.000  
E06  25956550.030   136402676.2711        945.306          45.000                                                                  
R04  22201086.339   118885955.1181      -3469.098          52.000    22201077.187    92466857.2521      -2698.139          46.000  
R20  22460460.453   120106203.6511       1273.041          37.000    22460458.524    93415980.6091        990.454          39.000  
R19  22669860.405   121268454.8631      -1825.459          40.000    22669854.516    94320175.4261      -1419.725          43.000  
R18  25352824.537   135335080.7791      -3316.260          43.000    25352822.281   105260869.0981      -2579.425          42.000  
R11  25663451.873   137137700.2551      -1115.094          44.000    25663447.418   106662590.4611       -867.352          44.000  
E30  29232112.773   153615783.4161         95.260          43.000    29232111.772   117705596.6601         73.065          43.000  
E02  27208536.844   142981840.1471      -2144.284          43.000    27208536.673   109557507.5611      -1642.945          47.000  
S31  40294418.885   211748664.8181       -773.465          45.000  
S33  41286802.806   216963653.3691       -772.461          40.000  
E05  26726744.047   140450029.0171       2170.827          39.000    26726746.426   107617580.7231       1663.294          43.000  
E36  25821704.089   135694203.4311       -305.490          45.000    25821703.838   103973546.3441       -234.036          48.000  
R05  20920785.843   111833666.5811        536.967          52.000    20920779.521    86981743.3241        417.546          47.000  
R10  25297863.060   134851842.4881      -3341.461          40.000                                                                  
R09  26221587.445   140021812.6403      -3826.952          38.000    26221588.318   108905745.5011      -2976.569          44.000  
R06  24881331.356   132771563.2093       3572.418          35.000                                                                  
G27  21955505.011   115377064.0551      -1887.853          50.000    21955501.129    89904106.3151      -1471.039          45.000  
E34  28433207.404   149417555.0751        759.132          44.000    28433208.175   114488790.2031        581.653          45.000  
E18  28221416.979   148304546.6991      -1047.773          40.000                                                                  
E25  28294617.566   148689253.2771      -3495.666          42.000    28294619.354   113930738.7391      -2678.354          43.000  
E09  26266109.683   138029443.0451        609.763          46.000    26266108.905   105762869.9591        467.135          47.000  
G21  23680778.843   124443462.7541       1683.765          45.000                                                                  
E10  28998943.111   152390776.3851      -2204.146          41.000    28998942.686   116767090.9301      -1688.880          44.000  
G10  23796774.429   125053039.8821      -3730.359          47.000    23796770.794    97444022.7391      -2906.832          42.000  
G02  24738724.298   130002926.4271       1798.929          44.000                                                                  
G08  21893030.342   115048689.8041        344.538          47.000    21893028.023    89648307.6661        268.475          46.000  
E11  26046100.574   136873383.3641      -1721.577          42.000    26046096.411   104877123.2611      -1319.122          44.000  
G03  25830981.007   135742743.2851       2060.498          41.000    25830977.425   105773614.2941       1605.453          38.000  
> 2024 06 08 06 15 30.0050000  0 30                     
E04  27809438.895   146139698.126       -1839.267          41.000    27809437.249   111977155.886       -1409.277          47.000  
G16  25163700.763   132236137.269       -3957.543          36.000                                                                  
G32  23152668.384   121668163.156        -515.615          44.000    23152666.135    94806445.359        -402.030          44.000  
E06  25951173.102   136374422.967         938.454          42.000                                                                  
R04  22220566.773   118990273.218       -3485.626          46.000    22220557.637    92547993.548       -2710.749          45.000  
R20  22453316.100   120067968.9701       1273.352          34.000    22453313.868    93386261.974         991.400          39.000  
R19  22680117.221   121323320.117       -1831.674          36.000    22680110.504    94362848.431       -1425.003          43.000  
R18  25371473.459   135434648.4781      -3320.727          35.000    25371471.181   105338298.174       -2582.642          42.000  
R09  26243054.542   140136423.8671      -3815.786          32.000    26243061.962   108994932.427       -2968.959          44.000  
R11  25669760.879   137171410.930       -1131.930          38.000    25669755.858   106688809.847        -880.470          43.000  
E30  29231594.390   153613057.902          86.664          41.000    29231593.208   117703508.262          66.076          43.000  
E02  27220797.860   143046268.184       -2150.767          41.000    27220797.008   109606874.495       -1648.145          47.000  
S31  40298823.672   211771812.747        -769.316          42.000  
S33  41291202.218   216986772.160        -768.868          39.000  
E05  26714343.830   140384866.392        2173.577          38.000    26714346.406   107567651.017        1665.206          43.000  
E36  25823440.119   135703319.750        -302.221          45.000    25823439.061   103980531.587        -231.510          48.000  
R05  20917835.327   111817895.719         514.313          46.000    20917829.692    86969477.119         400.195          48.000  
R06  24861252.706   132664406.868        3571.183          28.000                                                                  
G27  21966324.615   115433919.422       -1902.222          47.000    21966320.312    89948409.206       -1482.356          45.000  
E34  28428858.773   149394708.166         764.186          40.000    28428860.330   114471284.219         585.339          45.000  
E18  28227399.201   148335980.854       -1047.914          38.000                                                                  
E25  28314561.920   148794063.682       -3491.553          39.000    28314564.090   114011047.975       -2675.256          43.000  
E09  26262652.498   138011273.232         601.666          44.000    26262650.680   105748947.652         461.104          46.000  
G21  23671159.772   124392916.378        1686.405          43.000                                                                  
E10  29011519.974   152456865.531       -2201.546          39.000    29011519.043   116817730.699       -1687.054          44.000  
G10  23818072.586   125164963.275       -3731.113          44.000    23818069.243    97531235.782       -2907.388          42.000  
G02  24728446.220   129948914.176        1802.055          42.000                                                                  
G08  21891103.612   115038564.240         330.947          44.000    21891100.825    89640417.633         257.892          45.000  
E11  26055922.228   136925000.047       -1719.299          40.000    26055918.846   104916673.697       -1317.177          44.000  
G03  25819226.781   135680979.128        2058.019          37.000    25819225.033   105725486.556        1603.115          39.000  
> 2024 06 08 06 16 00.0050000  0 31                     
E04  27819964.877   146195011.600       -1848.515          44.000    27819963.138   112019538.928       -1416.293          47.000  
G16  25186290.537   132354846.715       -3956.226          38.000                                                                  
G32  23155660.515   121683883.359        -532.638          47.000    23155657.387    94818694.856        -414.902          45.000  
E06  25945837.268   136346383.095         930.857          45.000                                                                  
R04  22240137.495   119095073.873       -3501.575          51.000    22240128.545    92629505.169       -2723.432          45.000  
R20  22446167.684   120029736.8381       1274.182          39.000    22446165.313    93356530.579         990.936          40.000  
R19  22690411.852   121378387.583       -1839.194          41.000    22690404.259    94405678.649       -1430.551          42.000  
R18  25390145.016   135534322.352       -3324.591          43.000    25390143.389   105415823.063       -2585.797          42.000  
R09  26264477.886   140250827.806       -3806.321          35.000    26264477.949   109083879.769       -2961.130          45.000  
R11  25676164.389   137205633.383       -1149.575          44.000    25676159.381   106715427.241        -893.953          43.000  
E30  29231125.189   153610597.936          77.374          42.000    29231125.290   117701623.313          59.369          44.000  
E02  27233096.999   143110896.256       -2157.725          45.000    27233095.456   109656394.699       -1653.271          48.000  
S31  40303206.966   211794845.317        -766.112          45.000  
S33  41295579.586   217009775.281        -764.815          40.000  
E05  26701928.225   140319623.912        2176.127          39.000    26701930.825   107517660.124        1667.269          43.000  
E36  25825156.801   135712341.084        -299.408          47.000    25825156.038   103987444.056        -229.356          49.000  
R05  20915010.952   111802796.318         491.878          52.000    20915005.464    86957733.154         382.526          48.000  
R10  25335528.866   135052613.0781      -3351.599          39.000                                                                  
R06  24841182.120   132557315.1121       3568.739          34.000                                                                  
G27  21977225.955   115491204.609       -1916.874          50.000    21977220.738    89993047.010       -1493.717          45.000  
E34  28424480.724   149371711.584         768.792          42.000    28424483.975   114453663.549         589.090          45.000  
E18  28233382.104   148367421.651       -1048.385          40.000                                                                  
E25  28334485.296   148898758.502       -3488.200          43.000    28334486.837   114091268.656       -2672.667          44.000  
E09  26259241.708   137993345.737         593.335          47.000    26259239.242   105735211.022         454.566          46.000  
G21  23661528.513   124342302.417        1687.842          46.000                                                                  
E10  29024081.013   152522875.915       -2199.167          41.000    29024080.345   116868310.079       -1685.067          44.000  
G10  23839375.771   125276911.997       -3732.369          46.000    23839372.231    97618468.550       -2908.237          43.000  
G02  24718149.649   129894805.094        1804.880          46.000                                                                  
G08  21889255.222   115028849.802         316.579          48.000    21889252.359    89632847.966         246.701          47.000  
E11  26065731.830   136976544.417       -1717.113          43.000    26065727.523   104956168.727       -1315.690          44.000  
G03  25807491.629   135619309.550        2054.216          42.000    25807490.522   105677432.457        1600.519          40.000  
> 2024 06 08 06 16 30.0050000  0 32                     
E04  27830542.752   146250599.577       -1857.487          44.000    27830541.014   112062132.323       -1423.402          47.000  
G16  25208867.286   132473488.680       -3953.400          39.000                                                                  
G32  23158748.302   121700106.972        -549.353          49.000    23158744.640    94831336.647        -427.882          46.000  
E06  25940543.151   136318563.726         923.528          45.000                                                                  
R04  22259798.379   119200358.947       -3517.633          51.000    22259790.226    92711393.560       -2735.785          46.000  
R20  22439018.035   119991501.293        1274.780          39.000    22439014.796    93326791.865         991.156          40.000  
R19  22700745.235   121433664.888       -1845.977          40.000    22700737.230    94448672.104       -1436.038          42.000  
R18  25408842.181   135634126.058       -3328.991          44.000    25408840.048   105493448.166       -2589.142          42.000  
R09  26285837.690   140364882.940       -3796.754          35.000    26285836.327   109172589.416       -2953.004          40.000  
R11  25682665.125   137240371.045       -1166.800          45.000    25682659.897   106742445.411        -907.322          44.000  
E30  29230706.473   153608409.494          68.265          40.000    29230709.131   117699946.465          52.402          44.000  
E02  27245433.750   143175728.323       -2164.523          45.000    27245432.534   109706071.225       -1658.550          48.000  
S31  40307568.453   211817767.041        -762.331          45.000  
S33  41299935.791   217032667.460        -761.370          40.000  
E05  26689499.054   140254309.036        2178.267          39.000    26689501.763   107467613.750        1669.053          43.000  
E36  25826855.745   135721273.224        -296.110          47.000    25826855.521   103994288.191        -227.027          49.000  
R05  20912313.106   111788375.416         469.379          52.000    20912307.856    86946516.911         364.999          48.000  
R10  25354404.444   135153226.963       -3356.354          40.000                                                                  
R06  24821120.013   132450264.797        3567.683          36.000                                                                  
R21  26248724.458   140462248.3671       2231.851          42.000                                                                  
G27  21988209.025   115548924.864       -1931.276          49.000    21988203.764    90038023.824       -1504.946          45.000  
E34  28420077.645   149348570.631         773.598          42.000    28420079.790   114435932.219         592.698          44.000  
E18  28239367.749   148398874.087       -1048.618          40.000                                                                  
E25  28354386.106   149003341.258       -3484.304          41.000    28354388.454   114171403.474       -2669.683          44.000  
E09  26255878.159   137975667.405         585.138          48.000    26255875.315   105721665.310         448.510          47.000  
G21  23651885.635   124291627.635        1690.218          46.000                                                                  
E10  29036629.012   152588813.696       -2196.487          41.000    29036627.662   116918833.821       -1683.057          44.000  
G10  23860684.229   125388889.122       -3733.037          46.000    23860680.722    97705723.451       -2908.804          44.000  
G02  24707835.651   129840605.320        1808.059          47.000                                                                  
G08  21887486.189   115019553.887         302.738          47.000    21887483.711    89625604.411         235.826          47.000  
E11  26075527.832   137028022.563       -1714.724          43.000    26075523.279   104995613.024       -1314.083          44.000  
G03  25795775.671   135557740.925        2050.029          40.000    25795774.804   105629457.076        1597.819          40.000  
> 2024 06 08 06 17 00.0050000  0 32                     
E04  27841172.935   146306461.885       -1867.000          44.000    27841171.290   112104935.906       -1430.476          47.000  
G16  25231429.057   132592060.377       -3951.648          37.000                                                                  
G32  23161931.789   121716835.318        -566.296          50.000    23161928.220    94844371.756        -441.174          46.000  
E06  25935291.929   136290967.083         915.921          45.000                                                                  
R04  22279549.207   119306125.064       -3533.692          51.000    22279541.260    92793656.077       -2748.267          46.000  
R20  22431866.573   119953268.9461       1274.493          39.000    22431862.963    93297048.629         991.077          39.000  
R19  22711117.817   121489164.8161      -1853.363          39.000    22711109.773    94491830.127       -1441.428          41.000  
R18  25427563.547   135734058.922       -3333.594          44.000    25427561.099   105571173.750       -2592.896          42.000  
R09  26307137.799   140478648.8221      -3786.962          29.000                                                                  
R11  25689262.932   137275623.700       -1183.823          44.000    25689257.931   106769864.065        -920.819          44.000  
E30  29230340.858   153606493.594          59.052          40.000    29230344.488   117698478.458          45.285          44.000  
E02  27257809.134   143240763.361       -2171.416          44.000    27257808.501   109755903.262       -1663.745          48.000  
S31  40311909.663   211840579.091        -758.819          45.000  
S33  41304270.792   217055450.330        -758.010          40.000  
E05  26677057.442   140188924.204        2180.457          40.000    26677059.048   107417513.788        1670.689          43.000  
E36  25828537.026   135730117.060        -293.499          46.000    25828537.965   104001064.652        -224.958          48.000  
R05  20909742.480   111774634.883         446.422          51.000    20909736.886    86935829.833         347.255          48.000  
R10  25373303.428   135254005.9501      -3361.255          39.000                                                                  
R06  24801067.288   132343257.5661       3565.119          36.000                                                                  
R21  26236184.058   140395152.318        2241.293          45.000                                                                  
G27  21999274.519   115607080.377       -1945.886          48.000    21999270.120    90083339.801       -1516.303          44.000  
E34  28415647.934   149325285.517         778.482          43.000    28415648.980   114418090.430         596.351          45.000  
E18  28245355.524   148430338.195       -1049.169          41.000                                                                  
E25  28374266.651   149107810.580       -3480.713          41.000    28374268.735   114251451.336       -2666.998          45.000  
E09  26252561.604   137958240.101         576.461          48.000    26252559.642   105708311.943         441.779          48.000  
G21  23642230.888   124240893.668        1691.856          45.000                                                                  
E10  29049162.687   152654680.025       -2194.570          41.000    29049161.594   116969302.832       -1681.449          44.000  
G10  23881998.083   125500892.972       -3734.015          46.000    23881994.591    97792999.153       -2909.586          43.000  
G02  24697503.595   129786316.218        1810.925          46.000                                                                  
G08  21885797.411   115010678.902         288.610          48.000    21885794.511    89618688.839         224.927          47.000  
E11  26085311.584   137079435.659       -1712.762          43.000    26085306.883   105035007.461       -1312.385          44.000  
G03  25784077.461   135496274.667        2047.014          39.000    25784077.386   105581561.422        1594.907          38.000  
> 2024 06 08 06 17 30.0050000  0 32                     
E04  27851856.148   146362604.726       -1876.447          44.000    27851854.925   112147954.460       -1437.734          47.000  
G16  25253981.025   132710565.378       -3949.304          39.000                                                                  
G32  23165212.643   121734076.092        -583.574          50.000    23165209.141    94857806.165        -454.751          46.000  
E06  25930085.732   136263601.732         907.933          46.000                                                                  
R04  22299390.430   119412375.642       -3550.018          51.000    22299382.602    92876295.412       -2761.054          46.000  
R20  22424715.520   119915030.807        1273.981          39.000    22424711.620    93267307.838         991.229          39.000  
R19  22721531.648   121544873.531       -1861.099          39.000    22721524.230    94535159.138       -1447.338          41.000  
R18  25446310.524   135834128.139       -3338.275          43.000    25446307.483   105649005.359       -2596.619          44.000  
R09  26328380.429                1      -3776.709          22.000    26328382.063   109349400.5011      -2937.608          29.000  
R11  25695955.974   137311396.813       -1201.376          44.000    25695953.046   106797687.560        -934.391          44.000  
E30  29230032.493   153604857.727          49.479          42.000    29230032.895   117697224.997          37.870          43.000  
E02  27270223.208   143306006.832       -2178.526          43.000    27270223.752   109805895.010       -1669.249          47.000  
S31  40316231.066   211863289.099        -755.344          45.000  
S33  41308586.824   217078130.329        -754.099          40.000  
E05  26664603.370   140123478.414        2182.439          40.000    26664605.066   107367367.095        1672.136          43.000  
E36  25830203.784   135738879.962        -291.026          45.000    25830204.583   104007779.074        -222.871          47.000  
R05  20907300.889   111761583.053         423.337          52.000    20907294.995    86925678.422         328.973          47.000  
R10  25392235.843   135354911.232       -3366.241          40.000                                                                  
R06  24781028.638   132236324.063        3563.150          34.000                                                                  
R21  26223593.310   140327777.826        2250.067          42.000                                                                  
G27  22010425.298   115665677.897       -1960.964          48.000    22010421.586    90129000.204       -1528.036          45.000  
E34  28411191.357   149301863.040         782.928          43.000    28411192.101   114400143.388         599.701          45.000  
E18  28251346.159   148461820.423       -1050.147          41.000                                                                  
E25  28394125.179   149212171.504       -3477.102          40.000    28394128.075   114331416.144       -2664.343          45.000  
E09  26249294.406   137941072.124         567.562          48.000    26249293.402   105695157.284         434.841          48.000  
G21  23632565.980   124190108.473        1693.383          44.000                                                                  
E10  29061684.487   152720482.546       -2192.749          41.000    29061683.499   117019722.961       -1680.161          44.000  
G10  23903317.690   125612928.203       -3735.211          46.000    23903314.015    97880299.308       -2910.472          43.000  
G02  24687157.495   129731945.650        1813.358          45.000                                                                  
G08  21884189.942   115002233.709         274.039          48.000    21884187.217    89612108.200         213.561          47.000  
E11  26095084.368   137130791.329       -1711.044          44.000    26095079.623   105074357.918       -1311.053          44.000  
G03  25772401.603   135434918.771        2043.011          41.000    25772400.265   105533751.745        1591.837          38.000  
> 2024 06 08 06 18 00.0050000  0 31                     
E04  27862593.455   146419031.699       -1885.621          43.000    27862592.554   112191190.709       -1444.652          46.000  
G16  25276519.738   132829006.074       -3946.967          39.000                                                                  
G32  23168591.783   121751834.340        -600.362          49.000    23168588.795    94871643.787        -467.813          47.000  
E06  25924922.651   136236473.612         900.464          46.000                                                                  
R04  22319322.993   119519110.994       -3565.649          52.000    22319314.686    92959311.799       -2773.230          45.000  
R20  22417566.592   119876802.676        1274.146          39.000    22417562.893    93237574.887         991.327          39.000  
R19  22731987.200   121600809.4151      -1867.961          39.000    22731980.610    94578663.284       -1452.699          42.000  
R18  25465082.778   135934338.117       -3342.456          40.000    25465080.723   105726946.408       -2599.622          43.000  
R11  25702748.657   137347693.057       -1218.642          44.000    25702744.517   106825917.957        -947.848          44.000  
E30  29229776.906   153603506.755          40.379          43.000    29229775.430   117696189.790          31.056          43.000  
E02  27282677.335   143371461.549       -2185.211          42.000    27282679.279   109856048.593       -1674.417          47.000  
S31  40320533.885   211885899.931        -751.998          45.000  
S33  41312883.934   217100711.953        -750.350          40.000  
E05  26652138.551   140057977.937        2184.371          40.000    26652140.657   107317178.478        1673.833          42.000  
E36  25831858.424   135747566.559        -288.180          46.000    25831857.079   104014435.047        -220.716          46.000  
R05  20904989.073   111749225.736         400.479          52.000    20904982.887    86916067.186         311.444          47.000  
R10  25411194.584   135455963.211       -3370.612          41.000                                                                  
R06  24760999.424   132129450.0421       3560.488          34.000                                                                  
R21  26210952.568   140260129.892        2259.565          44.000                                                                  
G27  22021661.684   115724721.375       -1975.367          49.000    22021657.491    90175008.096       -1539.179          46.000  
E34  28406708.085   149278307.286         787.583          42.000    28406709.922   114382094.245         603.420          45.000  
E18  28257341.179   148493324.559       -1050.194          42.000                                                                  
E25  28413964.484   149316426.443       -3473.166          40.000    28413967.377   114411299.739       -2661.248          45.000  
E09  26246077.610   137924169.194         559.172          47.000    26246077.284   105682205.688         428.469          49.000  
G21  23622893.154   124139277.654        1695.262          44.000                                                                  
E10  29074195.139   152786226.248       -2190.308          41.000    29074194.182   117070098.010       -1678.286          43.000  
G10  23924643.652   125724996.871       -3735.899          46.000    23924640.038    97967625.537       -2911.329          44.000  
G02  24676797.305   129677498.488        1816.358          45.000                                                                  
G08  21882665.390   114994224.522         259.794          48.000    21882663.033    89605867.287         202.464          47.000  
E11  26104846.374   137182094.574       -1708.773          43.000    26104842.362   105113668.204       -1309.480          44.000  
G03  25760748.690   135373678.483        2039.637          41.000    25760746.581   105486032.173        1589.176          38.000  
> 2024 06 08 06 18 30.0050000  0 31                     
E04  27873386.083   146475746.282       -1895.085          44.000    27873384.833   112234647.358       -1452.142          46.000  
G16  25299046.635   132947383.480       -3944.696          39.000                                                                  
G32  23172069.987   121770115.021        -618.043          48.000    23172067.148    94885888.479        -481.652          46.000  
E06  25919806.412   136209588.693         892.161          46.000                                                                  
R04  22339345.664   119626331.834       -3582.086          52.000    22339337.507    93042705.789       -2786.060          46.000  
R20  22410421.162   119838591.407        1273.212          39.000    22410417.279    93207855.028         990.674          39.000  
R19  22742488.414   121656974.813       -1875.970          40.000    22742480.297    94622347.480       -1459.151          41.000  
R18  25483882.445   136034693.192       -3347.621          43.000    25483880.744   105805000.338       -2603.931          44.000  
R11  25709641.569   137384515.622       -1236.114          45.000    25709634.984   106854557.674        -961.363          44.000  
E30  29229574.612   153602445.436          30.607          42.000    29229573.295   117695376.532          23.409          43.000  
E02  27295175.473   143437130.212       -2192.293          42.000    27295175.797   109906366.109       -1679.971          48.000  
S31  40324818.838   211908417.254        -749.085          45.000  
S33  41317163.091   217123200.192        -748.095          40.000  
E05  26639664.767   139992429.009        2185.938          40.000    26639666.740   107266952.787        1674.749          42.000  
E36  25833499.515   135756181.466        -285.927          48.000    25833496.846   104021036.132        -219.156          46.000  
R05  20902808.316   111737568.606         376.864          52.000    20902801.963    86907000.556         293.120          47.000  
R10  25430180.178   135557162.635       -3375.842          41.000                                                                  
R06  24740990.886   132022667.762        3558.388          36.000                                                                  
R21  26198259.578   140192213.322        2268.133          43.000                                                                  
G27  22032983.243   115784214.805       -1990.730          49.000    22032978.859    90221366.639       -1551.179          45.000  
E34  28402199.885   149254622.397         791.569          42.000    28402202.433   114363946.146         606.684          45.000  
E18  28263341.527   148524854.474       -1051.444          42.000                                                                  
E25  28433783.376   149420577.816       -3469.960          40.000    28433786.651   114491103.951       -2658.935          45.000  
E09  26242911.897   137907536.902         549.925          46.000    26242912.207   105669461.472         421.444          49.000  
G21  23613212.662   124088406.615        1696.319          44.000                                                                  
E10  29086694.685   152851916.153       -2188.683          40.000    29086694.795   117120431.860       -1677.196          44.000  
G10  23945976.798   125837101.088       -3737.325          47.000    23945972.675    98054979.465       -2912.125          42.000  
G02  24666422.001   129622979.634        1818.599          46.000                                                                  
G08  21881225.433   114986657.501         244.767          48.000    21881223.238    89599970.909         190.783          47.000  
E11  26114599.906   137233350.370       -1707.606          42.000    26114595.957   105152942.111       -1308.570          44.000  
G03  25749117.894   135312559.106        2035.063          40.000    25749115.286   105438406.806        1585.863          39.000  
> 2024 06 08 06 19 00.0050000  0 31                     
E04  27884234.702   146532754.599       -1905.133          44.000    27884233.241   112278329.047       -1459.814          46.000  
G16  25321562.082   133065701.174       -3943.072          39.000                                                                  
G32  23175649.094   121788925.636        -635.754          48.000    23175646.066    94900546.074        -495.337          46.000  
E06  25914738.093   136182955.422         883.595          46.000                                                                  
R04  22359459.526   119734041.319       -3598.322          51.000    22359451.392    93126479.855       -2798.914          45.000  
R20  22403280.496   119800405.599        1272.388          39.000    22403276.287    93178155.010         989.355          39.000  
R19  22753032.530   121713379.641       -1884.255          40.000    22753024.508    94666217.893       -1465.302          41.000  
R18  25502711.233   136135200.348       -3352.952          42.000    25502708.294   105883172.531       -2607.699          42.000  
R11  25716631.270   137421869.500       -1253.860          44.000    25716625.201   106883610.700        -975.372          43.000  
E30  29229427.865   153601681.049          20.649          40.000    29229428.006   117694790.789          15.814          43.000  
E02  27307713.808   143503018.154       -2199.761          43.000    27307714.030   109956851.650       -1685.605          48.000  
S31  40329086.978   211930847.652        -746.025          45.000  
S33  41321426.115   217145600.642        -745.266          40.000  
E05  26627183.398   139926840.498        2186.951          39.000    26627186.021   107216696.735        1675.708          43.000  
E36  25835127.182   135764731.935        -283.970          50.000    25835124.937   104027587.829        -217.585          48.000  
R05  20900760.144   111726619.531         353.170          51.000    20900754.216    86898484.624         274.801          47.000  
R10  25449193.346   135658512.027       -3380.700          41.000                                                                  
R06  24720996.693   131915975.545        3554.934          36.000                                                                  
R21  26185519.951   140124035.519        2276.956          43.000                                                                  
G27  22044390.401   115844164.678       -2006.001          48.000    22044386.930    90268080.826       -1563.031          45.000  
E34  28397669.296   149230815.004         795.842          41.000    28397671.976   114345704.208         609.670          45.000  
E18  28269347.076   148556416.472       -1052.498          42.000                                                                  
E25  28453585.613   149524630.523       -3466.757          42.000    28453586.912   114570832.591       -2656.302          44.000  
E09  26239799.696   137891183.441         540.451          47.000    26239799.969   105656930.917         414.048          49.000  
G21  23603526.625   124037503.036        1697.307          45.000                                                                  
E10  29099186.215   152917559.808       -2187.292          41.000    29099186.276   117170730.224       -1676.051          44.000  
G10  23967316.805   125949245.435       -3738.920          47.000    23967312.792    98142364.686       -2913.368          42.000  
G02  24656034.969   129568396.897        1820.547          46.000                                                                  
G08  21879871.156   114979541.322         229.689          48.000    21879868.773    89594425.843         179.054          46.000  
E11  26124346.235   137284566.249       -1706.316          43.000    26124341.777   105192185.446       -1307.432          43.000  
G03  25737511.157   135251568.242        2030.677          39.000    25737507.968   105390881.647        1582.530          36.000  
> 2024 06 08 06 19 30.0050000  0 31                     
E04  27895139.429   146590058.068       -1915.036          44.000    27895137.481   112322236.911       -1467.311          45.000  
G16  25344066.076   133183958.378       -3940.826          39.000                                                                  
G32  23179329.855   121808268.971        -653.650          48.000    23179326.887    94915618.786        -509.198          45.000  
E06  25909718.579   136156577.631         874.888          46.000                                                                  
R04  22379664.384   119842237.815       -3614.673          53.000    22379656.500    93210632.692       -2811.371          45.000  
R20  22396145.885   119762253.6211       1271.319          41.000    22396141.375    93148478.159         989.160          39.000  
R19  22763622.799   121770028.8051      -1892.510          41.000    22763614.613    94710277.571       -1471.567          42.000  
R18  25521568.613   136235861.740       -3358.038          43.000    25521565.376   105961464.731       -2611.948          42.000  
R06  24701019.230   131809365.2671       3551.224          37.000                                                                  
R11  25723719.703   137459755.753       -1271.744          44.000    25723715.584   106913077.797        -989.128          43.000  
E30  29229336.789   153601216.240          10.517          40.000    29229340.329   117694434.649           7.898          44.000  
E02  27320294.418   143569125.987       -2207.256          43.000    27320294.176   110007505.683       -1691.263          48.000  
S31  40333339.176   211953193.365        -743.319          45.000  
S33  41325672.353   217167916.978        -742.415          40.000  
E05  26614695.596   139861216.580        2187.898          39.000    26614697.781   107166413.553        1676.562          42.000  
E36  25836741.918   135773220.569        -281.970          49.000    25836741.149   104034092.147        -216.109          49.000  
R05  20898844.869   111716382.235         329.388          52.000    20898839.468    86890522.292         256.227          48.000  
R10  25468234.130   135760009.492       -3385.944          40.000                                                                  
R21  26172730.962   140055571.8081       2285.523          44.000                                                                  
G27  22055886.091   115904572.856       -2021.315          48.000    22055882.167    90315152.120       -1574.964          45.000  
E34  28393116.648   149206887.172         799.426          42.000    28393118.607   114327369.956         612.613          45.000  
E18  28275359.578   148588012.308       -1053.793          42.000                                                                  
E25  28473366.860   149628584.873       -3463.577          41.000    28473368.900   114650485.893       -2653.831          44.000  
E09  26236741.610   137875112.334         530.951          47.000    26236741.275   105644616.694         406.872          48.000  
G21  23593835.031   123986571.035        1698.217          45.000                                                                  
E10  29111669.686   152983160.004       -2185.663          41.000    29111669.621   117220995.363       -1675.187          43.000  
G10  23988665.342   126061429.902       -3740.222          48.000    23988660.744    98229781.180       -2914.495          42.000  
G02  24645636.307   129513753.594        1822.354          44.000                                                                  
G08  21878603.794   114972879.998         214.365          48.000    21878601.218    89589235.209         167.068          46.000  
E11  26134085.041   137335745.044       -1705.259          42.000    26134080.856   105231400.359       -1306.513          43.000  
G03  25725930.483   135190709.202        2026.096          41.000    25725927.905   105343459.091        1579.150          38.000  
> 2024 06 08 06 20 00.0050000  0 31                     
E04  27906102.030   146647665.043       -1925.723          44.000    27906099.669   112366377.352       -1475.678          45.000  
G16  25366559.466   133302161.251       -3939.679          40.000                                                                  
G32  23183114.692   121828154.827        -672.398          49.000    23183110.879    94931114.269        -523.913          45.000  
E06  25904749.069   136130466.056         865.530          45.000                                                                  
R04  22399961.421   119950926.576       -3631.641          51.000    22399953.711    93295168.388       -2824.616          45.000  
R20  22389018.053   119724139.429        1269.147          40.000    22389013.518    93118833.836         986.823          39.000  
R19  22774259.962   121826931.011       -1901.515          41.000    22774252.527    94754534.861       -1478.744          43.000  
R18  25540456.177   136336686.603       -3364.260          41.000    25540453.916   106039884.026       -2616.250          43.000  
R06  24681065.643   131702878.320        3546.986          38.000                                                                  
R11  25730912.396   137498181.824       -1290.306          45.000    25730906.188   106942964.674       -1003.613          43.000  
E30  29229310.160   153601060.637          -0.432          42.000    29229311.370   117694315.426          -0.343          45.000  
E02  27332917.500   143635461.302       -2215.225          44.000    27332917.551   110058334.039       -1697.490          48.000  
S31  40337577.117   211975463.198        -741.536          45.000  
S33  41329904.755   217190157.533        -740.453          40.000  
E05  26602203.271   139795568.385        2188.187          40.000    26602205.354   107116111.774        1676.713          42.000  
E36  25838345.960   135781656.920        -280.831          48.000    25838346.661   104040556.375        -215.213          49.000  
R05  20897065.508   111706866.808         304.729          52.000    20897059.495    86883121.415         236.922          48.000  
R10  25487303.531   135861660.122       -3391.152          39.000                                                                  
R21  26159895.321   139986887.901        2293.011          43.000                                                                  
G27  22067471.363   115965448.021       -2037.600          49.000    22067466.484    90362587.307       -1587.691          45.000  
E34  28388543.759   149182847.810         802.810          43.000    28388543.698   114308950.242         615.153          45.000  
E18  28281379.280   148619650.574       -1055.733          41.000                                                                  
E25  28493131.832   149732448.205       -3461.359          41.000    28493133.862   114730069.400       -2651.917          45.000  
E09  26233739.823   137859334.018         520.488          47.000    26233738.393   105632526.821         398.828          48.000  
G21  23584139.127   123935620.776        1698.075          45.000                                                                  
E10  29124147.067   153048726.740       -2185.442          42.000    29124146.480   117271234.781       -1674.555          43.000  
G10  24010021.417   126173661.418       -3742.125          48.000    24010017.417    98317234.350       -2916.384          42.000  
G02  24635228.849   129459058.908        1823.455          45.000                                                                  
G08  21877424.838   114966684.505         198.284          48.000    21877422.130    89584407.567         154.348          46.000  
E11  26143818.607   137386896.680       -1704.998          42.000    26143814.696   105270594.473       -1306.301          43.000  
G03  25714376.716   135129992.002        2021.057          41.000    25714375.430   105296147.155        1575.211          40.000  
> 2024 06 08 06 20 30.0050000  0 31                     
E04  27917126.089   146705596.731       -1936.885          45.000    27917123.588   112410766.581       -1484.029          45.000  
G16  25389045.803   133420328.581       -3938.672          38.000                                                                  
G32  23187007.227   121848605.693        -691.406          50.000    23187002.774    94947050.043        -538.772          45.000  
E06  25899835.155   136104644.299         855.574          45.000                                                                  
R04  22420354.011   120060126.356       -3648.767          51.000    22420345.665    93380101.541       -2837.897          44.000  
R20  22381901.041   119686089.9511       1266.724          39.000    22381898.651    93089241.372         985.297          39.000  
R19  22784948.303   121884110.736       -1910.695          39.000    22784942.173    94799007.995       -1486.262          43.000  
R18  25559378.783   136437700.1511      -3370.654          41.000    25559376.556   106118447.728       -2621.227          43.000  
R06  24661134.161   131596556.3621       3542.482          37.000                                                                  
R11  25738208.196   137537168.486       -1309.064          45.000    25738202.764   106973287.537       -1018.132          44.000  
E30  29229344.964   153601236.732         -11.821          44.000    29229345.699   117694450.313          -9.073          45.000  
E02  27345587.286   143702044.515       -2223.826          44.000    27345587.887   110109352.330       -1704.014          48.000  
S31  40341804.938   211997680.513        -740.066          45.000  
S33  41334126.905   217212345.260        -738.929          40.000  
E05  26589711.269   139729919.879        2188.057          41.000    26589712.515   107065809.771        1676.463          42.000  
E36  25839943.859   135790063.377        -280.041          46.000    25839946.195   104046997.670        -214.513          49.000  
R05  20895424.568   111698096.807         279.610          52.000    20895418.853    86876300.294         217.408          48.000  
R10  25506406.190   135963496.9121      -3397.057          39.000                                                                  
R21  26147017.206   139917978.956        2300.448          44.000                                                                  
G27  22079147.686   116026811.682       -2053.771          48.000    22079143.028    90410403.136       -1600.243          45.000  
E34  28383952.719   149158718.716         805.314          44.000    28383951.869   114290461.784         617.203          44.000  
E18  28287411.999   148651352.825       -1058.109          41.000                                                                  
E25  28512882.987   149836240.466       -3458.651          41.000    28512884.544   114809598.499       -2650.269          44.000  
E09  26230797.678   137843871.719         509.879          48.000    26230795.654   105620679.097         390.636          47.000  
G21  23574444.392   123884675.291        1697.880          44.000                                                                  
E10  29136622.583   153114282.548       -2185.536          43.000    29136621.289   117321465.849       -1674.353          42.000  
G10  24031391.346   126285959.742       -3744.510          48.000    24031387.508    98404739.541       -2918.097          43.000  
G02  24624815.718   129404335.774        1824.348          45.000                                                                  
G08  21876338.710   114960978.578         181.725          48.000    21876336.259    89579961.386         141.551          46.000  
E11  26153551.926   137438043.763       -1705.010          42.000    26153547.460   105309785.076       -1306.321          42.000  
G03  25702852.336   135069439.378        2015.267          40.000    25702852.496   105248963.574        1570.311          40.000  
> 2024 06 08 06 21 00.0060000  0 31                     
E04  27928215.993   146763874.503       -1948.376          44.000    27928213.494   112455421.007       -1492.881          45.000  
G16  25411530.390   133538482.056       -3938.197          40.000                                                                  
G32  23191010.814   121869643.136        -711.217          50.000    23191006.154    94963442.890        -554.203          45.000  
E06  25894981.136   136079133.344         844.966          46.000                                                                  
R04  22440845.433   120169857.571       -3666.604          50.000    22440836.765    93465448.036       -2851.784          44.000  
R20  22374802.953   119648130.339        1264.085          38.000    22374799.583    93059717.294         982.670          39.000  
R19  22795693.354   121941592.091       -1920.856          39.000    22795687.393    94843715.732       -1494.150          43.000  
R18  25578340.867   136538920.302       -3377.563          41.000    25578338.553   106197174.511       -2627.087          42.000  
R06  24641234.696   131490360.158        3537.107          36.000                                                                  
R11  25745611.593   137576736.125       -1328.943          43.000    25745607.708   107004062.336       -1033.496          44.000  
E30  29229445.822   153601765.222         -23.739          43.000    29229445.766   117694855.214         -18.043          45.000  
E02  27358309.339   143768896.595       -2232.897          44.000    27358309.206   110160576.628       -1711.012          48.000  
S31  40346026.500   212019864.717        -739.164          45.000  
S33  41338342.715   217234499.655        -738.013          41.000  
E05  26577223.731   139664291.184        2186.740          41.000    26577223.879   107015522.924        1675.548          42.000  
E36  25841542.217   135798460.932        -279.948          46.000    25841543.573   104053432.143        -214.402          48.000  
R05  20893927.077   111690093.414         253.737          51.000    20893921.579    86870075.452         197.399          47.000  
R10  25525544.784   136065509.600       -3403.601          41.000                                                                  
R21  26134102.889   139848863.989        2306.902          45.000                                                                  
G27  22090920.990   116088685.888       -2071.147          47.000    22090916.790    90458616.814       -1613.795          44.000  
E34  28379347.761   149134519.192         807.722          45.000    28379346.976   114271919.361         618.806          45.000  
E18  28293460.257   148683139.873       -1061.099          40.000                                                                  
E25  28532624.896   149939983.680       -3457.301          41.000    28532626.567   114889089.977       -2649.141          45.000  
E09  26227918.712   137828746.543         498.291          47.000    26227917.161   105609089.677         381.870          47.000  
G21  23564754.388   123833754.543        1696.538          44.000                                                                  
E10  29149099.209   153179850.611       -2185.881          42.000    29149098.282   117371706.335       -1674.829          43.000  
G10  24052777.655   126398346.771       -3747.744          47.000    24052773.935    98492313.820       -2920.100          43.000  
G02  24614400.324   129349603.687        1824.259          46.000                                                                  
G08  21875350.243   114955784.153         164.492          48.000    21875347.595    89575913.787         128.153          46.000  
E11  26163287.827   137489209.023       -1705.984          41.000    26163283.824   105348989.618       -1307.219          43.000  
G03  25691365.236   135009070.727        2008.710          43.000    25691364.010   105201923.178        1565.118          40.000  
> 2024 06 08 06 21 30.0060000  0 31                     
E04  27939376.228   146822525.502       -1961.704          42.000    27939374.453   112500361.392       -1503.188          44.000  
G16  25434015.955   133656642.381       -3939.436          39.000                                                                  
G32  23195131.004   121891298.099        -732.493          47.000    23195126.989    94980316.913        -570.848          44.000  
E06  25890192.169   136053968.285         832.685          44.000                                                                  
R04  22461439.518   120280141.407       -3686.197          46.000    22461431.572    93551224.321       -2866.812          43.000  
R20  22367727.311   119610296.420        1258.083          34.000    22367724.548    93030290.884         978.752          37.000  
R19  22806501.289   121999404.670       -1933.367          36.000    22806494.331    94888681.063       -1503.718          39.000  
R18  25597346.957   136640375.714       -3386.969          39.000    25597344.417   106276084.238       -2633.863          41.000  
R06  24621371.577   131384362.582        3528.302          33.000                                                                  
R11  25753128.646   137616912.546       -1350.482          40.000    25753124.862   107035310.657       -1050.012          40.000  
E30  29229616.638   153602678.229         -37.493          39.000    29229618.690   117695554.775         -28.482          43.000  
E02  27371087.474   143836043.304       -2243.605          43.000    27371086.512   110212026.692       -1719.147          46.000  
S31  40350247.920   212042047.795        -739.847          43.000  
S33  41342558.136   217256652.652        -738.966          38.000  
E05  26564745.730   139598720.447        2184.395          40.000    26564745.978   106965280.493        1673.596          41.000  
E36  25843146.413   135806881.217        -281.527          46.000    25843144.842   104059884.065        -215.714          45.000  
R05  20892579.736   111682890.983         225.771          48.000    20892573.889    86864473.572         175.843          45.000  
R10  25544721.661   136167734.786       -3412.805          36.000                                                                  
R21  26121155.474   139779580.574        2311.219          41.000                                                                  
G27  22102798.073   116151097.816       -2089.733          45.000    22102794.018    90507249.496       -1628.755          42.000  
E34  28374734.659   149110282.581         807.979          43.000    28374735.123   114253348.508         618.939          43.000  
E18  28299530.770   148715040.967       -1065.461          38.000                                                                  
E25  28552361.654   150043700.755       -3457.281          39.000    28552362.945   114968561.460       -2649.150          43.000  
E09  26225110.994   137813992.563         485.291          45.000    26225109.802   105597784.707         371.745          45.000  
G21  23555075.650   123782894.720        1694.090          43.000                                                                  
E10  29161584.325   153245459.127       -2188.216          40.000    29161583.288   117421977.777       -1676.583          41.000  
G10  24074185.575   126510844.653       -3752.348          45.000    24074181.901    98579974.535       -2924.357          42.000  
G02  24603990.392   129294898.948        1822.450          43.000                                                                  
G08  21874466.145   114951135.161         145.510          46.000    21874462.783    89572291.208         113.273          45.000  
E11  26173033.644   137540421.564       -1708.209          39.000    26173029.381   105388230.393       -1309.108          41.000  
G03  25679920.461   134948922.717        2000.830          41.000    25679917.880   105155054.670        1559.265          38.000  
> 2024 06 08 06 22 00.0060000  0 31                     
E04  27950615.592   146881588.175       -1975.820          44.000    27950613.887   112545617.179       -1513.897          45.000  
G16  25456509.619   133774848.196       -3941.034          40.000                                                                  
G32  23199376.107   121913609.112        -754.893          47.000    23199372.880    94997702.096        -588.301          46.000  
E06  25885475.721   136029187.243         819.508          45.000                                                                  
R04  22482143.984   120391015.626       -3705.713          50.000    22482136.185    93637459.831       -2882.183          44.000  
R20  22360682.358   119572614.1861       1252.450          38.000    22360680.640    93000991.834         974.156          41.000  
R19  22817378.485   122057588.0401      -1946.212          39.000    22817371.353    94933936.308       -1513.412          42.000  
R18  25616404.650   136742085.5121      -3395.929          41.000    25616402.472   106355208.949       -2641.156          42.000  
R06  24601551.932   131278599.7631       3520.658          36.000                                                                  
R11  25760770.508   137657732.2301      -1371.564          45.000    25760764.167   107067061.606       -1066.779          43.000  
E30  29229868.736   153604013.503         -51.818          40.000    29229872.090   117696577.933         -39.501          43.000  
E02  27383928.295   143903522.614       -2255.030          45.000    27383926.948   110263731.605       -1727.796          47.000  
S31  40354475.694   212064266.706        -741.271          45.000  
S33  41346780.414   217278842.242        -740.736          40.000  
E05  26552284.777   139533244.885        2180.358          39.000    26552287.046   106915110.962        1670.822          43.000  
E36  25844761.053   135815362.265        -283.833          50.000    25844758.248   104066382.590        -217.612          46.000  
R05  20891389.337   111676527.866         198.010          51.000    20891383.515    86859524.521         153.970          48.000  
R10  25563948.024   136270219.8791      -3420.325          38.000                                                                  
R21  26108182.191   139710165.240        2315.913          44.000                                                                  
G27  22114785.643   116214086.396       -2109.444          49.000    22114780.731    90556331.468       -1643.585          44.000  
E34  28370120.786   149086045.185         807.745          43.000    28370122.699   114234777.056         618.884          45.000  
E18  28305630.072   148747094.080       -1071.281          39.000                                                                  
E25  28572100.411   150147430.706       -3458.083          40.000    28572101.940   115048042.776       -2649.687          44.000  
E09  26222381.543   137799647.972         471.094          47.000    26222380.626   105586793.376         361.157          48.000  
G21  23545416.389   123732133.196        1690.083          45.000                                                                  
E10  29174084.112   153311148.287       -2191.158          41.000    29174083.612   117472311.031       -1679.012          43.000  
G10  24095621.494   126623492.326       -3757.757          46.000    24095617.741    98667751.880       -2927.976          44.000  
G02  24593592.010   129240257.936        1820.122          44.000                                                                  
G08  21873692.542   114947070.456         125.692          48.000    21873689.065    89569123.904          97.894          46.000  
E11  26182795.511   137591721.227       -1711.552          41.000    26182791.542   105427537.906       -1311.290          43.000  
G03  25668522.798   134889031.511        1991.809          38.000    25668520.603   105108386.331        1552.387          40.000  
> 2024 06 08 06 22 30.0060000  0 31                     
E04  27961936.850   146941082.548       -1990.668          45.000    27961935.183   112591203.803       -1525.433          45.000  
G16  25479016.146   133893117.810       -3943.683          40.000                                                                  
G32  23203750.535   121936597.427        -777.777          48.000    23203747.574    95015615.087        -606.263          46.000  
E06  25880838.133   136004812.592         805.227          46.000                                                                  
R04  22502963.013   120502497.406       -3726.453          50.000    22502954.800    93724167.877       -2898.303          43.000  
R20  22353672.976   119535131.796        1245.762          38.000    22353672.022    92971838.872         968.845          42.000  
R19  22828329.238   122116168.122       -1959.575          39.000    22828322.657    94979498.603       -1523.965          43.000  
R18  25635517.915   136844114.669       -3406.177          41.000    25635516.559   106434564.941       -2649.121          41.000  
R06  24581781.129   131173100.168        3511.799          36.000                                                                  
R11  25768533.974   137699220.687       -1394.427          43.000    25768528.271   107099330.349       -1084.234          43.000  
E30  29230209.707   153605792.446         -67.125          43.000    29230210.316   117697941.021         -51.383          43.000  
E02  27396836.536   143971353.832       -2267.231          45.000    27396835.283   110315706.179       -1737.283          48.000  
S31  40358714.620   212086543.040        -744.159          45.000  
S33  41351013.697   217301089.026        -743.517          39.000  
E05  26539847.646   139467887.245        2176.326          40.000    26539849.853   106865031.853        1667.464          43.000  
E36  25846390.697   135823925.407        -287.272          49.000    25846388.526   104072944.020        -219.971          47.000  
R05  20890360.002   111671026.298         168.683          50.000    20890354.620    86855245.532         131.158          48.000  
R10  25583220.106   136372960.876       -3429.712          38.000                                                                  
R21  26095190.121   139640639.892        2318.976          44.000                                                                  
G27  22126885.747   116277671.937       -2129.750          49.000    22126880.098    90605878.669       -1659.609          44.000  
E34  28365512.180   149061827.829         806.324          43.000    28365514.819   114216220.953         617.918          46.000  
E18  28311761.940   148779319.540       -1077.228          39.000                                                                  
E25  28591846.097   150251192.529       -3459.831          40.000    28591847.084   115127548.519       -2650.791          44.000  
E09  26219733.894   137785734.809         456.258          47.000    26219733.156   105576132.667         349.562          48.000  
G21  23535779.854   123681491.949        1685.564          45.000                                                                  
E10  29186603.835   153376939.681       -2195.347          41.000    29186603.468   117522722.605       -1682.036          43.000  
G10  24117089.873   126736308.440       -3763.664          46.000    24117086.309    98755660.531       -2932.688          44.000  
G02  24583210.476   129185702.271        1816.754          45.000                                                                  
G08  21873034.458   114943612.667         104.884          48.000    21873030.964    89566429.531          81.822          46.000  
E11  26192577.917   137643129.518       -1715.724          41.000    26192574.116   105466928.690       -1314.583          43.000  
G03  25657175.698   134829418.764        1981.989          38.000    25657176.719   105061935.089        1544.397          40.000  
> 2024 06 08 06 23 00.0060000  0 31                     
E04  27973343.887   147001024.956       -2005.795          45.000    27973341.597   112637133.708       -1536.917          45.000  
G16  25501536.383   134011464.746       -3946.558          39.000                                                                  
G32  23208257.606   121960280.679        -801.243          49.000    23208254.249    95034069.564        -624.297          46.000  
E06  25876281.236   135980863.056         790.914          46.000                                                                  
R04  22523897.665   120614600.463       -3747.290          50.000    22523889.220    93811359.156       -2914.521          43.000  
R20  22346703.965   119497857.783        1238.530          39.000    22346701.555    92942847.992         963.470          41.000  
R19  22839358.152   122175162.135       -1973.326          39.000    22839351.275    95025382.848       -1534.974          43.000  
R18  25654690.515   136946476.7101      -3416.833          40.000    25654688.309   106514165.848       -2657.440          41.000  
R06  24562063.428   131067888.4291       3502.294          37.000                                                                  
R11  25776423.465   137741390.433       -1417.059          41.000    25776420.651   107132129.015       -1102.069          43.000  
E30  29230638.656   153608032.523         -82.517          44.000    29230636.863   117699657.419         -63.210          43.000  
E02  27409813.575   144039552.458       -2279.598          44.000    27409813.460   110367962.265       -1746.679          48.000  
S31  40362968.042   212108894.124        -746.409          45.000  
S33  41355260.951   217323409.522        -745.413          40.000  
E05  26527438.007   139402666.772        2171.439          41.000    26527439.061   106815057.798        1663.959          43.000  
E36  25848038.416   135832588.219        -290.683          48.000    25848038.363   104079581.801        -222.627          49.000  
R05  20889495.256   111666404.391         139.205          50.000    20889489.992    86851650.726         108.440          48.000  
R10  25602545.970   136475981.133       -3438.501          38.000                                                                  
R21  26082181.155   139571022.896        2321.903          44.000                                                                  
G27  22139101.678   116341871.135       -2150.295          48.000    22139097.036    90655904.012       -1675.504          44.000  
E34  28360911.545   149037647.457         805.222          43.000    28360913.664   114197693.200         616.751          46.000  
E18  28317930.094   148811734.047       -1083.895          39.000                                                                  
E25  28611599.653   150355001.473       -3461.517          39.000    28611601.295   115207090.362       -2652.237          44.000  
E09  26217172.096   137772271.480         440.991          47.000    26217171.041   105565816.637         337.904          48.000  
G21  23526170.060   123630989.033        1680.891          46.000                                                                  
E10  29199146.251   153442851.118       -2199.187          41.000    29199145.898   117573226.192       -1685.259          43.000  
G10  24138593.149   126849308.064       -3770.089          47.000    24138589.677    98843712.166       -2937.658          44.000  
G02  24572849.073   129131249.919        1813.171          46.000                                                                  
G08  21872495.579   114940780.636          83.829          48.000    21872492.591    89564222.767          65.309          46.000  
E11  26202384.209   137694664.223       -1720.206          40.000    26202380.752   105506416.323       -1317.870          43.000  
G03  25645890.170   134770102.618        1972.119          40.000    25645888.955   105015714.880        1536.749          40.000  
> 2024 06 08 06 23 30.0060000  0 31                     
E04  27984839.220   147061433.119       -2021.629          45.000    27984837.207   112683420.485       -1549.065          46.000  
G16  25524074.194   134129904.578       -3949.695          41.000                                                                  
G32  23212900.421   121984677.882        -825.433          49.000    23212897.156    95053080.367        -643.186          46.000  
E06  25871808.526   135957358.761         775.846          47.000                                                                  
R04  22544950.623   120727339.805       -3768.720          49.000    22544942.237    93899045.296       -2931.110          43.000  
R20  22339776.684   119460812.006        1231.045          40.000    22339772.902    92914034.613         957.835          40.000  
R19  22850467.257   122234590.154       -1988.128          39.000    22850460.381    95071604.615       -1546.565          43.000  
R18  25673926.561   137049154.274       -3428.540          42.000    25673922.923   106594026.138       -2666.315          40.000  
R06  24542403.444   130962976.728        3491.670          38.000                                                                  
R11  25784446.846   137784258.814       -1440.615          44.000    25784443.621   107165471.049       -1120.443          44.000  
E30  29231156.946   153610752.689         -98.859          44.000    29231155.478   117701741.671         -75.837          43.000  
E02  27422864.021   144108135.509       -2292.561          44.000    27422864.117   110420512.918       -1756.792          47.000  
S31  40367239.014   212131338.053        -749.691          45.000  
S33  41359526.508   217345824.430        -748.857          40.000  
E05  26515056.756   139337604.037        2166.023          42.000    26515058.010   106765204.621        1659.542          44.000  
E36  25849707.755   135841369.792        -294.993          46.000    25849710.194   104086310.549        -225.958          50.000  
R05  20888798.657   111662681.982         108.894          50.000    20888793.754    86848755.523          84.790          48.000  
R10  25621927.626   136579295.804       -3449.139          39.000                                                                  
R21  26069157.484   139501334.058        2323.848          43.000                                                                  
G27  22151438.390   116406701.973       -2171.642          48.000    22151433.816    90706421.556       -1692.188          44.000  
E34  28356322.226   149013522.576         802.969          45.000    28356322.881   114179207.942         615.119          46.000  
E18  28324138.024   148844355.743       -1091.146          40.000                                                                  
E25  28631366.658   150458874.249       -3463.663          40.000    28631367.642   115286681.167       -2654.171          43.000  
E09  26214698.687   137759277.804         425.028          46.000    26214698.518   105555860.470         325.675          48.000  
G21  23516589.639   123580644.806        1675.240          46.000                                                                  
E10  29211715.580   153508901.934       -2204.288          42.000    29211715.067   117623836.553       -1689.083          43.000  
G10  24160134.886   126962507.609       -3776.757          47.000    24160130.394    98931919.639       -2942.787          42.000  
G02  24562510.558   129076920.321        1808.851          46.000                                                                  
G08  21872079.368   114938594.625          62.037          48.000    21872076.062    89562519.378          48.365          45.000  
E11  26212219.529   137746344.701       -1725.283          41.000    26212215.148   105546015.659       -1322.041          43.000  
G03  25634663.050   134711102.523        1961.438          39.000    25634662.490   104969740.900        1528.314          41.000  
> 2024 06 08 06 24 00.0060000  0 31                     
E04  27996422.799   147122305.926       -2037.159          46.000    27996420.857   112730063.292       -1560.848          45.000  
G16  25546630.251   134248434.946       -3953.162          42.000                                                                  
G32  23217679.033   122009789.227        -849.429          51.000    23217675.333    95072647.663        -661.788          46.000  
E06  25867420.328   135934301.031         760.604          48.000                                                                  
R04  22566122.387   120840711.097       -3789.972          53.000    22566114.249    93987222.976       -2947.656          45.000  
R20  22332892.176   119423998.242        1222.924          41.000    22332887.738    92885401.757         951.060          39.000  
R19  22861657.193   122294453.4571      -2003.268          40.000    22861651.706    95118164.971       -1557.796          44.000  
R18  25693223.836   137152173.5153      -3439.630          44.000    25693220.186   106674145.541       -2675.354          43.000  
R06  24522800.016   130858372.6573       3481.304          39.000                                                                  
R11  25792600.340   137827823.600       -1464.190          46.000    25792594.607   107199354.736       -1138.640          42.000  
E30  29231762.957   153613953.105        -115.138          44.000    29231764.533   117704193.954         -88.312          43.000  
E02  27435987.657   144177101.157       -2305.624          45.000    27435987.815   110473356.723       -1766.587          48.000  
S31  40371527.607   212153875.435        -753.112          47.000  
S33  41363809.685   217368331.473        -752.126          40.000  
E05  26502706.400   139272700.880        2160.456          44.000    26502707.442   106715473.716        1655.168          44.000  
E36  25851398.857   135850270.443        -299.231          45.000    25851404.143   104093130.477        -229.195          51.000  
R05  20888271.273   111659859.695          78.636          52.000    20888265.605    86846560.421          61.251          48.000  
R10  25641361.176   136682911.6213      -3458.545          42.000                                                                  
R21  26056121.785   139431573.736        2325.999          45.000                                                                  
G27  22163895.071   116472163.736       -2192.693          48.000    22163891.260    90757430.738       -1709.004          44.000  
E34  28351741.632   148989452.817         801.046          45.000    28351742.183   114160764.914         613.852          45.000  
E18  28330384.855   148877183.988       -1098.055          41.000                                                                  
E25  28651143.942   150562808.951       -3465.595          41.000    28651145.660   115366319.370       -2655.809          43.000  
E09  26212315.401   137746754.819         409.224          48.000    26212315.528   105546264.931         313.583          48.000  
G21  23507039.159   123530460.372        1669.773          48.000                                                                  
E10  29224311.194   153575092.642       -2209.134          43.000    29224310.381   117674554.102       -1692.514          42.000  
G10  24181713.171   127075904.905       -3783.599          48.000    24181709.521    99020281.158       -2948.527          44.000  
G02  24552194.971   129022714.102        1804.223          47.000                                                                  
G08  21871786.596   114937056.116          40.092          50.000    21871783.674    89561320.564          31.180          46.000  
E11  26222081.870   137798171.459       -1730.293          43.000    26222077.459   105585727.056       -1325.871          43.000  
G03  25623495.147   134652419.100        1950.403          42.000    25623496.557   104924013.755        1519.757          43.000  
> 2024 06 08 06 24 30.0060000  0 31                     
E04  28008099.523   147183667.962       -2054.044          45.000    28008097.655   112777080.964       -1573.833          45.000  
G16  25569207.716   134367078.367       -3957.056          41.000                                                                  
G32  23222598.342   122035640.367        -874.385          49.000    23222594.334    95092791.436        -681.492          45.000  
E06  25863123.187   135911716.755         744.491          47.000                                                                  
R04  22587415.326   120954736.371       -3811.981          50.000    22587407.694    94075909.306       -2964.984          46.000  
R20  22326056.150   119387444.471        1213.760          39.000    22326051.212    92856971.100         944.277          39.000  
R19  22872935.072   122354779.130       -2018.905          38.000    22872929.089    95165084.950       -1570.307          44.000  
R18  25712588.304   137255542.4461      -3451.855          43.000    25712584.908   106754544.029       -2684.827          41.000  
R06  24503261.675   130754107.487        3469.777          35.000                                                                  
R11  25800886.043   137872108.710       -1488.651          43.000    25800881.034   107233798.657       -1157.895          41.000  
E30  29232465.554   153617659.444        -132.165          41.000    29232469.598   117707033.912        -101.557          43.000  
E02  27449186.195   144246473.180       -2319.521          41.000    27449188.964   110526511.907       -1777.406          48.000  
S31  40375839.263   212176531.838        -757.462          45.000  
S33  41368116.492   217390957.505        -756.608          42.000  
E05  26490390.670   139207984.637        2153.763          42.000    26490392.060   106665886.009        1650.291          43.000  
E36  25853123.626   135859315.907        -304.290          46.000    25853124.900   104100061.374        -233.158          51.000  
R05  20887915.993   111657964.158          47.376          49.000    20887910.747    86845086.112          36.799          47.000  
R10  25660855.876   136786827.679       -3469.537          37.000                                                                  
R21  26043076.439   139361768.795        2327.260          43.000                                                                  
G27  22176476.482   116538281.152       -2215.115          47.000    22176472.813    90808950.820       -1726.289          44.000  
E34  28347174.511   148965463.421         798.117          42.000    28347176.679   114142383.490         611.343          45.000  
E18  28336676.226   148910243.639       -1106.043          41.000                                                                  
E25  28670938.260   150666828.945       -3469.063          40.000    28670940.420   115446022.934       -2658.255          44.000  
E09  26210027.976   137734729.075         392.201          47.000    26210026.910   105537050.405         300.522          48.000  
G21  23497525.100   123480462.310        1663.144          45.000                                                                  
E10  29236938.605   153641449.275       -2215.061          42.000    29236937.894   117725398.808       -1697.232          42.000  
G10  24203334.024   127189523.086       -3791.441          46.000    24203330.281    99108814.784       -2954.142          43.000  
G02  24541908.016   128968657.612        1799.111          44.000                                                                  
G08  21871622.423   114936192.113          17.275          48.000    21871619.286    89560647.329          13.278          45.000  
E11  26231977.021   137850170.674       -1736.574          42.000    26231972.290   105625570.600       -1330.624          43.000  
G03  25612395.407   134594078.615        1938.684          42.000    25612394.824   104878553.766        1510.657          43.000  
> 2024 06 08 06 25 00.0060000  0 31                     
E04  28019873.404   147245540.567       -2070.948          44.000    28019871.508   112824489.845       -1586.781          45.000  
G16  25591809.178   134485853.610       -3961.298          39.000                                                                  
G32  23227662.648   122062253.968        -899.990          48.000    23227658.932    95113529.322        -701.403          45.000  
E06  25858919.810   135889629.812         727.819          46.000                                                                  
R04  22608834.153   121069434.271       -3834.631          49.000    22608826.932    94165118.744       -2982.367          46.000  
R20  22319273.019   119351175.229        1204.173          38.000    22319268.836    92828761.729         936.337          40.000  
R19  22884303.154   122415590.402       -2035.346          38.000    22884297.002    95212382.583       -1582.990          44.000  
R18  25732024.693   137359293.280       -3464.892          45.000    25732020.987   106835239.052       -2694.910          43.000  
R06  24483790.528   130650206.551        3457.280          35.000                                                                  
R11  25809313.970   137917134.854       -1513.387          44.000    25809308.820   107268818.956       -1177.075          43.000  
E30  29233273.874   153621894.396        -150.122          42.000    29233275.172   117710278.858        -115.026          43.000  
E02  27462469.586   144316272.198       -2333.771          43.000    27462470.898   110579994.255       -1788.173          47.000  
S31  40380177.258   212199328.378        -762.302          45.000  
S33  41372448.933   217413724.995        -761.144          42.000  
E05  26478116.122   139143479.613        2146.354          42.000    26478116.696   106616460.139        1644.830          43.000  
E36  25854878.409   135868528.940        -309.934          48.000    25854877.480   104107120.714        -237.565          50.000  
R05  20887739.130   111657018.498          15.604          49.000    20887733.518    86844350.608          12.174          47.000  
R10  25680411.867   136891073.160       -3480.640          37.000                                                                  
R21  26030027.781   139291942.407        2327.637          43.000                                                                  
G27  22189186.776   116605075.928       -2237.855          47.000    22189183.129    90860998.689       -1743.887          44.000  
E34  28342628.257   148941576.584         794.376          42.000    28342630.763   114124080.610         608.763          45.000  
E18  28343016.032   148943556.584       -1114.555          41.000                                                                  
E25  28690751.797   150770954.802       -3472.903          39.000    28690754.677   115525807.603       -2660.940          43.000  
E09  26207838.534   137723224.098         374.794          47.000    26207837.640   105528234.906         287.150          48.000  
G21  23488050.786   123430674.194        1655.968          45.000                                                                  
E10  29249602.121   153707994.863       -2221.508          42.000    29249601.035   117776388.277       -1702.297          42.000  
G10  24225000.536   127303382.336       -3799.520          46.000    24224996.941    99197536.278       -2960.692          43.000  
G02  24531654.013   128914773.914        1793.022          43.000                                                                  
G08  21871590.609   114936026.538          -6.309          48.000    21871587.289    89560518.311          -4.976          45.000  
E11  26241909.226   137902365.309       -1743.156          42.000    26241904.620   105665563.885       -1335.700          43.000  
G03  25601361.401   134536104.146        1926.617          39.000    25601361.746   104833378.995        1500.726          40.000  
> 2024 06 08 06 25 30.0060000  0 31                     
E04  28031746.741   147307937.021       -2088.625          43.000    28031745.239   112872300.120       -1600.196          45.000  
G16  25614439.176   134604772.093       -3966.077          39.000                                                                  
G32  23232874.432   122089644.386        -925.868          47.000    23232870.722    95134872.502        -721.467          45.000  
E06  25854814.005   135868055.727         710.661          46.000                                                                  
R04  22630380.370   121184815.307       -3857.251          49.000    22630373.621    94254859.544       -3000.171          46.000  
R20  22312546.102   119315207.086        1193.948          38.000    22312543.896    92800786.521         928.310          41.000  
R19  22895763.681   122476908.6751      -2051.489          39.000    22895759.100    95260070.700       -1595.901          45.000  
R18  25751534.482   137463439.4811      -3478.302          43.000    25751531.551   106916241.633       -2705.322          39.000  
R06  24464389.314   130546652.7411       3444.041          38.000                                                                  
R11  25817880.690   137962914.404       -1538.387          44.000    25817877.281   107304425.251       -1196.403          45.000  
E30  29234186.328   153626672.427        -168.359          43.000    29234184.280   117713939.916        -128.911          43.000  
E02  27475837.126   144386510.717       -2348.435          43.000    27475836.711   110633813.367       -1799.443          47.000  
S31  40384545.000   212222280.655        -767.646          45.000  
S33  41376811.223   217436647.166        -766.677          41.000  
E05  26465883.778   139079201.918        2138.793          41.000    26465885.236   106567208.477        1638.815          43.000  
E36  25856666.583   135877924.152        -316.166          49.000    25856664.276   104114319.679        -242.219          48.000  
R05  20887743.080   111657038.005         -16.593          50.000    20887737.124    86844365.821         -12.977          47.000  
R10  25700031.855   136995628.7961      -3491.779          38.000                                                                  
R21  26016978.379   139222110.103        2327.924          45.000                                                                  
G27  22202029.592   116672561.535       -2260.920          47.000    22202024.923    90913584.879       -1761.916          43.000  
E34  28338106.214   148917806.333         790.540          43.000    28338107.635   114105867.067         605.608          45.000  
E18  28349406.457   148977136.490       -1123.755          41.000                                                                  
E25  28710589.656   150875198.718       -3476.537          39.000    28710592.211   115605682.746       -2663.869          44.000  
E09  26205751.544   137712255.181         356.760          47.000    26205750.228   105519830.166         273.352          48.000  
G21  23478619.218   123381111.744        1648.377          45.000                                                                  
E10  29262303.946   153774744.207       -2228.491          41.000    29262302.791   117827533.873       -1707.486          41.000  
G10  24246715.685   127417494.737       -3807.950          47.000    24246712.236    99286455.024       -2967.181          43.000  
G02  24521436.242   128861078.257        1786.550          44.000                                                                  
G08  21871695.415   114936575.096         -30.085          48.000    21871691.230    89560945.761         -23.437          45.000  
E11  26251881.515   137954770.263       -1750.099          42.000    26251876.976   105705718.333       -1341.214          43.000  
G03  25590398.276   134478510.529        1913.684          35.000    25590399.337   104788501.028        1491.089          38.000  
> 2024 06 08 06 26 00.0060000  0 31                     
E04  28043720.706   147370858.390       -2106.470          44.000    28043718.884   112920512.616       -1613.958          45.000  
G16  25637096.503   134723833.154       -3971.619          41.000                                                                  
G32  23238235.042   122117813.948        -952.299          48.000    23238231.929    95156822.824        -742.054          46.000  
E06  25850807.300   135846998.057         692.854          47.000                                                                  
R04  22652054.176   121300877.511       -3880.335          50.000    22652047.290    94345130.162       -3018.158          46.000  
R20  22305876.436   119279544.751        1183.182          39.000    22305875.409    92773049.126         920.361          41.000  
R19  22907320.844   122538727.417       -2069.109          39.000    22907315.372    95308151.912       -1609.568          45.000  
R18  25771119.570   137567983.172       -3491.589          37.000    25771115.300   106997553.348       -2716.199          33.000  
R06  24445064.003   130443521.980        3430.680          37.000                                                                  
R11  25826588.133   138009447.665       -1564.179          44.000    25826584.547   107340617.775       -1216.601          43.000  
E30  29235199.501   153631995.872        -186.831          44.000    29235197.077   117718018.890        -143.328          43.000  
E02  27489286.398   144457189.160       -2363.768          43.000    27489286.818   110687969.544       -1811.008          48.000  
S31  40388942.328   212245389.570        -773.395          45.000  
S33  41381202.187   217459726.812        -772.280          40.000  
E05  26453696.575   139015155.597        2130.500          41.000    26453697.514   106518134.105        1632.670          43.000  
E36  25858488.839   135887504.091        -322.844          48.000    25858485.881   104121660.210        -247.374          46.000  
R05  20887928.132   111658024.980         -49.317          50.000    20887921.834    86845133.482         -38.463          48.000  
R10  25719716.186   137100552.470       -3503.424          38.000                                                                  
R21  26003927.751   139152274.692        2327.554          43.000                                                                  
G27  22215003.538   116740739.349       -2284.523          47.000    22214998.734    90966710.440       -1780.189          43.000  
E34  28333606.116   148894154.597         786.025          44.000    28333606.910   114087744.336         602.202          45.000  
E18  28355847.826   149010984.887       -1133.190          41.000                                                                  
E25  28730449.434   150979560.938       -3481.234          39.000    28730451.441   115685648.521       -2667.310          43.000  
E09  26203766.535   137701825.558         338.278          47.000    26203765.886   105511838.659         259.086          48.000  
G21  23469231.117   123331778.048        1640.185          46.000                                                                  
E10  29275045.567   153841700.044       -2235.792          42.000    29275044.188   117878837.699       -1713.144          42.000  
G10  24268478.549   127531860.261       -3816.737          48.000    24268474.942    99375571.038       -2974.004          43.000  
G02  24511255.561   128807573.352        1779.896          46.000                                                                  
G08  21871936.728   114937841.440         -54.513          49.000    21871932.409    89561932.535         -42.589          45.000  
E11  26261894.185   138007388.299       -1757.876          42.000    26261889.667   105746036.040       -1347.035          43.000  
G03  25579513.883   134421300.868        1900.385          41.000    25579512.369   104743922.105        1480.798          39.000  
> 2024 06 08 06 26 30.0060000  0 31                     
E04  28055796.077   147434315.513       -2123.801          44.000    28055794.416   112969135.624       -1627.495          46.000  
G16  25659781.740   134843045.606       -3975.854          41.000                                                                  
G32  23243745.412   122146774.682        -978.486          46.000    23243743.150    95179389.628        -762.513          46.000  
E06  25846901.140   135826470.039         675.509          47.000                                                                  
R04  22673857.512   121417628.793       -3902.991          50.000    22673850.495    94435936.699       -3035.706          46.000  
R20  22299266.471   119244201.1481       1172.524          40.000    22299266.491    92745561.218         912.102          42.000  
R19  22918974.873   122601064.263       -2086.656          40.000    22918968.474    95356636.104       -1622.862          44.000  
R18  25790779.166   137672929.6763      -3504.857          32.000    25790777.416   107079183.438       -2726.022          28.000  
R06  24425812.332   130340811.4411       3417.429          38.000                                                                  
R11  25835440.194   138056744.227       -1589.253          44.000    25835434.530   107377403.917       -1235.935          44.000  
E30  29236317.859   153637876.709        -205.195          42.000    29236316.226   117722524.951        -157.092          44.000  
E02  27502821.548   144528317.546       -2378.367          43.000    27502821.870   110742470.510       -1822.403          48.000  
S31  40393372.042   212268668.688        -778.737          45.000  
S33  41385625.528   217482975.781        -777.731          40.000  
E05  26441556.129   138951354.446        2122.741          42.000    26441556.953   106469247.576        1626.400          44.000  
E36  25860347.597   135897280.962        -328.985          45.000    25860347.051   104129151.654        -252.168          47.000  
R05  20888295.253   111659991.835         -81.685          49.000    20888290.159    86846663.270         -63.686          47.000  
R10  25739465.171   137205832.4731      -3514.691          39.000                                                                  
R21  25990878.194   139082449.018        2327.307          43.000                                                                  
G27  22228111.272   116809620.413       -2307.606          48.000    22228106.671    91020383.978       -1798.157          43.000  
E34  28329130.208   148870632.994         782.064          43.000    28329130.960   114069721.331         599.194          46.000  
E18  28362342.790   149045113.106       -1142.241          42.000                                                                  
E25  28750332.983   151084051.333       -3484.812          39.000    28750335.047   115765712.553       -2670.289          43.000  
E09  26201887.176   137691948.020         320.139          47.000    26201886.060   105504270.162         245.298          48.000  
G21  23459889.373   123282686.550        1632.441          46.000                                                                  
E10  29287828.103   153908874.777       -2242.587          41.000    29287827.380   117930309.272       -1718.469          42.000  
G10  24290291.488   127646488.629       -3825.094          47.000    24290288.365    99464891.860       -2980.933          43.000  
G02  24501112.476   128754272.017        1773.431          45.000                                                                  
G08  21872316.941   114939838.853         -78.691          49.000    21872313.047    89563488.961         -61.302          46.000  
E11  26271950.565   138060231.874       -1765.318          42.000    26271945.637   105786526.572       -1352.670          44.000  
G03  25568704.994   134364487.573        1887.189          41.000    25568702.742   104699652.091        1470.752          40.000  
> 2024 06 08 06 27 00.0060000  0 31                     
E04  28067970.854   147498295.175       -2141.307          44.000    28067969.455   113018159.000       -1640.751          46.000  
G16  25682493.653   134962394.372       -3980.377          40.000                                                                  
G32  23249405.087   122176514.372       -1004.412          46.000    23249402.051    95202563.390        -782.609          48.000  
E06  25843094.194   135806460.806         658.421          47.000                                                                  
R04  22695785.440   121535052.712       -3925.348          49.000    22695778.436    94527266.422       -3052.894          47.000  
R20  22292718.161   119209169.526        1162.515          40.000    22292715.957    92718314.430         903.969          43.000  
R19  22930723.059   122663907.698       -2102.994          38.000    22930716.336    95405514.337       -1635.951          46.000  
R06  24406635.183   130238478.516        3404.686          35.000                                                                  
R11  25844431.104   138104789.624       -1613.876          43.000    25844426.129   107414772.533       -1255.393          45.000  
E30  29237537.637   153644302.834        -223.328          40.000    29237539.139   117727448.885        -171.148          44.000  
E02  27516439.858   144599881.931       -2392.838          43.000    27516440.216   110797305.523       -1833.284          48.000  
S31  40397831.931   212292104.462        -783.875          45.000  
S33  41390079.300   217506380.724        -782.671          39.000  
E05  26429459.125   138887788.123        2115.021          42.000    26429460.286   106420540.976        1620.339          44.000  
E36  25862238.795   135907243.064        -335.230          41.000    25862244.166   104136784.929        -256.810          49.000  
R05  20888843.820   111662926.795        -113.897          47.000    20888839.203    86848946.036         -88.805          49.000  
R10  25759275.675   137311430.366       -3525.207          38.000                                                                  
R21  25977829.818   139012621.302        2327.730          41.000                                                                  
G27  22241349.549   116879191.703       -2330.582          46.000    22241346.079    91074595.364       -1816.123          47.000  
E34  28324676.397   148847229.110         778.172          45.000    28324677.373   114051788.520         596.272          45.000  
E18  28368887.933   149079508.322       -1150.924          42.000                                                                  
E25  28770238.100   151188655.821       -3488.828          39.000    28770240.638   115845863.968       -2673.122          42.000  
E09  26200110.099   137682611.479         302.245          46.000    26200109.012   105497116.197         231.620          48.000  
G21  23450591.603   123233826.102        1624.790          45.000                                                                  
E10  29300650.500   153976256.822       -2249.278          41.000    29300649.334   117981939.657       -1723.642          41.000  
G10  24312152.000   127761365.397       -3833.218          47.000    24312148.140    99554406.196       -2987.008          45.000  
G02  24491005.800   128701162.653        1767.091          44.000                                                                  
G08  21872834.424   114942556.523        -102.648          48.000    21872830.415    89565606.628         -80.019          49.000  
E11  26282046.806   138113289.437       -1772.417          42.000    26282042.169   105827181.063       -1357.955          43.000  
G03  25557966.103   134308059.018        1874.280          38.000    25557963.749   104655681.963        1460.486          41.000  
R18                                                                  25810513.015                1      -2736.145          23.000  
> 2024 06 08 06 27 30.0060000  0 31                     
E04  28080242.364   147562782.394       -2157.791          44.000    28080240.911   113067571.289       -1653.384          46.000  
G16  25705227.236   135081862.565       -3983.887          40.000                                                                  
G32  23255209.959   122207019.216       -1029.238          47.000    23255206.971    95226333.408        -802.014          46.000  
E06  25839382.252   135786957.769         642.024          47.000                                                                  
R04  22717835.818   121653130.778       -3946.387          50.000    22717828.457    94619104.907       -3069.525          46.000  
R20  22286224.228   119174436.038        1152.907          40.000    22286220.009    92691299.495         896.750          42.000  
R19  22942564.022   122727245.099       -2119.332          39.000    22942556.527    95454776.714       -1648.172          45.000  
R06  24387531.024   130136529.546        3392.305          37.000                                                                  
R11  25853558.322   138153567.588       -1637.990          42.000    25853554.825   107452710.940       -1273.847          45.000  
E30  29238861.516   153651260.606        -240.650          42.000    29238863.172   117732780.201        -184.415          44.000  
E02  27530138.470   144671866.586       -2406.064          43.000    27530138.585   110852462.596       -1843.692          48.000  
S31  40402318.575   212315682.899        -788.000          45.000  
S33  41394559.895   217529929.739        -786.630          39.000  
E05  26417404.371   138824444.595        2108.086          41.000    26417406.201   106372005.072        1615.272          43.000  
E36  25864171.488   135917376.812        -340.216          43.000    25864173.689   104144549.686        -260.816          50.000  
R05  20889571.063   111666816.143        -145.328          47.000    20889566.893    86851971.067        -112.978          48.000  
R10  25779144.261   137417338.917       -3535.321          39.000                                                                  
R21  25964777.619   138942778.381        2328.273          40.000                                                                  
G27  22254716.598   116949438.484       -2352.535          47.000    22254714.017    91129333.111       -1833.114          44.000  
E34  28320241.864   148823928.860         775.169          44.000    28320243.460   114033935.115         593.989          45.000  
E18  28375481.062   149114156.092       -1158.766          42.000                                                                  
E25  28790163.211   151293358.467       -3491.299          40.000    28790165.202   115926090.641       -2675.310          42.000  
E09  26198433.591   137673803.054         284.998          46.000    26198432.789   105490366.891         218.483          48.000  
G21  23441335.529   123185184.152        1617.962          46.000                                                                  
E10  29313509.954   154043832.890       -2255.549          41.000    29313508.437   118033718.697       -1728.208          41.000  
G10  24334056.537   127876474.519       -3840.550          48.000    24334052.287    99644101.616       -2992.570          42.000  
G02  24480933.645   128648232.363        1761.669          45.000                                                                  
G08  21873486.234   114945981.987        -125.804          49.000    21873482.531    89568275.829         -97.906          46.000  
E11  26292181.491   138166547.607       -1778.420          42.000    26292177.046   105867989.289       -1362.811          43.000  
G03  25547298.945   134252002.051        1862.738          43.000    25547294.970   104612001.366        1451.129          38.000  
R18                                                                  25830316.479                       -2744.414          22.000  
> 2024 06 08 06 28 00.0060000  0 31                     
E04  28092599.007   147627718.310       -2170.979          44.000    28092597.870   113117327.383       -1663.543          46.000  
G16  25727972.461   135201389.457       -3984.277          40.000                                                                  
G32  23261149.481   122238231.466       -1051.189          47.000    23261146.146    95250654.654        -819.260          45.000  
E06  25835756.079   135767904.500         628.477          47.000                                                                  
R04  22739997.018   121771800.143       -3964.453          50.000    22739988.707    94711403.290       -3083.570          45.000  
R20  22279773.867   119139944.610        1146.492          40.000    22279769.072    92664472.839         891.815          40.000  
R19  22954484.998   122791018.575       -2132.205          39.000    22954478.247    95504378.311       -1658.155          45.000  
R18  25850185.674                       -3544.087          21.000    25850185.385                       -2749.246          17.000  
R06  24368488.067   130034909.226        3382.963          38.000                                                                  
R11  25862812.754   138203017.015       -1658.698          43.000    25862808.846   107491171.570       -1289.953          45.000  
E30  29240278.741   153658692.379        -254.730          44.000    29240277.133   117738474.679        -195.159          43.000  
E02  27543904.233   144744212.015       -2416.695          42.000    27543905.485   110907896.088       -1851.733          48.000  
S31  40406821.872   212339347.182        -789.352          45.000  
S33  41399057.561   217553563.862        -788.227          39.000  
E05  26405382.325   138761267.981        2104.070          42.000    26405384.263   106323597.081        1612.094          43.000  
E36  25866124.221   135927624.737        -342.660          47.000    25866124.092   104152401.970        -262.514          51.000  
R05  20890466.346   111671601.309        -173.435          49.000    20890461.812    86855692.882        -135.149          48.000  
R10  25799058.785   137523495.064       -3541.675          40.000                                                                  
R21  25951711.004   138872862.247        2332.848          42.000                                                                  
G27  22268201.854   117020302.064       -2371.591          47.000    22268198.707    91184551.489       -1848.019          44.000  
E34  28315816.362   148800674.262         775.368          43.000    28315818.282   114016116.687         593.977          45.000  
E18  28382111.503   149148998.095       -1163.868          42.000                                                                  
E25  28810093.439   151398099.643       -3491.623          39.000    28810096.918   116006346.808       -2674.997          42.000  
E09  26196847.077   137665465.956         270.912          46.000    26196846.026   105483978.724         207.634          47.000  
G21  23432109.837   123136704.303        1614.251          45.000                                                                  
E10  29326395.516   154111545.710       -2258.457          41.000    29326394.079   118085602.532       -1730.188          41.000  
G10  24355993.630   127991756.119       -3844.747          48.000    24355989.712    99733931.435       -2996.041          42.000  
G02  24470883.577   128595424.176        1758.998          43.000                                                                  
G08  21874261.094   114950058.804        -145.819          48.000    21874258.406    89571452.599        -113.579          46.000  
E11  26302343.669   138219949.325       -1781.652          43.000    26302338.820   105908907.489       -1365.325          43.000  
G03  25536692.931   134196259.610        1853.973          44.000    25536689.595   104568565.784        1444.373          40.000  
> 2024 06 08 06 28 30.0060000  0 31                     
E04  28105028.645   147693034.882       -2182.671          43.000    28105027.127   113167375.148       -1672.454          46.000  
G16  25750714.698   135320904.852       -3982.629          40.000                                                                  
G32  23267210.889   122270084.119       -1071.401          47.000    23267207.706    95275474.893        -834.849          45.000  
E06  25832203.867   135749235.331         616.783          47.000                                                                  
R04  22762254.317   121890988.186       -3980.542          50.000    22762245.675    94804105.085       -3095.929          46.000  
R20  22273356.266   119105629.969        1141.725          39.000    22273351.081    92637783.707         888.205          39.000  
R19  22966475.318   122855160.948       -2143.265          39.000    22966469.498    95554266.833       -1667.051          46.000  
R18  25870101.623                       -3554.332          16.000    25870102.423                       -2762.069          17.000  
R06  24349493.628   129933553.169        3374.903          38.000                                                                  
R11  25872179.074   138253067.615       -1677.232          44.000    25872173.549   107530099.761       -1304.573          43.000  
E30  29241771.385   153666531.277        -267.188          44.000    29241768.876   117744481.115        -204.688          43.000  
E02  27557726.528   144816849.377       -2425.289          41.000    27557727.931   110963553.265       -1858.307          48.000  
S31  40411328.422   212363029.197        -788.857          45.000  
S33  41403557.983   217577215.639        -787.607          40.000  
E05  26393380.352   138698193.178        2101.650          42.000    26393381.713   106275267.082        1610.476          44.000  
E36  25868083.457   135937920.232        -343.037          49.000    25868083.214   104160290.738        -262.896          51.000  
R05  20891518.148   111677214.438        -199.964          50.000    20891511.234    86860058.671        -155.482          47.000  
R10  25819005.551   137629826.728       -3546.451          37.000                                                                  
R21  25938619.828   138802805.259        2338.234          42.000                                                                  
G27  22281791.418   117091714.596       -2388.689          47.000    22281787.076    91240197.614       -1861.334          44.000  
E34  28311387.166   148777398.107         777.180          43.000    28311388.548   113998281.742         595.370          45.000  
E18  28388765.869   149183966.719       -1166.898          42.000                                                                  
E25  28830019.346   151502810.360       -3488.771          38.000    28830023.107   116086579.634       -2673.210          43.000  
E09  26195337.496   137657534.166         258.593          46.000    26195336.715   105477901.135         198.060          48.000  
G21  23422902.501   123088320.579        1612.159          46.000                                                                  
E10  29339293.561   154179328.912       -2259.705          40.000    29339292.714   118137540.319       -1731.413          40.000  
G10  24377950.480   128107141.033       -3846.949          47.000    24377946.372    99823841.769       -2997.714          41.000  
G02  24460844.842   128542671.843        1758.538          43.000                                                                  
G08  21875148.360   114954721.375        -164.103          47.000    21875145.519    89575085.799        -127.962          46.000  
E11  26312520.615   138273428.159       -1783.256          43.000    26312515.533   105949884.777       -1366.105          43.000  
G03  25526131.980   134140765.319        1846.631          41.000    25526130.977   104525323.560        1439.093          43.000  
> 2024 06 08 06 29 00.0060000  0 30                     
E04  28117517.981   147758667.510       -2192.815          43.000    28117516.460   113217665.091       -1680.171          46.000  
G16  25773442.918   135440342.644       -3979.895          40.000                                                                  
G32  23273382.092   122302513.659       -1090.339          46.000    23273378.878    95300744.663        -849.558          45.000  
E06  25828712.008   135730888.118         606.511          46.000                                                                  
R04  22784596.497   122010626.056       -3995.043          51.000    22784587.636    94897156.743       -3107.239          46.000  
R20  22266959.425   119071429.530        1138.502          38.000    22266953.963    92611183.390         885.715          37.000  
R19  22978523.221   122919608.824       -2153.180          40.000    22978517.298    95604392.961       -1674.637          46.000  
R06  24330537.608   129832400.318        3368.773          39.000                                                                  
R11  25881645.557   138303652.544       -1694.486          44.000    25881640.027   107569443.596       -1318.053          44.000  
E30  29243326.580   153674713.889        -278.235          43.000    29243326.097   117750750.913        -213.066          44.000  
E02  27571591.001   144889713.383       -2432.172          40.000    27571593.618   111019384.109       -1863.704          48.000  
S31  40415826.355   212386666.432        -787.000          45.000  
S33  41408050.554   217600822.213        -785.976          40.000  
E05  26381385.168   138635158.584        2100.458          41.000    26381386.720   106226967.927        1609.629          44.000  
E36  25870039.120   135948200.288        -342.055          49.000    25870038.987   104168167.681        -262.131          51.000  
R05  20892710.620   111683590.746        -224.991          49.000    20892703.671    86865018.052        -174.977          47.000  
R10  25838972.862   137736264.917       -3549.106          38.000                                                                  
R21  25925490.690   138732543.810        2345.668          44.000                                                                  
G27  22295472.887   117163611.639       -2404.241          47.000    22295468.293    91296221.301       -1873.590          43.000  
E34  28306941.684   148754036.744         780.441          43.000    28306942.518   113980381.497         598.130          44.000  
E18  28395431.513   149218997.933       -1168.564          42.000                                                                  
E25  28849926.701   151607425.273       -3485.434          38.000    28849930.732   116166739.036       -2670.601          43.000  
E09  26193893.562   137649945.168         247.614          46.000    26193892.887   105472086.209         189.700          48.000  
G21  23413701.688   123039970.701        1611.227          45.000                                                                  
E10  29352193.414   154247119.586       -2259.627          40.000    29352192.888   118189483.826       -1731.144          40.000  
G10  24399915.079   128222563.630       -3847.799          47.000    24399911.050    99913781.439       -2998.326          42.000  
G02  24450805.614   128489912.743        1759.018          44.000                                                                  
G08  21876135.489   114959907.527        -181.310          48.000    21876132.198    89579126.973        -141.259          46.000  
E11  26322699.975   138326921.314       -1783.151          43.000    26322694.942   105990873.054       -1366.325          43.000  
G03  25515604.375   134085456.205        1840.649          40.000    25515606.982   104482225.774        1434.271          43.000  
> 2024 06 08 06 29 30.0060000  0 30                     
E04  28130060.681   147824578.872       -2201.384          43.000    28130058.891   113268168.603       -1686.753          46.000  
G16  25796148.686   135559663.750       -3975.008          39.000                                                                  
G32  23279655.672   122335483.808       -1107.668          47.000    23279652.994    95326435.672        -863.146          45.000  
E06  25825274.742   135712827.831         597.523          46.000                                                                  
R04  22807014.359   122130672.817       -4007.952          51.000    22807005.402    94990526.435       -3117.322          47.000  
R20  22260578.385   119037309.112        1136.160          38.000    22260573.627    92584645.354         883.875          39.000  
R19  22990621.039   122984326.113       -2161.468          40.000    22990616.093    95654728.638       -1681.250          46.000  
R06  24311612.850   129731417.473        3363.747          38.000                                                                  
R11  25891203.825   138354732.923       -1710.631          43.000    25891199.545   107609172.731       -1330.526          44.000  
E30  29244940.738   153683204.094        -287.691          41.000    29244941.983   117757256.407        -220.525          44.000  
E02  27585494.088   144962765.989       -2437.918          42.000    27585495.099   111075359.453       -1867.928          48.000  
S31  40420308.692   212410221.779        -783.437          45.000  
S33  41412527.249   217624347.801        -782.558          40.000  
E05  26369390.551   138572129.825        2101.231          41.000    26369392.675   106178673.251        1609.997          44.000  
E36  25871984.216   135958429.082        -339.887          47.000    25871984.463   104176005.352        -260.386          49.000  
R05  20894038.804   111690693.817        -248.481          49.000    20894032.562    86870542.666        -193.308          47.000  
R10  25858952.866   137842769.061       -3550.622          39.000                                                                  
R21  25912316.509   138662041.786        2354.475          43.000                                                                  
G27  22309239.777   117235956.045       -2418.488          48.000    22309234.693    91352593.541       -1884.553          43.000  
E34  28302473.882   148730553.743         785.180          44.000    28302473.585   113962388.050         601.723          44.000  
E18  28402102.244   149254054.908       -1168.549          42.000                                                                  
E25  28869808.142   151711906.131       -3479.914          38.000    28869812.801   116246795.737       -2666.539          43.000  
E09  26192507.911   137642663.688         238.051          47.000    26192507.625   105466506.906         182.370          49.000  
G21  23404500.069   122991619.957        1612.147          44.000                                                                  
E10  29365087.923   154314882.046       -2257.812          40.000    29365087.945   118241405.741       -1729.979          40.000  
G10  24421879.273   128337985.551       -3846.892          47.000    24421875.257   100003720.581       -2997.417          42.000  
G02  24440757.767   128437111.765        1761.260          44.000                                                                  
G08  21877215.291   114965582.328        -196.974          49.000    21877211.800    89583548.897        -153.487          45.000  
E11  26332875.403   138380393.133       -1781.920          44.000    26332870.561   106031844.946       -1365.201          43.000  
G03  25505109.339   134030296.779        1836.554          41.000    25505109.785   104439244.515        1431.116          42.000  
