     3.00           OBSERVATION DATA    M: Mixed            RINEX VERSION / TYPE
CONVBIN demo5 b34j                      20240609 013619 UTC PGM / RUN BY / DATE 
log: SAUC00CHL_R_20241600445_15M_30S_MO.ubx                 COMMENT             
format: u-blox UBX                                          COMMENT             
format: u-blox UBX                                          COMMENT             
log: SAUC00CHL_R_20241600445_15M_30S_MO.ubx                 COMMENT             
SAUC00CHL                                                   MARKER NAME         
                                                            MARKER NUMBER       
GEODETIC                                                    MARKER TYPE         
El Sauce            Obstech                                 OBSERVER / AGENCY   
UNKNOWN             UBLOX-ZED-F9P                           REC # / TYPE / VERS 
UNKNWOWN            TWIVSP6037L                             ANT # / TYPE        
  1813185.0000 -5195981.0000 -3216438.0000                  APPROX POSITION XYZ 
        0.0000        0.0000        0.0000                  ANTENNA: DELTA H/E/N
G    8 C1C L1C D1C S1C C2X L2X D2X S2X                      SYS / # / OBS TYPES 
R    8 C1C L1C D1C S1C C2C L2C D2C S2C                      SYS / # / OBS TYPES 
E    8 C1X L1X D1X S1X C7X L7X D7X S7X                      SYS / # / OBS TYPES 
S    4 C1C L1C D1C S1C                                      SYS / # / OBS TYPES 
  2024    06    08    04    45   00.0030000     GPS         TIME OF FIRST OBS   
  2024    06    08    04    59   30.0030000     GPS         TIME OF LAST OBS    
                                                            END OF HEADER       
> 2024 06 08 04 45 00.0030000  0 31                     
G23  22803567.003   119833694.5621      -3559.157          49.000    22803562.166    93376982.8151      -2773.250          45.000  
E04  27151397.782   142681654.9261        502.039          45.000    27151396.441   109327483.2661        384.687          46.000  
G16  21813091.866   114628597.5791      -1979.175          45.000                                                                  
G32  24195650.409   127149034.5941       2073.301          44.000    24195648.021    99077247.8801       1615.237          41.000  
E06  27598093.031   145029004.7851       1893.598          39.000                                                                  
R04  20987222.455   112385762.1301       1191.813          52.000    20987213.151    87411149.6461        927.102          47.000  
R20  23803661.630   127288878.8711       1268.352          36.000    23803662.861    99002496.9101        986.430          38.000  
R19  21537372.330   115210416.3601       -653.589          40.000    21537366.359    89608354.0761       -508.300          44.000  
R18  22655104.698   120934479.9241      -2150.337          49.000    22655101.784    94060388.7671      -1672.405          47.000  
R03  22209488.401   118889219.6701      -2661.796          51.000    22209480.476    92469412.5151      -2070.232          46.000  
R16  24156648.389   129040423.6801      -4695.164          48.000    24156650.780   100364716.8951      -3651.727          46.000  
E02  26185955.290   137608134.7251        244.098          45.000    26185955.277   105439992.7171        187.213          48.000  
S31  39509251.503   207622568.5561       -743.661          44.000  
S33  40502528.871   212842249.0971       -742.857          40.000  
E36  25586224.116   134456726.3311        -89.833          46.000    25586223.428   103025345.5811        -68.726          47.000  
R05  23334794.801   124737878.0891       3557.806          45.000    23334792.993    97018338.8721       2767.031          45.000  
R09  22506580.404   120183858.1871      -2753.831          46.000    22506577.116    93476305.8761      -2141.739          48.000  
R10  23408477.982   124780360.5261         97.722          41.000                                                                  
G27  21581428.091   113411270.3491        907.160          49.000    21581424.130    88372481.4581        706.712          46.000  
E12  28764950.214   151160952.5091      -2463.456          35.000    28764948.091   115824682.2921      -1887.373          36.000  
E14  29467574.467   154853163.8581       -430.369          41.000    29467575.056   118653725.7481       -329.878          45.000  
E24  27950809.318   146882503.7231      -3771.052          38.000    27950812.260   112546335.4311      -2889.659          42.000  
E25  25093215.620   131865797.2791      -2376.177          43.000    25093218.674   101040042.8851      -1820.541          51.000  
E09  27689286.770   145508254.5531       1823.283          42.000    27689290.279   111493377.8141       1396.860          45.000  
G21  25451252.617   133747321.4821       1725.216          40.000                                                                  
E10  26758629.319   140617844.5171      -2214.574          42.000    26758629.220   107746271.9241      -1696.980          46.000  
G10  20896310.542   109810996.2001      -1441.545          49.000    20896307.133    85567104.8951      -1123.299          47.000  
G18  25649556.469   134789588.3671      -3154.205          38.000    25649551.734   105030934.9581      -2458.029          35.000  
G08  23443429.526   123196072.9871       2235.989          45.000    23443428.279    95996941.2911       1742.395          43.000  
E11  24346327.222   127941007.6891      -1604.021          44.000    24346323.783    98032833.7501      -1229.050          46.000  
G26  23568428.425   123852931.2521      -4004.630          44.000    23568428.030    96508772.6211      -3120.872          41.000  
> 2024 06 08 04 45 30.0030000  0 31                     
G23  22823920.042   119940650.842       -3571.104          47.000    22823915.013    93460325.376       -2782.818          44.000  
E04  27148567.555   142666783.642         489.633          45.000    27148566.437   109316088.436         375.070          45.000  
G16  21824450.828   114688285.707       -1999.890          46.000                                                                  
G32  24183836.065   127086954.051        2065.659          45.000    24183834.145    99028873.525        1609.490          40.000  
E06  27587288.109   144972223.133        1892.094          39.000                                                                  
R04  20980618.090   112350399.116        1165.777          51.000    20980608.619    87383645.135         906.608          46.000  
R20  23796551.507   127250844.835        1267.250          37.000    23796550.228    98972914.947         985.838          39.000  
R19  21541052.309   115230102.385        -658.860          40.000    21541046.642    89623665.441        -512.257          44.000  
R18  22667205.958   120999081.143       -2156.117          48.000    22667203.575    94110634.159       -1677.039          45.000  
R03  22224480.586   118969474.329       -2688.342          50.000    22224472.289    92531832.815       -2090.990          45.000  
R16  24183019.258   129181294.076       -4696.174          47.000    24183021.179   100474282.542       -3652.517          42.000  
E02  26184605.514   137601040.048         228.854          45.000    26184605.035   105434556.548         175.415          47.000  
S31  39513503.159   207644910.686        -745.543          44.000  
S33  40506776.348   212864568.541        -745.171          40.000  
E36  25586749.543   134459489.416         -94.207          46.000    25586749.370   103027462.783         -72.299          47.000  
R05  23314846.894   124631246.059        3551.340          44.000    23314844.445    96935403.083        2762.144          44.000  
R09  22522108.684   120266782.723       -2774.211          45.000    22522106.117    93540802.711       -2158.017          47.000  
R10  23408004.207   124777832.336          71.312          42.000                                                                  
G27  21576284.549   113384240.149         895.018          49.000    21576280.361    88351254.9901        697.219          45.000  
E12  28779013.904   151234858.116       -2463.277          33.000    28779011.532   115881311.281       -1887.940          35.000  
E14  29470032.811   154866081.681        -430.510          41.000    29470033.090   118663623.817        -329.876          43.000  
E24  27972348.526   146995691.432       -3774.236          38.000    27972351.357   112633063.568       -2891.882          42.000  
E25  25106820.819   131937284.384       -2389.640          44.000    25106822.177   101094818.705       -1831.006          50.000  
E09  27678886.568   145453603.514        1820.400          42.000    27678890.722   111451502.505        1394.841          44.000  
G21  25441410.543   133695600.531        1723.051          39.000                                                                  
E10  26771276.057   140684306.505       -2215.722          41.000    26771276.592   107797197.359       -1697.969          46.000  
G10  20904601.632   109854568.451       -1463.326          48.000    20904598.914    85601057.319       -1140.208          47.000  
G18  25667565.768   134884225.073       -3154.784          39.000    25667560.664   105104677.874       -2458.437          37.000  
G08  23430680.091   123129077.269        2230.519          44.000    23430678.937    95944736.862        1738.134          43.000  
E11  24355491.501   127989166.259       -1606.487          44.000    24355488.082    98069734.479       -1231.039          45.000  
G26  23591311.611   123973182.714       -4011.804          44.000    23591311.346    96602474.950       -3125.955          40.000  
> 2024 06 08 04 46 00.0030000  0 31                     
G23  22844342.662   120047972.110       -3583.361          47.000    22844337.796    93543952.327       -2792.163          45.000  
E04  27145809.775   142652293.879         476.833          44.000    27145808.795   109304985.938         365.442          46.000  
G16  21835930.348   114748600.829       -2020.654          48.000                                                                  
G32  24172066.823   127025105.983        2057.772          45.000    24172065.155    98980680.320        1603.583          40.000  
E06  27576490.580   144915481.905        1890.883          39.000                                                                  
R04  20974160.994   112315823.577        1139.558          51.000    20974151.569    87356753.077         886.440          47.000  
R20  23789448.435   127212859.7161       1266.370          35.000    23789445.923    98943362.500         984.797          40.000  
R19  21544762.016   115249938.8411       -663.602          41.000    21544756.124    89639099.288        -516.364          44.000  
R18  22679340.954   121063861.486       -2162.221          48.000    22679338.509    94161018.869       -1681.615          46.000  
R03  22239621.200   119050524.502       -2714.724          51.000    22239613.099    92594871.841       -2111.310          46.000  
R16  24209397.800   129322203.400       -4697.493          47.000    24209399.632   100583878.603       -3653.366          43.000  
E02  26183344.564   137594411.807         213.497          46.000    26183343.611   105429477.771         163.655          48.000  
S31  39517768.118   207667323.774        -748.128          45.000  
S33  40511037.101   212886959.606        -747.248          40.000  
E36  25587301.432   134462393.072         -98.820          45.000    25587301.769   103029687.677         -75.665          48.000  
R05  23294936.538   124524813.095        3544.506          46.000    23294933.839    96852622.136        2756.928          44.000  
R09  22537753.448   120350323.330       -2794.634          46.000    22537750.993    93605778.694       -2173.463          49.000  
R10  23407677.276   124776096.240          44.900          40.000                                                                  
G27  21571211.664   113357579.797         882.529          49.000    21571207.128    88330480.716         687.805          46.000  
E12  28793079.455   151308776.144       -2464.584          33.000    28793077.385   115937949.766       -1888.073          35.000  
E14  29472493.464   154879008.368        -430.854          42.000    29472492.838   118673528.678        -330.064          44.000  
E24  27993904.470   147108972.306       -3777.440          38.000    27993907.951   112719863.094       -2894.179          42.000  
E25  25120502.579   132009183.871       -2403.168          44.000    25120503.807   101149910.523       -1841.418          51.000  
E09  27668503.807   145399041.732        1817.376          42.000    27668507.540   111409695.605        1392.593          46.000  
G21  25431579.927   133643944.453        1720.817          39.000                                                                  
E10  26783930.683   140750809.227       -2217.209          41.000    26783931.765   107848153.974       -1698.838          47.000  
G10  20913017.755   109898797.065       -1485.137          49.000    20913015.294    85635521.177       -1157.192          48.000  
G18  25685577.823   134978884.494       -3155.930          36.000    25685574.059   105178438.426       -2458.826          35.000  
G08  23417962.454   123062246.381        2224.926          44.000    23417961.566    95892660.887        1733.866          43.000  
E11  24364672.204   128037411.750       -1609.482          44.000    24364668.810    98106701.829       -1233.239          46.000  
G26  23614236.101   124093653.273       -4019.348          44.000    23614235.327    96696348.041       -3131.782          40.000  
> 2024 06 08 04 46 30.0030000  0 31                     
G23  22864836.581   120155669.629       -3596.102          47.000    22864832.042    93627872.455       -2802.286          45.000  
E04  27143127.615   142638201.207         462.985          43.000    27143126.943   109294187.692         354.911          46.000  
G16  21847529.565   114809555.648       -2042.462          48.000                                                                  
G32  24160344.718   126963507.716        2048.937          45.000    24160342.584    98932681.744        1596.563          39.000  
E06  27565703.907   144858797.235        1888.524          39.000                                                                  
R04  20967854.501   112282052.835        1112.281          51.000    20967845.512    87330486.957         865.108          48.000  
R20  23782349.698   127174915.749        1263.849          34.000    23782350.581    98913850.560         983.130          39.000  
R19  21548503.848   115269953.869        -670.130          40.000    21548498.151    89654666.521        -521.106          44.000  
R18  22691513.377   121128836.310       -2169.043          47.000    22691510.722    94211554.859       -1687.099          47.000  
R03  22254912.662   119132381.667       -2742.046          51.000    22254904.534    92658538.533       -2132.778          46.000  
R16  24235785.608   129463161.684       -4699.467          46.000    24235787.289   100693512.653       -3655.002          43.000  
E02  26182175.085   137588264.862         196.716          47.000    26182173.920   105424767.785         150.699          49.000  
S31  39522049.405   207689821.746        -751.239          45.000  
S33  40515313.773   212909434.737        -750.853          40.000  
E36  25587882.749   134465450.663        -104.487          46.000    25587883.483   103032030.536         -80.063          48.000  
R05  23275067.514   124418597.809        3536.862          47.000    23275062.777    96770010.510        2750.584          43.000  
R09  22553515.335   120434490.766       -2815.797          46.000    22553513.288    93671242.175       -2190.199          48.000  
R10  23407503.817   124775166.958          17.531          40.000                                                                  
G27  21566212.060   113331305.557         869.219          50.000    21566207.433    88310007.311         677.418          46.000  
E12  28807152.218   151382720.803       -2464.896          35.000    28807148.587   115994608.675       -1889.279          35.000  
E14  29474958.275   154891958.836        -432.180          43.000    29474957.018   118683451.749        -331.182          44.000  
E24  28015481.765   147222358.592       -3781.267          38.000    28015484.561   112806743.403       -2897.373          42.000  
E25  25134265.602   132081508.444       -2417.901          44.000    25134266.358   101205328.044       -1852.724          51.000  
E09  27658141.315   145344585.299        1813.361          43.000    27658144.456   111367969.418        1389.361          46.000  
G21  25421765.001   133592367.258        1717.886          40.000                                                                  
E10  26796597.074   140817366.664       -2219.707          42.000    26796597.337   107899152.512       -1700.750          48.000  
G10  20921561.524   109943694.516       -1507.694          49.000    20921558.947    85670506.199       -1174.865          48.000  
G08  23405279.392   122995596.452        2218.655          45.000    23405279.026    95840725.928        1728.669          44.000  
E11  24373871.948   128085757.750       -1613.351          44.000    24373868.524    98143746.195       -1236.200          46.000  
G26  23637204.599   124214353.925       -4027.177          44.000    23637202.959    96790400.395       -3138.097          39.000  
G18                                                                  25703593.710   105252227.699       -2460.095          30.000  
> 2024 06 08 04 47 00.0030000  0 31                     
G23  22885403.524   120263752.088       -3609.027          46.000    22885399.447    93712092.512       -2812.121          45.000  
E04  27140524.021   142624518.569         449.548          43.000    27140523.308   109283703.633         344.348          46.000  
G16  21859251.707   114871159.585       -2064.050          47.000                                                                  
G32  24148673.366   126902174.030        2040.165          45.000    24148671.026    98884889.329        1589.731          38.000  
E06  27554930.226   144802182.554        1885.906          39.000                                                                  
R04  20961701.172   112249101.790        1084.815          51.000    20961693.256    87304858.371         843.787          49.000  
R19  21552279.944   115290153.813        -675.950          40.000    21552274.414    89670377.581        -525.897          45.000  
R18  22703723.431   121194018.190       -2175.943          47.000    22703721.716    94262251.869       -1692.516          47.000  
R03  22270357.300   119215055.204       -2769.161          51.000    22270349.705    92722840.155       -2153.870          47.000  
R16  24262183.961   129604176.185       -4701.100          47.000    24262185.266   100803190.445       -3656.229          44.000  
E02  26181099.681   137582611.430         180.396          47.000    26181098.238   105420435.921         138.301          49.000  
S31  39526348.887   207712415.468        -754.612          45.000  
S33  40519609.115   212932006.289        -753.851          40.000  
E36  25588496.323   134468672.969        -110.070          46.000    25588496.751   103034499.593         -84.207          48.000  
R05  23255241.417   124312616.089        3528.925          47.000    23255236.046    96687580.495        2744.692          43.000  
R09  22569396.678   120519292.550       -2837.023          46.000    22569394.000    93737199.063       -2206.594          49.000  
R10  23407484.340   124775056.658          -9.734          40.000                                                                  
G27  21561288.420   113305431.233         855.974          50.000    21561284.112    88289845.528         666.978          47.000  
E12  28821230.586   151456703.843       -2466.629          35.000    28821227.179   116051297.072       -1890.320          34.000  
E14  29477429.539   154904945.500        -433.144          43.000    29477428.043   118693402.568        -331.985          43.000  
E24  28037080.102   147335859.948       -3785.163          38.000    28037083.180   112893711.881       -2900.185          41.000  
E25  25148110.942   132154268.138       -2432.301          44.000    25148111.972   101261078.961       -1863.755          50.000  
E09  27647801.590   145290247.754        1809.543          44.000    27647803.665   111326334.317        1386.305          45.000  
G21  25411967.527   133540880.213        1714.867          40.000                                                                  
E10  26809275.240   140883990.256       -2221.736          43.000    26809275.346   107950201.743       -1702.272          48.000  
G10  20930235.116   109989270.698       -1530.427          50.000    20930231.556    85706020.087       -1192.484          48.000  
G08  23392633.845   122929141.136        2212.025          45.000    23392633.203    95788942.591        1723.472          44.000  
E11  24383092.554   128134215.262       -1616.970          43.000    24383089.459    98180875.991       -1238.920          46.000  
G26  23660218.479   124335293.099       -4035.126          44.000    23660216.953    96884638.616       -3144.000          38.000  
G18                                                                  25721622.120                       -2461.485          26.000  
R20                                                                  23775265.774    98884387.898         981.606          37.000  
> 2024 06 08 04 47 30.0030000  0 31                     
G23  22906046.565   120372233.860       -3622.954          46.000    22906042.712    93796623.778       -2823.171          45.000  
E04  27138002.164   142611264.655         434.369          44.000    27138001.324   109273548.079         332.789          47.000  
G16  21871099.637   114933427.902       -2086.841          45.000                                                                  
G32  24137056.337   126841125.336        2029.937          46.000    24137053.811    98837318.973        1581.823          38.000  
E06  27544174.056   144745656.987        1882.390          40.000                                                                  
R04  20955705.188   112216990.812        1056.188          52.000    20955697.277    87279883.202         821.496          49.000  
R20  23768200.095   127099248.0761       1258.430          36.000    23768195.368    98854987.960         978.826          37.000  
R19  21556093.636   115310555.720        -683.286          40.000    21556088.717    89686245.730        -531.696          45.000  
R18  22715977.055   121259425.761       -2184.245          48.000    22715974.537    94313124.442       -1698.872          46.000  
R03  22285956.775   119298560.006       -2797.503          51.000    22285948.846    92787788.343       -2175.804          46.000  
R16  24288595.428   129745260.786       -4704.175          46.000    24288596.610   100912922.788       -3658.630          44.000  
E02  26180121.169   137577469.428         162.608          47.000    26180119.957   105416495.963         124.575          50.000  
S31  39530669.892   207735122.919        -758.969          44.000  
S33  40523925.916   212954691.239        -758.052          40.000  
E36  25589143.729   134472076.464        -116.641          45.000    25589144.562   103037107.506         -89.393          49.000  
R05  23235462.889   124206890.029        3519.596          47.000    23235458.165    96605349.330        2737.704          44.000  
R09  22585398.578   120604742.930       -2859.312          47.000    22585396.939    93803660.412       -2223.849          49.000  
R10  23407617.437   124775783.164         -38.177          36.000                                                                  
G27  21556444.584   113279976.197         841.283          50.000    21556440.146    88270010.462         655.652          47.000  
E12  28835318.845   151530742.747       -2468.740          34.000    28835316.686   116108028.177       -1891.761          36.000  
E14  29479910.677   154917986.398        -435.729          42.000    29479909.610   118703394.940        -333.931          43.000  
E24  28058704.185   147449491.718       -3790.147          39.000    28058706.733   112980780.283       -2903.980          41.000  
E25  25162042.176   132227478.712       -2448.005          44.000    25162043.344   101317175.345       -1875.886          50.000  
E09  27637487.819   145236048.298        1804.127          44.000    27637489.784   111284805.010        1382.481          45.000  
G21  25402190.583   133489500.064        1710.653          39.000                                                                  
E10  26821969.849   140950697.137       -2225.253          43.000    26821969.247   108001314.812       -1705.000          48.000  
G10  20939040.656   110035541.096       -1554.025          51.000    20939036.259    85742074.958       -1210.889          47.000  
G08  23380028.787   122862899.657        2204.311          46.000    23380027.723    95737325.879        1717.661          44.000  
E11  24392338.096   128182801.181       -1621.869          43.000    24392334.872    98218104.175       -1242.771          45.000  
G26  23683280.846   124456484.876       -4044.120          44.000    23683278.012    96979073.683       -3151.285          37.000  
G18                                                                  25739662.779                       -2462.521          23.000  
> 2024 06 08 04 48 00.0030000  0 31                     
G23  22926770.166   120481134.348       -3637.126          47.000    22926765.883    93881481.292       -2833.999          45.000  
E04  27135566.114   142598463.165         418.767          44.000    27135565.410   109263739.156         321.012          46.000  
G16  21883080.121   114996381.652       -2110.132          46.000                                                                  
G32  24125498.166   126780387.150        2019.056          46.000    24125495.433    98789990.593        1573.479          40.000  
E06  27533439.035   144689244.798        1878.356          40.000                                                                  
R04  20949871.174   112185745.821        1026.805          52.000    20949862.600    87255581.591         798.577          48.000  
R20  23761144.824   127061531.2413       1255.104          34.000    23761145.786    98825667.550         976.115          37.000  
R19  21559949.736   115331183.564        -691.406          41.000    21559944.576    89702289.623        -537.836          44.000  
R18  22728277.160   121325082.366       -2193.069          47.000    22728274.048    94364190.723       -1705.507          46.000  
R03  22301714.859   119382916.414       -2826.273          51.000    22301707.554    92853398.873       -2198.183          45.000  
R16  24315023.093   129886433.793       -4707.245          46.000    24315024.324   101022723.876       -3661.267          42.000  
E02  26179244.434   137572861.795         144.411          46.000    26179243.328   105412965.451         110.640          50.000  
S31  39535016.958   207757966.194        -763.986          45.000  
S33  40528268.582   212977512.332        -762.997          41.000  
E36  25589829.414   134475682.678        -123.908          45.000    25589831.061   103039870.735         -94.961          49.000  
R05  23215737.343   124101446.373        3509.888          48.000    23215733.574    96523337.834        2729.844          43.000  
R09  22601525.911   120690860.597       -2881.838          47.000    22601523.874    93870640.801       -2241.396          48.000  
R10  23407915.536   124777374.2533        -67.324          39.000                                                                  
G27  21551684.692   113254964.944         826.134          50.000    21551680.666    88250521.213         643.872          47.000  
E12  28849423.202   151604859.978       -2472.098          34.000    28849420.729   116164819.310       -1894.515          36.000  
E14  29482406.432   154931104.612        -438.936          41.000    29482405.856   118713446.533        -336.204          42.000  
E24  28080356.956   147563274.266       -3795.538          39.000    28080358.665   113067964.212       -2908.034          41.000  
E25  25176064.353   132301160.933       -2464.079          44.000    25176064.711   101373633.111       -1888.132          50.000  
E09  27627204.845   145182011.167        1798.249          44.000    27627206.477   111243400.088        1377.973          45.000  
G21  25392436.988   133438248.927        1706.169          39.000                                                                  
E10  26834683.909   141017509.499       -2229.115          44.000    26834683.224   108052508.709       -1707.995          48.000  
G10  20947981.653   110082526.300       -1578.181          52.000    20947976.807    85778686.828       -1229.850          47.000  
G08  23367468.530   122796896.406        2195.880          46.000    23367467.545    95685894.802        1711.208          44.000  
E11  24401612.508   128231537.270       -1627.295          43.000    24401608.798    98255447.410       -1246.832          44.000  
G26  23706394.674   124577948.454       -4053.545          45.000    23706391.027    97073720.523       -3158.427          37.000  
G18                                                                  25757718.528                       -2467.025          22.000  
> 2024 06 08 04 48 30.0030000  0 31                     
G23  22947576.203   120590471.180       -3651.826          46.000    22947572.032    93966678.807       -2845.574          44.000  
E04  27133220.459   142586136.024         402.917          44.000    27133219.678   109254293.714         308.839          47.000  
G16  21895194.280   115060039.229       -2133.737          46.000                                                                  
G32  24114003.475   126719983.212        2007.839          44.000    24114000.643    98742922.695        1564.500          40.000  
E06  27522729.581   144632968.423        1873.215          40.000                                                                  
R04  20944201.545   112155390.493         996.938          50.000    20944193.195    87231971.924         775.462          48.000  
R20  23754114.825   127023956.980        1250.637          35.000    23754120.938    98796443.107         972.292          39.000  
R19  21563852.166   115352058.923        -699.841          40.000    21563846.962    89718526.036        -544.422          45.000  
R18  22740627.322   121391009.821       -2202.206          48.000    22740624.603    94415467.630       -1712.594          47.000  
R03  22317635.625   119468142.052       -2855.347          51.000    22317627.690    92919685.489       -2220.791          46.000  
R16  24341470.311   130027712.226       -4711.018          46.000    24341472.415   101132606.912       -3664.130          43.000  
E02  26178472.270   137568809.714         125.724          45.000    26178472.409   105409860.629          96.361          50.000  
S31  39539393.429   207780965.536        -769.237          44.000  
S33  40532640.800   213000488.714        -768.483          40.000  
E36  25590557.945   134479511.378        -131.289          44.000    25590559.707   103042804.423        -100.592          49.000  
R05  23196069.040   123996310.195        3499.306          46.000    23196065.981    96441565.451        2721.818          45.000  
R09  22617780.518   120777662.475       -2904.735          46.000    22617778.769    93938153.349       -2259.196          49.000  
R10  23408379.723   124779839.7941        -97.301          38.000                                                                  
G27  21547013.614   113230420.171         810.289          49.000    21547009.878    88231395.443         631.543          47.000  
E12  28863545.128   151679076.190       -2475.478          35.000    28863543.139   116221686.234       -1896.557          36.000  
E14  29484921.327   154944321.555        -442.036          40.000    29484920.849   118723573.784        -338.806          42.000  
E24  28102042.536   147677226.264       -3801.108          40.000    28102042.993   113155277.998       -2912.675          41.000  
E25  25190178.863   132375333.753       -2480.471          44.000    25190179.401   101430466.815       -1900.651          50.000  
E09  27616956.824   145128158.850        1791.990          44.000    27616958.748   111202136.775        1373.359          46.000  
G21  25382712.986   133387147.252        1700.991          40.000                                                                  
E10  26847420.809   141084447.767       -2233.297          43.000    26847421.076   108103799.074       -1711.200          48.000  
G10  20957062.200   110130245.100       -1602.867          51.000    20957057.359    85815870.334       -1248.929          47.000  
G08  23354958.529   122731153.973        2186.916          47.000    23354956.980    95634666.979        1704.037          44.000  
E11  24410919.093   128280443.748       -1633.036          43.000    24410915.399    98292921.224       -1251.222          45.000  
G26  23729563.439   124699701.205       -4063.190          43.000    23729559.435    97168592.699       -3165.859          37.000  
G18                                                                  25775803.132                       -2473.891          19.000  
> 2024 06 08 04 49 00.0030000  0 31                     
G23  22968466.225   120700248.991       -3666.436          46.000    22968461.613    94052219.958       -2856.822          44.000  
E04  27130966.746   142574292.145         387.009          44.000    27130965.833   109245218.561         296.569          47.000  
G16  21907443.067   115124406.323       -2157.149          47.000                                                                  
G32  24102574.976   126659924.196        1996.454          44.000    24102571.761    98696123.550        1555.874          42.000  
E06  27512048.289   144576837.282        1868.860          40.000                                                                  
R04  20938700.131   112125935.651         967.044          50.000    20938692.300    87209062.650         752.283          48.000  
R20  23747118.566   126986512.538        1246.404          37.000    23747119.674    98767319.689         968.952          39.000  
R19  21567802.292   115373189.466        -708.215          40.000    21567796.722    89734960.921        -550.990          45.000  
R18  22753030.322   121457216.685       -2211.297          48.000    22753027.631    94466961.852       -1719.970          47.000  
R03  22333719.787   119554241.804       -2884.296          51.000    22333712.063    92986651.972       -2243.322          46.000  
R16  24367938.442   130169099.270       -4714.399          47.000    24367939.935   101242574.544       -3666.718          41.000  
E02  26177807.959   137565321.296         107.106          44.000    26177808.471   105407187.715          82.124          50.000  
S31  39543800.925   207804128.042        -774.379          44.000  
S33  40537044.059   213023628.817        -773.791          40.000  
E36  25591330.534   134483569.317        -138.930          44.000    25591332.071   103045913.764        -106.469          50.000  
R05  23176460.931   123891493.546        3488.801          47.000    23176457.969    96360041.596        2713.468          45.000  
R09  22634163.612   120865152.044       -2927.628          46.000    22634163.175    94006200.760       -2276.848          49.000  
R10  23409007.085   124783194.107        -126.278          38.000                                                                  
G27  21542432.822   113206351.555         794.566          49.000    21542429.478    88212640.717         619.066          47.000  
E12  28877689.077   151753398.917       -2478.970          34.000    28877686.649   116278634.876       -1899.737          35.000  
E14  29487457.122   154957645.465        -445.541          38.000    29487456.468   118733783.004        -341.457          42.000  
E24  28123760.388   147791353.290       -3806.831          40.000    28123761.142   113242725.902       -2916.957          41.000  
E25  25204387.639   132450003.209       -2497.177          44.000    25204388.524   101487681.067       -1913.269          50.000  
E09  27606746.326   145074500.836        1785.527          44.000    27606747.904   111161022.362        1368.262          46.000  
G21  25373019.125   133336201.889        1695.703          41.000                                                                  
E10  26860184.288   141151519.323       -2237.686          43.000    26860184.224   108155191.547       -1714.565          48.000  
G10  20966283.139   110178703.198       -1627.277          51.000    20966278.347    85853629.935       -1268.145          46.000  
G08  23342499.377   122665681.883        2178.160          46.000    23342497.404    95583649.779        1697.467          44.000  
E11  24420259.444   128329527.546       -1638.809          43.000    24420255.854    98330530.915       -1255.547          45.000  
G26  23752787.759   124821747.506       -4072.960          42.000    23752785.631    97263693.589       -3173.542          38.000  
G18                                                                  25793895.368                       -2475.104          16.000  
> 2024 06 08 04 49 30.0030000  0 31                     
G23  22989438.704   120810459.150       -3680.495          46.000    22989433.665    94138098.010       -2867.761          44.000  
E04  27128803.710   142562927.111         371.170          44.000    27128802.939   109236510.324         284.369          46.000  
G16  21919824.661   115189474.952       -2180.475          46.000                                                                  
G32  24091211.568   126600207.569        1985.050          45.000    24091208.561    98649591.228        1546.921          43.000  
E06  27501393.866   144520847.562        1864.233          40.000                                                                  
R04  20933367.419   112097377.990         937.229          49.000    20933359.062    87186851.139         728.952          48.000  
R20  23740141.463   126949196.7541       1241.699          34.000    23740138.675    98738292.445         966.011          38.000  
R19  21571798.978   115394570.663        -716.831          39.000    21571793.634    89751590.734        -557.336          45.000  
R18  22765484.700   121523697.827       -2220.205          46.000    22765481.264    94518669.413       -1726.871          47.000  
R03  22349965.788   119641207.040       -2913.010          50.000    22349956.870    93054291.605       -2265.567          45.000  
R16  24394425.664   130310585.259       -4717.475          45.000    24394427.583   101352619.048       -3669.196          44.000  
E02  26177250.143   137562391.427          88.748          44.000    26177250.658   105404942.783          67.922          50.000  
S31  39548238.927   207827449.311        -779.793          44.000  
S33  40541477.281   213046926.472        -778.669          40.000  
E36  25592144.849   134487849.949        -146.211          44.000    25592146.563   103049193.728        -111.928          49.000  
R05  23156911.369   123786994.996        3478.148          45.000    23156909.173    96278765.132        2705.335          45.000  
R09  22650675.776   120953319.876       -2949.996          45.000    22650674.336    94074775.721       -2294.231          50.000  
R10  23409800.383   124787430.561        -155.239          35.000                                                                  
G27  21537942.513   113182755.497         778.955          48.000    21537939.090    88194254.186         607.013          47.000  
E12  28891848.177   151827822.797       -2481.893          31.000    28891849.259   116335660.980       -1901.852          33.000  
E14  29490011.311   154971071.553        -448.959          37.000    29490011.671   118744070.491        -343.918          43.000  
E24  28145509.541   147905647.651       -3811.890          40.000    28145510.632   113330302.011       -2920.997          41.000  
E25  25218689.681   132525161.958       -2513.213          44.000    25218690.981   101545270.247       -1925.634          50.000  
E09  27596571.697   145021033.317        1779.334          44.000    27596573.106   111120053.895        1363.420          46.000  
G21  25363353.234   133285406.906        1691.005          42.000                                                                  
E10  26872972.194   141218718.340       -2241.834          43.000    26872972.011   108206681.682       -1717.727          48.000  
G10  20975643.699   110227893.095       -1651.615          50.000    20975638.256    85891959.751       -1286.984          46.000  
G08  23330091.250   122600476.512        2169.308          46.000    23330088.968    95532840.434        1690.372          43.000  
E11  24429632.127   128378782.539       -1644.530          43.000    24429628.630    98368271.787       -1260.052          45.000  
G26  23776065.892   124944078.486       -4082.067          41.000    23776064.502    97359016.315       -3180.892          38.000  
G18                                                                  25812001.250                       -2480.527          12.000  
> 2024 06 08 04 50 00.0030000  0 30                     
G23  23010492.615   120921097.068       -3695.034          47.000    23010487.491    94224309.378       -2879.354          44.000  
E04  27126731.988   142552040.570         354.821          44.000    27126731.368   109228168.711         272.023          46.000  
G16  21932340.675   115255242.300       -2203.841          46.000                                                                  
G32  24079913.921   126540834.836        1973.203          46.000    24079910.804    98603326.853        1537.769          44.000  
E06  27490766.283   144464999.381        1858.997          41.000                                                                  
R04  20928202.541   112069718.740         907.054          51.000    20928194.437    87165338.430         705.367          48.000  
R20  23733184.231   126911997.526        1237.992          36.000    23733181.038    98709359.814         962.645          37.000  
R19  21575843.195   115416201.148        -725.079          40.000    21575837.122    89768414.465        -563.897          44.000  
R18  22777990.263   121590452.562       -2229.678          47.000    22777987.284    94570589.762       -1734.225          47.000  
R03  22366372.478   119729033.686       -2941.913          51.000    22366364.539    93122601.223       -2288.257          46.000  
R16  24420929.175   130452164.121       -4720.709          46.000    24420931.504   101462735.783       -3671.871          43.000  
E02  26176799.237   137560019.019          69.740          45.000    26176799.046   105403124.974          53.444          49.000  
S31  39552706.202   207850925.166        -784.724          45.000  
S33  40545940.269   213070379.952        -784.535          41.000  
E36  25593001.938   134492350.822        -153.850          45.000    25593002.559   103052642.448        -117.733          49.000  
R05  23137422.728   123682817.018        3467.184          46.000    23137419.553    96197737.993        2696.747          45.000  
R09  22667312.347   121042160.219       -2972.605          47.000    22667310.890    94143873.722       -2311.970          49.000  
R10  23410760.526   124792547.614        -184.853          38.000                                                                  
G27  21533542.516   113159632.453         762.761          49.000    21533538.742    88176236.241         594.402          46.000  
E12  28906030.602   151902346.376       -2486.257          27.000    28906030.805   116392763.415       -1905.146          30.000  
E14  29492585.440   154984598.816        -452.672          37.000    29492586.107   118754435.498        -346.863          44.000  
E24  28167290.231   148020105.855       -3818.240          40.000    28167291.061   113418003.653       -2925.622          40.000  
E25  25233083.946   132600806.718       -2529.562          44.000    25233085.895   101603231.826       -1938.261          51.000  
E09  27586433.546   144967756.526        1772.713          45.000    27586434.805   111079231.568        1358.209          46.000  
G21  25353715.188   133234760.538        1685.734          41.000                                                                  
E10  26885783.392   141286043.034       -2246.287          43.000    26885783.528   108258268.130       -1721.267          48.000  
G10  20985142.453   110277811.201       -1676.006          50.000    20985137.713    85930856.993       -1306.064          47.000  
G08  23317733.653   122535538.217        2160.197          46.000    23317731.408    95482239.191        1683.305          43.000  
E11  24439037.709   128428206.543       -1650.401          43.000    24439033.609    98406142.135       -1264.368          45.000  
G26  23799398.514   125066689.264       -4091.638          41.000    23799397.471    97454557.055       -3188.259          39.000  
> 2024 06 08 04 50 30.0030000  0 30                     
G23  23031624.598   121032148.801       -3708.086          48.000    23031620.184    94310843.199       -2889.504          44.000  
E04  27124748.878   142541622.844         339.906          44.000    27124749.069   109220186.328         260.458          46.000  
G16  21944985.964   115321694.856       -2225.984          47.000                                                                  
G32  24068679.268   126481798.152        1962.800          47.000    24068677.020    98557324.360        1529.350          44.000  
E06  27480163.698   144409283.717        1855.514          43.000                                                                  
R04  20923204.662   112042949.302         878.007          53.000    20923195.571    87144517.788         682.745          48.000  
R20  23726242.940   126874907.9291       1234.539          37.000    23726244.585    98680513.171         960.465          37.000  
R19  21579931.040   115438069.998        -732.267          42.000    21579925.704    89785423.589        -569.802          44.000  
R18  22790544.910   121657470.647       -2237.758          48.000    22790542.001    94622714.932       -1740.369          47.000  
R03  22382937.533   119817707.333       -2969.366          53.000    22382929.459    93191569.619       -2309.491          46.000  
R16  24447448.270   130593820.640       -4722.621          48.000    24447450.632   101572912.969       -3672.949          43.000  
E02  26176452.075   137558193.619          52.221          47.000    26176451.369   105401726.299          39.875          49.000  
S31  39557200.993   207874546.003        -789.231          46.000  
S33  40550431.078   213093978.233        -788.645          42.000  
E36  25593898.346   134497060.096        -159.959          46.000    25593898.450   103056250.881        -122.614          48.000  
R05  23117993.060   123578952.383        3457.545          48.000    23117988.984    96116954.576        2689.178          44.000  
R09  22684072.047   121131657.734       -2993.778          47.000    22684069.849    94213482.844       -2328.491          47.000  
R10  23411885.668   124798527.8451       -213.192          39.000                                                                  
G27  21529230.932   113136973.535         747.922          50.000    21529226.478    88158579.966         582.879          46.000  
E12  28920232.801                       -2488.097          25.000    28920228.780   116449933.908       -1906.933          28.000  
E14  29495176.889   154998216.902        -454.871          38.000    29495177.772   118764870.131        -348.703          44.000  
E24  28189099.254   148134714.847       -3822.325          40.000    28189100.454   113505820.859       -2928.905          40.000  
E25  25247569.167   132676924.914       -2544.858          46.000    25247570.849   101661556.156       -1949.873          51.000  
E09  27576330.172   144914661.422        1767.165          46.000    27576331.081   111038548.434        1354.143          46.000  
G21  25344103.419   133184251.607        1681.931          41.000                                                                  
E10  26898616.851   141353482.271       -2249.459          45.000    26898616.803   108309942.337       -1723.585          48.000  
G10  20994777.155   110328444.622       -1699.178          51.000    20994773.395    85970311.598       -1324.114          47.000  
G08  23305425.290   122470858.032        2152.209          48.000    23305422.904    95431839.080        1676.911          43.000  
E11  24448472.747   128477788.102       -1654.838          45.000    24448468.786    98444133.228       -1268.015          45.000  
G26  23822781.817   125189565.678       -4099.732          44.000    23822779.944    97550304.814       -3194.915          38.000  
> 2024 06 08 04 51 00.0030000  0 30                     
G23  23052825.323   121143558.104       -3718.769          47.000    23052820.093    94397655.639       -2897.755          44.000  
E04  27122846.194   142531621.868         327.489          43.000    27122845.693   109212523.304         250.790          46.000  
G16  21957750.931   115388777.266       -2245.530          46.000                                                                  
G32  24057498.871   126423047.325        1954.423          46.000    24057497.392    98511544.590        1523.010          44.000  
E06  27469577.049   144353649.098        1853.907          42.000                                                                  
R04  20918361.464   112017018.223         851.292          51.000    20918353.243    87124349.189         662.132          49.000  
R20  23719320.028   126837873.802        1234.359          37.000    23719321.237    98651708.924         960.025          40.000  
R19  21584053.615   115460123.986        -737.139          41.000    21584048.509    89802576.706        -573.382          45.000  
R18  22803138.877   121724698.722       -2243.615          46.000    22803136.219    94675003.444       -1744.946          47.000  
R03  22399649.901   119907170.577       -2994.326          51.000    22399642.992    93261152.149       -2328.925          47.000  
R16  24473970.718   130735496.625       -4722.053          47.000    24473972.718   101683105.276       -3672.639          42.000  
E02  26176199.056   137556862.370          37.172          46.000    26176197.763   105400706.238          28.458          48.000  
S31  39561713.305   207898258.638        -790.919          45.000  
S33  40554938.932   213117667.542        -790.096          41.000  
E36  25594823.357   134501923.635        -163.853          45.000    25594823.806   103059977.505        -125.389          48.000  
R05  23098612.349   123475351.569        3449.841          47.000    23098608.107    96036376.352        2683.078          44.000  
R09  22700945.437   121221754.396       -3012.207          47.000    22700941.139    94283557.999       -2342.861          47.000  
R10  23413160.206   124805329.895        -239.730          37.000                                                                  
G27  21524997.990   113114727.504         735.485          49.000    21524992.750    88141245.413         573.181          45.000  
E14  29497775.783   155011873.280        -454.869          39.000    29497776.562   118775334.111        -348.666          45.000  
E24  28210926.442   148249419.349       -3824.071          39.000    28210928.075   113593711.254       -2930.361          40.000  
E25  25262134.558   132753461.536       -2557.251          45.000    25262135.008   101720201.087       -1959.435          51.000  
E09  27566251.010   144861696.529        1764.297          45.000    27566251.950   110997965.090        1351.828          46.000  
G21  25334507.367   133133826.160        1680.421          40.000                                                                  
E10  26911461.664   141420982.550       -2250.001          44.000    26911461.346   108361663.355       -1724.161          48.000  
G10  21004538.243   110379738.131       -1719.824          50.000    21004534.416    86010280.559       -1340.130          48.000  
G08  23293156.409   122406384.682        2146.546          46.000    23293153.431    95381600.131        1672.838          43.000  
E11  24457927.451   128527473.334       -1656.905          43.000    24457923.563    98482203.729       -1269.540          45.000  
G26  23846204.520   125312651.174       -4105.303          43.000    23846203.438    97646215.528       -3199.325          39.000  
E12                                                                  28934433.476                       -1905.279          23.000  
> 2024 06 08 04 51 30.0030000  0 30                     
G23  23074081.644   121255260.746       -3727.661          48.000    23074076.562    94484696.655       -2904.559          44.000  
E04  27121010.911   142521977.651         316.028          43.000    27121009.910   109205133.607         242.340          46.000  
G16  21970623.436   115456426.046       -2263.816          45.000                                                                  
G32  24046361.166   126364524.211        1947.413          45.000    24046360.177    98465942.242        1517.606          43.000  
E06  27458994.443   144298036.060        1854.005          42.000                                                                  
R04  20913664.219   111991865.464         826.131          51.000    20913655.789    87104785.939         642.524          48.000  
R20  23712395.093   126800832.314        1235.380          37.000    23712395.277    98622898.918         960.823          41.000  
R19  21588199.747   115482301.066        -740.241          41.000    21588193.773    89819825.569        -576.093          45.000  
R18  22815760.421   121792075.329       -2247.719          46.000    22815757.992    94727407.482       -1748.231          46.000  
R03  22416498.054   119997358.175       -3017.659          51.000    22416490.480    93331298.049       -2347.014          46.000  
R16  24500484.350   130877125.377       -4719.497          48.000    24500485.130   101793260.890       -3670.532          41.000  
E02  26176028.852   137555964.482          23.220          46.000    26176027.018   105400018.222          17.782          48.000  
S31  39566231.478   207922000.478        -791.374          45.000  
S33  40559452.592   213141386.181        -790.742          41.000  
E36  25595765.602   134506879.295        -166.099          45.000    25595767.038   103063774.739        -127.336          48.000  
R05  23079269.126   123371956.254        3443.699          46.000    23079265.301    95955957.932        2678.291          44.000  
R09  22717915.736   121312384.002       -3029.083          45.000    22717913.584    94354047.649       -2356.031          47.000  
R10  23414576.654   124812884.722        -263.264          38.000                                                                  
G27  21520832.278   113092835.136         724.487          49.000    21520826.274    88124186.444         564.606          45.000  
E14  29500370.768   155025507.427        -453.495          40.000    29500371.304   118785781.025        -347.450          45.000  
E24  28232759.671   148364156.091       -3824.596          39.000    28232761.773   113681626.320       -2930.254          39.000  
E25  25276767.107   132830353.601       -2568.425          46.000    25276766.973   101779118.378       -1967.998          50.000  
E09  27556185.285   144808802.468        1762.498          45.000    27556186.488   110957436.000        1350.553          46.000  
G21  25324915.113   133083422.734        1680.312          39.000                                                                  
E10  26924306.423   141488482.446       -2249.382          44.000    26924306.140   108413384.037       -1723.473          47.000  
G10  21014412.795   110431628.386       -1739.018          50.000    21014409.226    86050714.522       -1355.002          48.000  
G08  23280916.066   122342058.883        2142.357          46.000    23280912.426    95331476.167        1669.184          43.000  
E11  24467390.657   128577200.481       -1657.446          44.000    24467386.227    98520306.357       -1270.056          45.000  
G26  23869654.225   125435881.293       -4109.344          42.000    23869652.707    97742238.892       -3202.273          38.000  
E12                                                                  28948633.110                       -1908.879          22.000  
> 2024 06 08 04 52 00.0030000  0 30                     
G23  23095382.632   121367199.781       -3734.370          47.000    23095378.047    94571921.883       -2909.871          44.000  
E04  27119233.074   142512637.383         306.974          42.000    27119232.478   109197976.821         235.387          45.000  
G16  21983594.884   115524585.392       -2279.555          46.000                                                                  
G32  24035257.856   126306177.919        1942.734          45.000    24035256.641    98420477.676        1513.642          41.000  
E06  27448406.029   144242392.437        1856.201          42.000                                                                  
R04  20909102.641   111967438.874         803.024          51.000    20909094.417    87085787.493         624.595          48.000  
R20  23705456.892   126763729.0091       1239.145          37.000    23705455.746    98594040.085         963.681          41.000  
R19  21592358.974   115504547.139        -741.766          42.000    21592352.064    89837128.095        -577.051          45.000  
R18  22828400.591   121859546.443       -2249.748          47.000    22828397.265    94779885.027       -1749.724          45.000  
R03  22433470.394   120088211.664       -3038.632          51.000    22433462.911    93401961.874       -2363.365          47.000  
R16  24526978.048   131018647.991       -4714.631          47.000    24526979.185   101903333.940       -3666.938          42.000  
E02  26175930.369   137555446.411          11.885          46.000    26175928.558   105399621.233           9.099          49.000  
S31  39570744.852   207945718.106        -789.317          45.000  
S33  40563961.434   213165081.426        -788.404          41.000  
E36  25596716.796   134511872.263        -166.102          45.000    25596717.329   103067600.550        -127.302          48.000  
R05  23059954.302   123268715.841        3439.530          45.000    23059952.294    95875660.006        2675.387          44.000  
R09  22734974.997   121403487.303       -3043.742          44.000    22734975.129    94424905.717       -2367.361          48.000  
R10  23416127.248   124821137.367        -285.764          40.000                                                                  
G27  21516724.100   113071244.525         715.496          49.000    21516717.776    88107362.616         557.474          45.000  
E14  29502951.101   155039066.046        -450.011          41.000    29502951.615   118796170.072        -344.627          45.000  
E24  28254588.718   148478869.114       -3822.354          39.000    28254590.619   113769523.240       -2928.947          38.000  
E25  25291455.065   132907545.456       -2577.035          45.000    25291456.165   101838265.371       -1974.665          50.000  
E09  27546123.468   144755927.135        1763.158          45.000    27546124.391   110916921.278        1350.828          45.000  
G21  25315317.256   133032986.719        1682.578          39.000                                                                  
E10  26937141.111   141555927.795       -2246.370          44.000    26937140.515   108465062.950       -1721.207          47.000  
G10  21024390.059   110484059.514       -1755.757          50.000    21024386.558    86091569.960       -1368.135          48.000  
G08  23268693.163   122277828.670        2140.254          46.000    23268690.909    95281394.6851       1667.800          43.000  
E11  24476850.841   128626915.085       -1655.997          44.000    24476846.852    98558399.364       -1268.794          45.000  
G26  23893120.859   125559198.856       -4111.122          42.000    23893119.499    97838330.405       -3203.278          38.000  
E12                                                                  28962817.944                       -1906.711          21.000  
> 2024 06 08 04 52 30.0030000  0 30                     
G23  23116719.949   121479325.952       -3740.313          47.000    23116714.999    94659292.923       -2914.540          45.000  
E04  27117504.233   142503556.050         298.801          41.000    27117504.164   109191018.446         229.057          45.000  
G16  21996653.491   115593207.542       -2294.572          46.000                                                                  
G32  24024180.575   126247965.331        1938.475          45.000    24024178.410    98375117.247        1510.594          40.000  
E06  27437802.914   144186673.860        1858.893          42.000                                                                  
R04  20904668.142   111943693.604         780.533          50.000    20904659.462    87067318.961         606.996          47.000  
R20  23698496.697   126726513.235        1243.015          36.000    23698496.051    98565094.575         966.687          40.000  
R19  21596522.057   115526815.304        -742.084          42.000    21596515.464    89854447.809        -577.326          46.000  
R18  22841049.612   121927065.981       -2251.029          47.000    22841046.441    94832400.222       -1750.704          47.000  
R03  22450557.318   120179681.515       -3058.845          49.000    22450550.104    93473105.067       -2379.112          47.000  
R16  24553440.453   131160013.505       -4709.254          44.000    24553442.370   102013284.786       -3662.787          40.000  
E02  26175895.307   137555262.393           0.782          46.000    26175893.894   105399480.215           0.672          49.000  
S31  39575244.728   207969364.600        -786.495          45.000  
S33  40568457.220   213188705.036        -786.049          40.000  
E36  25597665.135   134516855.471        -165.550          46.000    25597665.301   103071418.883        -126.905          48.000  
R05  23040661.747   123165587.439        3435.965          45.000    23040659.840    95795449.212        2672.521          44.000  
R09  22752115.045   121495013.128       -3057.563          45.000    22752115.935    94496092.422       -2377.980          49.000  
R10  23417798.041   124830041.121        -307.004          39.000                                                                  
G27  21512664.446   113049911.495         706.987          50.000    21512658.175    88090739.506         550.981          45.000  
E14  29505508.811   155052503.736        -445.600          42.000    29505508.741   118806466.477        -341.481          45.000  
E24  28276403.775   148593510.230       -3819.941          39.000    28276405.785   113857365.065       -2926.656          38.000  
E25  25306191.566   132984989.150       -2585.140          45.000    25306193.164   101897605.342       -1980.994          50.000  
E09  27536056.731   144703026.181        1764.112          45.000    27536057.334   110876386.908        1351.643          45.000  
G21  25305705.725   132982471.641        1685.626          41.000                                                                  
E10  26949956.425   141623272.229       -2242.807          44.000    26949955.863   108516664.531       -1718.459          46.000  
G10  21034460.913   110536983.196       -1771.851          49.000    21034457.746    86132809.199       -1380.697          48.000  
G08  23256481.013   122213649.868        2138.771          46.000    23256476.992    95231389.267        1666.455          42.000  
E11  24486299.658   128676570.403       -1653.855          44.000    24486295.793    98596446.960       -1267.070          45.000  
G26  23916594.834   125682554.403       -4111.991          42.000    23916593.310    97934451.525       -3204.201          38.000  
E12                                                                  28976976.434                       -1901.129          14.000  
> 2024 06 08 04 53 00.0030000  0 30                     
G23  23138086.621   121591610.316       -3745.166          46.000    23138081.893    94746787.228       -2918.196          45.000  
E04  27115820.192   142494708.836         291.217          40.000    27115820.491   109184239.434         223.325          45.000  
G16  22009794.003   115662263.574       -2308.523          45.000                                                                  
G32  24013125.563   126189863.496        1935.127          46.000    24013121.117    98329843.117        1508.167          38.000  
E06  27427180.841   144130856.119        1862.780          42.000                                                                  
R04  20900356.404   111920605.629         759.016          51.000    20900348.279    87049361.665         590.383          48.000  
R20  23691511.228   126689157.2771       1247.361          36.000    23691510.765    98536042.328         970.371          40.000  
R19  21600683.914   115549079.905        -741.473          41.000    21600677.701    89871764.757        -576.849          46.000  
R18  22853702.131   121994608.335       -2251.369          47.000    22853699.727    94884933.152       -1751.148          47.000  
R03  22467753.274   120271737.590       -3077.899          49.000    22467746.772    93544704.241       -2393.921          47.000  
R16  24579869.236   131301191.207       -4702.295          45.000    24579870.265   102123089.578       -3657.575          39.000  
E02  26175918.989   137555386.771          -8.955          46.000    26175917.677   105399575.510          -6.876          49.000  
S31  39579725.783   207992914.307        -782.912          45.000  
S33  40572933.975   213212231.361        -782.228          41.000  
E36  25598606.030   134521802.034        -164.020          45.000    25598606.359   103075209.142        -125.597          48.000  
R05  23021386.143   123062548.783        3433.299          46.000    23021384.569    95715308.193        2670.366          45.000  
R09  22769329.478   121586931.083       -3070.133          47.000    22769329.310    94567584.125       -2387.920          49.000  
R10  23419583.689   124839562.0211       -327.869          38.000                                                                  
G27  21508649.358   113028812.066         699.656          50.000    21508643.270    88074298.431         545.176          45.000  
E14  29508038.109   155065794.919        -440.197          42.000    29508038.070   118816650.607        -337.303          45.000  
E24  28298200.359   148708051.336       -3815.806          39.000    28298202.394   113945130.281       -2924.109          38.000  
E25  25320970.706   133062656.939       -2592.317          44.000    25320972.657   101957117.010       -1986.279          50.000  
E09  27525980.133   144650075.407        1766.142          45.000    27525980.879   110835814.360        1353.262          44.000  
G21  25296073.240   132931851.160        1689.576          40.000                                                                  
E10  26962747.266   141690489.542       -2238.355          44.000    26962746.832   108568168.708       -1714.941          46.000  
G10  21044620.133   110590371.339       -1786.996          49.000    21044616.874    86174410.344       -1392.334          47.000  
G08  23244273.091   122149498.458        2138.155          46.000    23244269.450    95181401.176        1666.222          43.000  
E11  24495732.580   128726139.890       -1650.351          43.000    24495728.734    98634428.805       -1264.639          45.000  
G26  23940070.390   125805918.663       -4111.856          43.000    23940069.212    98030579.413       -3203.765          38.000  
E12                                                                  28991114.049                       -1907.106          12.000  
> 2024 06 08 04 53 30.0030000  0 30                     
G23  23159479.537   121704030.258       -3749.462          45.000    23159474.786    94834387.180       -2921.651          45.000  
E04  27114178.384   142486077.270         284.284          41.000    27114177.898   109177625.667         217.822          45.000  
G16  22023012.773   115731731.660       -2322.409          45.000                                                                  
G32  24002087.611   126131855.859        1932.159          45.000    24002081.982    98284642.424        1505.516          38.000  
E06  27416536.450   144074921.450        1866.515          41.000                                                                  
R04  20896164.535   111898157.242         737.659          51.000    20896155.976    87031901.849         573.878          47.000  
R20  23684497.726   126651645.702        1252.601          36.000    23684495.466    98506866.717         974.370          39.000  
R19  21604841.617   115571321.388        -741.052          41.000    21604835.919    89889063.692        -576.288          46.000  
R18  22866355.749   122062154.285       -2251.523          48.000    22866353.559    94937468.879       -1751.148          47.000  
R03  22485055.731   120364357.160       -3096.440          49.000    22485048.934    93616741.656       -2408.275          47.000  
R16  24606258.648   131442157.012       -4695.307          46.000    24606259.915   102232729.509       -3651.886          42.000  
E02  26175997.141   137555800.332         -18.533          45.000    26175996.599   105399892.397         -14.200          49.000  
S31  39584185.066   208016347.081        -778.777          45.000  
S33  40577388.782   213235641.093        -777.903          40.000  
E36  25599535.821   134526691.451        -161.917          45.000    25599536.785   103078955.602        -123.973          48.000  
R05  23002124.624   122959584.085        3431.090          45.000    23002123.116    95635224.711        2668.609          45.000  
R09  22786614.284   121679216.938       -3082.078          48.000    22786611.319    94639362.010       -2397.084          49.000  
R10  23421484.867   124849693.560        -347.294          41.000                                                                  
G27  21504675.215   113007928.636         692.558          50.000    21504669.316    88058025.658         539.703          45.000  
E14  29510536.243   155078920.862        -434.751          43.000    29510536.047   118826708.113        -332.952          45.000  
E24  28319974.477   148822470.845       -3811.737          40.000    28319975.641   114032802.301       -2920.823          38.000  
E25  25335789.288   133140527.429       -2598.877          45.000    25335791.048   102016783.994       -1991.398          50.000  
E09  27515890.714   144597057.091        1768.571          45.000    27515891.664   110795190.044        1355.117          44.000  
G21  25286415.908   132881105.480        1693.563          41.000                                                                  
E10  26975509.779   141757559.951       -2233.169          43.000    26975509.948   108619560.340       -1711.157          46.000  
G10  21054864.040   110644202.241       -1801.583          50.000    21054860.274    86216356.517       -1403.847          47.000  
G08  23232067.160   122085356.818        2138.229          47.000    23232064.175    95131420.723        1665.941          43.000  
E11  24505145.387   128775603.403       -1646.883          44.000    24505141.420    98672329.422       -1261.766          45.000  
G26  23963543.482   125929268.770       -4111.142          43.000    23963542.336    98126696.297       -3203.528          39.000  
E12                                                                  29005212.972                       -1894.947          17.000  
> 2024 06 08 04 54 00.0030000  0 29                     
G23  23180897.943   121816584.147       -3753.773          46.000    23180892.946    94922091.491       -2924.976          44.000  
E04  27112577.598   142477663.823         277.285          43.000    27112577.250   109171179.050         212.358          45.000  
G16  22036310.885   115801611.558       -2335.945          47.000                                                                  
G32  23991067.658   126073946.844        1928.798          47.000    23991062.845    98239518.599        1502.864          38.000  
E06  27405869.811   144018872.933        1870.537          41.000                                                                  
R04  20892093.433   111876352.474         716.358          52.000    20892084.196    87014942.615         557.165          47.000  
R20  23677452.277   126613977.3121       1258.427          36.000    23677451.109    98477569.186         978.890          39.000  
R19  21608995.171   115593541.795        -740.393          42.000    21608989.210    89906346.239        -575.549          45.000  
R18  22879010.833   122129706.127       -2251.626          47.000    22879007.922    94990009.238       -1751.268          46.000  
R03  22502462.641   120457538.201       -3115.157          50.000    22502456.216    93689215.794       -2422.856          46.000  
R16  24632607.321   131582908.181       -4687.946          46.000    24632608.205   102342202.544       -3646.002          40.000  
E02  26176130.321   137556504.778         -28.133          46.000    26176130.682   105400432.179         -21.556          49.000  
S31  39588621.674   208039663.601        -774.978          46.000  
S33  40581821.165   213258934.896        -774.871          42.000  
E36  25600455.875   134531524.178        -159.735          47.000    25600456.542   103082658.640        -122.542          48.000  
R05  22982878.643   122856699.075        3428.289          47.000    22982876.321    95555203.225        2666.487          43.000  
R09  22803964.878   121771867.897       -3094.286          47.000    22803962.132    94711423.860       -2406.658          49.000  
R10  23423500.688   124860429.866        -367.765          43.000                                                                  
G27  21500742.603   112987264.561         685.387          52.000    21500737.400    88041923.812         534.112          45.000  
E14  29513003.003   155091883.436        -429.048          45.000    29513002.528   118836640.445        -328.836          44.000  
E24  28341724.321   148936768.075       -3807.739          42.000    28341726.037   114120380.636       -2917.565          38.000  
E25  25350646.313   133218600.181       -2605.498          47.000    25350647.679   102076605.955       -1996.507          49.000  
E09  27505789.480   144543974.399        1770.593          47.000    27505790.351   110754516.393        1356.742          44.000  
G21  25276735.437   132830234.885        1698.013          43.000                                                                  
E10  26988245.267   141824484.598       -2228.186          46.000    26988245.277   108670840.291       -1707.307          45.000  
G10  21065191.804   110698475.134       -1816.270          52.000    21065188.154    86258647.100       -1415.411          46.000  
G08  23219864.023   122021228.339        2137.661          48.000    23219861.409    95081450.507        1665.748          43.000  
E11  24514537.984   128824961.761       -1643.167          45.000    24514534.053    98710149.471       -1259.154          45.000  
G26  23987012.760   126052602.868       -4110.511          43.000    23987012.036    98222800.684       -3203.130          37.000  
> 2024 06 08 04 54 30.0030000  0 29                     
G23  23202338.932   121929259.260       -3757.900          44.000    23202334.729    95009890.245       -2928.004          45.000  
E04  27111016.824   142469459.919         269.806          42.000    27111016.142   109164892.983         206.708          46.000  
G16  22049685.344   115871890.926       -2349.203          46.000                                                                  
G32  23980064.454   126016129.769        1925.601          45.000    23980060.950    98194466.425        1500.455          41.000  
E06  27395180.954   143962702.649        1874.310          40.000                                                                  
R04  20888140.281   111855183.703         695.090          51.000    20888131.500    86998478.025         540.646          48.000  
R20  23670375.768   126576141.369        1264.204          35.000    23670375.392    98448141.334         982.975          39.000  
R19  21613143.388   115615731.564        -738.825          41.000    21613137.159    89923604.970        -574.872          46.000  
R18  22891664.259   122197254.696       -2251.560          48.000    22891662.387    95042547.015       -1751.122          47.000  
R03  22519972.192   120551267.522       -3133.434          49.000    22519965.834    93762116.342       -2437.029          46.000  
R16  24658913.365   131723430.822       -4680.280          46.000    24658914.337   102451497.752       -3640.222          41.000  
E02  26176317.985   137557490.726         -37.704          44.000    26176318.255   105401187.664         -28.809          50.000  
S31  39593035.021   208062855.348        -770.958          45.000  
S33  40586229.767   213282102.598        -770.248          41.000  
E36  25601362.464   134536289.618        -157.759          45.000    25601363.638   103086310.109        -120.792          49.000  
R05  22963646.430   122753888.203        3425.808          47.000    22963642.743    95475239.354        2664.627          44.000  
R09  22821379.447   121864869.756       -3105.916          46.000    22821378.159    94783758.581       -2415.663          49.000  
R10  23425626.476   124871760.860        -387.689          41.000                                                                  
G27  21496850.341   112966812.135         678.094          49.000    21496845.848    88025986.883         528.523          46.000  
E14  29515436.800   155104673.584        -423.600          44.000    29515435.884   118846440.638        -324.304          44.000  
E24  28363449.534   149050931.230       -3803.212          40.000    28363451.377   114207856.232       -2913.999          38.000  
E25  25365540.636   133296863.699       -2612.053          46.000    25365540.622   102136574.076       -2001.386          49.000  
E09  27495674.086   144490819.431        1772.963          45.000    27495675.423   110713787.366        1358.597          44.000  
G21  25267028.887   132779229.985        1702.263          41.000                                                                  
E10  27000950.963   141891253.582       -2223.130          43.000    27000950.926   108722000.960       -1703.358          46.000  
G10  21075601.432   110753178.111       -1830.690          50.000    21075597.792    86301272.805       -1426.528          47.000  
G08  23207661.793   121957105.306        2137.388          46.000    23207660.035    95031484.541        1665.481          44.000  
E11  24523908.437   128874204.728       -1639.337          44.000    24523904.817    98747881.104       -1256.040          46.000  
G26  24010476.793   126175907.957       -4109.781          40.000    24010475.630    98318882.435       -3202.687          38.000  
> 2024 06 08 04 55 00.0030000  0 29                     
G23  23223803.284   122042055.767       -3761.891          44.000    23223798.797    95097783.640       -2931.490          44.000  
E04  27109496.923   142461469.851         262.581          43.000    27109495.750   109158770.763         201.315          46.000  
G16  22063135.021   115942570.557       -2362.688          47.000                                                                  
G32  23969080.552   125958410.960        1922.202          45.000    23969077.777    98149490.834        1497.623          42.000  
E06  27384469.628   143906415.693        1878.065          40.000                                                                  
R04  20884306.011   111834656.425         673.455          50.000    20884298.569    86982512.372         523.743          49.000  
R20  23663269.544   126538140.070        1269.402          35.000    23663269.954    98418584.883         987.252          40.000  
R19  21617286.294   115637894.864        -738.232          40.000    21617280.319    89940843.094        -574.231          46.000  
R18  22904318.382   122264804.044       -2251.873          48.000    22904316.862    95095085.423       -1751.354          47.000  
R03  22537584.214   120645544.998       -3151.730          49.000    22537576.979    93835443.281       -2451.251          46.000  
R16  24685176.936   131863724.023       -4672.778          44.000    24685176.987   102560614.676       -3634.131          40.000  
E02  26176560.398   137558761.730         -47.239          45.000    26176560.078   105402161.576         -36.178          50.000  
S31  39597424.520   208085923.035        -766.774          45.000  
S33  40590615.148   213305147.356        -766.235          41.000  
E36  25602256.858   134540990.143        -155.689          44.000    25602258.211   103089911.835        -119.259          49.000  
R05  22944428.728   122651158.572        3422.643          47.000    22944424.468    95395338.703        2662.172          44.000  
R10  23427862.481   124883625.7721       -407.604          40.000                                                                  
R09  22838859.831   121958221.521       -3117.635          45.000    22838859.845    94856365.458       -2424.662          49.000  
G27  21492999.083   112946576.556         670.867          49.000    21492995.221    88010218.921         522.802          47.000  
E14  29517838.906   155117295.174        -417.815          44.000    29517837.623   118856111.704        -320.338          43.000  
E24  28385148.994   149164961.579       -3798.976          40.000    28385150.982   114295230.052       -2910.535          39.000  
E25  25380469.909   133375319.355       -2618.331          46.000    25380470.147   102196689.447       -2006.376          49.000  
E09  27485546.241   144437597.227        1775.225          46.000    27485547.447   110673006.822        1360.089          44.000  
G21  25257297.924   132728093.525        1706.797          41.000                                                                  
E10  27013627.980   141957869.950       -2218.051          44.000    27013627.858   108773044.689       -1699.521          46.000  
G10  21086092.805   110808312.242       -1845.046          50.000    21086089.318    86344234.478       -1437.673          47.000  
G08  23195461.809   121892992.963        2136.738          46.000    23195460.139    94981526.902        1665.193          45.000  
E11  24533257.137   128923335.033       -1635.728          43.000    24533253.951    98785526.420       -1253.382          46.000  
G26  24033935.652   126299184.038       -4108.805          40.000    24033934.545    98414941.578       -3201.696          38.000  
> 2024 06 08 04 55 30.0030000  0 29                     
G23  23245292.143   122154978.105       -3766.400          45.000    23245287.275    95185775.042       -2934.725          44.000  
E04  27108018.337   142453702.151         255.028          42.000    27108017.841   109152818.930         195.614          47.000  
G16  22076660.942   116013655.192       -2376.307          45.000                                                                  
G32  23958117.206   125900800.882        1918.250          45.000    23958115.260    98104599.924        1494.749          43.000  
E06  27373738.583   143850021.225        1881.456          40.000                                                                  
R04  20880593.943   111814780.248         651.497          50.000    20880587.004    86967053.122         506.716          48.000  
R20  23656134.399   126499980.937        1274.426          36.000    23656133.970    98388905.638         991.136          39.000  
R19  21621426.220   115660040.270        -738.001          41.000    21621419.926    89958067.323        -573.877          45.000  
R18  22916974.126   122332362.417       -2252.211          46.000    22916972.424    95147630.854       -1751.680          47.000  
R03  22555298.847   120740375.337       -3170.223          49.000    22555292.485    93909200.187       -2465.715          46.000  
R16  24711396.815   132003791.336       -4665.271          43.000    24711398.611   102669555.806       -3628.504          40.000  
E02  26176857.541   137560325.484         -57.065          45.000    26176857.504   105403359.789         -43.783          50.000  
S31  39601792.199   208108875.384        -763.315          45.000  
S33  40594978.679   213328077.278        -762.001          41.000  
E36  25603140.373   134545632.245        -153.844          44.000    25603141.587   103093468.793        -117.876          49.000  
R05  22925229.168   122548522.071        3419.635          47.000    22925223.727    95315510.497        2659.567          44.000  
R10  23430213.831   124896158.065        -428.079          40.000                                                                  
R09  22856408.513   122051926.548       -3129.377          45.000    22856407.301    94929247.125       -2433.959          48.000  
G27  21489190.954   112926567.248         663.184          48.000    21489188.218    87994627.271         516.724          47.000  
E14  29520209.767   155129756.389        -412.767          44.000    29520208.679   118865659.864        -316.377          42.000  
E24  28406824.674   149278864.416       -3794.812          41.000    28406826.336   114382506.185       -2907.679          39.000  
E25  25395436.670   133453972.785       -2625.211          46.000    25395437.648   102256956.322       -2011.365          49.000  
E09  27475407.310   144384317.054        1776.753          46.000    27475408.248   110632181.839        1361.569          45.000  
G21  25247543.470   132676832.134        1710.706          41.000                                                                  
E10  27026276.540   142024340.928       -2213.508          43.000    27026277.005   108823976.999       -1696.009          47.000  
G10  21096667.266   110863882.733       -1859.638          49.000    21096663.519    86387536.170       -1449.085          47.000  
G08  23183265.037   121828900.731        2135.846          46.000    23183263.888    94931584.943        1664.307          44.000  
E11  24542586.343   128972359.539       -1632.341          43.000    24542583.024    98823090.647       -1250.820          46.000  
G26  24057390.208   126422435.201       -4108.159          41.000    24057389.123    98510981.324       -3201.031          39.000  
> 2024 06 08 04 56 00.0030000  0 29                     
G23  23266805.672   122268034.327       -3770.763          45.000    23266800.789    95273870.786       -2938.170          42.000  
E04  27106584.612   142446168.966         247.208          41.000    27106584.296   109147046.798         189.460          46.000  
G16  22090266.747   116085154.758       -2390.223          44.000                                                                  
G32  23947177.312   125843313.628        1914.091          44.000    23947176.288    98059804.735        1491.669          43.000  
E06  27362989.633   143793532.186        1884.627          40.000                                                                  
R04  20877006.817   111795569.028         629.229          46.000    20876999.493    86952111.071         489.461          48.000  
R20  23648971.575   126461674.533        1279.382          31.000    23648969.873    98359111.832         994.800          36.000  
R19  21625564.993   115682179.145        -737.848          36.000    21625558.525    89975286.492        -573.889          45.000  
R18  22929633.643   122399941.898       -2253.016          41.000    22929632.312    95200192.695       -1752.172          46.000  
R03  22573118.526   120835766.205       -3189.036          45.000    22573112.232    93983393.105       -2480.080          44.000  
R16  24737577.884   132143639.623       -4657.904          39.000    24737579.910   102778326.668       -3622.589          40.000  
E02  26177212.993   137562193.392         -67.288          44.000    26177213.006   105404791.042         -51.513          49.000  
S31  39606140.295   208131723.531        -759.787          44.000  
S33  40599322.014   213350901.403        -759.125          39.000  
E36  25604014.527   134550226.155        -152.270          43.000    25604015.550   103096988.821        -116.689          48.000  
R05  22906049.498   122445993.917        3415.819          43.000    22906043.590    95235766.546        2656.683          44.000  
R10  23432681.017   124909305.274        -448.245          36.000                                                                  
R09  22874025.254   122145991.639       -3141.395          42.000    22874022.186    95002408.836       -2443.326          47.000  
G27  21485428.699   112906797.260         655.103          47.000    21485426.684    87979222.097         510.331          46.000  
E14  29522552.483   155142068.796        -407.954          43.000    29522551.374   118875094.010        -312.571          40.000  
E24  28428477.219   149392648.801       -3790.799          40.000    28428479.021   114469691.548       -2904.540          39.000  
E25  25410443.453   133532833.235       -2632.017          45.000    25410444.494   102317381.843       -2016.744          48.000  
E09  27465260.207   144330991.794        1778.247          45.000    27465260.945   110591322.318        1362.434          44.000  
G21  25237767.637   132625456.713        1714.342          39.000                                                                  
E10  27038899.363   142090677.449       -2208.970          42.000    27038900.740   108874806.283       -1692.547          46.000  
G10  21107326.345   110919898.455       -1874.571          47.000    21107322.679    86431184.791       -1460.803          45.000  
G08  23171074.588   121764841.743        2134.965          45.000    23171073.855    94881668.875        1663.641          43.000  
E11  24551897.397   129021288.813       -1629.343          42.000    24551894.067    98860581.904       -1248.203          45.000  
G26  24080841.197   126545669.347       -4107.532          39.000    24080840.544    98607007.824       -3200.649          38.000  
> 2024 06 08 04 56 30.0030000  0 30                     
G23  23288345.290   122381224.548       -3775.375          47.000    23288340.363    95362070.950       -2941.749          44.000  
E04  27105195.903   142438874.514         239.092          41.000    27105196.063   109141457.577         183.143          46.000  
G16  22103951.851   116157069.381       -2404.079          46.000                                                                  
G32  23936262.234   125785955.376        1909.708          45.000    23936261.457    98015110.072        1488.058          44.000  
E06  27352222.285   143736953.475        1887.358          41.000                                                                  
R04  20873544.504   111777027.710         606.819          51.000    20873536.470    86937690.086         471.803          47.000  
R20  23641779.841   126423223.859        1284.427          36.000    23641778.903    98329205.798         998.348          39.000  
R19  21629702.862   115704315.251        -737.799          41.000    21629697.085    89992503.484        -573.950          46.000  
R18  22942298.156   122467546.483       -2253.988          48.000    22942296.718    95252774.066       -1753.253          46.000  
R03  22591043.588   120931717.163       -3207.709          50.000    22591037.296    94058021.642       -2494.944          46.000  
R16  24763716.860   132283268.422       -4650.635          46.000    24763719.447   102886926.752       -3617.340          41.000  
E02  26177627.059   137564368.813         -77.764          45.000    26177626.898   105406457.916         -59.529          49.000  
S31  39610468.753   208154469.123        -756.720          45.000  
S33  40603645.974   213373623.848        -755.837          41.000  
E36  25604880.182   134554774.042        -150.778          44.000    25604880.807   103100473.597        -115.608          49.000  
R05  22886890.395   122343581.799        3411.716          48.000    22886885.317    95156112.831        2653.481          45.000  
R10  23435262.401   124923069.421        -469.497          41.000                                                                  
R09  22891709.939   122240416.064       -3153.450          48.000    22891704.637    95075850.029       -2452.795          47.000  
G27  21481713.071   112887271.660         646.585          48.000    21481711.620    87964007.356         503.917          48.000  
E34  29098063.724   152911353.5201        793.061          39.000                                                                  
E14  29524867.937   155154236.184        -403.208          43.000    29524866.849   118884417.049        -309.020          41.000  
E24  28450107.990   149506315.813       -3787.079          41.000    28450109.175   114556786.998       -2901.822          40.000  
E25  25425489.446   133611901.948       -2639.308          46.000    25425490.782   102377966.946       -2022.159          49.000  
E09  27455105.357   144277626.376        1779.388          46.000    27455106.072   110550432.028        1363.461          46.000  
G21  25227969.716   132573970.066        1717.959          41.000                                                                  
E10  27051497.965   142156882.446       -2204.681          42.000    27051499.074   108925534.798       -1689.427          47.000  
G10  21118070.544   110976360.236       -1889.443          49.000    21118067.490    86475180.988       -1472.249          46.000  
G08  23158891.567   121700821.127        2133.242          46.000    23158890.537    94831782.722        1662.282          43.000  
E11  24561190.310   129070125.475       -1626.272          43.000    24561187.492    98898002.220       -1245.912          46.000  
G26  24104288.939   126668886.288       -4106.897          41.000    24104288.704    98703020.914       -3200.444          40.000  
> 2024 06 08 04 57 00.0030000  0 31                     
G23  23309910.619   122494550.006       -3779.695          47.000    23309905.130    95450376.500       -2945.421          43.000  
E04  27103853.743   142431823.980         231.084          40.000    27103854.288   109136055.260         176.921          46.000  
G16  22117716.139   116229400.792       -2417.989          46.000                                                                  
G32  23925373.309   125728733.302        1905.096          46.000    23925372.087    97970521.491        1484.561          44.000  
E06  27341439.494   143680290.981        1890.068          41.000                                                                  
R04  20870209.304   111759163.058         584.097          51.000    20870199.515    86923795.379         454.343          48.000  
R20  23634565.043   126384631.709        1289.036          37.000    23634562.749    98299189.818        1002.253          40.000  
R19  21633841.767   115726453.586        -738.208          41.000    21633835.568    90009722.192        -573.798          46.000  
R18  22954968.622   122535181.112       -2255.097          48.000    22954966.972    95305378.798       -1753.972          46.000  
R03  22609072.514   121028229.186       -3226.439          49.000    22609066.075    94133086.553       -2509.334          46.000  
R16  24789815.152   132422677.562       -4643.317          45.000    24789818.472   102995356.054       -3611.322          42.000  
E02  26178100.268   137566856.148         -88.282          45.000    26178100.176   105408363.795         -67.613          49.000  
S31  39614778.123   208177116.642        -753.348          45.000  
S33  40607950.721   213396248.004        -752.599          41.000  
E36  25605738.474   134559279.231        -149.444          45.000    25605738.271   103103925.655        -114.650          49.000  
R05  22867753.812   122241294.169        3407.414          46.000    22867750.329    95076555.942        2650.309          45.000  
R10  23437961.188   124937454.713        -489.847          42.000                                                                  
R09  22909459.875   122335199.315       -3165.243          47.000    22909455.190    95149570.325       -2462.069          48.000  
G27  21478045.317   112867996.575         638.318          48.000    21478043.883    87948987.824         497.277          48.000  
E34  29093531.971   152887540.259         794.361          38.000                                                                  
E14  29527156.415   155166263.424        -398.483          42.000    29527155.526   118893632.694        -305.438          40.000  
E24  28471715.725   149619867.540       -3783.172          41.000    28471717.410   114643794.107       -2898.868          39.000  
E25  25440575.994   133691181.225       -2646.259          46.000    25440577.312   102438713.399       -2027.716          49.000  
E09  27444944.057   144224226.786        1780.534          46.000    27444944.436   110509515.563        1364.269          46.000  
G21  25218151.002   132522376.141        1721.583          41.000                                                                  
E10  27064072.850   142222959.909       -2200.364          42.000    27064073.196   108976165.597       -1686.144          48.000  
G10  21128900.607   111033270.024       -1904.363          50.000    21128897.418    86519526.282       -1483.912          47.000  
G02  26353494.420   138488551.2281       1815.011          44.000                                                                  
G08  23146717.204   121636845.106        2131.758          45.000    23146715.920    94781931.319        1660.856          43.000  
E11  24570466.505   129118873.141       -1623.274          43.000    24570463.689    98935354.350       -1243.865          46.000  
G26  24127733.281   126792086.964       -4106.415          41.000    24127733.290    98799021.338       -3199.948          40.000  
> 2024 06 08 04 57 30.0030000  0 31                     
G23  23331502.250   122608016.118       -3784.347          46.000    23331497.068    95538791.663       -2948.934          44.000  
E04  27102560.570   142425026.912         222.590          40.000    27102560.701   109130847.147         170.390          47.000  
G16  22131560.707   116302154.841       -2432.090          46.000                                                                  
G32  23914513.166   125671658.909        1900.242          46.000    23914511.152    97926048.001        1480.702          43.000  
E06  27330643.226   143623555.033        1892.490          41.000                                                                  
R04  20867000.939   111741985.257         561.267          51.000    20866992.289    86910434.912         436.611          50.000  
R20  23627321.446   126345938.6911       1293.022          38.000    23627321.984    98269071.256        1005.770          42.000  
R19  21637982.403   115748603.748        -738.379          41.000    21637976.500    90026950.135        -574.286          47.000  
R18  22967646.877   122602855.286       -2256.396          47.000    22967644.471    95358014.302       -1754.891          47.000  
R03  22627207.515   121125307.609       -3245.185          49.000    22627201.202    94208592.004       -2524.076          47.000  
R16  24815871.934   132561871.791       -4636.042          45.000    24815876.922   103103618.148       -3605.738          43.000  
E02  26178634.348   137569664.086         -98.762          43.000    26178634.357   105410515.338         -75.714          49.000  
S31  39619071.042   208199675.010        -750.479          45.000  
S33  40612238.890   213418782.899        -749.873          41.000  
E36  25606588.802   134563749.283        -148.300          45.000    25606589.085   103107350.776        -113.612          50.000  
R05  22848644.156   122139143.914        3402.893          47.000    22848640.819    94997105.925        2646.696          46.000  
R10  23440778.567   124952468.663        -510.885          43.000                                                                  
R09  22927275.272   122430345.861       -3177.417          45.000    22927273.295    95223573.119       -2471.378          49.000  
G27  21474427.435   112848982.447         629.596          48.000    21474425.614    87934171.626         490.576          48.000  
E34  29088992.268   152863683.510         796.160          38.000                                                                  
E14  29529420.356   155178159.462        -394.196          41.000    29529419.309   118902747.803        -302.031          41.000  
E24  28493302.639   149733310.453       -3779.299          40.000    28493304.721   114730717.838       -2896.047          40.000  
E25  25455703.945   133770677.654       -2653.309          46.000    25455705.287   102499626.251       -2033.070          50.000  
E09  27434777.735   144170803.314        1781.166          45.000    27434778.103   110468580.796        1364.883          47.000  
G21  25208313.360   132470682.548        1725.117          39.000                                                                  
E10  27076624.099   142288918.110       -2196.353          42.000    27076624.566   109026705.001       -1683.056          49.000  
G10  21139816.754   111090633.942       -1919.419          50.000    21139813.080    86564225.464       -1495.710          46.000  
G02  26343125.293   138434062.037        1817.928          43.000                                                                  
G08  23134553.254   121572924.167        2129.821          44.000    23134551.670    94732122.826        1659.739          43.000  
E11  24579727.395   129167539.782       -1620.753          42.000    24579724.523    98972644.378       -1241.858          46.000  
G26  24151175.276   126915276.624       -4106.011          41.000    24151175.583    98895013.189       -3199.419          40.000  
> 2024 06 08 04 58 00.0030000  0 31                     
G23  23353121.647   122721626.173       -3789.562          47.000    23353116.275    95627318.980       -2952.849          43.000  
E04  27101316.640   142418490.548         213.206          40.000    27101316.706   109125838.777         163.521          46.000  
G16  22145487.113   116375335.892       -2446.798          46.000                                                                  
G32  23903682.877   125614741.502        1894.237          47.000    23903679.600    97881696.849        1475.962          42.000  
E06  27319835.018   143566753.682        1894.097          43.000                                                                  
R04  20863922.564   111725503.285         537.475          50.000    20863914.949    86897615.601         418.042          49.000  
R20  23620056.525   126307087.610        1297.074          36.000    23620055.630    98238853.825        1008.669          40.000  
R19  21642126.167   115770772.342        -739.771          41.000    21642120.379    90044192.378        -575.183          45.000  
R18  22980333.151   122670576.095       -2258.430          49.000    22980330.670    95410686.057       -1756.641          46.000  
R03  22645449.013   121222955.081       -3264.627          48.000    22645442.454    94284540.020       -2539.260          46.000  
R16  24841889.713   132700853.549       -4629.486          43.000    24841895.708   103211715.020       -3600.409          40.000  
E02  26179230.470   137572799.199        -110.318          43.000    26179230.835   105412917.560         -84.465          48.000  
S31  39623347.453   208222149.242        -747.955          45.000  
S33  40616511.088   213441233.140        -746.932          41.000  
E36  25607433.898   134568189.648        -147.868          46.000    25607434.325   103110753.147        -113.229          49.000  
R05  22829562.295   122037141.488        3397.334          47.000    22829559.110    94917770.831        2642.481          45.000  
R10  23443714.717   124968116.969        -532.435          42.000                                                                  
R09  22945160.299   122525857.460       -3189.999          44.000    22945160.103    95297859.845       -2481.160          48.000  
G27  21470860.803   112830237.546         620.005          48.000    21470858.316    87919565.221         483.159          48.000  
E34  29084446.277   152839788.736         797.012          39.000                                                                  
E14  29531660.439   155189931.377        -390.603          41.000    29531659.648   118911767.790        -299.297          40.000  
E24  28514870.303   149846648.774       -3776.330          40.000    28514872.047   114817561.434       -2893.724          39.000  
E25  25470873.332   133850395.681       -2661.094          46.000    25470875.228   102560708.881       -2039.093          50.000  
E09  27424608.533   144117364.056        1781.265          45.000    27424608.691   110427633.957        1364.807          46.000  
G21  25198458.761   132418895.402        1727.451          40.000                                                                  
E10  27089153.748   142354763.180       -2193.321          42.000    27089154.561   109077157.719       -1680.585          48.000  
G10  21150820.040   111148456.023       -1935.420          50.000    21150816.000    86609281.648       -1508.080          46.000  
G02  26332739.761   138379490.144        1820.271          43.000                                                                  
G08  23122401.107   121509066.669        2127.126          44.000    23122399.738    94682363.783        1657.431          43.000  
E11  24588974.399   129216131.228       -1618.543          43.000    24588971.202    99009876.802       -1240.345          46.000  
G26  24174616.329   127038458.288       -4106.454          42.000    24174617.001    98990998.793       -3199.526          40.000  
> 2024 06 08 04 58 30.0030000  0 31                     
G23  23374769.473   122835385.642       -3794.264          47.000    23374764.104    95715962.712       -2956.532          44.000  
E04  27100124.480   142412224.352         204.404          41.000    27100124.254   109121037.428         156.789          46.000  
G16  22159495.828   116448949.669       -2460.901          46.000                                                                  
G32  23892884.188   125557992.528        1888.744          46.000    23892879.949    97837476.936        1471.576          40.000  
E06  27309015.163   143509897.291        1896.294          43.000                                                                  
R04  20860976.509   111709727.239         514.223          50.000    20860969.465    86885345.371         399.909          49.000  
R20  23612768.112   126268118.220        1300.765          36.000    23612766.888    98208544.369        1012.036          39.000  
R19  21646275.818   115792968.634        -740.192          40.000    21646269.374    90061456.175        -575.745          45.000  
R18  22993030.403   122738352.807       -2260.070          49.000    22993027.789    95463401.292       -1757.804          46.000  
R03  22663797.550   121321176.997       -3283.506          49.000    22663791.488    94360934.848       -2553.878          47.000  
R16  24867868.697   132839627.353       -4622.217          43.000    24867873.870   103319650.177       -3595.056          39.000  
E02  26179890.684   137576270.059        -121.366          43.000    26179891.524   105415577.079         -92.834          48.000  
S31  39627609.660   208244547.141        -745.389          45.000  
S33  40620769.084   213463607.968        -744.645          41.000  
E36  25608274.028   134572607.842        -146.747          45.000    25608274.982   103114138.546        -112.506          49.000  
R05  22810509.628   121935299.543        3391.979          47.000    22810507.231    94838560.555        2638.242          45.000  
R10  23446769.487   124984407.443        -553.613          41.000                                                                  
R09  22963117.506   122621738.580       -3202.016          46.000    22963115.611    95372433.989       -2490.448          49.000  
G27  21467347.262   112811772.182         610.923          49.000    21467343.954    87905176.638         476.018          48.000  
E34  29079893.871   152815863.457         798.197          42.000                                                                  
E14  29533879.077   155201588.142        -386.586          41.000    29533878.184   118920699.550        -296.224          41.000  
E24  28536418.872   149959888.878       -3772.771          40.000    28536421.033   114904329.795       -2890.996          39.000  
E25  25486087.391   133930341.857       -2668.443          46.000    25486088.256   102621966.319       -2044.749          49.000  
E09  27414438.449   144063919.287        1781.658          45.000    27414438.513   110386682.875        1365.237          46.000  
G21  25188587.581   132367022.668        1730.458          40.000                                                                  
E10  27101663.482   142420503.380       -2189.391          42.000    27101664.534   109127530.090       -1677.724          48.000  
G10  21161911.187   111206742.324       -1950.521          49.000    21161907.736    86654699.557       -1519.774          47.000  
G02  26322341.222   138324843.437        1822.848          42.000                                                                  
G08  23110263.978   121445283.090        2124.820          43.000    23110261.620    94632662.322        1655.737          42.000  
E11  24598208.086   129264655.355       -1616.014          43.000    24598204.833    99047057.632       -1238.335          46.000  
G26  24198057.355   127161637.128       -4105.900          43.000    24198057.488    99086982.233       -3199.197          41.000  
> 2024 06 08 04 59 00.0030000  0 31                     
G23  23396444.726   122949289.769       -3799.488          47.000    23396439.631    95804719.151       -2960.505          44.000  
E04  27098983.805   142406227.561         195.476          42.000    27098982.753   109116442.519         149.662          46.000  
G16  22173585.209   116522992.231       -2475.519          47.000                                                                  
G32  23882116.767   125501413.241        1882.889          45.000    23882113.089    97793389.236        1467.002          39.000  
E06  27298184.628   143452985.768        1897.706          43.000                                                                  
R04  20858162.104   111694657.425         490.283          51.000    20858154.674    86873624.433         381.313          49.000  
R20  23605457.513   126228997.3211       1305.033          36.000    23605455.943    98178141.252        1014.746          39.000  
R19  21650430.041   115815191.514        -741.357          40.000    21650423.628    90078740.680        -576.630          45.000  
R18  23005737.632   122806184.438       -2262.136          48.000    23005735.251    95516159.234       -1759.575          46.000  
R03  22682252.810   121419967.976       -3302.824          49.000    22682246.515    94437772.262       -2568.824          48.000  
R16  24893808.253   132978187.013       -4615.512          45.000    24893809.609   103427418.859       -3589.807          40.000  
E02  26180615.465   137580075.143        -132.674          43.000    26180615.769   105418492.683        -101.672          49.000  
S31  39631857.147   208266868.119        -743.117          45.000  
S33  40625011.787   213485905.478        -742.285          41.000  
E36  25609109.349   134577001.236        -146.304          45.000    25609110.794   103117504.950        -112.081          49.000  
R05  22791487.955   121833620.656        3386.268          46.000    22791487.081    94759477.103        2633.817          47.000  
R10  23449944.937   125001402.6881       -575.258          40.000                                                                  
R09  22981141.694   122717982.639       -3214.396          47.000    22981139.444    95447290.482       -2500.157          49.000  
G27  21463886.793   112793586.629         601.250          50.000    21463882.983    87891006.085         468.554          47.000  
E34  29075334.653   152791905.137         798.954          42.000                                                                  
E14  29536075.311   155213128.565        -382.915          41.000    29536074.558   118929542.157        -293.457          41.000  
E24  28557947.848   150073027.003       -3769.695          39.000    28557950.715   114991019.985       -2888.263          39.000  
E25  25501342.205   134010512.482       -2676.200          46.000    25501343.912   102683395.745       -2050.683          49.000  
E09  27404266.998   144010469.057        1781.393          45.000    27404266.845   110345727.614        1365.040          46.000  
G21  25178699.819   132315062.206        1733.296          40.000                                                                  
E10  27114153.280   142486136.815       -2186.165          42.000    27114154.045   109177820.628       -1675.281          48.000  
G10  21173089.581   111265488.774       -1966.073          48.000    21173087.058    86700476.016       -1532.078          47.000  
G02  26311926.974   138270119.700        1825.111          42.000                                                                  
G08  23098140.514   121381573.730        2122.035          43.000    23098137.740    94583018.704        1653.521          42.000  
E11  24607428.884   129313109.917       -1613.994          43.000    24607425.522    99084185.161       -1236.746          46.000  
G26  24221495.499   127284808.180       -4105.837          42.000    24221496.601    99182959.591       -3199.549          41.000  
> 2024 06 08 04 59 30.0030000  0 31                     
G23  23418150.811   123063354.994       -3805.045          47.000    23418145.646    95893601.145       -2965.044          44.000  
E04  27097897.728   142400520.649         185.137          42.000    27097896.633   109112069.718         141.844          46.000  
G16  22187758.422   116597479.854       -2490.519          46.000                                                                  
G32  23871386.716   125445026.142        1876.173          46.000    23871383.158    97749451.240        1462.039          39.000  
E06  27287348.234   143396040.431        1898.382          43.000                                                                  
R04  20855484.553   111680315.479         465.664          51.000    20855476.084    86862469.603         362.191          49.000  
R20  23598127.103   126189805.921        1307.485          35.000    23598127.384    98147659.096        1016.895          39.000  
R19  21654592.928   115837461.455        -743.250          39.000    21654586.948    90096061.761        -578.137          45.000  
R18  23018458.815   122874091.531       -2265.191          48.000    23018456.493    95568975.848       -1761.828          46.000  
R03  22700817.485   121519344.023       -3322.429          49.000    22700810.751    94515064.731       -2584.135          48.000  
R16  24919709.878   133116548.588       -4609.024          44.000    24919711.569   103535033.431       -3585.027          41.000  
E02  26181407.013   137584234.048        -144.581          43.000    26181407.198   105421679.407        -110.942          49.000  
S31  39636093.618   208289129.979        -741.180          45.000  
S33  40629243.605   213508143.669        -740.824          41.000  
E36  25609943.498   134581388.405        -146.356          44.000    25609945.421   103120866.588        -112.119          49.000  
R05  22772501.968   121732129.006        3379.655          47.000    22772501.059    94680539.313        2628.579          47.000  
R10  23453246.109   125018990.969        -597.527          42.000                                                                  
R09  22999235.697   122814605.710       -3227.201          45.000    22999234.116    95522441.723       -2510.016          49.000  
G27  21460483.451   112775702.183         591.047          50.000    21460479.329    87877070.157         460.596          47.000  
E34  29070771.324   152767932.301         799.155          41.000                                                                  
E14  29538253.050   155224572.814        -380.171          41.000    29538252.577   118938311.073        -291.055          41.000  
E24  28579461.117   150186080.526       -3767.354          40.000    28579464.228   115077645.366       -2886.411          39.000  
E25  25516644.947   134090925.147       -2684.775          46.000    25516645.670   102745010.596       -2057.063          48.000  
E09  27394098.707   143957034.603        1780.587          45.000    27394098.132   110304784.431        1364.477          46.000  
G21  25168799.943   132263033.171        1735.326          41.000                                                                  
E10  27126627.356   142551682.743       -2183.774          43.000    27126626.987   109228044.116       -1673.201          48.000  
G10  21184358.871   111324712.467       -1982.291          47.000    21184356.869    86746624.349       -1544.725          47.000  
G02  26301501.360   138215338.095        1826.750          43.000                                                                  
G08  23086035.214   121317960.104        2118.499          44.000    23086032.424    94533449.691        1650.625          43.000  
E11  24616640.392   129361513.946       -1612.659          43.000    24616636.630    99121273.968       -1235.592          46.000  
G26  24244936.251   127407987.636       -4106.448          42.000    24244936.624    99278943.486       -3199.781          40.000  
