     3.00           OBSERVATION DATA    M: Mixed            RINEX VERSION / TYPE
CONVBIN demo5 b34j                      20240609 013620 UTC PGM / RUN BY / DATE 
log: SAUC00CHL_R_20241601245_15M_30S_MO.ubx                 COMMENT             
format: u-blox UBX                                          COMMENT             
format: u-blox UBX                                          COMMENT             
log: SAUC00CHL_R_20241601245_15M_30S_MO.ubx                 COMMENT             
SAUC00CHL                                                   MARKER NAME         
                                                            MARKER NUMBER       
GEODETIC                                                    MARKER TYPE         
El Sauce            Obstech                                 OBSERVER / AGENCY   
UNKNOWN             UBLOX-ZED-F9P                           REC # / TYPE / VERS 
UNKNWOWN            TWIVSP6037L                             ANT # / TYPE        
  1813185.0000 -5195981.0000 -3216438.0000                  APPROX POSITION XYZ 
        0.0000        0.0000        0.0000                  ANTENNA: DELTA H/E/N
G    8 C1C L1C D1C S1C C2X L2X D2X S2X                      SYS / # / OBS TYPES 
R    8 C1C L1C D1C S1C C2C L2C D2C S2C                      SYS / # / OBS TYPES 
E    8 C1X L1X D1X S1X C7X L7X D7X S7X                      SYS / # / OBS TYPES 
S    4 C1C L1C D1C S1C                                      SYS / # / OBS TYPES 
  2024    06    08    12    45   00.4960000     GPS         TIME OF FIRST OBS   
  2024    06    08    12    59   30.4960000     GPS         TIME OF LAST OBS    
                                                            END OF HEADER       
> 2024 06 08 12 45 00.4960000  0 32                     
E08  23746481.650   124788608.5591        117.067          45.000    23746480.713    95617231.1561         89.710          48.000  
G09  19681340.723   103426187.5951      -1369.037          49.000    19681339.449    80591832.9491      -1066.846          48.000  
E03  22827106.886   119957274.2371      -1457.798          47.000    22827107.343    91915351.1441      -1117.029          49.000  
G19  24382169.113   128129070.3791      -2651.968          40.000                                                                  
G30  20850645.282   109570868.0351       2239.457          42.000    20850645.623    85379873.0581       1745.249          41.000  
R24  21560033.797   115291113.5411        509.751          45.000    21560031.200    89670877.3801        396.370          45.000  
R22  21822292.806   116488764.4231      -4794.489          45.000    21822291.418    90602252.7301      -3728.769          40.000  
R11  20922052.499   111801149.8601       3419.158          45.000    20922052.472    86956461.5511       2659.468          45.000  
R07  20170793.250   107975839.6201      -2030.812          49.000    20170789.179    83981267.0161      -1579.602          46.000  
E25  24859198.642   130635982.4591        667.058          45.000    24859201.507   100097725.7071        511.020          46.000  
G06  19878679.169   104463152.1321      -1504.722          46.000    19878678.040    81400083.0091      -1172.643          44.000  
S31  37419146.645   196638973.2261       -774.928          46.000  
S33  38407522.327   201832829.4591       -774.377          41.000  
E05  24325309.708   127830353.9351      -2495.171          43.000    24325312.417    97947948.2281      -1912.156          44.000  
E02  25654654.646   134816149.4701       1843.558          41.000    25654659.725   103300711.0991       1412.572          46.000  
R09  20224180.738   107995974.7811      -2946.512          50.000    20224177.341    83996842.5501      -2291.783          48.000  
R10  18934571.318   100931930.0121        458.129          45.000                                                                  
R08  19287089.356   103281499.7061        -41.926          50.000    19287081.523    80330352.7701        -32.568          47.000  
R01  22258280.701   118983263.1231       1531.262          42.000    22258280.247    92542652.4541       1191.467          35.000  
R23  20196724.780   108038798.4511      -3007.446          48.000                                                                  
G07  18775386.172    98665289.2751        685.542          48.000    18775379.880    76881970.2481        533.947          43.000  
E34  25265408.061   132770611.4451      -3836.750          42.000    25265412.262   101733326.3621      -2940.032          44.000  
E18  26681283.052   140210975.5061        607.315          38.000    26681292.126   107434328.4461        465.298          43.000  
E13  24500830.389   128752674.6831        531.852          43.000    24500833.088    98654673.0571        407.421          46.000  
E15  22956477.110   120637109.2211      -2202.190          47.000    22956477.807    92436224.1571      -1687.424          48.000  
G16  23594500.796   123989938.6871      -1069.616          41.000                                                                  
G20  23442837.901   123192898.5281       2580.595          40.000                                                                  
E07  27696991.723   145548698.2921        925.700          30.000    27696998.008                         711.390          35.000  
G11  21807929.813   114601410.2571       1006.324          44.000    21807927.994    89299857.1501        784.201          43.000  
E24  26863689.202   141169637.1821      -1416.040          39.000    26863692.389   108168957.6121      -1084.971          40.000  
G03  21521227.596   113094831.5501      -3245.959          43.000    21521229.039    88125798.7461      -2528.939          40.000  
G04  21391433.917   112412754.4341      -2878.359          45.000    21391432.377    87594272.6801      -2243.020          44.000  
> 2024 06 08 12 45 30.4960000  0 32                     
E08  23745835.334   124785212.921         109.310          45.000    23745834.721    95614629.301          83.627          48.000  
G09  19689185.235   103467405.653       -1378.741          51.000    19689182.284    80623950.908       -1074.402          47.000  
E03  22835447.622   120001102.825       -1464.126          48.000    22835448.351    91948934.103       -1122.052          50.000  
G19  24397311.448   128208644.551       -2652.830          39.000                                                                  
G30  20837906.170   109503916.091        2223.453          44.000    20837906.260    85327702.741        1732.662          42.000  
R24  21557255.368   115276253.334         480.729          46.000    21557251.491    89659319.360         374.078          45.000  
R22  21849253.084   116632679.144       -4800.022          46.000    21849252.821    90714186.048       -3733.528          42.000  
R11  20902888.728   111698747.475        3407.797          44.000    20902888.697    86876815.346        2650.247          44.000  
R07  20182201.561   108036907.462       -2040.346          49.000    20182196.695    84028764.167       -1586.968          46.000  
E25  24855433.211   130616198.312         652.002          44.000    24855436.559   100082566.490         499.435          46.000  
G06  19887341.990   104508676.393       -1530.089          47.000    19887341.894    81435556.430       -1192.349          45.000  
S31  37423585.411   196662299.313        -780.224          46.000  
S33  38411957.331   201856135.604        -779.847          41.000  
E05  24339565.632   127905271.283       -2499.249          43.000    24339568.751    98005352.306       -1915.169          44.000  
E02  25644143.789   134760912.871        1838.690          41.000    25644148.727   103258387.013        1409.094          46.000  
R09  20240812.605   108084788.998       -2974.486          50.000    20240809.525    84065920.289       -2313.561          48.000  
R10  18932078.014   100918641.290         427.646          45.000                                                                  
R08  19287348.623   103282882.683         -50.403          51.000    19287341.743    80331428.444         -39.252          49.000  
R01  22249694.072   118937368.970        1528.001          41.000    22249693.194    92506957.044        1189.080          37.000  
R23  20213659.563   108129389.686       -3032.127          47.000                                                                  
G07  18771543.745    98645098.888         660.446          48.000    18771537.877    76866237.478         514.427          44.000  
E34  25287332.912   132885828.017       -3844.435          42.000    25287337.417   101821608.977       -2945.726          44.000  
E18  26677804.943   140192692.791         611.174          39.000    26677813.358   107420319.380         468.501          44.000  
E13  24497847.574   128736998.284         513.300          43.000    24497849.979    98642661.241         393.368          46.000  
E15  22969100.707   120703444.616       -2220.377          48.000    22969101.100    92487052.526       -1701.230          48.000  
G16  23600664.282   124022326.148       -1089.549          41.000                                                                  
G20  23428119.849   123115552.063        2575.676          40.000                                                                  
E07  27691722.989   145521028.976         918.763          29.000    27691733.478   111503131.6861        704.043          34.000  
G11  21802247.462   114571550.142         984.446          44.000    21802245.752    89276589.531         767.147          43.000  
E24  26871823.514   141212380.662       -1433.500          37.000    26871826.302   108201709.037       -1098.695          39.000  
G03  21539803.808   113192443.188       -3261.351          45.000    21539804.223    88201859.632       -2541.434          39.000  
G04  21407884.405   112499201.344       -2884.578          44.000    21407882.520    87661633.877       -2247.791          43.000  
> 2024 06 08 12 46 00.4960000  0 32                     
E08  23745231.676   124782047.282         101.709          44.000    23745232.411    95612203.691          78.079          49.000  
G09  19697082.101   103508909.268       -1388.141          49.000    19697078.229    80656291.400       -1081.769          44.000  
E03  22843824.906   120045125.600       -1470.520          48.000    22843826.146    91982665.814       -1126.726          51.000  
G19  24412457.985   128288242.104       -2653.593          40.000                                                                  
G30  20825261.029   109437456.046        2207.190          44.000    20825258.558    85275915.698        1719.813          40.000  
R24  21554636.645   115262256.019         452.195          45.000    21554634.804    89648432.555         351.566          46.000  
R22  21876243.029   116776754.530       -4805.154          46.000    21876243.551    90826244.250       -3737.406          41.000  
R11  20883790.931   111596691.369        3396.087          46.000    20883790.082    86797438.443        2641.358          45.000  
R07  20193662.608   108098258.327       -2049.650          50.000    20193657.935    84076481.454       -1594.218          46.000  
E25  24851752.082   130596861.169         637.250          42.000    24851756.386   100067749.779         488.243          45.000  
G06  19896148.682   104554954.177       -1555.219          48.000    19896149.182    81471616.975       -1211.705          46.000  
S31  37428053.810   196685780.791        -785.276          46.000  
S33  38416421.993   201879597.415        -784.500          40.000  
E05  24353843.968   127980303.826       -2502.832          43.000    24353847.376    98062844.630       -1917.833          44.000  
E02  25633658.420   134705809.412        1834.558          42.000    25633662.727   103216164.954        1405.753          46.000  
R09  20257600.244   108174434.702       -3001.918          50.000    20257597.081    84135644.740       -2334.914          48.000  
R10  18929757.411   100906264.334         397.274          45.000                                                                  
R08  19287653.483   103284519.712         -58.678          49.000    19287647.882    80332701.706         -45.839          49.000  
R01  22241126.138   118891565.081        1525.466          42.000    22241125.851    92471331.882        1186.334          38.000  
R23  20230731.617   108220718.023       -3056.590          47.000                                                                  
G07  18767843.254    98625654.757         635.748          47.000    18767838.567    76851086.186         495.504          45.000  
E34  25309299.078   133001261.819       -3851.177          41.000    25309303.965   101910058.007       -2950.913          44.000  
E18  26674302.544   140174284.295         615.795          40.000    26674310.680   107406213.994         471.789          44.000  
E13  24494968.433   128721869.259         495.324          42.000    24494971.166    98631068.852         379.535          46.000  
E15  22981826.490   120770318.960       -2238.048          48.000    22981827.063    92538293.857       -1714.864          49.000  
G16  23606940.396   124055307.781       -1109.225          40.000                                                                  
G20  23413430.503   123038361.092        2570.516          40.000                                                                  
E07  27686496.851   145493563.014         912.383          30.000    27686507.073   111482086.013         699.071          31.000  
G11  21796690.488   114542345.784         962.683          45.000    21796687.615    89253832.872         750.127          42.000  
E24  26880059.013   141255659.842       -1451.414          36.000    26880061.821   108234870.887       -1111.966          37.000  
G03  21558466.009   113290509.296       -3276.353          45.000    21558465.762    88278274.622       -2552.985          40.000  
G04  21424369.229   112585827.075       -2890.408          45.000    21424367.260    87729134.410       -2252.281          43.000  
> 2024 06 08 12 46 30.4960000  0 32                     
E08  23744672.147   124779110.084          94.164          45.000    23744673.660    95609953.130          72.154          49.000  
G09  19705031.959   103550697.116       -1397.650          46.000    19705028.856    80688853.373       -1088.953          43.000  
E03  22852238.698   120089341.210       -1476.973          47.000    22852240.411    92016545.286       -1131.721          51.000  
G19  24427608.784   128367859.872       -2653.825          42.000                                                                  
G30  20812708.444   109371488.843        2190.558          46.000    20812705.788    85224512.694        1707.098          41.000  
R24  21552180.361   115249121.452         423.690          46.000    21552178.921    89638216.844         329.503          45.000  
R22  21903262.061   116920985.508       -4810.335          44.000    21903263.861    90938423.543       -3741.022          42.000  
R11  20864758.418   111494984.875        3384.388          47.000    20864756.455    86718333.492        2632.407          44.000  
R07  20205176.593   108159892.561       -2059.218          50.000    20205172.313    84124419.135       -1601.458          46.000  
E25  24848156.284   130577971.733         622.259          41.000    24848161.645   100053276.118         476.756          45.000  
G06  19905098.261   104601983.275       -1580.066          48.000    19905099.062    81508262.967       -1231.079          46.000  
S31  37432551.960   196709417.476        -790.263          46.000  
S33  38420916.046   201903214.305        -789.447          41.000  
E05  24368144.089   128055450.890       -2506.823          44.000    24368147.591    98120424.701       -1920.718          44.000  
E02  25623198.147   134650840.150        1830.100          42.000    25623202.258   103174045.717        1402.214          47.000  
R09  20274542.722   108264907.902       -3029.465          50.000    20274539.843    84206012.804       -2356.241          47.000  
R10  18927606.894   100894800.433         367.042          47.000                                                                  
R08  19288005.055   103286410.535         -67.150          49.000    19288000.507    80334172.309         -52.203          48.000  
R01  22232574.985   118845849.643        1522.450          44.000    22232573.969    92435775.504        1183.976          38.000  
R23  20247940.881   108312778.831       -3080.801          48.000                                                                  
G07  18764285.670    98606956.861         610.946          47.000    18764280.513    76836516.383         475.886          44.000  
E34  25331306.152   133116909.977       -3858.522          41.000    25331311.202   101998671.288       -2956.341          44.000  
E18  26670775.331   140155748.641         619.795          39.000    26670783.697   107392011.177         475.025          44.000  
E13  24492192.860   128707287.780         477.114          42.000    24492196.407    98619896.044         365.418          46.000  
E15  22994654.263   120837730.033       -2255.955          48.000    22994655.128    92589946.439       -1728.549          49.000  
G16  23613328.857   124088883.002       -1128.879          40.000                                                                  
G20  23398771.357   122961326.631        2565.624          40.000                                                                  
E07  27681308.005   145466299.415         905.620          29.000    27681318.885   111461195.325         693.919          30.000  
G11  21791258.779   114513797.934         940.679          46.000    21791253.646    89231587.767         732.848          41.000  
E24  26888397.105   141299473.705       -1469.222          36.000    26888399.821   108268442.412       -1125.903          37.000  
G03  21577214.019   113389028.279       -3291.506          47.000    21577213.317    88355042.511       -2564.500          40.000  
G04  21440887.183   112672630.328       -2896.382          45.000    21440885.855    87796773.272       -2256.876          42.000  
> 2024 06 08 12 47 00.4960000  0 32                     
E08  23744155.137   124776391.308          86.885          45.000    23744156.311    95607869.918          66.793          49.000  
G09  19713037.359   103592759.222       -1406.653          47.000    19713034.857    80721628.999       -1096.112          45.000  
E03  22860686.824   120133739.833       -1482.924          47.000    22860689.142    92050564.976       -1136.325          51.000  
G19  24442760.948   128447486.576       -2654.335          38.000                                                                  
G30  20800247.168   109306007.006        2174.833          45.000    20800246.051    85173487.997        1694.392          42.000  
R24  21549886.613   115236841.499         395.289          48.000    21549881.897    89628665.752         307.389          45.000  
R22  21930307.284   117065358.343       -4814.789          44.000    21930310.126    91050713.068       -3744.935          42.000  
R11  20845790.712   111393622.691        3373.099          47.000    20845787.736    86639496.367        2623.450          44.000  
R07  20216741.970   108221801.343       -2068.036          50.000    20216737.031    84172570.353       -1608.694          46.000  
E25  24844645.436   130559522.278         607.866          42.000    24844651.030   100039139.558         465.732          45.000  
G06  19914188.690   104649752.980       -1604.674          48.000    19914188.673    81545486.057       -1250.536          46.000  
S31  37437077.369   196733199.719        -795.262          46.000  
S33  38425438.325   201926976.991        -794.461          41.000  
E05  24382464.263   128130703.172       -2510.191          44.000    24382467.679    98178085.436       -1923.372          44.000  
E02  25612760.978   134595997.604        1826.084          42.000    25612765.882   103132023.570        1399.102          46.000  
R09  20291638.207   108356196.548       -3056.328          49.000    20291635.018    84277015.079       -2377.213          47.000  
R10  18925625.597   100884241.563         336.898          45.000                                                                  
R08  19288403.966   103288546.431         -75.331          49.000    19288397.130    80335833.521         -58.620          46.000  
R01  22224038.107   118800213.183        1519.823          43.000    22224035.857    92400280.497        1182.534          37.000  
R23  20265285.445   108405558.171       -3104.484          48.000                                                                  
G07  18760868.286    98588996.248         586.556          47.000    18760862.275    76822521.075         457.038          44.000  
E34  25353352.802   133232761.067       -3865.042          42.000    25353356.980   102087440.054       -2961.385          43.000  
E18  26667222.132   140137075.973         624.862          38.000    26667230.412   107377703.364         478.672          44.000  
E13  24489521.357   128693245.514         459.146          42.000    24489524.338    98609136.370         351.770          46.000  
E15  23007581.156   120905667.100       -2273.281          47.000    23007583.591    92642002.066       -1741.914          49.000  
G16  23619829.689   124123042.937       -1148.455          40.000                                                                  
G20  23384140.172   122884441.026        2560.529          40.000                                                                  
E07  27676155.760   145439228.427         899.137          30.000    27676167.386   111440452.230         689.277          34.000  
G11  21785949.877   114485898.711         919.207          45.000    21785944.162    89209848.084         716.148          41.000  
E24  26896834.109   141343812.455       -1486.759          34.000    26896837.441   108302416.180       -1138.928          35.000  
G03  21596045.499   113487990.099       -3305.973          46.000    21596044.835    88432155.515       -2576.316          40.000  
G04  21457437.030   112759601.369       -2901.810          44.000    21457435.669    87864542.860       -2261.087          42.000  
> 2024 06 08 12 47 30.4960000  0 32                     
E08  23743677.610   124773878.277          80.899          46.000    23743677.953    95605944.369          62.007          49.000  
G09  19721093.236   103635082.867       -1414.569          50.000    19721090.339    80754608.439       -1102.277          47.000  
E03  22869167.976   120178309.021       -1487.963          46.000    22869170.047    92084715.345       -1140.089          51.000  
G19  24457912.724   128527107.567       -2653.465          39.000                                                                  
G30  20787876.367   109241000.418        2159.337          46.000    20787875.476    85122833.579        1682.663          42.000  
R24  21547748.034   115225404.579         367.746          47.000    21547743.830    89619770.337         286.075          45.000  
R22  21957377.044   117209856.522       -4818.277          44.000    21957379.122    91163100.158       -3747.488          43.000  
R11  20826886.457   111292597.186        3362.440          48.000    20826881.561    86560921.091        2615.446          44.000  
R07  20228356.090   108283973.358       -2076.176          50.000    20228351.340    84220926.302       -1614.890          46.000  
E25  24841217.157   130541502.424         594.083          42.000    24841222.253   100025332.195         455.171          46.000  
G06  19923417.365   104698249.905       -1628.081          47.000    19923416.404    81583275.801       -1268.431          45.000  
S31  37441628.575   196757115.339        -798.723          46.000  
S33  38429985.548   201950872.710        -798.345          41.000  
E05  24396802.438   128206048.759       -2512.535          44.000    24396805.435    98235817.683       -1924.982          44.000  
E02  25602347.228   134541271.747        1822.693          42.000    25602351.861   103090090.807        1396.661          47.000  
R09  20308883.496   108448285.539       -3082.357          49.000    20308880.288    84348639.855       -2397.372          48.000  
R10  18923813.349   100874578.001         307.630          46.000                                                                  
R08  19288847.981   103290915.428         -82.307          50.000    19288839.230    80337676.125         -64.022          46.000  
R01  22215511.889   118754642.955        1518.461          42.000    22215509.964    92364837.028        1181.153          38.000  
R23  20282762.066   108499039.806       -3127.215          48.000                                                                  
G07  18757589.028    98571762.176         562.923          48.000    18757582.768    76809091.902         438.673          44.000  
E34  25375434.378   133348801.103       -3870.736          41.000    25375438.881   102176353.606       -2965.690          43.000  
E18  26663641.195   140118253.742         630.593          38.000    26663648.903   107363280.961         483.101          44.000  
E13  24486949.823   128679731.423         442.235          42.000    24486952.464    98598781.387         338.934          46.000  
E15  23020606.217   120974116.839       -2289.641          46.000    23020609.420    92694450.500       -1754.419          50.000  
G16  23626438.675   124157775.815       -1166.662          41.000                                                                  
G20  23369535.268   122807693.989        2556.230          40.000                                                                  
E07  27671038.784   145412337.351         894.134          30.000    27671050.673   111419847.049         684.935          33.000  
G11  21780761.225   114458637.672         898.712          44.000    21780757.123    89188605.705         700.147          42.000  
E24  26905369.287   141388663.804       -1502.281          33.000    26905372.384   108336782.734       -1151.403          35.000  
G03  21614958.789   113587382.019       -3319.744          45.000    21614958.248    88509603.621       -2586.728          39.000  
G04  21474016.777   112846727.876       -2906.217          44.000    21474015.029    87932433.618       -2264.395          42.000  
> 2024 06 08 12 48 00.4960000  0 32                     
E08  23743228.925   124771518.156          76.668          46.000    23743228.699    95604135.986          58.723          48.000  
G09  19729186.765   103677615.375       -1420.648          50.000    19729184.199    80787750.650       -1107.025          47.000  
E03  22877672.419   120222996.095       -1491.032          47.000    22877673.440    92118956.056       -1142.466          50.000  
G19  24473052.518   128606668.091       -2649.776          38.000                                                                  
G30  20775586.538   109176418.757        2146.314          45.000    20775586.272    85072510.282        1672.422          41.000  
R24  21545755.010   115214758.892         342.219          46.000    21545753.714    89611490.327         266.271          46.000  
R22  21984458.768   117354422.840       -4819.554          42.000    21984462.397    91275540.223       -3748.328          43.000  
R11  20808035.233   111191859.810        3353.580          49.000    20808029.820    86482569.951        2608.251          44.000  
R07  20240009.964   108346356.076       -2082.380          50.000    20240005.248    84269446.136       -1619.683          46.000  
E25  24837860.942   130523861.525         582.388          44.000    24837865.329   100011815.184         446.229          46.000  
G06  19932774.058   104747420.459       -1649.796          47.000    19932772.393    81621590.503       -1285.251          44.000  
S31  37446194.975   196781112.296        -800.645          46.000  
S33  38434548.280   201974849.813        -799.870          40.000  
E05  24411147.432   128281435.543       -2513.047          44.000    24411151.184    98293581.509       -1925.625          44.000  
E02  25591945.691   134486612.282        1821.422          42.000    25591950.464   103048208.917        1395.630          47.000  
R09  20326268.480   108541118.818       -3106.329          49.000    20326265.022    84420843.519       -2416.076          48.000  
R10  18922158.566   100865758.882         280.448          46.000                                                                  
R08  19289325.016   103293465.280         -87.508          50.000    19289316.773    80339659.373         -67.970          48.000  
R01  22206989.341   118709085.830        1519.081          43.000    22206987.584    92329403.734        1181.495          38.000  
R23  20300358.123   108593166.719       -3147.689          48.000                                                                  
G07  18754437.679    98555202.765         541.255          48.000    18754431.756    76796188.446         421.948          44.000  
E34  25397541.477   133464975.857       -3874.170          40.000    25397546.589   102265370.400       -2968.458          43.000  
E18  26660020.164   140099229.285         637.982          37.000    26660029.388   107348703.583         488.957          45.000  
E13  24484468.689   128666694.316         427.094          41.000    24484471.789    98588791.901         327.148          46.000  
E15  23033720.088   121043025.656       -2304.011          46.000    23033722.645    92747250.699       -1765.358          50.000  
G16  23633147.848   124193030.164       -1183.162          41.000                                                                  
G20  23354946.903   122731035.183        2554.392          40.000                                                                  
E07  27665944.127   145385573.588         889.922          31.000    27665957.985   111399339.434         682.397          35.000  
G11  21775685.553   114431964.213         879.867          44.000    21775682.301    89167821.181         685.773          42.000  
E24  26913991.747   141433975.263       -1517.546          32.000    26913994.988   108371501.758       -1162.667          34.000  
G03  21633944.351   113687151.093       -3331.302          45.000    21633943.235    88587345.637       -2595.895          39.000  
G04  21490615.810   112933957.252       -2908.751          44.000    21490614.437    88000404.588       -2266.759          42.000  
> 2024 06 08 12 48 30.4960000  0 32                     
E08  23742794.215   124769232.091          75.550          47.000    23742793.410    95602384.341          58.027          48.000  
G09  19737303.492   103720278.008       -1423.627          48.000    19737302.177    80820994.248       -1109.418          46.000  
E03  22886183.840   120267722.465       -1490.833          47.000    22886184.163    92153226.890       -1142.216          50.000  
G19  24488166.415   128686087.544       -2644.363          40.000                                                                  
G30  20763363.065   109112185.729        2135.946          45.000    20763362.239    85022458.624        1664.152          40.000  
R24  21543898.084   115204825.604         320.066          46.000    21543897.088    89603764.433         248.907          46.000  
R22  22011537.621   117498973.753       -4817.362          42.000    22011541.551    91387968.266       -3746.743          42.000  
R11  20789223.878   111091335.086        3347.886          49.000    20789217.461    86404384.209        2603.731          44.000  
R07  20251688.198   108408871.202       -2085.385          50.000    20251683.608    84318068.957       -1621.973          45.000  
E25  24834562.323   130506523.006         573.565          44.000    24834566.314    99998529.819         439.636          46.000  
G06  19942243.833   104797185.046       -1668.115          48.000    19942242.834    81660368.100       -1299.802          45.000  
S31  37450761.991   196805112.313        -799.410          46.000  
S33  38439111.088   201998829.371        -798.498          40.000  
E05  24425486.218   128356785.432       -2510.315          44.000    24425490.025    98351317.043       -1923.488          44.000  
E02  25581542.502   134431942.988        1823.156          43.000    25581547.177   103006319.490        1397.006          47.000  
R09  20343776.897   108634613.809       -3126.792          48.000    20343773.970    84493561.800       -2431.962          48.000  
R10  18920648.106   100857706.374         256.448          45.000                                                                  
R08  19289818.547   103296117.051         -89.419          47.000    19289813.410    80341721.829         -69.441          49.000  
R01  22198455.931   118663461.896        1522.765          45.000    22198453.239    92293918.459        1184.486          38.000  
R23  20318059.492   108687855.317       -3164.981          48.000                                                                  
G07  18751399.688    98539240.793         522.731          48.000    18751394.382    76783750.545         407.474          44.000  
E34  25419659.262   133581205.187       -3874.358          40.000    25419665.074   102354428.970       -2968.722          44.000  
E18  26656346.566   140079923.826         649.091          35.000    26656355.882   107333910.913         497.087          45.000  
E13  24482063.686   128654056.982         415.315          41.000    24482067.100    98579108.744         318.138          46.000  
E15  23046905.502   121112313.982       -2315.099          47.000    23046907.894    92800341.691       -1773.923          50.000  
G16  23639941.181   124228727.452       -1196.626          41.000                                                                  
G20  23340360.960   122654388.466        2555.480          40.000                                                                  
E07  27660868.606   145358858.322         890.399          37.000    27660874.033   111378868.926         682.289          38.000  
G11  21770706.851   114405801.641         864.148          44.000    21770704.077    89147434.763         673.406          42.000  
E24  26922687.345   141479668.164       -1528.957          29.000    26922689.689   108406513.101       -1171.280          31.000  
G03  21652986.685   113787218.419       -3340.045          45.000    21652985.377    88665320.067       -2602.680          38.000  
G04  21507219.503   113021210.925       -2908.074          44.000    21507218.297    88068394.466       -2266.167          42.000  
> 2024 06 08 12 49 00.4960000  0 32                     
E08  23742360.450   124766956.932          76.070          46.000    23742359.994    95600641.073          58.290          47.000  
G09  19745433.456   103763007.799       -1425.055          47.000    19745432.260    80854290.127       -1110.468          45.000  
E03  22894690.434   120312425.171       -1489.081          47.000    22894690.908    92187479.610       -1141.112          50.000  
G19  24503240.772   128765300.991       -2636.176          38.000                                                                  
G30  20751194.025   109048240.623        2127.138          45.000    20751194.030    84972631.290        1657.590          41.000  
R24  21542162.505   115195542.112         299.036          47.000    21542160.174    89596543.888         232.555          46.000  
R22  22038600.788   117643441.559       -4813.743          42.000    22038605.734    91500331.681       -3743.982          41.000  
R11  20770440.365   110990963.805        3343.510          48.000    20770433.941    86326317.800        2600.621          44.000  
R07  20263379.958   108471456.030       -2086.932          51.000    20263375.076    84366745.984       -1623.081          46.000  
E25  24831308.901   130489425.889         566.466          45.000    24831312.756    99985429.456         433.866          47.000  
G06  19951815.180   104847479.743       -1684.773          48.000    19951815.166    81699558.721       -1312.792          46.000  
S31  37455317.710   196829052.565        -796.736          46.000  
S33  38443663.462   202022749.913        -795.998          41.000  
E05  24439806.054   128432036.063       -2506.130          44.000    24439809.667    98408976.546       -1920.372          44.000  
E02  25571125.279   134377203.308        1826.291          43.000    25571130.442   102964376.114        1399.370          46.000  
R09  20361397.117   108728704.262       -3145.794          48.000    20361394.256    84566743.209       -2446.642          48.000  
R10  18919269.392   100850359.078         233.561          45.000                                                                  
R08  19290319.790   103298807.925         -89.918          47.000    19290315.501    80343814.658         -69.935          48.000  
R01  22189896.588   118617706.874        1527.832          43.000    22189894.560    92258331.232        1188.521          39.000  
R23  20335852.606   108783037.561       -3180.519          47.000                                                                  
G07  18748463.685    98523814.587         505.722          47.000    18748459.250    76771730.123         393.889          45.000  
E34  25441775.642   133697424.507       -3873.303          40.000    25441781.425   102443479.868       -2967.851          45.000  
E18  26652607.446   140060274.416         661.119          36.000    26652616.581   107318854.661         506.595          44.000  
E13  24479723.154   128641757.918         404.769          41.000    24479726.782    98569684.777         310.239          46.000  
E15  23060151.796   121181917.961       -2324.890          48.000    23060152.945    92853674.538       -1781.417          50.000  
G16  23646806.193   124264805.705       -1208.478          42.000                                                                  
G20  23325765.422   122577692.879        2557.592          39.000                                                                  
E07  27655782.093   145332128.590         891.430          39.000    27655787.917   111358387.361         683.157          41.000  
G11  21765813.051   114380088.888         849.976          44.000    21765810.427    89127398.850         662.301          41.000  
E24  26931443.563   141525679.724       -1538.877          28.000    26931445.639   108441768.669       -1179.098          28.000  
G03  21672073.357   113887520.707       -3346.891          45.000    21672071.653    88743477.600       -2608.109          37.000  
G04  21523815.913   113108425.961       -2906.137          44.000    21523814.340    88136354.249       -2264.394          42.000  
> 2024 06 08 12 49 30.4960000  0 32                     
E08  23741922.577   124764656.185          77.381          46.000    23741921.868    95598878.186          59.358          47.000  
G09  19753572.555   103805768.307       -1425.537          49.000    19753567.744    80887609.985       -1110.547          44.000  
E03  22903185.455   120357067.991       -1486.746          47.000    22903186.581    92221686.431       -1139.227          50.000  
G19  24518268.061   128844270.562       -2628.018          40.000                                                                  
G30  20739073.755   108984549.470        2119.104          45.000    20739073.976    84923001.858        1651.263          41.000  
R24  21540538.975   115186872.654         279.073          45.000    21540538.031    89589800.941         217.092          44.000  
R22  22065643.301   117787785.684       -4808.958          43.000    22065647.210    91612598.876       -3740.355          41.000  
R11  20751680.089   110890714.145        3339.862          48.000    20751674.351    86248345.987        2597.752          45.000  
R07  20275077.163   108534074.442       -2087.450          50.000    20275073.001    84415449.142       -1623.652          46.000  
E25  24828094.776   130472535.972         559.848          44.000    24828098.749    99972487.858         428.893          47.000  
G06  19961479.835   104898267.208       -1700.787          48.000    19961480.674    81739133.307       -1325.157          47.000  
S31  37459855.228   196852897.222        -792.991          46.000  
S33  38448196.987   202046574.807        -792.324          41.000  
E05  24454099.874   128507151.702       -2501.318          44.000    24454103.744    98466532.611       -1916.604          44.000  
E02  25560687.974   134322359.324        1830.072          42.000    25560693.721   102922352.832        1402.296          46.000  
R09  20379121.299   108823350.826       -3163.772          47.000    20379118.719    84640357.190       -2460.789          48.000  
R10  18918017.201   100843682.312         211.656          46.000                                                                  
R08  19290825.655   103301501.738         -89.464          50.000    19290817.542    80345909.836         -69.685          47.000  
R01  22181305.111   118571784.511        1533.816          43.000    22181303.049    92222613.810        1193.238          38.000  
R23  20353728.898   108878672.746       -3195.093          47.000                                                                  
G07  18745623.415    98508888.829         489.517          47.000    18745618.934    76760099.626         381.357          45.000  
E34  25463881.769   133813596.011       -3871.312          40.000    25463888.682   102532494.124       -2966.244          45.000  
E18  26648796.797   140040244.631         674.280          37.000    26648805.146   107303507.001         516.709          44.000  
E13  24477440.459   128629762.236         395.124          42.000    24477444.042    98560493.280         302.651          46.000  
E15  23073450.155   121251800.311       -2333.666          48.000    23073450.771    92907220.674       -1788.195          50.000  
G16  23653737.469   124301229.292       -1219.757          42.000                                                                  
G20  23311154.559   122500914.402        2560.693          39.000                                                                  
E07  27650684.804   145305347.863         893.953          36.000    27650692.052   111337866.726         684.936          40.000  
G11  21760999.202   114354791.702         836.635          44.000    21760995.771    89107686.725         651.990          41.000  
G03  21691198.239   113988021.401       -3352.782          45.000    21691196.295    88821789.699       -2612.073          37.000  
G04  21540398.336   113195566.139       -2903.133          44.000    21540396.417    88204255.681       -2262.290          42.000  
E24                                                                  26940255.338   108477240.751       -1185.999          29.000  
> 2024 06 08 12 50 00.4960000  0 32                     
E08  23741475.973   124762308.050          79.088          45.000    23741474.996    95597078.982          60.665          47.000  
G09  19761712.402   103848537.725       -1425.592          51.000    19761707.593    80920936.846       -1110.999          45.000  
E03  22911664.461   120401629.327       -1483.947          46.000    22911666.746    92255830.803       -1137.072          51.000  
G19  24533244.281   128922972.722       -2618.779          42.000                                                                  
G30  20726998.259   108921092.878        2111.470          44.000    20726997.724    84873555.199        1645.219          41.000  
R24  21539030.447   115178796.637         259.390          47.000    21539027.018    89583519.579         201.799          44.000  
R22  22092656.444   117931980.470       -4803.798          44.000    22092660.408    91724749.892       -3736.098          40.000  
R11  20732937.253   110790568.698        3336.568          47.000    20732933.654    86170455.200        2595.149          45.000  
R07  20286777.413   108596706.048       -2087.859          50.000    20286772.917    84464162.535       -1623.910          45.000  
E25  24824915.706   130455833.642         553.713          43.000    24824920.187    99959690.010         424.303          47.000  
G06  19971233.732   104949524.748       -1716.313          48.000    19971234.321    81779074.196       -1337.469          46.000  
S31  37464370.616   196876625.392        -789.106          46.000  
S33  38452708.771   202070282.938        -788.290          40.000  
E05  24468364.606   128582111.204       -2495.915          44.000    24468367.960    98523969.046       -1912.522          44.000  
E02  25550227.781   134267391.814        1834.448          42.000    25550233.411   102880234.897        1405.617          46.000  
R09  20396945.058   108918528.619       -3181.150          47.000    20396942.347    84714384.300       -2474.352          48.000  
R10  18916887.000   100837656.737         190.168          46.000                                                                  
R08  19291326.188   103304177.812         -88.776          51.000    19291315.935    80347991.283         -69.143          46.000  
R01  22172678.429   118525672.751        1540.483          43.000    22172678.491    92186749.156        1198.359          38.000  
R23  20371686.826   108974735.232       -3209.066          47.000                                                                  
G07  18742874.865    98494443.103         473.656          46.000    18742869.997    76748843.179         368.845          45.000  
E34  25485974.788   133929696.489       -3868.642          39.000    25485982.462   102621453.949       -2964.242          45.000  
E18  26644908.965   140019812.853         688.010          36.000    26644917.344   107287851.338         527.060          44.000  
E13  24475211.932   128618049.681         385.854          42.000    24475215.066    98551518.717         295.650          46.000  
E15  23086796.590   121321938.493       -2342.213          48.000    23086797.699    92960962.814       -1794.561          50.000  
G16  23660730.786   124337977.858       -1230.350          42.000                                                                  
G20  23296524.657   122424033.540        2564.547          38.000                                                                  
E07  27645575.074   145278494.565         896.597          35.000    27645582.998   111317290.486         686.964          40.000  
G11  21756260.860   114329890.271         823.790          44.000    21756256.846    89088283.009         641.596          41.000  
G03  21710356.845   114088698.510       -3358.782          45.000    21710354.948    88900239.303       -2617.325          37.000  
G04  21556962.458   113282609.883       -2899.719          44.000    21556960.122    88272081.952       -2259.451          42.000  
E24                                                                  26949113.871                       -1192.734          24.000  
> 2024 06 08 12 50 30.4960000  0 32                     
E08  23741017.953   124759904.589          81.140          45.000    23741018.172    95595237.398          62.127          48.000  
G09  19769851.134   103891308.371       -1425.659          51.000    19769847.625    80954264.619       -1110.950          46.000  
E03  22920127.166   120446101.497       -1480.960          46.000    22920129.777    92289906.843       -1134.757          51.000  
G19  24548167.760   129001397.649       -2609.536          44.000                                                                  
G30  20714966.958   108857865.347        2103.751          44.000    20714966.435    84824287.059        1639.173          41.000  
R24  21537631.212   115171307.594         239.805          48.000    21537626.110    89577694.736         186.536          43.000  
R22  22119639.935   118076014.387       -4798.454          45.000    22119642.440    91836775.888       -3732.109          39.000  
R11  20714212.957   110690523.989        3333.209          44.000    20714211.105    86092642.802        2592.594          44.000  
R07  20298479.146   108659344.286       -2088.065          50.000    20298474.830    84512881.084       -1624.092          46.000  
E25  24821771.540   130439313.153         547.724          43.000    24821776.413    99947031.512         419.654          47.000  
G06  19981075.690   105001243.570       -1731.618          48.000    19981075.219    81819374.506       -1349.222          46.000  
S31  37468862.239   196900229.480        -784.664          45.000  
S33  38457196.518   202093866.851        -783.969          40.000  
E05  24482597.257   128656907.524       -2490.389          43.000    24482601.369    98581280.442       -1908.358          44.000  
E02  25539743.548   134212295.483        1838.915          42.000    25539748.596   102838018.252        1408.967          45.000  
R09  20414866.316   109014227.422       -3198.629          47.000    20414863.505    84788816.617       -2487.721          47.000  
R10  18915878.216   100832276.436         168.594          47.000                                                                  
R08  19291820.833   103306829.545         -87.916          49.000    19291812.022    80350053.765         -68.440          47.000  
R01  22164015.845   118479364.294        1547.115          44.000    22164015.010    92150731.380        1203.719          36.000  
R23  20389723.382   109071213.423       -3222.723          48.000                                                                  
G07  18740216.278    98480470.720         457.855          47.000    18740210.567    76737955.565         356.820          45.000  
E34  25508052.034   134045716.672       -3865.626          38.000    25508060.324   102710352.247       -2962.139          45.000  
E18  26640943.875   139998971.349         701.535          36.000    26640951.521   107271881.687         537.436          44.000  
E13  24473035.737   128606613.932         376.481          43.000    24473038.646    98542756.223         288.538          45.000  
E15  23100189.854   121392323.764       -2350.102          47.000    23100191.603    93014894.303       -1800.826          50.000  
G16  23667784.036   124375043.581       -1240.837          41.000                                                                  
G20  23281874.905   122347045.118        2568.040          38.000                                                                  
E07  27640450.190   145251561.026         899.108          37.000    27640458.158   111296652.717         688.887          40.000  
G11  21751596.915   114305378.845         810.538          44.000    21751591.916    89069183.152         631.537          41.000  
G03  21729547.248   114189543.933       -3364.239          46.000    21729545.537    88978820.036       -2621.737          38.000  
G04  21573507.242   113369549.599       -2896.264          45.000    21573504.525    88339827.147       -2256.920          43.000  
E24                                                                  26958021.213                       -1199.765          23.000  
> 2024 06 08 12 51 00.4960000  0 32                     
E08  23740547.950   124757436.057          83.180          44.000    23740548.688    95593345.925          63.773          48.000  
G09  19777987.352   103934070.598       -1425.452          49.000    19777985.565    80987585.795       -1110.760          47.000  
E03  22928571.696   120490474.947       -1477.694          47.000    22928573.944    92323907.242       -1132.285          51.000  
G19  24563036.644   129079533.673       -2599.942          37.000                                                                  
G30  20702977.440   108794859.569        2096.318          45.000    20702975.543    84775191.711        1633.528          40.000  
R24  21536338.138   115164396.667         220.539          47.000    21536333.646    89572319.591         171.490          43.000  
R22  22146590.203   118219874.026       -4792.635          45.000    22146593.491    91948666.252       -3727.371          41.000  
R11  20695509.248   110590575.972        3329.665          45.000    20695506.878    86014905.553        2589.927          45.000  
R07  20310179.760   108721980.829       -2088.075          51.000    20310175.883    84561598.303       -1623.909          46.000  
E25  24818661.253   130422966.960         541.842          43.000    24818665.610    99934506.542         415.028          47.000  
G06  19991003.048   105053412.996       -1746.603          48.000    19991001.757    81860025.988       -1361.198          45.000  
S31  37473328.765   196923700.117        -780.322          46.000  
S33  38461659.266   202117317.607        -779.896          40.000  
E05  24496798.279   128731531.687       -2484.899          44.000    24496801.934    98638459.934       -1903.839          44.000  
E02  25529232.923   134157063.143        1842.988          42.000    25529238.331   102795697.386        1412.481          45.000  
R09  20432883.080   109110435.247       -3215.498          48.000    20432880.216    84863644.843       -2500.941          47.000  
R10  18914987.869   100827533.505         147.189          46.000                                                                  
R08  19292307.804   103309448.413         -87.043          48.000    19292302.671    80352090.565         -67.646          49.000  
R01  22155314.527   118432849.309        1553.670          43.000    22155313.103    92114553.057        1208.608          38.000  
R23  20407834.887   109168093.833       -3236.244          47.000                                                                  
G07  18737646.337    98466963.115         442.238          48.000    18737640.180    76727430.142         344.796          44.000  
E34  25530112.970   134161645.478       -3862.891          38.000    25530120.898   102799180.508       -2959.909          44.000  
E18  26636896.587   139977710.447         715.641          36.000    26636906.094   107255590.712         548.217          43.000  
E13  24470910.539   128595446.818         367.498          43.000    24470913.328    98534199.548         281.689          45.000  
E15  23113627.870   121462945.621       -2358.152          46.000    23113630.659    93069007.036       -1806.883          50.000  
G16  23674895.687   124412417.852       -1251.101          41.000                                                                  
G20  23267202.661   122269941.795        2571.235          38.000                                                                  
E07  27635308.013   145224537.679         901.870          36.000    27635316.125   111275946.111         691.273          41.000  
G11  21747005.875   114281249.675         797.613          44.000    21747000.760    89050381.185         621.681          41.000  
G03  21748768.101   114290547.766       -3369.632          46.000    21748766.648    89057524.202       -2625.807          39.000  
G04  21590029.204   113456375.896       -2892.567          45.000    21590027.163    88407483.957       -2253.644          43.000  
E24                                                                  26966974.318                       -1204.709          20.000  
> 2024 06 08 12 51 30.4960000  0 32                     
E08  23740065.646   124754902.465          85.516          44.000    23740067.121    95591404.593          65.580          49.000  
G09  19786122.706   103976824.665       -1425.073          47.000    19786121.452    81020900.567       -1110.242          46.000  
E03  22936997.633   120534749.981       -1474.097          47.000    22936998.830    92357832.253       -1129.525          51.000  
G19  24577850.065   129157379.518       -2589.656          40.000                                                                  
G30  20691031.320   108732078.043        2088.976          46.000    20691028.463    84726271.111        1627.882          40.000  
R24  21535154.985   115158065.409         201.426          48.000    21535149.413    89567395.237         156.615          44.000  
R22  22173506.448   118363555.950       -4786.180          43.000    22173509.954    92060418.424       -3722.639          40.000  
R11  20676823.903   110490729.333        3326.551          45.000    20676822.012    85937247.154        2587.459          45.000  
R07  20321881.570   108784617.594       -2087.701          51.000    20321877.050    84610315.742       -1623.838          46.000  
E25  24815583.904   130406797.246         536.068          42.000    24815588.724    99922116.766         410.891          47.000  
G06  20001016.174   105106032.126       -1761.336          48.000    20001014.271    81901027.879       -1372.516          44.000  
S31  37477770.016   196947038.335        -775.702          45.000  
S33  38466096.562   202140635.568        -774.792          40.000  
E05  24510965.995   128805984.425       -2478.928          43.000    24510969.981    98695508.104       -1899.346          44.000  
E02  25518697.907   134101697.411        1847.656          41.000    25518702.621   102753274.336        1415.840          45.000  
R09  20450994.274   109207148.969       -3231.988          48.000    20450991.031    84938866.608       -2514.021          46.000  
R10  18914218.795   100823430.960         126.176          46.000                                                                  
R08  19292791.369   103312035.938         -85.657          50.000    19292786.459    80354103.012         -66.590          49.000  
R01  22146573.697   118386128.416        1560.776          43.000    22146573.694    92078214.499        1213.940          38.000  
R23  20426021.316   109265373.061       -3249.147          48.000                                                                  
G07  18735164.469    98453921.705         426.946          48.000    18735159.204    76717268.003         332.712          44.000  
E34  25552156.623   134277481.486       -3859.375          38.000    25552163.910   102887937.689       -2957.357          44.000  
E18  26632769.904   139956030.368         729.468          35.000    26632780.331   107238978.510         559.310          43.000  
E13  24468836.983   128584549.897         358.836          43.000    24468840.025    98525849.923         274.791          45.000  
E15  23127112.548   121533803.232       -2365.637          46.000    23127114.648    93123300.434       -1812.781          50.000  
G16  23682066.924   124450101.584       -1261.353          40.000                                                                  
G20  23252508.293   122192726.037        2575.906          37.000                                                                  
E07  27630148.349   145197424.602         905.343          35.000    27630156.912   111255170.817         693.635          42.000  
G11  21742486.955   114257504.810         785.220          43.000    21742482.786    89031878.715         611.620          41.000  
G03  21768018.248   114391709.837       -3374.579          45.000    21768018.392    89136351.664       -2629.710          40.000  
G04  21606530.510   113543089.119       -2888.506          44.000    21606528.116    88475052.686       -2250.789          42.000  
E24                                                                  26975975.212                       -1209.823          21.000  
> 2024 06 08 12 52 00.4960000  0 32                     
E08  23739570.239   124752296.141          87.918          45.000    23739571.409    95589407.509          67.459          49.000  
G09  19794256.469   104019562.872       -1424.530          49.000    19794253.119    81054203.029       -1110.104          45.000  
E03  22945403.061   120578919.102       -1470.514          48.000    22945403.665    92391676.094       -1126.695          51.000  
G19  24592606.599   129234926.001       -2580.236          42.000                                                                  
G30  20679126.534   108669515.457        2081.656          48.000    20679123.189    84677521.137        1622.064          41.000  
R24  21534077.778   115152307.438         182.403          47.000    21534075.057    89562916.744         141.738          47.000  
R22  22200387.323   118507048.895       -4779.926          43.000    22200392.282    92172023.548       -3717.780          43.000  
R11  20658156.770   110390981.229        3323.022          46.000    20658156.151    85859665.404        2584.794          46.000  
R07  20333581.737   108847247.889       -2087.706          51.000    20333576.991    84659028.170       -1623.825          47.000  
E25  24812539.906   130390798.485         530.272          42.000    24812544.474    99909858.000         406.336          47.000  
G06  20011113.401   105159092.320       -1776.096          49.000    20011111.492    81942373.470       -1384.136          44.000  
S31  37482184.574   196970236.882        -771.040          45.000  
S33  38470507.318   202163814.135        -770.473          40.000  
E05  24525099.895   128880258.816       -2472.805          43.000    24525104.183    98752419.613       -1894.891          44.000  
E02  25508136.255   134046193.189        1852.457          42.000    25508140.427   102710745.168        1419.283          45.000  
R09  20469198.627   109304358.655       -3248.700          48.000    20469195.521    85014474.066       -2526.799          47.000  
R10  18913567.899   100819962.873         104.855          46.000                                                                  
R08  19293269.733   103314585.651         -84.468          51.000    19293262.374    80356086.110         -65.680          48.000  
R01  22137794.619   118339194.200        1567.804          45.000    22137793.930    92041710.061        1219.674          38.000  
R23  20444277.260   109363039.235       -3262.255          46.000                                                                  
G07  18732769.671    98441340.099         411.712          47.000    18732765.350    76707464.131         320.697          45.000  
E34  25574181.502   134393215.684       -3855.803          40.000    25574187.550   102976616.867       -2954.725          44.000  
E18  26628563.187   139933923.486         743.928          35.000    26628573.586   107222039.337         570.065          43.000  
E13  24466814.086   128573917.022         349.898          43.000    24466817.147    98517702.593         268.104          46.000  
E15  23140639.917   121604888.090       -2373.225          47.000    23140641.969    93177767.973       -1818.520          51.000  
G16  23689295.685   124488087.927       -1271.294          41.000                                                                  
G20  23237794.070   122115392.855        2579.141          37.000                                                                  
E07  27624969.870   145170214.215         908.416          36.000    27624979.487   111234320.919         696.204          42.000  
G11  21738039.578   114234138.613         772.483          43.000    21738036.883    89013671.284         601.862          43.000  
G03  21787297.529   114493022.300       -3379.809          46.000    21787297.905    89215296.282       -2633.224          41.000  
G04  21623008.578   113629681.826       -2884.352          46.000    21623005.534    88542527.491       -2247.668          42.000  
E24                                                                  26985020.101                       -1216.992          21.000  
> 2024 06 08 12 52 30.4960000  0 32                     
E08  23739062.547   124749627.653          89.583          45.000    23739063.684    95587362.807          68.759          49.000  
G09  19802388.759   104062295.955       -1424.631          50.000    19802383.755    81087501.546       -1110.111          44.000  
E03  22953789.574   120622993.167       -1467.908          47.000    22953790.417    92425447.115       -1124.744          50.000  
G19  24607308.074   129312181.725       -2570.894          39.000                                                                  
G30  20667265.440   108607184.814        2073.451          48.000    20667262.453    84628951.871        1615.802          41.000  
R24  21533109.053   115147134.472         162.532          47.000    21533108.643    89558893.332         126.267          46.000  
R22  22227234.937   118650360.098       -4774.343          44.000    22227240.442    92283487.277       -3713.436          42.000  
R11  20639512.545   110291347.271        3318.827          47.000    20639511.453    85782172.445        2581.344          47.000  
R07  20345282.345   108909884.076       -2088.325          51.000    20345278.697    84707745.158       -1624.216          47.000  
E25  24809530.558   130374983.384         523.763          43.000    24809534.887    99897739.986         401.354          47.000  
G06  20021296.443   105212603.161       -1791.632          49.000    20021295.376    81984070.189       -1396.251          45.000  
S31  37486574.467   196993306.815        -767.110          45.000  
S33  38474893.559   202186863.716        -766.766          40.000  
E05  24539202.302   128954366.248       -2467.885          43.000    24539206.296    98809203.155       -1890.822          44.000  
E02  25497549.602   133990563.658        1855.940          41.000    25497554.722   102668119.996        1422.004          45.000  
R09  20487497.288   109402072.262       -3265.827          48.000    20487494.148    85090473.478       -2540.129          47.000  
R10  18913038.135   100817141.577          82.923          46.000                                                                  
R08  19293741.205   103317109.650         -84.052          51.000    19293732.419    80358049.255         -65.357          47.000  
R01  22128977.251   118292057.835        1574.286          44.000    22128975.884    92005048.482        1224.339          40.000  
R23  20462607.930   109461099.795       -3275.589          47.000                                                                  
G07  18730464.672    98429229.956         395.555          46.000    18730461.052    76698027.612         308.151          45.000  
E34  25596187.767   134508857.297       -3853.587          39.000    25596193.694   103065225.071       -2952.517          44.000  
E18  26624275.510   139911400.653         757.312          33.000    26624287.741   107204781.421         580.332          43.000  
E13  24464843.770   128563560.266         340.506          43.000    24464846.945    98509766.868         260.818          47.000  
E15  23154212.885   121676209.955       -2381.660          47.000    23154214.415    93232417.122       -1824.999          51.000  
G16  23696584.275   124526388.200       -1282.057          41.000                                                                  
G20  23223058.711   122037955.079        2582.598          36.000                                                                  
E07  27619775.901   145142917.259         911.065          33.000    27619785.571   111213404.662         698.007          42.000  
G11  21733667.779   114211163.656         759.014          44.000    21733665.985    88995768.736         591.372          43.000  
G03  21806607.316   114594495.497       -3385.241          45.000    21806607.967    89294366.192       -2638.139          41.000  
G04  21639465.883   113716164.921       -2881.274          45.000    21639462.343    88609916.877       -2245.176          41.000  
E24                                                                  26994112.435                       -1228.456          19.000  
> 2024 06 08 12 53 00.4960000  0 32                     
E08  23738542.714   124746892.408          92.399          46.000    23738543.057    95585266.951          70.812          49.000  
G09  19810518.376   104105019.519       -1423.958          50.000    19810514.569    81120792.663       -1109.553          45.000  
E03  22962157.447   120666967.844       -1464.191          46.000    22962158.531    92459141.990       -1121.896          50.000  
G19  24621953.536   129389140.804       -2560.232          42.000                                                                  
G30  20655447.546   108545083.859        2066.188          47.000    20655445.138    84580561.581        1610.239          41.000  
R24  21532251.373   115142543.122         143.306          47.000    21532249.041    89555322.305         111.351          46.000  
R22  22254047.048   118793481.535       -4767.393          44.000    22254050.562    92394803.516       -3708.051          39.000  
R11  20620890.001   110191828.097        3315.577          48.000    20620887.724    85704768.751        2578.625          47.000  
R07  20356983.451   108972523.184       -2087.950          50.000    20356979.778    84756464.405       -1624.058          47.000  
E25  24806555.616   130359349.493         518.225          43.000    24806559.561    99885760.835         397.057          47.000  
G06  20031563.649   105266558.968       -1805.917          49.000    20031563.283    82026113.607       -1407.123          45.000  
S31  37490939.469   197016244.171        -762.299          45.000  
S33  38479254.692   202209781.524        -761.636          40.000  
E05  24553271.206   129028302.852       -2461.638          42.000    24553276.153    98865855.836       -1886.163          44.000  
E02  25486939.324   133934806.766        1860.938          41.000    25486944.578   102625397.250        1425.733          44.000  
R09  20505888.866   109500283.028       -3281.872          48.000    20505886.333    85166859.556       -2552.608          48.000  
R10  18912630.067   100814965.837          61.773          47.000                                                                  
R08  19294205.763   103319604.926         -82.599          48.000    19294197.387    80359990.054         -64.301          46.000  
R01  22120121.506   118244714.926        1581.574          45.000    22120119.625    91968226.249        1229.966          41.000  
R23  20481011.718   109559546.426       -3287.713          46.000                                                                  
G07  18728249.707    98417587.718         380.393          46.000    18728245.405    76688955.720         296.272          45.000  
E34  25618175.282   134624400.284       -3849.554          39.000    25618181.093   103153757.730       -2949.700          44.000  
E18  26619909.644   139888457.406         771.921          33.000    26619921.889   107187201.333         591.311          43.000  
E13  24462924.836   128553476.557         331.655          43.000    24462928.413    98502040.370         254.156          48.000  
E15  23167828.895   121747763.316       -2388.841          47.000    23167831.037    93287243.665       -1830.513          51.000  
G16  23703930.760   124564998.290       -1292.089          40.000                                                                  
G20  23208302.087   121960410.615        2586.321          37.000                                                                  
E07  27614563.287   145115529.160         914.458          34.000    27614574.110   111192418.614         700.990          43.000  
G11  21729370.261   114188577.309         746.403          44.000    21729368.045    88978168.978         581.619          43.000  
G03  21825946.544   114696124.651       -3390.317          44.000    21825947.342    89373557.590       -2641.786          41.000  
G04  21655900.969   113802534.099       -2876.995          45.000    21655898.058    88677217.502       -2242.066          41.000  
E24                                                                  27003251.538                       -1230.546          17.000  
> 2024 06 08 12 53 30.4960000  0 31                     
E08  23738009.157   124744088.539          94.583          46.000    23738009.431    95583118.523          72.374          49.000  
G09  19818645.374   104147731.895       -1423.689          48.000    19818644.002    81154075.015       -1109.443          47.000  
E03  22970505.793   120710841.535       -1460.888          46.000    22970507.659    92492759.500       -1119.348          50.000  
G19  24636541.031   129465799.062       -2550.168          35.000                                                                  
G30  20643672.962   108483213.172        2058.238          46.000    20643671.404    84532350.700        1603.785          41.000  
R24  21531502.017   115138532.808         123.885          47.000    21531497.684    89552203.119          96.379          44.000  
R22  22280822.267   118936407.838       -4760.882          45.000    22280826.360    92505967.946       -3702.684          40.000  
R11  20602288.633   110092426.866        3311.282          48.000    20602285.405    85627456.767        2575.457          46.000  
R07  20368685.860   109035165.115       -2088.265          51.000    20368682.015    84805185.834       -1624.010          47.000  
E25  24803615.213   130343897.093         512.100          43.000    24803618.888    99873920.795         392.273          47.000  
G06  20041915.184   105320956.887       -1820.637          49.000    20041914.150    82068501.542       -1418.850          45.000  
S31  37495278.673   197039047.474        -757.759          46.000  
S33  38483590.196   202232564.505        -757.132          40.000  
E05  24567308.718   129102067.564       -2456.061          42.000    24567313.406    98922376.782       -1881.850          45.000  
E02  25476305.220   133878923.356        1864.681          41.000    25476310.294   102582577.551        1428.888          44.000  
R09  20524373.239   109598986.396       -3298.371          49.000    20524370.116    85243628.787       -2565.472          48.000  
R10  18912343.356   100813434.663          40.201          47.000                                                                  
R08  19294665.035   103322070.991         -81.708          48.000    19294659.206    80361908.050         -63.556          48.000  
R01  22111225.503   118197164.328        1588.348          45.000    22111225.391    91931242.464        1235.242          41.000  
R23  20499486.927   109658373.565       -3300.589          48.000                                                                  
G07  18726123.790    98406412.687         364.581          47.000    18726118.402    76680247.881         284.196          45.000  
E34  25640142.552   134739841.478       -3846.344          38.000    25640149.183   103242212.382       -2947.247          43.000  
E18  26615465.285   139865092.000         785.276          36.000    26615475.543   107169297.781         602.184          43.000  
E13  24461057.957   128543665.518         322.505          42.000    24461061.554    98494522.800         246.952          48.000  
E15  23181487.783   121819545.495       -2396.683          47.000    23181490.734    93342245.520       -1836.330          51.000  
G16  23711336.960   124603917.414       -1302.372          41.000                                                                  
G20  23193525.361   121882760.302        2590.135          38.000                                                                  
E07  27609334.715   145088048.241         917.240          33.000    27609345.009   111171361.393         702.996          41.000  
G11  21725146.678   114166379.658         733.344          44.000    21725143.843    88960872.094         571.289          43.000  
G03  21845315.326   114797907.675       -3395.401          44.000    21845315.873    89452868.850       -2645.617          40.000  
G04  21672315.027   113888787.906       -2873.425          46.000    21672311.639    88744428.194       -2238.944          41.000  
> 2024 06 08 12 54 00.4960000  0 30                     
E08  23737464.495   124741226.107          96.249          46.000    23737464.648    95580925.213          73.842          49.000  
G09  19826772.907   104190443.238       -1423.893          48.000    19826771.956    81187356.522       -1109.471          47.000  
E03  22978838.054   120754624.501       -1458.000          47.000    22978839.615    92526307.476       -1117.151          50.000  
G30  20631943.554   108421585.035        2050.063          45.000    20631944.285    84484328.838        1597.513          42.000  
R24  21530861.248   115135114.827         103.907          46.000    21530859.272    89549544.682          80.887          46.000  
R22  22307563.627   119079145.835       -4754.926          45.000    22307565.531    92616985.968       -3697.837          38.000  
R11  20583710.944   109993158.415        3306.590          48.000    20583708.696    85550248.080        2571.676          46.000  
R07  20380390.876   109097820.996       -2088.860          51.000    20380386.505    84853918.137       -1624.736          46.000  
E25  24800711.189   130328638.376         505.270          44.000    24800715.141    99862229.165         387.118          47.000  
G06  20052352.692   105375805.857       -1835.917          48.000    20052350.863    82111240.960       -1430.700          44.000  
S31  37499594.993   197061727.582        -754.143          46.000  
S33  38487902.104   202255224.854        -753.493          40.000  
E05  24581314.956   129175671.161       -2450.751          42.000    24581319.726    98978774.265       -1877.909          45.000  
E02  25465649.849   133822925.990        1868.334          42.000    25465654.320   102539670.573        1431.454          44.000  
R09  20542950.746   109698190.043       -3315.194          48.000    20542948.281    85320787.165       -2578.534          49.000  
R10  18912179.095   100812560.901          17.998          46.000                                                                  
R08  19295124.161   103324519.572         -81.409          51.000    19295117.418    80363812.479         -63.355          49.000  
R01  22102292.147   118149416.604        1594.981          43.000    22102293.440    91894105.334        1240.337          40.000  
R23  20518034.683   109757587.818       -3313.733          48.000                                                                  
G07  18724088.668    98395716.147         348.368          48.000    18724082.455    76671912.919         271.555          45.000  
E34  25662092.334   134855189.534       -3843.146          37.000    25662099.292   103330595.672       -2945.125          43.000  
E18  26610941.418   139841314.530         799.289          37.000    26610951.380   107151078.576         612.368          43.000  
E13  24459245.173   128534138.664         312.599          43.000    24459248.533    98487222.966         239.532          48.000  
E15  23195191.426   121891565.688       -2404.873          46.000    23195195.533    93397429.731       -1842.621          51.000  
G16  23718804.355   124643156.778       -1313.375          42.000                                                                  
G20  23178731.335   121805016.525        2592.784          39.000                                                                  
E07  27604090.005   145060484.625         919.604          34.000    27604099.945   111150240.758         705.140          40.000  
G11  21720998.016   114144582.647         719.642          43.000    21720995.903    88943887.375         560.920          43.000  
G03  21864715.407   114899854.290       -3400.904          44.000    21864715.509    89532307.596       -2650.153          40.000  
G04  21688708.154   113974936.658       -2870.019          46.000    21688705.154    88811557.063       -2236.515          40.000  
> 2024 06 08 12 54 30.4960000  0 30                     
E08  23736909.206   124738309.392          97.756          46.000    23736909.648    95578690.302          74.926          49.000  
G09  19834901.778   104233157.944       -1424.313          49.000    19834900.206    81220640.679       -1109.807          47.000  
E03  22987153.754   120798321.271       -1455.500          47.000    22987155.144    92559789.404       -1115.222          51.000  
G30  20620263.763   108360206.176        2041.315          45.000    20620264.820    84436501.210        1590.783          43.000  
R24  21530334.813   115132294.680          83.632          47.000    21530333.855    89547351.243          65.101          46.000  
R22  22334268.371   119221696.534       -4749.266          44.000    22334271.510    92727858.253       -3693.696          40.000  
R11  20565160.910   109894032.680        3301.161          47.000    20565158.563    85473150.391        2567.745          47.000  
R07  20392098.947   109160497.401       -2089.979          51.000    20392094.098    84902666.417       -1625.623          45.000  
E25  24797845.348   130313579.688         498.210          43.000    24797849.250    99850690.818         381.733          47.000  
G06  20062876.261   105431109.034       -1851.253          48.000    20062875.048    82154334.345       -1442.710          45.000  
S31  37503888.483   197084289.601        -750.566          46.000  
S33  38492191.600   202277766.400        -749.763          40.000  
E05  24595291.501   129249118.750       -2445.907          42.000    24595296.502    99035052.207       -1874.303          45.000  
E02  25454973.845   133766821.598        1871.497          41.000    25454978.034   102496681.562        1433.943          45.000  
R09  20561622.319   109797895.419       -3332.196          48.000    20561619.739    85398335.746       -2591.626          49.000  
R10  18912138.535   100812350.924          -4.528          45.000                                                                  
R08  19295579.312   103326956.533         -81.502          51.000    19295573.327    80365707.894         -63.424          50.000  
R01  22093323.592   118101476.619        1600.903          43.000    22093324.193    91856818.709        1245.105          40.000  
R23  20536654.348   109857189.516       -3326.973          47.000                                                                  
G07  18722145.273    98385503.260         331.895          48.000    18722139.281    76663954.837         258.587          45.000  
E34  25684024.882   134970447.383       -3840.550          37.000    25684032.943   103418909.820       -2942.940          43.000  
E18  26606338.762   139817129.587         812.983          36.000    26606349.360   107132547.116         622.618          43.000  
E13  24457487.402   128524901.752         302.462          43.000    24457490.543    98480145.307         231.872          48.000  
E15  23208942.329   121963827.256       -2413.134          45.000    23208946.117    93452798.885       -1848.965          50.000  
G16  23726332.731   124682720.388       -1324.754          41.000                                                                  
G20  23163920.782   121727186.266        2595.555          40.000                                                                  
E07  27598832.267   145032842.734         922.298          37.000    27598840.510   111129060.205         706.699          41.000  
G11  21716926.834   114123192.450         705.717          43.000    21716925.275    88927219.671         549.900          43.000  
G03  21884147.342   115001968.587       -3407.000          45.000    21884147.307    89611877.009       -2654.851          39.000  
G04  21705082.579   114060985.010       -2867.003          46.000    21705079.794    88878607.677       -2233.963          40.000  
> 2024 06 08 12 55 00.4960000  0 30                     
E08  23736346.197   124735351.257          98.929          46.000    23736347.068    95576423.638          75.873          49.000  
G09  19843033.495   104275888.990       -1425.031          50.000    19843030.842    81253937.594       -1110.476          46.000  
E03  22995455.063   120841944.954       -1453.106          47.000    22995456.586    92593215.325       -1113.428          51.000  
G30  20608634.930   108299091.710        2032.464          46.000    20608635.098    84388879.586        1583.644          43.000  
R24  21529922.428   115130086.683          63.268          48.000    21529920.514    89545633.884          49.097          46.000  
R22  22360941.607   119364069.416       -4743.074          46.000    22360943.869    92838592.210       -3688.909          41.000  
R11  20546641.006   109795067.373        3295.781          48.000    20546639.057    85396177.514        2563.280          47.000  
R07  20403814.223   109223209.013       -2091.164          51.000    20403809.061    84951442.080       -1626.569          43.000  
E25  24795020.302   130298735.959         490.895          42.000    24795024.781    99839317.185         376.108          47.000  
G06  20073488.881   105486878.137       -1867.064          48.000    20073488.225    82197790.745       -1454.756          46.000  
S31  37508161.430   197106746.068        -747.131          46.000  
S33  38496461.236   202300202.957        -746.325          40.000  
E05  24609241.598   129322424.020       -2441.340          42.000    24609245.947    99091221.105       -1870.586          45.000  
E02  25444279.694   133710625.533        1874.397          41.000    25444284.466   102453622.319        1436.304          45.000  
R09  20580389.941   109898113.005       -3349.589          48.000    20580387.480    85476282.716       -2605.245          49.000  
R10  18912226.495   100812819.737         -27.396          45.000                                                                  
R08  19296035.244   103329396.339         -81.642          50.000    19296028.705    80367605.508         -63.563          49.000  
R01  22084322.363   118053357.757        1606.570          44.000    22084321.157    91819392.936        1249.512          40.000  
R23  20555348.143   109957188.232       -3340.315          47.000                                                                  
G07  18720295.657    98375788.036         315.315          47.000    18720291.107    76656384.546         245.702          45.000  
E34  25705942.715   135085626.442       -3837.995          37.000    25705951.242   103507163.568       -2940.948          44.000  
E18  26601662.598   139792550.194         826.042          38.000    26601672.131   107113713.399         632.620          43.000  
E13  24455787.233   128515969.020         292.399          43.000    24455790.498    98473300.706         224.065          48.000  
E15  23222742.893   122036342.111       -2421.608          46.000    23222744.981    93508362.097       -1855.602          50.000  
G16  23733925.332   124722622.098       -1336.056          41.000                                                                  
G20  23149097.178   121649284.880        2597.593          40.000                                                                  
E07  27593560.355   145005135.538         924.682          38.000    27593568.121   111107829.552         708.496          39.000  
G11  21712936.898   114102223.829         691.613          43.000    21712934.606    88910880.443         539.136          42.000  
G03  21903613.683   115104263.062       -3413.051          46.000    21903613.547    89691586.810       -2659.461          40.000  
G04  21721440.061   114146946.116       -2864.156          45.000    21721437.946    88945590.304       -2231.699          40.000  
> 2024 06 08 12 55 30.4960000  0 30                     
E08  23735778.691   124732368.687          99.152          45.000    23735779.484    95574138.264          75.984          49.000  
G09  19851171.300   104318653.620       -1426.593          49.000    19851167.655    81287260.680       -1111.667          45.000  
E03  23003745.163   120885512.854       -1452.031          47.000    23003747.292    92626598.511       -1112.535          51.000  
G30  20597060.851   108238260.966        2022.369          47.000    20597060.070    84341479.048        1575.838          43.000  
R24  21529627.249   115128508.937          41.387          48.000    21529623.244    89544406.654          32.217          43.000  
R22  22387583.169   119506278.475       -4738.063          46.000    22387584.587    92949198.702       -3685.205          39.000  
R11  20528155.976   109696284.868        3289.037          49.000    20528152.695    85319346.787        2558.129          47.000  
R07  20415539.423   109285974.602       -2093.729          51.000    20415533.815    85000259.731       -1628.461          43.000  
E25  24792240.041   130284126.249         482.349          42.000    24792244.445    99828122.874         369.656          47.000  
G06  20084193.418   105543128.950       -1883.635          49.000    20084192.670    82241622.533       -1467.920          45.000  
S31  37512418.487   197129115.236        -744.747          45.000  
S33  38500714.026   202322552.184        -743.990          40.000  
E05  24623167.195   129395604.751       -2437.965          42.000    24623171.772    99147294.623       -1867.926          45.000  
E02  25433571.368   133654357.380        1876.232          42.000    25433577.210   102410507.877        1437.500          45.000  
R09  20599256.399   109998857.343       -3367.543          48.000    20599253.806    85554639.359       -2619.202          50.000  
R10  18912446.043   100813986.360         -51.083          46.000                                                                  
R08  19296492.993   103331857.942         -82.892          48.000    19296487.338    80369520.076         -64.509          47.000  
R01  22075290.171   118005077.928        1611.250          45.000    22075289.692    91781842.029        1253.291          41.000  
R23  20574117.644   110057597.376       -3354.420          46.000                                                                  
G07  18718544.599    98366588.251         297.561          46.000    18718540.837    76649215.890         231.813          45.000  
E34  25727848.207   135200742.339       -3836.817          36.000    25727857.667   103595368.925       -2939.926          44.000  
E18  26596913.533   139767593.460         837.630          39.000    26596923.060   107094590.557         641.816          43.000  
E13  24454148.457   128507358.917         281.100          43.000    24454151.953    98466703.327         215.271          48.000  
E15  23236594.816   122109126.293       -2431.201          48.000    23236595.193    93564131.701       -1862.898          50.000  
G16  23741586.353   124762879.557       -1348.648          41.000                                                                  
G20  23134263.968   121571331.919        2598.556          41.000                                                                  
E07  27588279.093   144977380.148         925.443          37.000    27588286.760   111086562.047         708.734          40.000  
G11  21709030.872   114081695.613         676.306          44.000    21709027.409    88894884.395         527.299          41.000  
G03  21923117.334   115206754.429       -3420.298          46.000    21923117.013    89771450.045       -2665.233          40.000  
G04  21737784.895   114232837.358       -2862.618          46.000    21737782.288    89012518.491       -2230.766          40.000  
> 2024 06 08 12 56 00.4960000  0 31                     
E08  23735215.366   124729404.413          98.082          46.000    23735215.396    95571866.904          74.983          49.000  
G09  19859322.948   104361494.751       -1429.784          48.000    19859320.111    81320643.384       -1114.246          45.000  
E03  23012032.822   120929067.963       -1452.167          46.000    23012035.407    92659971.901       -1112.769          51.000  
G30  20585548.236   108177758.916        2010.782          48.000    20585545.752    84294334.612        1566.845          42.000  
R24  21529458.853   115127605.809          18.267          47.000    21529454.503    89543704.142          14.191          44.000  
R22  22414201.325   119648363.701       -4734.730          46.000    22414202.222    93059709.001       -3682.941          37.000  
R11  20509713.460   109597733.623        3280.596          49.000    20509710.051    85242695.889        2551.607          47.000  
R07  20427282.944   109348839.092       -2097.731          51.000    20427276.726    85049154.302       -1631.426          43.000  
E25  24789513.101   130269795.367         472.658          43.000    24789517.380    99817142.218         361.990          47.000  
G06  20094997.269   105599903.063       -1901.729          49.000    20094996.346    82285862.062       -1481.968          45.000  
S31  37516666.982   197151440.650        -743.932          45.000  
S33  38504958.596   202344856.979        -743.165          40.000  
E05  24637077.837   129468704.372       -2435.816          42.000    24637082.343    99203305.984       -1866.445          45.000  
E02  25422859.579   133598062.534        1876.371          42.000    25422864.717   102367372.955        1437.764          46.000  
R09  20618229.070   110100169.338       -3387.079          48.000    20618226.111    85633437.543       -2634.274          49.000  
R10  18912804.440   100815895.890         -76.402          47.000                                                                  
R08  19296965.228   103334386.447         -85.963          50.000    19296958.081    80371486.679         -66.741          46.000  
R01  22066237.174   117956681.107        1614.518          44.000    22066236.897    91744200.106        1255.929          41.000  
R23  20592972.884   110158456.420       -3370.005          48.000                                                                  
G07  18716901.470    98357947.749         278.285          47.000    18716895.983    76642483.047         216.807          45.000  
E34  25749751.742   135315836.400       -3836.429          38.000    25749759.344   103683557.534       -2939.702          44.000  
E18  26592101.563   139742302.212         847.944          38.000    26592109.981   107075211.409         649.751          42.000  
E13  24452580.236   128499115.606         268.127          44.000    24452583.191    98460386.967         205.451          47.000  
E15  23250504.483   122182221.615       -2442.200          48.000    23250504.767    93620139.727       -1871.351          50.000  
G16  23749322.649   124803536.006       -1362.466          41.000                                                                  
G20  23119429.179   121493372.475        2598.331          42.000                                                                  
E07  27582996.015   144949619.432         924.787          36.000    27583003.805   111065290.321         708.878          39.000  
G11  21705217.616   114061652.339         659.482          45.000    21705213.522    88879266.249         513.967          42.000  
G14  24354928.845   127986024.4871       2302.911          32.000    24354935.172    99729360.3721       1795.021          30.000  
G03  21942666.484   115309485.123       -3428.879          46.000    21942666.257    89851499.767       -2672.039          41.000  
G04  21754124.494   114318701.769       -2862.214          46.000    21754121.721    89079425.789       -2230.776          41.000  
> 2024 06 08 12 56 30.4960000  0 31                     
E08  23734661.717   124726496.398          95.844          45.000    23734661.715    95569638.660          73.327          49.000  
G09  19867497.139   104404450.555       -1434.015          47.000    19867495.291    81354115.417       -1117.354          46.000  
E03  23020326.098   120972648.503       -1453.304          46.000    23020328.241    92693364.754       -1113.573          51.000  
G30  20574104.907   108117625.837        1998.164          48.000    20574102.815    84247477.695        1557.155          43.000  
R24  21529421.509   115127417.038          -5.764          46.000    21529421.336    89543557.279          -4.525          46.000  
R22  22440802.680   119790360.291       -4731.737          45.000    22440803.156    93170150.328       -3680.101          36.000  
R11  20491321.512   109499457.027        3271.090          49.000    20491319.035    85166258.653        2544.225          47.000  
R07  20439052.590   109411843.053       -2102.692          51.000    20439046.170    85098157.362       -1635.327          42.000  
E25  24786847.172   130255783.271         461.605          43.000    24786850.825    99806405.782         353.719          48.000  
G06  20105907.162   105657237.203       -1920.652          48.000    20105906.552    82330537.978       -1496.755          45.000  
S31  37520914.113   197173760.523        -744.059          45.000  
S33  38509202.131   202367157.012        -743.370          40.000  
E05  24650980.141   129541761.618       -2434.742          42.000    24650984.973    99259284.843       -1865.635          45.000  
E02  25412149.535   133541781.517        1875.521          43.000    25412154.392   102324248.638        1437.242          46.000  
R09  20637314.167   110202084.783       -3407.378          49.000    20637312.369    85712705.090       -2650.178          49.000  
R10  18913309.545   100818588.578        -103.034          46.000                                                                  
R08  19297459.072   103337022.007         -89.857          52.000    19297451.500    80373536.588         -69.885          48.000  
R01  22057169.598   117908206.459        1617.000          45.000    22057169.550    91706497.646        1257.784          40.000  
R23  20611919.062   110259800.863       -3386.294          48.000                                                                  
G07  18715371.322    98349905.649         257.922          47.000    18715364.857    76636216.516         200.956          44.000  
E34  25771656.960   135430945.209       -3837.295          38.000    25771663.668   103771757.478       -2940.278          44.000  
E18  26587232.493   139716714.637         857.593          38.000    26587241.206   107055605.227         657.010          43.000  
E13  24451089.166   128491278.429         254.271          44.000    24451091.872    98454381.805         194.922          47.000  
E15  23264479.797   122255665.094       -2454.153          47.000    23264480.904    93676414.529       -1880.434          50.000  
G16  23757142.447   124844630.001       -1377.381          41.000                                                                  
G20  23104601.010   121415447.618        2596.509          42.000                                                                  
E07  27577719.888   144921891.371         923.196          35.000    27577728.189   111044043.756         707.516          38.000  
G11  21701504.299   114042133.835         641.660          45.000    21701500.133    88864057.007         499.960          43.000  
G14  24341757.321   127916799.157        2311.294          37.000    24341763.469    99675418.189        1801.173          37.000  
G03  21962268.263   115412492.801       -3438.343          45.000    21962268.765    89931765.299       -2679.404          42.000  
G04  21770466.277   114404577.706       -2862.831          45.000    21770464.453    89146342.003       -2230.558          41.000  
> 2024 06 08 12 57 00.4960000  0 31                     
E08  23734122.846   124723667.341          92.788          45.000    23734122.966    95567470.933          70.985          48.000  
G09  19875698.055   104447543.792       -1439.001          48.000    19875696.235    81387694.534       -1121.360          47.000  
E03  23028629.161   121016277.383       -1455.324          46.000    23028630.436    92726794.643       -1115.161          50.000  
G30  20562736.739   108057886.710        1984.449          48.000    20562734.707    84200927.762        1546.494          42.000  
R24  21529524.058   115127966.259         -30.856          44.000    21529523.139    89543984.468         -24.128          44.000  
R22  22467390.847   119932288.084       -4729.941          43.000    22467393.237    93280538.132       -3678.871          39.000  
R11  20472987.130   109401483.391        3260.462          48.000    20472985.126    85090057.014        2535.905          48.000  
R07  20450852.841   109475010.506       -2108.640          51.000    20450846.963    85147287.604       -1640.043          43.000  
E25  24784245.806   130242114.703         449.642          43.000    24784249.839    99795932.575         344.406          48.000  
G06  20116928.101   105715152.849       -1940.513          48.000    20116927.498    82375666.997       -1512.130          45.000  
S31  37525164.976   197196097.214        -745.057          45.000  
S33  38513448.751   202389473.419        -744.537          40.000  
E05  24664878.792   129614800.042       -2434.697          42.000    24664883.739    99315249.242       -1865.344          45.000  
E02  25401446.589   133485539.617        1873.817          43.000    25401451.770   102281154.309        1435.614          46.000  
R09  20656516.114   110304624.351       -3428.619          48.000    20656514.621    85792458.049       -2666.710          49.000  
R10  18913966.008   100822089.427        -130.495          45.000                                                                  
R08  19297976.341   103339789.112         -94.702          52.000    19297968.894    80375688.771         -73.706          49.000  
R01  22048090.578   117859677.326        1618.251          44.000    22048090.817    91668752.827        1258.582          39.000  
R23  20630958.578   110361649.719       -3403.576          47.000                                                                  
G07  18713959.017    98342485.255         236.637          47.000    18713952.564    76630434.475         184.365          44.000  
E34  25793569.083   135546090.128       -3838.997          38.000    25793575.168   103859985.069       -2941.408          43.000  
E18  26582311.341   139690853.619         866.273          38.000    26582319.936   107035789.495         663.545          42.000  
E13  24449679.807   128483871.482         239.346          44.000    24449682.423    98448706.319         183.428          47.000  
E15  23278524.683   122329478.508       -2466.917          46.000    23278527.578    93732972.785       -1890.250          50.000  
G16  23765050.033   124886185.072       -1393.199          40.000                                                                  
G20  23089783.423   121337582.148        2594.066          42.000                                                                  
E07  27572453.773   144894218.836         921.287          34.000    27572462.670   111022839.785         705.610          39.000  
G11  21697894.895   114023164.598         622.839          45.000    21697890.648    88849275.781         485.182          43.000  
G14  24328544.020   127847356.902        2318.090          38.000    24328549.413    99621307.010        1806.584          36.000  
G03  21981927.005   115515799.872       -3448.794          44.000    21981927.857    90012264.070       -2687.396          42.000  
G04  21786814.389   114490488.180       -2864.545          45.000    21786812.653    89213285.147       -2232.111          41.000  
> 2024 06 08 12 57 30.4960000  0 31                     
E08  23733603.286   124720938.295          89.225          45.000    23733603.332    95565379.849          68.246          48.000  
G09  19883929.068   104490795.761       -1444.514          49.000    19883926.894    81421397.317       -1125.522          47.000  
E03  23036944.772   121059975.944       -1457.767          47.000    23036945.783    92760277.921       -1117.083          50.000  
G30  20551447.771   107998564.848        1970.154          48.000    20551445.995    84154702.948        1535.153          42.000  
R24  21529770.026   115129276.370         -56.307          46.000    21529766.271    89545003.393         -43.763          44.000  
R22  22493968.433   120074164.996       -4728.369          43.000    22493972.713    93390886.271       -3677.863          42.000  
R11  20454713.895   109303839.197        3249.182          48.000    20454711.758    85014111.630        2527.132          48.000  
R07  20462687.982   109538365.062       -2115.130          50.000    20462683.317    85196563.333       -1645.164          44.000  
E25  24781714.449   130228812.744         437.236          43.000    24781718.422    99785740.271         334.928          48.000  
G06  20128063.353   105773669.733       -1960.933          47.000    20128062.256    82421264.518       -1527.764          44.000  
S31  37529423.022   197218474.219        -746.683          45.000  
S33  38517702.787   202411829.452        -746.148          40.000  
E05  24678778.823   129687841.508       -2435.062          43.000    24678783.187    99371216.024       -1865.925          45.000  
E02  25390756.213   133429360.468        1871.565          43.000    25390761.025   102238108.030        1433.932          46.000  
R09  20675838.788   110407806.329       -3450.215          48.000    20675837.060    85872710.658       -2683.452          49.000  
R10  18914777.726   100826422.005        -158.598          45.000                                                                  
R08  19298521.220   103342711.019        -100.154          49.000    19298514.562    80377961.332         -77.838          49.000  
R01  22039005.823   117811115.854        1618.798          44.000    22039005.315    91630982.858        1259.077          39.000  
R23  20650095.095   110464020.604       -3421.211          46.000                                                                  
G07  18712668.696    98335708.667         215.057          46.000    18712663.178    76625154.084         167.557          45.000  
E34  25815490.808   135661290.779       -3841.076          37.000    25815497.384   103948255.367       -2943.151          43.000  
E18  26577342.612   139664740.374         874.456          38.000    26577350.285   107015780.497         670.121          41.000  
E13  24448355.660   128476917.165         224.060          43.000    24448359.196    98443377.665         171.727          47.000  
E15  23292643.351   122403681.907       -2480.046          45.000    23292648.314    93789829.856       -1900.265          51.000  
G16  23773049.875   124928222.842       -1409.504          40.000                                                                  
G20  23074981.599   121259799.553        2591.023          42.000                                                                  
E07  27567202.679   144866622.981         918.770          36.000    27567211.485   111001694.509         703.721          39.000  
G11  21694393.224   114004767.367         603.559          44.000    21694390.147    88834940.286         470.001          43.000  
G14  24315293.496   127777721.295        2324.304          37.000    24315299.267    99567045.264        1811.040          37.000  
G03  22001646.799   115619427.048       -3459.641          43.000    22001647.570    90093012.302       -2696.223          42.000  
G04  21803173.341   114576454.612       -2866.573          45.000    21803171.854    89280271.895       -2233.710          42.000  
> 2024 06 08 12 58 00.4960000  0 31                     
E08  23733105.774   124718326.701          85.282          45.000    23733106.323    95563378.761          65.231          48.000  
G09  19892193.262   104534224.060       -1450.563          49.000    19892190.617    81455237.500       -1130.263          46.000  
E03  23045277.061   121103761.975       -1460.941          47.000    23045278.042    92793828.230       -1119.573          50.000  
G30  20540241.748   107939679.913        1955.501          48.000    20540240.534    84108818.581        1523.650          42.000  
R24  21530161.120   115131365.701         -82.643          48.000    21530157.408    89546628.367         -64.318          45.000  
R22  22520539.984   120216005.430       -4727.130          45.000    22520544.774    93501206.125       -3676.764          43.000  
R11  20436507.226   109206547.044        3237.188          49.000    20436504.227    84938440.039        2517.915          47.000  
R07  20474562.093   109601926.263       -2122.176          50.000    20474557.090    85245999.776       -1650.629          45.000  
E25  24779256.803   130215896.871         423.916          44.000    24779260.363    99775843.790         324.937          48.000  
G06  20139315.666   105832803.998       -1981.400          47.000    20139315.224    82467343.135       -1543.926          45.000  
S31  37533691.939   197240907.687        -748.823          46.000  
S33  38521968.156   202434242.938        -748.056          40.000  
E05  24692681.566   129760904.263       -2435.698          43.000    24692686.416    99427199.131       -1866.447          45.000  
E02  25380080.618   133373264.091        1868.385          43.000    25380086.297   102195125.144        1431.782          46.000  
R09  20695284.697   110511645.639       -3472.269          48.000    20695282.722    85953474.534       -2700.694          47.000  
R10  18915750.367   100831604.875        -186.922          45.000                                                                  
R08  19299098.031   103345807.008        -106.140          48.000    19299092.026    80380369.280         -82.588          48.000  
R01  22029918.591   117762540.144        1619.279          45.000    22029918.362    91593201.810        1259.416          40.000  
R23  20669332.203   110566927.306       -3438.984          46.000                                                                  
G07  18711504.714    98329593.959         192.779          46.000    18711500.257    76620389.414         150.325          46.000  
E34  25837426.344   135776563.229       -3843.642          38.000    25837433.182   104036580.664       -2945.003          43.000  
E18  26572328.377   139638392.542         882.142          38.000    26572337.250   106995591.793         675.836          41.000  
E13  24447121.232   128470434.232         208.326          42.000    24447125.634    98438410.219         159.483          47.000  
E15  23306841.713   122478291.774       -2493.775          44.000    23306846.344    93846998.363       -1910.834          51.000  
G16  23781144.748   124970760.926       -1426.053          41.000                                                                  
G20  23060199.986   121182120.099        2587.300          42.000                                                                  
E07  27561970.049   144839121.354         915.044          36.000    27561978.660   110980621.457         701.359          40.000  
G11  21691004.148   113986961.354         583.787          44.000    21691001.638    88821065.449         455.028          43.000  
G14  24302008.868   127707912.308        2329.632          37.000    24302015.760    99512648.327        1815.571          36.000  
G03  22021430.436   115723391.375       -3470.795          42.000    22021431.616    90174023.207       -2704.666          42.000  
G04  21819546.266   114662494.896       -2869.238          45.000    21819544.898    89347316.178       -2235.836          43.000  
> 2024 06 08 12 58 30.4960000  0 31                     
E08  23732634.061   124715847.113          80.060          45.000    23732634.602    95561478.815          61.418          48.000  
G09  19900493.343   104577843.511       -1457.357          48.000    19900490.418    81489226.660       -1135.645          45.000  
E03  23053628.369   121147650.303       -1465.026          47.000    23053629.946    92827456.920       -1122.473          50.000  
G30  20529122.659   107881248.679        1939.893          48.000    20529121.901    84063287.723        1511.499          43.000  
R24  21530700.192   115134249.566        -109.764          48.000    21530699.401    89548871.348         -85.215          47.000  
R22  22547106.829   120357820.816       -4726.947          44.000    22547112.341    93611506.431       -3676.551          43.000  
R11  20418369.223   109109627.035        3224.326          49.000    20418367.102    84863057.881        2507.545          47.000  
R07  20486477.071   109665710.047       -2130.159          50.000    20486472.788    85295609.323       -1656.710          46.000  
E25  24776875.386   130203383.624         410.067          44.000    24776879.109    99766255.844         314.233          47.000  
G06  20150688.924   105892568.857       -2002.887          47.000    20150689.038    82513913.105       -1560.643          45.000  
S31  37537974.625   197263413.397        -751.678          46.000  
S33  38526247.014   202456729.027        -751.137          40.000  
E05  24706592.767   129834003.578       -2437.476          43.000    24706597.014    99483210.246       -1867.658          45.000  
E02  25369424.511   133317267.599        1864.692          43.000    25369430.542   102152218.820        1428.761          46.000  
R09  20714855.896   110616153.994       -3494.936          47.000    20714853.684    86034758.780       -2718.357          47.000  
R10  18916885.532   100837655.070        -216.408          45.000                                                                  
R08  19299711.997   103349093.551        -112.902          49.000    19299705.541    80382925.442         -87.786          47.000  
R01  22020832.395   117713965.799        1618.991          45.000    22020832.064    91555421.825        1258.956          41.000  
R23  20688670.996   110670380.854       -3457.790          46.000                                                                  
G07  18710470.675    98324156.694         169.619          46.000    18710466.138    76616152.605         132.350          46.000  
E34  25859378.524   135891920.640       -3847.049          37.000    25859385.327   104124971.051       -2947.514          43.000  
E18  26567272.606   139611824.817         888.933          36.000    26567281.913   106975234.546         681.348          42.000  
E13  24445980.286   128464438.614         191.337          42.000    24445984.722    98433816.140         146.665          47.000  
E15  23321121.047   122553321.596       -2508.305          46.000    23321124.368    93904488.663       -1921.845          51.000  
G16  23789338.141   125013814.511       -1444.092          41.000                                                                  
G20  23045440.652   121104561.149        2582.947          42.000                                                                  
E07  27556756.867   144811728.504         911.001          36.000    27556766.720   110959631.832         698.161          40.000  
G11  21687731.011   113969762.777         563.047          44.000    21687728.595    88807663.939         438.660          43.000  
G14  24288695.526   127637946.925        2334.909          38.000    24288701.451    99458129.557        1819.380          36.000  
G03  22041281.308   115827707.011       -3483.500          43.000    22041282.707    90255307.865       -2714.339          42.000  
G04  21835936.515   114748623.911       -2872.623          46.000    21835934.906    89414429.627       -2238.504          43.000  
> 2024 06 08 12 59 00.4960000  0 31                     
E08  23732191.320   124713515.002          75.138          46.000    23732191.048    95559691.875          57.538          48.000  
G09  19908833.127   104621669.827       -1464.571          48.000    19908830.101    81523377.006       -1141.344          45.000  
E03  23062002.327   121191656.680       -1468.970          47.000    23062004.399    92861176.070       -1125.710          50.000  
G30  20518093.156   107823288.844        1923.972          48.000    20518093.066    84018124.207        1499.175          44.000  
R24  21531392.438   115137944.684        -136.970          48.000    21531390.886    89551745.301        -106.479          47.000  
R22  22573671.475   120499623.602       -4726.831          44.000    22573676.923    93721796.982       -3676.703          42.000  
R11  20400305.615   109013099.355        3210.756          49.000    20400303.319    84787980.845        2497.149          47.000  
R07  20498436.855   109729733.557       -2138.432          49.000    20498433.195    85345405.328       -1663.193          46.000  
E25  24774574.239   130191290.474         395.906          45.000    24774577.395    99756989.787         303.211          47.000  
G06  20162184.686   105952978.486       -2024.720          48.000    20162184.699    82560985.479       -1577.678          45.000  
S31  37542274.072   197286007.843        -754.736          46.000  
S33  38530542.931   202479303.751        -754.314          40.000  
E05  24720512.830   129907155.694       -2439.424          42.000    24720517.677    99539261.815       -1869.300          45.000  
E02  25358791.687   133261389.127        1860.537          43.000    25358796.911   102109402.905        1425.715          46.000  
R09  20734554.791   110721344.774       -3517.900          47.000    20734552.647    86116573.814       -2736.208          47.000  
R10  18918186.325   100844589.421        -246.041          45.000                                                                  
R08  19300365.578   103352587.733        -120.074          51.000    19300356.724    80385643.179         -93.403          45.000  
R01  22011749.507   117665408.754        1618.148          45.000    22011747.849    91517655.226        1258.820          39.000  
R23  20708115.419   110774393.444       -3476.536          46.000                                                                  
G07  18709568.439    98319413.275         146.416          47.000    18709563.559    76612456.449         114.062          46.000  
E34  25881349.814   136007377.109       -3850.356          38.000    25881356.546   104213437.345       -2950.184          43.000  
E18  26562177.829   139585052.860         895.788          37.000    26562187.593   106954720.832         686.305          42.000  
E13  24444935.584   128458947.087         174.384          42.000    24444939.664    98429608.320         133.718          48.000  
E15  23335483.545   122628785.839       -2522.845          48.000    23335484.497    93962311.865       -1933.125          51.000  
G16  23797631.574   125057399.831       -1462.784          41.000                                                                  
G20  23030707.638   121027140.484        2578.042          41.000                                                                  
E07  27551566.936   144784460.004         906.365          34.000    27551577.375   110938737.484         694.874          40.000  
G11  21684576.982   113953188.870         541.878          44.000    21684574.558    88794749.184         422.242          43.000  
G14  24275355.420   127567843.199        2338.887          37.000    24275361.277    99403503.004        1822.498          36.000  
G03  22061201.738   115932388.946       -3495.612          45.000    22061203.086    90336877.961       -2723.916          42.000  
G04  21852345.911   114834857.543       -2876.246          45.000    21852344.733    89481624.600       -2241.366          43.000  
> 2024 06 08 12 59 30.4960000  0 31                     
E08  23731778.905   124711345.785          69.631          47.000    23731778.340    95558029.760          53.327          48.000  
G09  19917215.686   104665718.553       -1471.976          49.000    19917212.473    81557700.658       -1146.923          45.000  
E03  23070401.605   121235796.837       -1473.518          46.000    23070404.080    92894997.694       -1129.111          51.000  
G30  20507157.228   107765818.005        1907.451          48.000    20507157.196    83973341.728        1486.219          44.000  
R24  21532238.115   115142467.574        -164.548          46.000    21532236.139    89555263.019        -128.012          46.000  
R22  22600235.713   120641426.236       -4726.904          42.000    22600241.031    93832087.407       -3676.508          39.000  
R11  20382318.971   108916985.077        3196.746          48.000    20382316.934    84713225.372        2486.400          47.000  
R07  20510444.688   109794014.321       -2146.905          48.000    20510441.388    85395401.429       -1669.775          46.000  
E25  24772356.161   130179634.798         381.264          44.000    24772359.046    99748058.886         292.101          47.000  
G06  20173806.001   106014046.915       -2046.615          48.000    20173805.275    82608571.213       -1594.702          44.000  
S31  37546593.774   197308706.536        -758.360          45.000  
S33  38534858.507   202501982.365        -757.754          40.000  
E05  24734445.666   129980376.870       -2441.842          41.000    24734451.486    99595366.260       -1871.114          45.000  
E02  25348183.907   133205646.668        1855.855          43.000    25348189.184   102066691.227        1421.940          45.000  
R09  20754383.692   110827230.538       -3541.045          47.000    20754381.622    86198929.421       -2754.213          46.000  
R10  18919656.310   100852425.322        -276.353          45.000                                                                  
R08  19301060.202   103356306.985        -127.728          51.000    19301051.863    80388535.971         -99.285          46.000  
R01  22002671.161   117616885.718        1616.739          44.000    22002669.302    91479915.150        1257.637          38.000  
R23  20727666.716   110878976.385       -3495.570          46.000                                                                  
G07  18708800.470    98315379.852         122.581          47.000    18708795.962    76609313.538          95.421          46.000  
E34  25903342.851   136122946.705       -3854.226          39.000    25903348.813   104301990.303       -2953.260          43.000  
E18  26557046.743   139558092.240         902.190          35.000    26557057.458   106934062.573         691.167          42.000  
E13  24443990.365   128453976.375         157.079          43.000    24443993.812    98425799.588         120.253          48.000  
E15  23349929.555   122704698.917       -2537.939          48.000    23349929.842    94020478.986       -1944.628          50.000  
G16  23806029.562   125101532.639       -1480.734          41.000                                                                  
G20  23016004.423   120949875.916        2572.952          41.000                                                                  
E07  27546405.753   144757331.359         901.975          35.000    27546414.982   110917950.365         691.189          40.000  
G11  21681545.212   113937256.715         520.321          44.000    21681543.155    88782334.485         405.390          43.000  
G14  24261992.496   127497618.945        2342.830          38.000    24261997.819    99348782.522        1825.761          37.000  
G03  22081195.152   116037452.339       -3508.533          46.000    22081196.117    90418745.297       -2734.006          41.000  
G04  21868778.446   114921211.609       -2880.595          45.000    21868777.663    89548913.384       -2244.507          43.000  
