     3.00           OBSERVATION DATA    M: Mixed            RINEX VERSION / TYPE
CONVBIN demo5 b34j                      20240609 013619 UTC PGM / RUN BY / DATE 
log: SAUC00CHL_R_20241600830_15M_30S_MO.ubx                 COMMENT             
format: u-blox UBX                                          COMMENT             
format: u-blox UBX                                          COMMENT             
log: SAUC00CHL_R_20241600830_15M_30S_MO.ubx                 COMMENT             
SAUC00CHL                                                   MARKER NAME         
                                                            MARKER NUMBER       
GEODETIC                                                    MARKER TYPE         
El Sauce            Obstech                                 OBSERVER / AGENCY   
UNKNOWN             UBLOX-ZED-F9P                           REC # / TYPE / VERS 
UNKNWOWN            TWIVSP6037L                             ANT # / TYPE        
  1813185.0000 -5195981.0000 -3216438.0000                  APPROX POSITION XYZ 
        0.0000        0.0000        0.0000                  ANTENNA: DELTA H/E/N
G    8 C1C L1C D1C S1C C2X L2X D2X S2X                      SYS / # / OBS TYPES 
R    8 C1C L1C D1C S1C C2C L2C D2C S2C                      SYS / # / OBS TYPES 
E    8 C1X L1X D1X S1X C7X L7X D7X S7X                      SYS / # / OBS TYPES 
S    4 C1C L1C D1C S1C                                      SYS / # / OBS TYPES 
  2024    06    08    08    30   00.4880000     GPS         TIME OF FIRST OBS   
  2024    06    08    08    44   30.4890000     GPS         TIME OF LAST OBS    
                                                            END OF HEADER       
> 2024 06 08 08 30 00.4880000  0 30                     
G09  21824856.986   114690435.3431       2822.969          35.000    21824855.687    89369163.9001       2200.141          37.000  
E03  22581932.374   118668878.5161       1890.331          43.000    22581932.775    90928141.6181       1448.390          49.000  
G32  21276898.399   111810918.8281      -4405.911          40.000    21276894.081    87125476.6031      -3433.312          36.000  
E06  20939529.498   110038063.7191      -2558.520          46.000                                                                  
R20  16457410.221    88005163.4281      -2595.151          42.000    16457406.423    68448527.6691      -2018.184          42.000  
R22  20276173.225   108235583.1621       3252.271          44.000    20276168.290    84183133.2581       2529.572          42.000  
R06  16007754.113    85420424.0931       -870.455          39.000                                                                  
R07  18364821.357    98308353.0631       2147.429          45.000    18364813.821    76462117.5931       1670.339          45.000  
E30  25185510.360   132350734.5611      -2576.366          36.000    25185514.586   101411592.3041      -1973.910          44.000  
E02  25226006.473   132563535.9871      -2676.876          33.000    25226006.873   101574643.9901      -2051.091          36.000  
S31  35186048.329   184904004.1281       -790.165          46.000  
S33  36176721.713   190110009.8331       -788.882          40.000  
E05  18409444.821    96742349.6471       -125.090          46.000    18409444.663    74127288.6801        -95.897          50.000  
E36  20521677.624   107842387.2561      -1358.341          45.000    20521678.260    82632545.9251      -1040.839          49.000  
R05  18426920.907    98502535.4001      -4383.785          49.000    18426915.355    76613086.7111      -3409.655          47.000  
R21  16390891.619    87711006.2841       1481.523          51.000    16390884.977    68219611.3491       1152.326          48.000  
G27  21371346.789   112307277.7791      -4574.564          38.000    21371345.592    87512060.5171      -3564.615          37.000  
E34  20781241.490   109206239.0751        769.636          46.000    20781241.331    83677529.7161        589.739          49.000  
E18  24075877.444   126519610.5411      -1588.516          44.000    24075876.071    96943579.6001      -1217.255          47.000  
G28  20173629.371   106013166.4321       -471.777          44.000    20173622.756    82607628.8261       -367.462          40.000  
E15  24681035.242   129699739.1071       1597.067          40.000    24681035.567    99380321.5271       1223.559          43.000  
E09  21763542.194   114368292.7081      -2772.338          46.000    21763540.554    87632899.4561      -2124.329          48.000  
G21  16156464.911    84902948.4491       -934.315          45.000                                                                  
G17  19822246.131   104166601.0341       1991.862          44.000    19822238.634    81168762.5501       1552.185          40.000  
G02  16567129.986    87060946.7041        -94.681          46.000                                                                  
G08  18896232.086    99300400.8181      -4135.307          45.000    18896229.346    77376912.1701      -3222.348          43.000  
G31  20132361.069   105796304.6861        886.853          44.000    20132354.309    82438656.6031        691.357          39.000  
E11  23085193.615   121313714.0071      -2831.004          38.000    23085191.258    92954778.1291      -2168.957          41.000  
G03  17977579.828    94472902.5481         45.969          47.000    17977577.455    73615310.2121         35.967          45.000  
G04  18436445.635    96884221.7821       2250.376          46.000    18436440.838    75494208.5331       1753.632          45.000  
> 2024 06 08 08 30 30.4880000  0 30                     
G09  21808731.686   114605697.534        2826.301          36.000    21808730.549    89303134.652        2201.326          35.000  
E03  22571144.163   118612189.787        1888.875          42.000    22571145.152    90884704.837        1447.417          48.000  
G32  21302045.859   111943070.847       -4404.593          33.000    21302041.823    87228452.271       -3431.778          30.000  
E06  20954149.699   110114893.653       -2563.584          46.000                                                                  
R20  16472013.915    88083254.323       -2611.353          42.000    16472010.022    68509265.021       -2031.072          42.000  
R22  20257879.933   108137925.873        3258.063          45.000    20257873.133    84107177.606        2534.021          42.000  
R06  16012684.862    85446740.858        -883.979          38.000                                                                  
R07  18352811.279    98244064.569        2138.335          45.000    18352804.568    76412115.454        1663.137          45.000  
E30  25200213.185   132427994.505       -2574.791          37.000    25200216.388   101470791.489       -1972.910          43.000  
E02  25241254.324   132643667.599       -2664.984          27.000    25241255.342   101636043.489       -2042.415          32.000  
S31  35190545.100   184927634.481        -785.511          46.000  
S33  36181212.296   190133607.688        -784.519          40.000  
E05  18410182.050    96746224.165        -133.109          46.000    18410181.490    74130257.468        -102.094          49.000  
E36  20529441.316   107883184.965       -1361.773          45.000    20529441.734    82663806.506       -1043.344          49.000  
R05  18451518.165    98634022.821       -4382.077          49.000    18451512.690    76715354.699       -3408.357          47.000  
R21  16382620.150    87666740.119        1469.392          52.000    16382612.917    68185182.127        1142.842          48.000  
G27  21397444.005   112444418.944       -4568.491          37.000    21397442.784    87618923.752       -3559.734          37.000  
E34  20776844.329   109183133.650         770.719          46.000    20776844.464    83659825.569         590.622          49.000  
E18  24084932.893   126567197.714       -1583.882          43.000    24084931.521    96980042.489       -1213.735          47.000  
G28  20176354.718   106027489.107        -483.142          44.000    20176347.877    82618789.348        -376.843          40.000  
E15  24671896.733   129651716.180        1604.732          40.000    24671896.728    99343524.782        1229.463          42.000  
E09  21779378.441   114451514.557       -2775.795          46.000    21779377.083    87696666.842       -2126.901          48.000  
G21  16161837.369    84931180.194        -947.919          45.000                                                                  
G17  19810901.747   104106983.996        1982.457          44.000    19810894.478    81122307.729        1544.485          41.000  
G02  16567700.987    87063948.557        -105.576          45.000                                                                  
G08  18919846.722    99424497.496       -4137.808          44.000    18919844.104    77473610.864       -3224.138          43.000  
G31  20127310.989   105769762.992         882.416          46.000    20127303.135    82417974.788         687.653          39.000  
E11  23101356.187   121398649.111       -2831.546          38.000    23101353.785    93019858.304       -2169.885          40.000  
G03  17977317.890    94471526.030          45.667          46.000    17977314.833    73614237.627          35.448          45.000  
G04  18423617.794    96816807.919        2243.716          47.000    18423612.595    75441678.289        1748.580          45.000  
> 2024 06 08 08 31 00.4880000  0 30                     
G09  21792590.487   114520871.710        2828.664          37.000    21792588.096    89237036.702        2204.193          36.000  
E03  22560361.643   118555528.373        1888.440          42.000    22560362.618    90841288.999        1446.805          48.000  
G32  21327182.574   112075100.3193      -4402.026          23.000    21327180.219                       -3430.651          25.000  
E06  20968795.950   110191860.473       -2567.912          46.000                                                                  
R20  16486706.203    88161824.390       -2627.102          41.000    16486702.796    68570375.053       -2043.539          42.000  
R22  20239551.275   108040086.878        3264.166          45.000    20239544.795    84031080.605        2539.008          41.000  
R06  16017692.384    85473462.009        -896.977          38.000                                                                  
R07  18340849.891    98180036.423        2129.860          46.000    18340844.508    76362315.869        1656.510          46.000  
E30  25214901.887   132505193.480       -2572.337          36.000    25214906.315   101529943.972       -1971.199          42.000  
S31  35195012.813   184951114.164        -780.322          46.000  
S33  36185673.738   190157053.901        -778.998          41.000  
E05  18410963.364    96750330.780        -141.039          46.000    18410962.981    74133404.084        -107.982          49.000  
E36  20537221.629   107924070.157       -1364.462          45.000    20537221.951    82695134.118       -1045.423          49.000  
R05  18476103.694    98765445.878       -4379.703          49.000    18476097.957    76817572.609       -3406.415          47.000  
R21  16374414.108    87622826.518        1457.813          52.000    16374406.685    68151027.096        1133.916          48.000  
G27  21423501.714   112581349.886       -4560.853          37.000    21423499.820    87725623.226       -3553.994          36.000  
E34  20772438.874   109159983.800         772.361          46.000    20772439.150    83642087.392         591.727          49.000  
E18  24093959.958   126614636.571       -1578.942          42.000    24093959.063    97016391.729       -1209.946          47.000  
G28  20179143.963   106042148.494        -494.403          44.000    20179137.963    82630212.250        -385.181          41.000  
E15  24662711.490   129603454.290        1612.370          39.000    24662712.593    99306544.937        1235.592          42.000  
E09  21795232.855   114534829.666       -2778.800          46.000    21795231.522    87760505.688       -2129.181          48.000  
G21  16167287.091    84959815.326        -961.235          46.000                                                                  
G17  19799608.879   104047641.152        1973.284          43.000    19799602.700    81076066.548        1537.879          42.000  
G02  16568332.961    87067265.548        -115.881          46.000                                                                  
G08  18943472.834    99548654.633       -4139.708          44.000    18943470.410    77570356.689       -3225.631          43.000  
G31  20122284.274   105743342.670         878.491          47.000    20122275.644    82397387.556         684.296          39.000  
E11  23117521.926   121483597.841       -2832.141          38.000    23117518.491    93084948.890       -2170.115          40.000  
G03  17977056.125    94470151.472          45.707          46.000    17977051.999    73613166.566          35.576          44.000  
G04  18410824.707    96749580.650        2237.793          47.000    18410820.142    75389293.468        1743.585          45.000  
E02                                                                  25256437.792   101697176.914       -2033.338          27.000  
> 2024 06 08 08 31 30.4880000  0 30                     
G09  21776433.136   114435962.525        2831.719          38.000    21776430.436    89170873.833        2206.458          37.000  
E03  22549584.234   118498898.424        1886.892          41.000    22549586.053    90797897.268        1445.708          48.000  
E06  20983469.007   110268965.395       -2572.798          47.000                                                                  
R20  16501488.513    88240873.9921      -2643.481          41.000    16501485.289    68631859.619       -2056.077          41.000  
R22  20221188.977   107942080.8351       3269.751          45.000    20221183.885    83954846.685        2543.048          42.000  
R06  16022776.378    85500603.6251       -911.104          38.000                                                                  
R07  18328938.642    98116273.233        2120.485          47.000    18328932.975    76312722.366        1649.204          46.000  
E30  25229580.476   132582332.368       -2570.424          36.000    25229585.593   101589050.412       -1969.661          43.000  
S31  35199452.789   184974445.428        -775.645          46.000  
S33  36190107.118   190180351.882        -774.734          40.000  
E05  18411789.544    96754672.251        -149.130          46.000    18411789.013    74136730.666        -114.153          49.000  
E36  20545019.498   107965046.476       -1367.843          46.000    20545019.388    82726531.552       -1048.066          49.000  
R05  18500677.195    98896804.689       -4377.965          49.000    18500671.350    76919740.566       -3405.199          47.000  
R21  16366275.373    87579272.065        1445.385          53.000    16366267.551    68117151.427        1124.169          48.000  
G27  21449518.221   112718070.929       -4554.345          37.000    21449517.314    87832159.111       -3548.948          36.000  
E34  20768026.198   109136793.708         773.380          47.000    20768026.087    83624318.365         592.470          49.000  
E18  24102959.353   126661929.533       -1574.504          43.000    24102958.647    97052629.177       -1206.417          47.000  
G28  20181998.858   106057148.530        -506.256          44.000    20181992.283    82641900.590        -394.281          40.000  
E15  24653481.783   129554956.858        1620.362          39.000    24653483.573    99269384.612        1241.387          42.000  
E09  21811104.947   114618239.196       -2782.267          46.000    21811103.963    87824416.888       -2131.889          49.000  
G21  16172813.584    84988857.319        -975.172          46.000                                                                  
G17  19788369.448   103988578.006        1963.651          43.000    19788364.203    81030043.345        1530.199          42.000  
G02  16569026.517    87070902.545        -127.063          47.000                                                                  
G08  18967110.014    99672871.921       -4142.064          43.000    18967108.554    77667149.356       -3227.349          43.000  
G31  20117280.614   105717049.295         873.883          47.000    20117272.578    82376899.243         680.664          39.000  
E11  23133690.028   121568562.738       -2832.754          37.000    23133686.713    93150051.859       -2170.544          39.000  
G03  17976795.643    94468780.991          45.303          46.000    17976791.154    73612098.673          35.352          45.000  
G04  18398067.591    96682544.986        2230.865          46.000    18398063.509    75337057.938        1738.227          45.000  
E02                                                                  25271554.142                       -2023.726          25.000  
G32                                                                  21352305.547                       -3423.031          18.000  
> 2024 06 08 08 32 00.4880000  0 29                     
G09  21760264.573   114350988.743        2833.300          40.000    21760260.274    89104660.615        2207.657          33.000  
E03  22538818.586   118442317.952        1885.111          42.000    22538819.025    90754543.438        1444.375          48.000  
E06  20998170.593   110346223.530       -2577.944          47.000                                                                  
R20  16516364.664    88320422.530       -2659.894          41.000    16516361.169    68693730.690       -2068.792          41.000  
R22  20202796.569   107843909.721        3274.792          44.000    20202794.047    83878491.396        2546.997          42.000  
R06  16027938.359    85528150.571        -925.189          38.000                                                                  
R07  18317079.868    98052793.124        2111.035          46.000    18317073.401    76263348.969        1641.946          45.000  
E30  25244248.948   132659425.858       -2569.161          34.000    25244255.928   101648122.079       -1968.616          42.000  
S31  35203867.568   184997645.240        -771.346          46.000  
S33  36194515.384   190203518.206        -770.566          40.000  
E05  18412663.678    96759265.266        -157.488          46.000    18412662.961    74140250.002        -120.708          49.000  
E36  20552838.474   108006131.429       -1371.485          46.000    20552837.534    82758012.233       -1050.911          49.000  
R05  18525241.016    99028113.179       -4376.244          48.000    18525235.825    77021869.379       -3403.693          47.000  
R21  16358206.721    87536097.216        1432.577          52.000    16358199.443    68083570.992        1114.292          48.000  
G27  21475497.892   112854596.129       -4547.734          37.000    21475497.594    87938542.417       -3543.559          35.000  
E34  20763609.342   109113581.451         773.976          47.000    20763608.836    83606532.356         593.049          49.000  
E18  24111934.482   126709092.942       -1570.103          42.000    24111933.574    97088767.375       -1203.142          47.000  
G28  20184921.908   106072507.368        -518.018          45.000    20184915.156    82653868.543        -403.821          41.000  
E15  24644211.020   129506241.245        1627.427          38.000    24644213.361    99232057.094        1247.034          42.000  
E09  21826998.030   114701758.246       -2786.003          46.000    21826997.058    87888411.996       -2134.601          49.000  
G21  16178420.866    85018324.378        -989.571          46.000                                                                  
G17  19777186.838   103929814.292        1953.512          43.000    19777181.887    80984253.460        1522.589          41.000  
G02  16569784.082    87074877.941        -138.276          48.000                                                                  
G08  18990761.506    99797162.961       -4144.235          43.000    18990760.743    77763999.501       -3229.456          42.000  
G31  20112304.606   105690901.609         868.964          47.000    20112296.972    82356524.427         677.057          39.000  
E11  23149865.354   121653560.446       -2834.031          36.000    23149860.994    93215179.963       -2171.490          39.000  
G03  17976539.135    94467430.581          44.517          46.000    17976535.642    73611046.438          34.673          46.000  
G04  18385350.557    96615719.777        2224.026          45.000    18385346.977    75284986.398        1732.796          44.000  
E02                                                                  25286605.645                       -2025.450          19.000  
> 2024 06 08 08 32 30.4880000  0 29                     
G09  21744083.777   114265954.184        2835.441          39.000    21744077.848    89038399.956        2208.833          33.000  
E03  22528062.141   118385790.039        1883.402          43.000    22528061.986    90711229.872        1443.029          47.000  
E06  21012901.319   110423635.090       -2582.990          46.000                                                                  
R20  16531334.527    88400470.080       -2676.792          41.000    16531330.836    68755989.864       -2081.611          42.000  
R22  20184377.125   107745587.186        3279.999          44.000    20184375.181    83802018.376        2550.885          42.000  
R06  16033179.174    85556117.824        -939.243          39.000                                                                  
R07  18305275.649    97989599.332        2101.530          48.000    18305269.625    76214198.292        1634.456          47.000  
E30  25258914.151   132736473.855       -2567.482          36.000    25258917.761   101707158.887       -1967.483          43.000  
S31  35208257.727   185020715.158        -766.939          46.000  
S33  36198899.621   190226555.717        -765.673          40.000  
E05  18413586.048    96764111.550        -165.841          46.000    18413585.156    74143963.399        -127.024          49.000  
E36  20560677.107   108047327.597       -1375.108          46.000    20560676.733    82789578.129       -1053.591          49.000  
R05  18549795.100    99159369.681       -4374.332          48.000    18549790.270    77123957.752       -3402.191          47.000  
R21  16350209.569    87493307.920        1419.768          52.000    16350203.183    68050290.436        1104.341          49.000  
G27  21501440.331   112990924.793       -4540.873          37.000    21501439.859    88044772.572       -3538.356          36.000  
E34  20759188.542   109090350.192         774.528          47.000    20759188.150    83588731.780         593.564          49.000  
E18  24120884.851   126756128.239       -1565.598          42.000    24120884.185    97124807.403       -1199.647          47.000  
G28  20187913.200   106088227.992        -530.133          45.000    20187906.902    82666118.380        -413.086          41.000  
E15  24634900.753   129457309.914        1634.570          39.000    24634902.473    99194564.302        1252.539          43.000  
E09  21842912.212   114785386.923       -2789.509          46.000    21842911.268    87952491.126       -2137.426          49.000  
G21  16184109.905    85048219.539       -1003.674          46.000                                                                  
G17  19766062.202   103871354.248        1943.203          42.000    19766056.938    80938700.206        1514.383          41.000  
G02  16570606.652    87079194.961        -149.667          49.000                                                                  
G08  19014427.604    99921526.417       -4147.053          44.000    19014425.911    77860906.043       -3231.122          42.000  
G31  20107356.898   105664904.672         864.008          46.000    20107350.242    82336267.081         673.163          40.000  
E11  23166046.575   121738592.606       -2834.769          36.000    23166041.782    93280334.471       -2172.433          38.000  
G03  17976286.441    94466101.363          43.866          46.000    17976283.150    73610010.668          34.254          46.000  
G04  18372674.045    96549108.992        2216.680          44.000    18372670.597    75233081.922        1727.272          43.000  
E02                                                                  25301596.529                       -2011.844          19.000  
> 2024 06 08 08 33 00.4880000  0 29                     
G09  21727892.412   114180865.668        2837.392          40.000    21727886.933    88972097.321        2210.414          35.000  
E03  22517315.700   118329320.796        1881.575          42.000    22517316.010    90667961.265        1441.634          47.000  
E06  21027661.698   110501203.300       -2587.938          46.000                                                                  
R20  16546398.074    88481020.127       -2693.305          41.000    16546394.313    68818639.916       -2094.792          42.000  
R22  20165931.425   107647121.223        3284.631          45.000    20165928.636    83725433.781        2554.724          42.000  
R06  16038499.594    85584508.317        -953.358          38.000                                                                  
R07  18293524.414    97926698.197        2092.127          48.000    18293519.045    76165275.245        1627.092          46.000  
E30  25273567.335   132813479.243       -2566.354          36.000    25273571.108   101766162.999       -1966.039          43.000  
S31  35212623.886   185043660.094        -762.577          46.000  
S33  36203259.427   190249467.172        -761.629          40.000  
E05  18414557.287    96769215.936        -174.430          46.000    18414556.460    74147874.575        -133.696          49.000  
E36  20568538.707   108088640.639       -1378.929          46.000    20568538.482    82821233.573       -1056.578          49.000  
R05  18574340.268    99290576.630       -4372.599          49.000    18574335.226    77226007.605       -3400.952          47.000  
R21  16342287.499    87450912.654        1406.671          52.000    16342280.665    68017316.349        1094.029          49.000  
G27  21527344.952   113127059.292       -4534.402          36.000    21527345.395    88150851.435       -3533.585          36.000  
E34  20754765.293   109067106.141         775.111          47.000    20754764.906    83570921.415         593.913          49.000  
E18  24129811.905   126803039.921       -1561.390          42.000    24129811.322    97160752.706       -1196.393          47.000  
G28  20190974.583   106104316.413        -542.395          45.000    20190968.170    82678654.820        -422.449          41.000  
E15  24625550.372   129408168.314        1641.850          40.000    24625551.354    99156910.422        1257.952          44.000  
E09  21858847.565   114869128.458       -2793.216          46.000    21858846.699    88016656.707       -2140.201          49.000  
G21  16189881.151    85078548.763       -1018.038          46.000                                                                  
G17  19754997.198   103813205.566        1932.980          43.000    19754991.255    80893389.555        1506.467          41.000  
G02  16571494.792    87083860.316        -161.199          50.000                                                                  
G08  19038107.484   100045963.952       -4149.089          44.000    19038105.224    77957870.370       -3232.990          42.000  
G31  20102439.570   105639065.729         858.728          45.000    20102433.841    82316132.835         669.012          41.000  
E11  23182235.422   121823663.951       -2836.147          36.000    23182230.069    93345518.989       -2172.884          37.000  
G03  17976037.825    94464797.456          43.110          46.000    17976034.967    73608994.637          33.711          46.000  
G04  18360041.116    96482719.618        2209.485          44.000    18360037.292    75181349.972        1721.448          43.000  
E02                                                                  25316525.673                       -1995.725          20.000  
> 2024 06 08 08 33 30.4880000  0 29                     
G09  21711692.855   114095734.235        2838.824          40.000    21711686.448    88905761.134        2212.222          32.000  
E03  22506582.953   118272920.477        1879.097          42.000    22506583.544    90624745.481        1439.771          47.000  
E06  21042453.781   110578935.518       -2593.730          46.000                                                                  
R20  16561556.900    88562081.412       -2710.527          41.000    16561553.278    68881687.561       -2108.160          42.000  
R22  20147461.110   107548523.733        3288.775          45.000    20147457.547    83648746.865        2557.703          42.000  
R06  16043900.864    85613329.385        -967.788          38.000                                                                  
R07  18281831.469    97864099.792        2081.542          48.000    18281823.762    76116587.592        1619.136          45.000  
E30  25288215.599   132890449.020       -2564.684          37.000    25288218.509   101825139.892       -1965.357          43.000  
S31  35216968.263   185066489.767        -759.012          46.000  
S33  36207597.443   190272263.185        -758.058          40.000  
E05  18415578.909    96774587.313        -183.428          46.000    18415578.655    74151990.310        -140.490          49.000  
E36  20576424.228   108130080.324       -1383.439          46.000    20576424.184    82852986.045       -1060.017          49.000  
R05  18598876.826    99421739.648       -4371.260          49.000    18598871.763    77328023.282       -3399.950          48.000  
R21  16334441.422    87408924.173        1392.886          52.000    16334434.118    67984658.649        1083.282          49.000  
G27  21553214.733   113263005.948       -4528.233          35.000    21553215.444    88256783.904       -3528.645          36.000  
E34  20750341.503   109043859.659         774.939          47.000    20750341.321    83553109.181         593.839          49.000  
E18  24138716.861   126849836.606       -1557.876          42.000    24138716.421    97196609.916       -1193.798          47.000  
G28  20194107.882   106120782.607        -555.011          44.000    20194101.832    82691485.634        -432.507          41.000  
E15  24616161.663   129358826.159        1648.266          41.000    24616162.148    99119102.854        1262.725          44.000  
E09  21874806.148   114952990.128       -2797.212          47.000    21874804.943    88080914.348       -2143.412          49.000  
G21  16195737.363    85109322.292       -1033.155          46.000                                                                  
G17  19743993.400   103755379.769        1922.103          44.000    19743987.175    80848330.490        1497.956          41.000  
G02  16572450.573    87088884.610        -173.360          51.000                                                                  
G08  19061802.675   100170481.497       -4151.943          44.000    19061800.232    78054897.001       -3235.238          41.000  
G31  20097554.435   105613396.171         852.838          45.000    20097549.093    82296130.583         664.661          40.000  
E11  23198431.613   121908783.207       -2837.605          35.000    23198427.547    93410740.237       -2174.322          36.000  
G03  17975795.526    94463527.124          41.990          46.000    17975792.830    73608004.796          32.721          46.000  
G04  18347451.459    96416562.716        2201.338          44.000    18347447.068    75129799.146        1715.671          42.000  
E02                                                                  25331388.999                       -1991.773          12.000  
> 2024 06 08 08 34 00.4880000  0 28                     
G09  21695485.927   114010565.439        2839.605          41.000    21695478.740    88839395.897        2213.009          33.000  
E03  22495864.959   118216593.993        1876.457          43.000    22495864.594    90581586.273        1437.823          47.000  
E06  21057277.040   110656833.696       -2599.158          46.000                                                                  
R20  16576811.939    88643656.564       -2727.800          41.000    16576808.083    68945134.901       -2121.349          42.000  
R22  20128967.094   107449801.381        3292.944          45.000    20128963.208    83571962.789        2561.249          42.000  
R06  16049382.418    85642582.353        -982.205          37.000                                                                  
R07  18270194.625    97801809.176        2071.363          47.000    18270187.673    76068139.384        1611.068          45.000  
E30  25302853.930   132967384.935       -2563.819          35.000    25302858.710   101884090.729       -1964.526          42.000  
S31  35221291.182   185089206.403        -755.306          46.000  
S33  36211913.756   190294947.089        -754.094          40.000  
E05  18416652.872    96780229.228        -192.428          46.000    18416652.516    74156313.361        -147.507          49.000  
E36  20584335.185   108171651.010       -1387.675          46.000    20584335.006    82884838.910       -1063.307          50.000  
R05  18623405.939    99552859.551       -4369.645          50.000    18623400.535    77430005.439       -3398.688          48.000  
R21  16326672.023    87367350.083        1378.946          52.000    16326665.030    67952323.265        1072.583          49.000  
G27  21579048.741   113398765.899       -4521.751          34.000    21579049.546    88362570.921       -3523.746          36.000  
E34  20745918.174   109020615.726         774.859          47.000    20745918.162    83535298.913         593.645          50.000  
E18  24147600.807   126896521.498       -1553.876          42.000    24147600.252    97232381.465       -1190.833          47.000  
G28  20197313.645   106137631.481        -568.103          43.000    20197307.860    82704614.622        -442.377          42.000  
E15  24606734.440   129309287.674        1654.651          40.000    24606735.051    99081144.840        1267.894          44.000  
E09  21890787.752   115036973.921       -2801.349          47.000    21890786.581    88145265.549       -2146.487          49.000  
G21  16201678.624    85140544.640       -1048.122          46.000                                                                  
G17  19733052.456   103697883.111        1911.254          44.000    19733046.011    80803527.918        1489.246          40.000  
G02  16573475.540    87094273.396        -185.578          50.000                                                                  
G08  19085513.095   100295079.435       -4154.446          44.000    19085510.034    78151986.291       -3237.092          40.000  
G31  20092703.443   105587902.246         846.930          45.000    20092697.230    82276265.194         659.601          39.000  
E11  23214638.435   121993953.878       -2839.704          35.000    23214635.341    93476000.894       -2175.568          36.000  
G03  17975561.062    94462293.328          40.842          47.000    17975557.487    73607043.430          31.619          45.000  
G04  18334908.032    96350644.062        2193.396          44.000    18334902.804    75078433.996        1709.331          42.000  
> 2024 06 08 08 34 30.4880000  0 28                     
G09  21679272.763   113925369.674        2840.021          41.000    21679268.412    88773009.649        2213.190          37.000  
E03  22485162.037   118160350.935        1873.154          43.000    22485161.738    90538490.995        1435.178          47.000  
E06  21072133.637   110734904.600       -2605.459          45.000                                                                  
R20  16592164.569    88725753.407       -2745.343          41.000    16592159.774    69008988.012       -2135.622          41.000  
R22  20110452.739   107350965.614        3296.313          45.000    20110447.638    83495090.572        2563.721          42.000  
R06  16054947.354    85672274.009        -997.271          39.000                                                                  
R07  18258617.111    97739836.575        2060.197          48.000    18258610.916    76019938.543        1602.514          45.000  
E30  25317490.025   133044293.263       -2563.417          35.000    25317493.929   101943020.520       -1963.990          42.000  
S31  35225594.313   185111819.361        -752.468          45.000  
S33  36216210.954   190317527.128        -751.097          40.000  
E05  18417780.122    96786149.927        -202.073          46.000    18417779.379    74160849.991        -154.820          49.000  
E36  20592272.628   108213361.855       -1392.974          46.000    20592272.338    82916799.159       -1067.216          49.000  
R05  18647928.016    99683941.699       -4368.875          50.000    18647922.589    77531958.221       -3397.998          48.000  
R21  16318982.693    87326202.306        1364.238          52.000    16318975.820    67920319.468        1061.111          48.000  
G27  21604847.698   113534345.012       -4516.527          33.000    21604849.035    88468217.029       -3519.676          35.000  
E34  20741497.490   108997384.096         774.119          47.000    20741497.319    83517498.064         593.100          49.000  
E18  24156464.914   126943102.690       -1551.151          42.000    24156463.842    97268073.517       -1188.415          47.000  
G28  20200594.538   106154872.459        -581.494          44.000    20200588.993    82718049.181        -452.930          42.000  
E15  24597272.048   129259561.876        1660.572          40.000    24597272.463    99043043.315        1272.329          44.000  
E09  21906793.612   115121086.552       -2806.000          46.000    21906792.585    88209715.472       -2149.946          49.000  
G21  16207707.692    85172225.369       -1063.862          46.000                                                                  
G17  19722175.262   103640726.532        1899.293          44.000    19722169.589    80758990.325        1480.206          41.000  
G02  16574571.221    87100036.574        -198.458          49.000                                                                  
G08  19109239.894   100419763.040       -4157.645          44.000    19109236.775    78249142.322       -3239.614          40.000  
G31  20087887.858   105562594.846         840.204          46.000    20087881.220    82256545.143         654.767          40.000  
E11  23230857.616   122079184.102       -2842.287          35.000    23230854.641    93541307.172       -2177.564          36.000  
G03  17975335.018    94461103.750          38.713          46.000    17975330.990    73606116.518          30.176          45.000  
G04  18322412.172    96284974.085        2184.600          46.000    18322407.238    75027262.636        1702.426          43.000  
> 2024 06 08 08 35 00.4880000  0 28                     
G09  21663059.931   113840171.632        2839.785          40.000    21663056.912    88706621.612        2212.784          38.000  
E03  22474479.931   118104215.222        1869.037          42.000    22474479.749    90495477.951        1432.217          47.000  
E06  21087026.867   110813169.241       -2612.287          45.000                                                                  
R20  16607618.867    88808394.924       -2764.004          41.000    16607614.995    69073264.740       -2149.813          41.000  
R22  20091920.585   107252042.420        3298.651          44.000    20091915.980    83418150.331        2565.729          44.000  
R06  16060597.104    85702424.950       -1013.065          38.000                                                                  
R07  18247104.367    97678205.767        2048.418          48.000    18247096.658    75972003.490        1593.073          44.000  
E30  25332125.591   133121194.791       -2563.571          38.000    25332128.092   102001945.030       -1964.080          43.000  
S31  35229881.836   185134351.532        -749.909          45.000  
S33  36220492.660   190340026.238        -748.946          41.000  
E05  18418963.669    96792371.936        -212.598          46.000    18418963.199    74165617.510        -163.028          49.000  
E36  20600240.709   108255236.237       -1398.665          46.000    20600240.850    82948884.723       -1071.740          50.000  
R05  18672446.503    99815006.351       -4368.808          49.000    18672440.909    77633897.372       -3397.990          49.000  
R21  16311378.358    87285507.776        1348.597          53.000    16311371.058    67888668.160        1048.871          49.000  
G27  21630614.951   113669763.373       -4511.266          30.000    21630618.185    88573737.827       -3515.475          35.000  
E34  20737083.688   108974188.782         772.377          47.000    20737083.622    83499725.046         591.781          50.000  
E18  24165313.947   126989602.312       -1548.977          43.000    24165312.613    97303703.102       -1186.891          47.000  
G28  20203954.645   106172529.314        -595.758          44.000    20203948.979    82731807.768        -464.374          42.000  
E15  24587777.734   129209672.109        1665.508          41.000    24587778.784    99004816.120        1276.149          44.000  
E09  21922828.348   115205348.992       -2811.570          47.000    21922827.282    88274280.187       -2154.190          49.000  
G21  16213827.675    85204387.702       -1080.250          47.000                                                                  
G17  19711368.268   103583935.167        1886.605          45.000    19711362.846    80714737.351        1470.270          41.000  
G02  16575742.690    87106198.547        -212.270          48.000                                                                  
G08  19132985.848   100544551.779       -4161.620          44.000    19132982.005    78346380.318       -3242.759          39.000  
G31  20083112.270   105537499.063         832.559          46.000    20083105.653    82236990.008         649.098          39.000  
E11  23247091.596   122164496.313       -2845.109          35.000    23247088.759    93606676.286       -2180.074          36.000  
G03  17975120.899    94459980.266          36.179          47.000    17975117.646    73605241.091          28.098          45.000  
G04  18309968.360    96219577.532        2175.089          46.000    18309961.842    74976304.305        1694.745          42.000  
> 2024 06 08 08 35 30.4880000  0 28                     
G09  21646852.550   113755006.682        2838.157          39.000    21646850.882    88640259.414        2211.323          38.000  
E03  22463823.895   118048221.553        1863.880          41.000    22463824.591    90452573.761        1428.188          48.000  
E06  21101962.774   110891659.430       -2620.429          45.000                                                                  
R20  16623180.696    88891612.810       -2783.846          41.000    16623177.158    69137989.746       -2164.942          41.000  
R22  20073378.297   107153068.855        3299.942          42.000    20073374.626    83341170.906        2566.455          44.000  
R06  16066339.393    85733067.143       -1029.745          39.000                                                                  
R07  18235660.783    97616952.088        2035.324          48.000    18235654.775    75924361.785        1583.036          46.000  
E30  25346764.592   133198120.856       -2564.501          38.000    25346766.526   102060888.434       -1965.200          41.000  
S31  35234160.403   185156835.073        -748.814          45.000  
S33  36224764.961   190362477.523        -747.911          41.000  
E05  18420211.654    96798928.588        -224.266          46.000    18420210.880    74170641.447        -171.919          49.000  
E36  20608246.739   108297308.428       -1405.948          46.000    20608246.793    82981121.857       -1077.287          50.000  
R05  18696966.848    99946084.253       -4369.609          48.000    18696961.881    77735846.839       -3398.604          48.000  
R21  16303865.441    87245304.217        1331.720          53.000    16303858.002    67857398.740        1035.792          49.000  
G27  21656359.239   113805052.064       -4507.841          31.000    21656362.809    88679157.551       -3512.230          34.000  
E34  20732683.918   108951064.650         769.434          48.000    20732683.414    83482006.564         589.459          50.000  
E18  24174153.023   127036053.515       -1547.618          42.000    24174151.797    97339295.593       -1185.997          47.000  
G28  20207400.724   106190636.560        -611.249          44.000    20207394.883    82745917.303        -476.038          42.000  
E15  24578259.600   129159652.485        1669.334          41.000    24578260.126    98966489.460        1278.984          44.000  
E09  21938897.776   115289793.043       -2818.112          47.000    21938896.444    88338984.073       -2159.274          49.000  
G21  16220046.802    85237066.249       -1097.970          47.000                                                                  
G17  19700638.076   103527545.504        1872.692          45.000    19700632.048    80670797.383        1459.348          40.000  
G02  16576996.519    87112794.416        -227.208          46.000                                                                  
G08  19156758.239   100669476.050       -4166.841          44.000    19156754.639    78443723.871       -3247.047          39.000  
G31  20078383.807   105512650.547         824.080          46.000    20078376.355    82217627.566         642.048          38.000  
E11  23263347.398   122249923.812       -2849.422          35.000    23263345.597    93672133.726       -2183.438          36.000  
G03  17974925.652    94458955.718          32.183          46.000    17974922.773    73604442.745          25.205          45.000  
G04  18297582.305    96154489.888        2164.256          46.000    18297576.667    74925586.717        1686.303          43.000  
> 2024 06 08 08 36 00.4880000  0 28                     
G09  21630659.043   113669907.041        2835.846          39.000    21630656.835    88573948.029        2209.625          38.000  
E03  22453201.887   117992401.233        1857.889          42.000    22453202.272    90409802.386        1423.596          48.000  
E06  21116946.910   110970403.644       -2629.088          44.000                                                                  
R20  16638856.647    88975437.287       -2804.244          42.000    16638852.555    69203186.563       -2181.106          41.000  
R22  20054833.483   107054078.408        3299.920          43.000    20054830.073    83264178.399        2566.706          42.000  
R06  16072179.418    85764229.158       -1047.164          38.000                                                                  
R07  18224296.137    97556107.436        2021.306          49.000    18224289.448    75877038.244        1572.151          46.000  
E30  25361413.051   133275099.769       -2566.898          37.000    25361414.849   102119872.276       -1966.882          42.000  
S31  35238435.727   185179301.704        -748.727          45.000  
S33  36229033.732   190384910.926        -747.212          40.000  
E05  18421528.143    96805849.830        -236.813          46.000    18421527.789    74175944.746        -181.417          49.000  
E36  20616295.901   108339609.225       -1413.780          46.000    20616296.528    83013534.158       -1083.285          50.000  
R05  18721495.282   100077203.753       -4371.314          48.000    18721489.969    77837828.654       -3399.809          47.000  
R21  16296450.100    87205625.829        1313.803          52.000    16296443.139    67826537.755        1021.866          48.000  
G27  21682085.283   113940238.457       -4504.905          32.000    21682087.549    88784497.618       -3510.549          34.000  
E34  20728303.455   108928043.136         765.663          48.000    20728302.589    83464366.700         586.690          50.000  
E18  24182988.303   127082486.008       -1547.398          42.000    24182987.422    97374873.726       -1185.698          46.000  
G28  20210937.925   106209225.318        -627.515          44.000    20210931.829    82760402.060        -489.075          41.000  
E15  24568722.425   129109533.787        1672.373          41.000    24568722.595    98928086.882        1281.293          43.000  
E09  21955007.028   115374447.088       -2825.274          48.000    21955005.657    88403848.875       -2164.697          49.000  
G21  16226369.310    85270292.723       -1116.623          48.000                                                                  
G17  19689990.455   103471589.982        1857.947          45.000    19689983.774    80627195.667        1447.891          40.000  
G02  16578339.376    87119855.803        -243.148          45.000                                                                  
G08  19180562.446   100794562.690       -4172.342          45.000    19180558.579    78541193.991       -3251.237          41.000  
G31  20073708.996   105488082.289         814.202          46.000    20073700.688    82198483.489         634.625          38.000  
E11  23279631.257   122335496.359       -2854.423          35.000    23279629.617    93737702.327       -2187.531          37.000  
G03  17974755.875    94458059.425          27.776          47.000    17974751.214    73603744.350          21.769          45.000  
G04  18285260.770    96089743.403        2152.530          45.000    18285256.151    74875134.961        1677.379          43.000  
> 2024 06 08 08 36 30.4880000  0 28                     
G09  21614482.154   113584904.568        2830.788          38.000    21614480.945    88507712.431        2206.054          38.000  
E03  22442617.414   117936785.485        1850.009          41.000    22442619.073    90367187.777        1417.228          48.000  
E06  21131985.200   111049430.222       -2639.675          44.000                                                                  
R20  16654651.267    89059898.131       -2826.613          44.000    16654646.975    69268878.302       -2198.587          41.000  
R22  20036294.508   106955090.6661       3298.175          45.000    20036288.552    83187198.809        2565.264          41.000  
R06  16078120.590    85795921.3991      -1066.746          39.000                                                                  
R07  18213012.590    97495703.456        2005.359          52.000    18213004.197    75830057.392        1559.689          46.000  
E30  25376076.190   133352159.367       -2570.777          37.000    25376079.008   102178917.976       -1969.852          41.000  
S31  35242713.230   185201780.934        -750.224          45.000  
S33  36233304.947   190407356.399        -748.794          40.000  
E05  18422920.167    96813165.456        -251.130          46.000    18422920.080    74181550.236        -192.331          49.000  
E36  20624395.032   108382169.374       -1423.788          45.000    20624395.421    83046145.164       -1090.873          50.000  
R05  18746036.449   100208391.452       -4374.882          50.000    18746031.475    77939863.542       -3402.657          47.000  
R21  16289140.094    87166506.830        1293.872          54.000    16289132.834    67796111.887        1006.343          48.000  
G27  21707795.286   114075254.5423      -4502.751          31.000    21707798.776    88889779.416       -3509.197          34.000  
E34  20723948.234   108905155.616         759.855          48.000    20723947.464    83446829.517         582.276          50.000  
E18  24191826.088   127128929.383       -1549.016          42.000    24191825.564    97410460.219       -1186.944          47.000  
G28  20214573.082   106228326.608        -646.008          44.000    20214566.893    82775286.204        -503.436          42.000  
E15  24559171.812   129059346.680        1673.396          40.000    24559171.943    98889631.867        1282.123          42.000  
E09  21971161.313   115459339.431       -2834.385          47.000    21971160.280    88468896.263       -2171.836          49.000  
G21  16232801.796    85304097.679       -1137.188          46.000                                                                  
G17  19679431.225   103416101.337        1841.159          44.000    19679424.042    80583957.765        1434.765          39.000  
G02  16579777.854    87127414.227        -260.853          44.000                                                                  
G08  19204401.435   100919838.550       -4179.724          45.000    19204398.826    78638811.533       -3256.854          40.000  
G31  20069092.924   105463826.819         802.587          45.000    20069086.016    82179583.148         625.357          39.000  
E11  23295949.082   122421243.887       -2861.610          35.000    23295946.688    93803404.979       -2192.668          37.000  
G03  17974615.633    94457320.677          21.149          47.000    17974609.735    73603168.747          16.598          43.000  
G04  18273011.094    96025370.060        2138.828          46.000    18273006.019    74824973.921        1666.592          43.000  
> 2024 06 08 08 37 00.4880000  0 28                     
G09  21598332.360   113500034.807        2826.286          38.000    21598330.475    88441580.196        2202.354          38.000  
E03  22432078.873   117881409.028        1841.291          41.000    22432081.540    90324756.504        1410.886          48.000  
E06  21147083.179   111128770.929       -2650.337          45.000                                                                  
R20  16670570.501    89145028.054       -2849.256          41.000    16670567.334    69335090.443       -2216.031          41.000  
R22  20017761.888   106856170.618        3296.037          44.000    20017758.295    83110260.994        2563.574          43.000  
R06  16084173.302    85828227.5691      -1086.250          38.000                                                                  
R07  18201816.651    97435775.671        1989.180          50.000    18201808.342    75783446.903        1547.128          45.000  
E30  25390760.433   133429331.197       -2574.565          36.000    25390764.022   102238049.677       -1972.879          40.000  
S31  35246999.722   185224305.307        -751.958          46.000  
S33  36237584.841   190429847.816        -750.794          41.000  
E05  18424393.756    96820908.796        -265.710          46.000    18424393.312    74187483.465        -203.555          49.000  
E36  20632550.272   108425023.078       -1433.866          46.000    20632550.329    83078981.116       -1098.686          50.000  
R05  18770596.680   100339679.177       -4378.348          49.000    18770591.417    78041976.239       -3405.368          47.000  
R21  16281941.149    87127985.111        1273.602          53.000    16281934.237    67766150.554         990.502          48.000  
G27  21733498.016   114210322.1571      -4502.108          31.000    21733501.068    88995027.278       -3507.960          34.000  
E34  20719625.259   108882436.958         753.881          48.000    20719624.202    83429421.730         577.730          50.000  
E18  24200672.072   127175416.760       -1550.685          42.000    24200671.844    97446080.415       -1188.447          47.000  
G28  20218311.581   106247974.854        -664.532          45.000    20218306.105    82790596.553        -517.841          42.000  
E15  24549614.405   129009125.390        1674.148          40.000    24549615.275    98851150.666        1282.546          43.000  
E09  21987366.895   115544501.907       -2843.722          47.000    21987366.141    88534150.630       -2179.000          49.000  
G21  16239351.965    85338515.310       -1158.023          47.000                                                                  
G17  19668965.791   103361115.078        1823.995          43.000    19668959.817    80541111.350        1421.297          39.000  
G02  16581318.750    87135505.083        -278.957          45.000                                                                  
G08  19228282.144   101045334.035       -4187.350          44.000    19228280.060    78736600.199       -3262.771          41.000  
G31  20064542.815   105439919.926         790.617          45.000    20064536.987    82160954.443         616.236          40.000  
E11  23312306.263   122507199.530       -2869.066          36.000    23312303.038    93869267.121       -2198.126          37.000  
G03  17974510.747    94456772.328          14.753          47.000    17974506.435    73602741.496          11.603          45.000  
G04  18260838.941    95961405.351        2124.789          46.000    18260834.466    74775131.340        1655.601          42.000  
> 2024 06 08 08 37 30.4890000  0 28                     
G09  21582210.893   113415318.063        2821.256          39.000    21582209.738    88375567.303        2198.289          40.000  
E03  22421591.779   117826292.474        1832.887          41.000    22421593.548    90282524.379        1404.394          48.000  
E06  21162245.522   111208448.112       -2661.286          45.000                                                                  
R20  16686619.626    89230850.810       -2872.001          41.000    16686616.469    69401841.509       -2234.083          41.000  
R22  19999245.141   106757325.606        3293.276          43.000    19999242.238    83033381.600        2561.671          44.000  
R06  16090336.272    85861118.296       -1106.042          38.000                                                                  
R07  18190714.253    97376344.293        1972.950          49.000    18190707.391    75737222.541        1534.269          47.000  
E30  25405471.395   133506637.221       -2578.749          35.000    25405474.541   102297284.178       -1976.028          39.000  
S31  35251298.753   185246897.285        -754.034          46.000  
S33  36241877.734   190452408.174        -753.237          41.000  
E05  18425952.764    96829101.203        -280.475          45.000    18425952.068    74193760.784        -214.988          49.000  
E36  20640765.367   108468193.747       -1444.004          46.000    20640765.461    83112059.939       -1106.447          50.000  
R05  18795179.943   100471089.556       -4382.097          48.000    18795174.537    78144184.306       -3408.241          47.000  
R21  16274858.297    87090084.363        1252.948          52.000    16274851.218    67736672.189         974.531          48.000  
G27  21759196.749   114345369.851       -4500.799          31.000    21759199.822    89100259.234       -3506.313          33.000  
E34  20715338.502   108859909.060         747.811          49.000    20715337.124    83412160.107         572.921          50.000  
E18  24209530.863   127221970.537       -1552.736          41.000    24209530.522    97481751.486       -1189.762          46.000  
G28  20222159.018   106268193.041        -683.307          45.000    20222153.245    82806350.988        -532.330          42.000  
E15  24540055.177   128958890.112        1674.624          41.000    24540055.620    98812658.718        1283.260          43.000  
E09  22003628.378   115629956.935       -2853.157          47.000    22003627.863    88599629.143       -2186.172          49.000  
G21  16246021.846    85373569.123       -1179.001          47.000                                                                  
G17  19658601.426   103306653.799        1806.578          43.000    19658595.772    80498674.013        1407.774          39.000  
G02  16582965.592    87144151.108        -297.341          47.000                                                                  
G08  19252208.262   101171071.422       -4195.043          43.000    19252206.914    78834577.355       -3268.474          40.000  
G31  20060064.081   105416384.493         778.449          44.000    20060058.875    82142615.178         606.379          41.000  
E11  23328707.992   122593387.220       -2876.452          36.000    23328703.924    93935307.050       -2204.291          37.000  
G03  17974445.987    94456434.964           7.715          47.000    17974443.449    73602478.628           6.228          46.000  
G04  18248749.044    95897870.478        2110.608          47.000    18248741.624    74725623.644        1644.524          39.000  
> 2024 06 08 08 38 00.4890000  0 28                     
G09  21566122.285   113330770.214        2815.632          40.000    21566121.256    88309685.868        2193.991          39.000  
E03  22411155.524   117771448.814        1823.546          41.000    22411156.753    90240501.357        1397.279          48.000  
E06  21177472.419   111288462.804       -2672.947          45.000                                                                  
R20  16702798.865    89317367.221       -2895.696          41.000    16702795.168    69469132.049       -2252.247          41.000  
R22  19980746.795   106658573.547        3290.254          46.000    19980742.906    82956574.506        2559.002          44.000  
R06  16096613.384    85894613.415       -1126.659          38.000                                                                  
R07  18179706.890    97317423.277        1955.507          50.000    18179700.676    75691395.141        1520.763          46.000  
E30  25420208.087   133584078.390       -2583.671          35.000    25420211.001   102356622.251       -1979.804          40.000  
S31  35255612.281   185269564.738        -756.810          46.000  
S33  36246184.855   190475041.757        -755.831          41.000  
E05  18427598.769    96837750.014        -295.979          45.000    18427597.943    74200387.811        -226.821          49.000  
E36  20649041.791   108511687.345       -1455.216          45.000    20649041.865    83145386.196       -1115.038          50.000  
R05  18819785.188   100602619.134       -4386.536          47.000    18819779.849    78246485.082       -3411.671          47.000  
R21  16267894.202    87052819.109        1231.479          52.000    16267887.107    67707688.102         957.922          48.000  
G27  21784892.364   114480393.843       -4500.624          32.000    21784894.292    89205472.778       -3507.138          34.000  
E34  20711089.526   108837582.914         740.821          49.000    20711088.415    83395053.068         567.625          50.000  
E18  24218403.917   127268595.321       -1555.478          41.000    24218403.127    97517476.977       -1191.869          46.000  
G28  20226116.440   106288988.838        -702.863          45.000    20226110.713    82822555.539        -547.773          42.000  
E15  24530494.760   128908653.040        1674.706          40.000    24530496.159    98774165.425        1283.203          43.000  
E09  22019945.580   115715705.222       -2863.231          47.000    22019944.996    88665332.372       -2193.876          49.000  
G21  16252814.879    85409265.953       -1200.664          47.000                                                                  
G17  19648341.782   103252731.733        1788.562          43.000    19648335.387    80456656.831        1393.448          39.000  
G02  16584719.292    87153361.314        -316.505          48.000                                                                  
G08  19276180.807   101297047.267       -4203.410          43.000    19276179.435    78932740.382       -3275.146          40.000  
G31  20055657.933   105393232.745         765.141          44.000    20055653.305    82124574.850         596.544          41.000  
E11  23345153.983   122679809.058       -2884.611          36.000    23345149.607    94001526.369       -2210.418          37.000  
G03  17974423.982    94456315.930           0.105          47.000    17974420.421    73602385.891           0.277          46.000  
G04  18236742.778    95834779.782        2095.631          47.000    18236736.206    74676462.076        1632.972          40.000  
> 2024 06 08 08 38 30.4890000  0 28                     
G09  21550068.838   113246409.322        2808.523          42.000    21550068.265    88243950.223        2188.662          40.000  
E03  22400775.229   117716896.420        1813.605          41.000    22400775.496    90198701.514        1389.428          48.000  
E06  21192766.637   111368835.062       -2685.136          45.000                                                                  
R20  16719111.848    89404598.755       -2919.827          42.000    16719107.865    69536978.814       -2271.281          40.000  
R22  19962268.809   106559933.563        3286.085          46.000    19962264.861    82879854.529        2555.780          45.000  
R06  16103007.300    85928731.025       -1147.813          38.000                                                                  
R07  18168800.179    97259030.457        1937.443          51.000    18168791.265    75645978.509        1507.031          45.000  
E30  25434972.800   133661674.285       -2588.856          35.000    25434977.142   102416078.866       -1983.897          41.000  
S31  35259943.641   185292325.390        -760.424          46.000  
S33  36250509.932   190497769.984        -759.291          40.000  
E05  18429335.005    96846874.346        -312.197          45.000    18429334.526    74207379.187        -239.251          49.000  
E36  20657383.694   108555525.028       -1466.987          45.000    20657383.730    83178976.096       -1124.141          50.000  
R05  18844416.623   100734288.956       -4391.378          47.000    18844411.343    78348894.932       -3415.562          48.000  
R21  16261052.973    87016211.052        1209.174          52.000    16261045.878    67679215.175         940.447          48.000  
G27  21810587.902   114615415.042       -4500.313          33.000    21810588.315    89310684.169       -3507.609          33.000  
E34  20706883.352   108815478.208         733.004          49.000    20706882.055    83378115.698         561.619          50.000  
E18  24227293.668   127315311.307       -1558.904          41.000    24227292.674    97553272.350       -1194.454          46.000  
G28  20230187.725   106310382.846        -723.396          45.000    20230181.488    82839226.217        -563.587          42.000  
E15  24520938.133   128858432.255        1673.542          40.000    24520939.478    98735684.594        1282.484          43.000  
E09  22036322.770   115801766.987       -2874.029          47.000    22036322.280    88731275.795       -2202.241          49.000  
G21  16259734.248    85445626.668       -1223.178          47.000                                                                  
G17  19638188.570   103199368.861        1769.256          44.000    19638181.733    80415075.367        1378.750          40.000  
G02  16586583.570    87163156.928        -336.438          49.000                                                                  
G08  19300202.715   101423281.615       -4212.305          43.000    19300202.146    79031104.803       -3282.196          42.000  
G31  20051329.491   105370485.374         751.388          43.000    20051324.769    82106849.653         585.492          41.000  
E11  23361647.523   122766486.608       -2893.229          36.000    23361643.807    94067941.674       -2217.253          38.000  
G03  17974446.224    94456433.622          -8.023          47.000    17974442.039    73602477.614          -6.362          45.000  
G04  18224825.503    95772152.151        2079.696          46.000    18224817.696    74627661.304        1620.537          39.000  
> 2024 06 08 08 39 00.4890000  0 28                     
G09  21534055.037   113162255.436        2801.577          40.000    21534054.374    88178375.797        2182.978          41.000  
E03  22390452.563   117662654.445        1803.042          41.000    22390453.625    90157139.536        1381.346          47.000  
E06  21208132.085   111449581.206       -2697.799          45.000                                                                  
R20  16735561.498    89492563.488       -2944.206          42.000    16735557.582    69605395.800       -2289.938          40.000  
R22  19943815.489   106461426.986        3281.159          46.000    19943811.980    82803238.323        2552.157          46.000  
R06  16109520.303    85963487.344       -1169.199          38.000                                                                  
R07  18157993.637    97201185.601        1918.931          50.000    18157985.141    75600988.097        1492.635          46.000  
E30  25449772.717   133739440.949       -2594.759          36.000    25449775.676   102475666.290       -1988.567          41.000  
S31  35264296.258   185315198.555        -764.517          46.000  
S33  36254856.302   190520610.583        -763.518          41.000  
E05  18431165.436    96856491.929        -328.957          45.000    18431164.975    74214748.506        -252.031          50.000  
E36  20665794.882   108599725.470       -1479.700          45.000    20665794.708    83212843.960       -1133.797          50.000  
R05  18869077.494   100866114.488       -4396.916          47.000    18869071.920    78451425.872       -3419.794          48.000  
R21  16254338.722    86980281.973        1186.143          52.000    16254331.589    67651270.337         922.543          48.000  
E34  20702722.321   108793614.319         724.643          49.000    20702721.205    83361362.847         555.325          49.000  
E18  24236204.500   127362136.106       -1562.877          41.000    24236203.101    97589151.083       -1197.442          46.000  
G28  20234376.244   106332393.946        -744.043          45.000    20234369.837    82856377.760        -579.828          42.000  
E15  24511387.793   128808246.449        1672.012          40.000    24511389.496    98697230.575        1281.219          44.000  
E09  22052762.495   115888158.516       -2885.221          47.000    22052761.845    88797471.888       -2210.783          49.000  
G21  16266783.676    85482669.767       -1246.248          47.000                                                                  
G17  19628144.156   103146585.204        1749.818          44.000    19628138.066    80373945.275        1363.265          40.000  
G02  16588562.595    87173557.676        -356.905          50.000                                                                  
G08  19324275.733   101549789.377       -4221.520          42.000    19324276.041    79129682.247       -3289.294          42.000  
G31  20047082.042   105348162.693         736.803          45.000    20047076.520    82089455.377         574.382          41.000  
E11  23378193.900   122853437.831       -2903.031          35.000    23378190.201    94134566.605       -2224.436          38.000  
G03  17974516.720    94456805.300         -16.606          47.000    17974512.021    73602767.243         -12.952          44.000  
G04  18212999.724    95710007.532        2063.291          46.000    18212993.351    74579236.967        1607.795          42.000  
G27                                                                  21836281.083                       -3505.815          22.000  
> 2024 06 08 08 39 30.4890000  0 27                     
G09  21518085.469   113078335.740        2793.155          42.000    21518084.921    88112983.807        2176.438          40.000  
E03  22380196.690   117608749.455        1790.957          42.000    22380195.445    90115835.722        1372.290          47.000  
E06  21223573.181   111530724.858       -2711.670          44.000                                                                  
R20  16752152.552    89581284.676       -2970.054          42.000    16752148.968    69674401.159       -2309.919          40.000  
R22  19925392.251   106363082.683        3275.282          47.000    19925388.691    82726748.362        2547.412          47.000  
R06  16116157.570    85998905.690       -1192.146          38.000                                                                  
R07  18147295.204    97143915.326        1899.369          50.000    18147286.267    75556444.579        1477.252          45.000  
E30  25464607.560   133817401.692       -2601.889          36.000    25464611.097   102535402.414       -1993.853          40.000  
S31  35268675.037   185338209.363        -769.319          46.000  
S33  36259228.773   190543588.501        -768.428          40.000  
E05  18433094.211    96866627.796        -346.583          45.000    18433094.017    74222514.961        -265.654          50.000  
E36  20674279.393   108644314.632       -1492.905          44.000    20674279.954    83247009.684       -1143.999          50.000  
R05  18893771.837   100998118.405       -4403.386          47.000    18893766.301    78554095.562       -3424.761          48.000  
R21  16247757.762    86945061.289        1161.937          53.000    16247749.988    67623876.480         903.729          48.000  
E34  20698612.257   108772017.899         715.218          48.000    20698611.413    83344814.945         547.978          49.000  
E18  24245140.507   127409094.565       -1567.643          41.000    24245139.088    97625132.254       -1201.196          46.000  
G28  20238687.252   106355048.337        -766.157          45.000    20238680.642    82874030.537        -597.196          42.000  
E15  24501849.397   128758121.600        1669.593          39.000    24501851.368    98658823.255        1279.268          44.000  
E09  22069269.872   115974903.405       -2897.535          47.000    22069268.783    88863938.753       -2220.178          49.000  
G21  16273967.339    85520421.799       -1270.536          47.000                                                                  
G17  19618214.556   103094408.355        1728.987          43.000    19618208.923    80333288.022        1347.153          41.000  
G02  16590661.624    87184589.633        -378.424          49.000                                                                  
G08  19348405.710   101676592.668       -4231.855          41.000    19348405.534    79228489.992       -3298.043          41.000  
G31  20042920.717   105326292.443         721.585          45.000    20042914.239    82072413.643         562.396          40.000  
E11  23394797.163   122940687.488       -2913.911          35.000    23394793.372    94201420.235       -2232.662          38.000  
G03  17974640.232    94457455.602         -26.542          46.000    17974635.392    73603273.981         -20.758          45.000  
G04  18201271.687    95648373.204        2045.752          46.000    18201265.073    74531210.266        1594.072          41.000  
> 2024 06 08 08 40 00.4890000  0 27                     
G09  21502165.168   112994672.087        2784.539          44.000    21502164.725    88047791.380        2169.759          39.000  
E03  22370005.900   117555202.372        1779.109          41.000    22370005.933    90074806.177        1363.025          47.000  
E06  21239093.306   111612284.149       -2725.580          44.000                                                                  
R20  16768889.529    89670781.314       -2996.078          41.000    16768885.062    69744009.674       -2330.450          40.000  
R22  19907002.784   106264923.910        3268.797          46.000    19906999.491    82650402.716        2542.456          46.000  
R06  16122922.503    86035004.146       -1214.640          38.000                                                                  
R07  18136707.537    97087241.074        1879.168          50.000    18136698.842    75512364.629        1461.594          45.000  
E30  25479483.215   133895574.345       -2609.404          36.000    25479486.695   102595300.940       -1999.238          42.000  
S31  35273083.793   185361377.290        -774.869          46.000  
S33  36263631.254   190566723.690        -773.445          40.000  
E05  18435124.961    96877301.562        -364.772          45.000    18435125.414    74230693.564        -279.566          51.000  
E36  20682842.257   108689313.133       -1506.909          44.000    20682843.054    83281489.036       -1154.545          50.000  
R05  18918502.025   101130318.268       -4409.808          47.000    18918497.267    78656917.673       -3429.875          48.000  
R21  16241312.114    86910572.748        1137.311          52.000    16241305.053    67597052.062         884.698          48.000  
E34  20694557.249   108750710.223         705.418          48.000    20694556.625    83328488.282         540.453          49.000  
E18  24254104.674   127456206.187       -1573.205          40.000    24254104.241    97661230.776       -1205.213          46.000  
G28  20243124.748   106378366.738        -788.398          45.000    20243118.584    82892200.707        -614.314          42.000  
E15  24492325.858   128708078.271        1666.908          39.000    24492328.545    98620478.421        1277.096          44.000  
E09  22085847.814   116062019.812       -2910.189          47.000    22085846.663    88930690.269       -2229.788          49.000  
G21  16281290.286    85558903.611       -1295.050          47.000                                                                  
G17  19608405.189   103042861.047        1707.570          44.000    19608399.567    80293121.316        1330.583          40.000  
G02  16592884.929    87196274.458        -400.476          49.000                                                                  
G08  19372596.039   101803708.153       -4242.387          43.000    19372593.831    79327540.996       -3305.499          40.000  
G31  20038849.516   105304896.937         705.223          46.000    20038842.885    82055741.853         549.639          40.000  
E11  23411461.267   123028255.213       -2924.464          35.000    23411456.940    94268517.590       -2240.691          38.000  
G03  17974821.194    94458403.690         -36.487          47.000    17974816.282    73604012.760         -28.462          45.000  
G04  18189644.458    95587270.981        2027.806          46.000    18189637.481    74483598.162        1580.402          42.000  
> 2024 06 08 08 40 30.4890000  0 27                     
G09  21486293.554   112911265.367        2775.769          41.000    21486292.451    87982799.148        2162.960          37.000  
E03  22359883.607   117502013.387        1766.580          41.000    22359883.994    90034050.997        1353.761          47.000  
E06  21254691.652   111694256.371       -2739.568          44.000                                                                  
R20  16785769.732    89761052.222       -3021.880          40.000    16785766.341    69814220.378       -2350.356          40.000  
R22  19888648.990   106166952.672        3262.254          45.000    19888645.332    82574202.924        2537.375          43.000  
R06  16129813.780    86071779.071       -1236.962          39.000    16129520.742                        -606.883          13.000  
R07  18126232.482    97031162.496        1859.128          51.000    18126224.246    75468747.995        1445.925          46.000  
E30  25494398.504   133973955.901       -2616.612          36.000    25494402.447   102655359.504       -2004.841          41.000  
S31  35277522.371   185384701.580        -780.439          46.000  
S33  36268063.650   190590015.280        -779.279          40.000  
E05  18437257.695    96888511.888        -382.885          45.000    18437258.706    74239283.301        -293.434          51.000  
E36  20691482.896   108734720.542       -1520.742          44.000    20691483.901    83316281.730       -1165.139          50.000  
R05  18943268.223   101262709.856       -4416.365          48.000    18943263.781    78759888.895       -3435.026          48.000  
R21  16235004.278    86876818.718        1112.636          52.000    16234996.676    67570798.920         865.383          48.000  
E34  20690557.570   108729691.622         695.506          48.000    20690556.963    83312383.108         532.975          49.000  
E18  24263097.893   127503469.499       -1577.883          40.000    24263098.413    97697445.536       -1209.203          47.000  
G28  20247687.834   106402348.861        -810.848          44.000    20247682.679    82910888.099        -631.776          43.000  
E15  24482818.622   128658116.257        1663.644          39.000    24482820.959    98582195.853        1274.905          44.000  
E09  22102495.697   116149504.961       -2922.547          47.000    22102494.140    88997724.359       -2239.446          48.000  
G21  16288752.239    85598114.464       -1319.583          48.000                                                                  
G17  19598716.384   102991944.523        1686.495          45.000    19598710.044    80253446.137        1313.879          39.000  
G02  16595231.626    87208612.911        -422.404          47.000                                                                  
G08  19396843.731   101931131.651       -4252.589          43.000    19396841.208    79426832.059       -3313.655          39.000  
G31  20034868.592   105283977.411         689.215          46.000    20034862.151    82039440.979         536.973          40.000  
E11  23428184.344   123116139.700       -2935.221          34.000    23428180.592    94335857.644       -2248.688          38.000  
G03  17975057.817    94459647.833         -46.740          47.000    17975053.909    73604982.241         -36.457          46.000  
G04  18178118.054    95526701.727        2009.733          46.000    18178112.756    74436401.420        1566.232          42.000  
> 2024 06 08 08 41 00.4890000  0 27                     
G09  21470472.429   112828123.560        2767.001          41.000    21470471.350    87918013.295        2156.058          40.000  
E03  22349831.972   117449189.572        1754.525          41.000    22349832.100    89993575.638        1344.629          47.000  
E06  21270369.833   111776645.817       -2753.335          44.000                                                                  
R20  16802795.718    89852101.231       -3047.954          40.000    16802793.181    69885036.297       -2370.806          40.000  
R22  19870332.878   106069178.256        3255.899          46.000    19870328.208    82498156.161        2532.410          44.000  
R06  16136832.680    86109234.521       -1259.980          38.000                                                                  
R07  18115868.594    96975686.724        1839.198          50.000    18115861.168    75425600.230        1430.552          47.000  
E30  25509353.818   134052550.415       -2623.330          37.000    25509358.675   102715581.316       -2009.838          41.000  
S31  35281991.723   185408188.251        -785.524          46.000  
S33  36272527.064   190613469.064        -784.654          40.000  
E05  18439494.178    96900264.460        -400.782          45.000    18439494.986    74248288.519        -307.003          50.000  
E36  20700203.186   108780543.501       -1534.312          45.000    20700203.676    83351392.837       -1175.567          50.000  
R05  18968071.674   101395296.398       -4422.728          48.000    18968066.576    78863011.763       -3439.853          47.000  
R21  16228835.598    86843808.665        1087.958          52.000    16228827.839    67545124.436         846.160          47.000  
E34  20686614.342   108708969.457         685.839          48.000    20686613.534    83296505.086         525.441          49.000  
E18  24272122.018   127550890.092       -1583.015          41.000    24272122.449    97733780.787       -1213.144          47.000  
G28  20252379.220   106427001.470        -832.881          45.000    20252373.878    82930097.949        -649.143          43.000  
E15  24473327.565   128608242.092        1661.085          39.000    24473330.265    98543980.660        1272.709          44.000  
E09  22119214.150   116237363.114       -2934.635          46.000    22119213.020    89065044.243       -2248.682          48.000  
G21  16296353.550    85638061.057       -1343.696          48.000                                                                  
G17  19589149.860   102941667.473        1665.192          46.000    19589142.051    80214269.199        1297.703          39.000  
G02  16597704.307    87221612.176        -444.266          46.000                                                                  
G08  19421150.235   102058865.999       -4263.062          42.000    19421148.721    79526365.306       -3322.045          40.000  
G31  20030979.308   105263542.238         673.073          45.000    20030973.142    82023517.485         524.483          39.000  
E11  23444968.279   123204346.560       -2945.305          33.000    23444966.175    94403444.776       -2257.357          38.000  
G03  17975351.452    94461193.309         -56.371          48.000    17975348.454    73606186.534         -44.064          45.000  
G04  18166694.780    95466673.342        1991.959          46.000    18166688.703    74389626.091        1552.167          40.000  
> 2024 06 08 08 41 30.4890000  0 27                     
G09  21454701.053   112745245.997        2758.191          40.000    21454700.665    87853433.449        2149.258          40.000  
E03  22339850.280   117396729.550        1742.930          42.000    22339849.418    89953379.041        1335.457          48.000  
E06  21286126.482   111859448.159       -2766.702          44.000                                                                  
R20  16819966.218    89943924.5901      -3073.319          42.000    16819964.933    69956454.486       -2390.454          41.000  
R22  19852053.594   105971601.242        3249.393          46.000    19852048.843    82422262.939        2527.249          44.000  
R06  16143975.930    86147348.5963      -1282.173          40.000                                                                  
R07  18105618.076    96920812.412        1819.244          52.000    18105609.781    75382920.241        1414.989          46.000  
E30  25524347.308   134131353.335       -2630.040          34.000    25524354.052   102775962.779       -2015.156          42.000  
S31  35286491.285   185431834.341        -790.731          46.000  
S33  36277020.261   190637083.202        -789.580          42.000  
E05  18441833.142    96912556.400        -418.608          44.000    18441833.586    74257707.026        -320.763          50.000  
E36  20709001.488   108826780.113       -1547.976          45.000    20709002.024    83386820.903       -1186.110          50.000  
R05  18992910.140   101528072.461       -4428.931          50.000    18992904.993    78966282.043       -3444.741          47.000  
R21  16222806.676    86811543.468        1063.094          54.000    16222798.239    67520029.290         826.905          47.000  
E34  20682727.353   108688542.580         676.169          48.000    20682726.329    83280853.323         517.984          49.000  
E18  24281175.870   127598464.989       -1588.150          42.000    24281175.845    97770234.271       -1217.038          47.000  
G28  20257198.093   106452322.815        -855.098          46.000    20257192.344    82949828.874        -666.365          42.000  
E15  24463853.925   128558454.018        1658.419          40.000    24463855.846    98505831.406        1270.559          45.000  
E09  22136003.283   116325590.031       -2946.686          46.000    22136001.865    89132646.687       -2257.994          48.000  
G21  16304094.583    85678741.840       -1368.159          48.000                                                                  
G17  19579703.759   102892029.749        1644.413          45.000    19579696.118    80175590.436        1281.112          39.000  
G02  16600302.846    87235271.312        -466.198          46.000                                                                  
G08  19445514.969   102186905.479       -4272.604          42.000    19445512.743    79626136.324       -3329.686          38.000  
G31  20027182.654   105243591.294         657.115          45.000    20027176.046    82007971.296         511.909          39.000  
E11  23461813.479   123292650.0611      -2956.385          31.000    23461812.108    94471276.760       -2265.323          38.000  
G03  17975702.497    94463036.942         -66.374          48.000    17975698.710    73607623.122         -51.813          45.000  
G04  18155373.296    95407185.168        1974.067          45.000    18155368.005    74343271.690        1538.395          40.000  
> 2024 06 08 08 42 00.4890000  0 27                     
G09  21438979.517   112662623.985        2749.575          42.000    21438978.021    87789052.684        2142.707          40.000  
E03  22329934.058   117344623.747        1731.006          42.000    22329933.801    89913453.881        1326.233          47.000  
E06  21301959.741   111942651.051       -2780.068          44.000                                                                  
R20  16837282.117    90036510.076       -3098.781          42.000    16837278.886    70028465.417       -2410.356          41.000  
R22  19833810.218   105874213.886        3243.075          46.000    19833804.997    82346517.279        2522.304          44.000  
R06  16151247.579    86186141.879       -1304.253          38.000                                                                  
R07  18095476.969    96866528.991        1799.475          50.000    18095468.689    75340699.786        1399.693          45.000  
E30  25539381.556   134210351.982       -2636.294          37.000    25539386.909   102836494.195       -2020.352          41.000  
S31  35291019.426   185455629.485        -795.930          46.000  
S33  36281542.039   190660845.066        -794.398          41.000  
E05  18444272.833    96925376.703        -436.130          44.000    18444272.996    74267530.391        -334.298          50.000  
E36  20717877.016   108873420.341       -1561.594          45.000    20717877.237    83422558.209       -1196.452          50.000  
R05  19017781.014   101661024.629       -4434.630          47.000    19017776.682    79069689.281       -3449.164          47.000  
R21  16216914.446    86780015.697        1038.539          52.000    16216906.649    67495507.688         807.646          47.000  
E34  20678894.760   108668401.689         666.524          48.000    20678893.724    83265420.695         510.690          49.000  
E18  24290256.932   127646183.074       -1593.111          42.000    24290256.333    97806797.469       -1220.683          47.000  
G28  20262141.557   106478302.937        -876.924          46.000    20262136.181    82970073.146        -683.394          42.000  
E15  24454395.065   128508742.135        1655.945          41.000    24454395.901    98467740.521        1268.652          44.000  
E09  22152859.830   116414173.321       -2958.684          46.000    22152858.630    89200522.194       -2267.077          48.000  
G21  16311973.543    85720146.568       -1392.280          48.000                                                                  
G17  19570377.198   102843022.652        1623.007          44.000    19570371.138    80137403.068        1264.489          40.000  
G02  16603026.157    87249580.767        -487.849          46.000                                                                  
G08  19469935.807   102315236.235       -4282.381          42.000    19469933.193    79726134.289       -3337.067          39.000  
G31  20023476.002   105224116.226         641.171          45.000    20023470.109    81992795.937         499.601          39.000  
E11  23478717.168   123381485.010       -2966.449          31.000    23478716.877    94539345.111       -2272.940          38.000  
G03  17976108.484    94465167.307         -75.745          48.000    17976103.500    73609283.155         -59.136          45.000  
G04  18144153.883    95348228.454        1956.213          45.000    18144147.784    74297331.374        1524.210          38.000  
> 2024 06 08 08 42 30.4890000  0 27                     
G09  21423303.950   112580248.360        2741.875          43.000    21423302.345    87724863.917        2136.543          40.000  
E03  22320084.752   117292862.215        1719.618          42.000    22320083.463    89873792.473        1317.952          47.000  
E06  21317866.865   112026241.657       -2792.601          44.000                                                                  
R20  16854737.058    90129844.767       -3123.644          42.000    16854732.655    70101059.028       -2429.466          40.000  
R22  19815600.784   105777008.233        3237.241          47.000    19815594.825    82270912.877        2517.834          44.000  
R06  16158639.697    86225583.949       -1325.171          39.000                                                                  
R07  18085444.140    96812826.401        1780.568          50.000    18085437.232    75298931.115        1384.767          46.000  
E30  25554449.752   134289533.371       -2642.176          36.000    25554454.382   102897165.670       -2024.493          40.000  
S31  35295573.699   185479562.929        -799.852          46.000  
S33  36286089.878   190684745.114        -798.995          41.000  
E05  18446810.688    96938713.938        -452.704          45.000    18446810.995    74277749.842        -347.127          50.000  
E36  20726827.390   108920453.663       -1574.042          45.000    20726827.475    83458596.734       -1206.166          50.000  
R05  19042683.156   101794138.215       -4439.503          47.000    19042678.110    79173222.054       -3452.996          47.000  
R21  16211158.807    86749217.690        1014.516          52.000    16211150.830    67471553.670         789.040          47.000  
E34  20675114.608   108648537.083         657.688          48.000    20675113.644    83250199.758         503.958          49.000  
E18  24299362.486   127694032.831       -1596.761          43.000    24299361.787    97843461.564       -1223.729          47.000  
G28  20267209.538   106504931.451        -898.311          46.000    20267202.839    82990822.636        -699.835          42.000  
E15  24444948.004   128459096.087        1654.262          42.000    24444948.338    98429700.065        1267.357          44.000  
E09  22169781.919   116503100.164       -2969.864          45.000    22169780.983    89268660.920       -2275.423          48.000  
G21  16319988.618    85762265.002       -1415.574          48.000                                                                  
G17  19561168.654   102794637.841        1602.611          44.000    19561164.420    80099700.642        1248.607          41.000  
G02  16605871.425    87264531.017        -508.887          46.000                                                                  
G08  19494409.036   102443844.020       -4291.286          42.000    19494405.499    79826348.151       -3344.016          37.000  
G31  20019859.736   105205108.390         626.000          45.000    20019853.241    81977984.638         487.636          40.000  
E11  23495675.426   123470617.167       -2976.104          29.000    23495677.997    94607641.154       -2280.054          38.000  
G03  17976566.180    94467572.642         -84.469          48.000    17976561.183    73611157.449         -65.786          45.000  
G04  18133033.921    95289793.920        1939.437          44.000    18133027.745    74251797.917        1511.270          40.000  
> 2024 06 08 08 43 00.4890000  0 27                     
G09  21407673.950   112498111.277        2734.064          40.000    21407671.934    87660861.029        2130.498          39.000  
E03  22310298.084   117241436.250        1709.026          42.000    22310297.094    89834388.208        1309.553          46.000  
E06  21333845.546   112110208.586       -2804.789          44.000                                                                  
R20  16872328.919    90223917.799       -3147.912          42.000    16872324.032    70174226.904       -2448.146          40.000  
R22  19797422.870   105679977.470        3231.825          46.000    19797417.544    82195444.504        2513.530          44.000  
R06  16166150.316    86265662.299       -1346.539          38.000                                                                  
R07  18075518.997    96759695.748        1761.874          49.000    18075512.182    75257607.332        1370.409          46.000  
E30  25569549.931   134368885.669       -2647.549          37.000    25569554.802   102957968.068       -2028.260          41.000  
S31  35300152.137   185503623.323        -803.886          46.000  
S33  36290662.597   190708773.772        -802.741          41.000  
E05  18449445.487    96952558.030        -469.404          45.000    18449445.574    74288357.651        -359.740          50.000  
E36  20735851.154   108967870.989       -1586.505          45.000    20735850.609    83494929.480       -1215.671          50.000  
R05  19067613.029   101927401.136       -4444.199          47.000    19067607.763    79276870.977       -3456.571          47.000  
R21  16205538.306    86719142.823         990.846          52.000    16205530.475    67448162.112         770.625          47.000  
E34  20671386.026   108628940.393         649.147          48.000    20671384.481    83235184.116         497.431          49.000  
E18  24308491.257   127742004.086       -1600.550          43.000    24308490.314    97880218.758       -1226.514          47.000  
G28  20272398.298   106532199.283        -919.161          46.000    20272391.852    83012070.313        -716.145          42.000  
E15  24435510.998   128409506.830        1652.432          41.000    24435511.633    98391703.126        1266.108          44.000  
E09  22186766.899   116592359.073       -2980.448          45.000    22186766.239    89337054.115       -2283.694          47.000  
G21  16328137.287    85805088.043       -1438.748          48.000                                                                  
G17  19552078.541   102746867.864        1582.540          45.000    19552074.103    80062477.300        1233.289          41.000  
G02  16608838.029    87280113.672        -529.635          47.000                                                                  
G08  19518932.306   102572715.933       -4299.840          41.000    19518929.415    79926767.801       -3350.264          38.000  
G31  20016330.198   105186560.022         611.069          45.000    20016323.821    81963531.360         476.171          40.000  
E11  23512693.388   123560036.277       -2984.947          30.000    23512693.959    94676157.098       -2287.203          39.000  
G03  17977073.827    94470242.533         -92.976          47.000    17977069.505    73613237.905         -72.400          45.000  
G04  18122013.046    95231873.699        1922.444          45.000    18122007.149    74206665.284        1498.191          41.000  
> 2024 06 08 08 43 30.4890000  0 27                     
G09  21392079.492   112416162.908        2729.276          43.000    21392076.561    87597005.168        2126.479          37.000  
E03  22300565.656   117190295.273        1700.600          41.000    22300565.584    89795202.299        1303.098          46.000  
E06  21349884.974   112194498.255       -2814.354          44.000                                                                  
R20  16890048.429    90318674.837       -3169.121          41.000    16890044.128    70247926.859       -2465.209          40.000  
R22  19779269.048   105583072.166        3228.859          47.000    19779263.968    82120073.782        2511.217          44.000  
R06  16173770.097    86306322.328       -1363.961          39.000                                                                  
R07  18065690.072    96707084.413        1745.753          49.000    18065682.641    75216687.464        1357.953          44.000  
E30  25584672.904   134448355.032       -2650.141          38.000    25584677.259   103018860.219       -2030.715          40.000  
S31  35304745.408   185527760.569        -805.111          46.000  
S33  36295249.452   190732878.686        -804.180          41.000  
E05  18452166.949    96966856.813        -483.452          46.000    18452166.681    74299313.862        -370.402          50.000  
E36  20744937.144   109015621.145       -1596.560          44.000    20744937.350    83531517.265       -1223.331          50.000  
R05  19092559.861   102060757.731       -4446.233          47.000    19092555.031    79380592.759       -3458.157          47.000  
R21  16200043.414    86689741.596         969.489          51.000    16200036.443    67425294.508         754.021          47.000  
E34  20667698.135   108609561.242         643.093          48.000    20667696.756    83220335.164         492.669          49.000  
E18  24317632.980   127790044.660       -1601.835          43.000    24317632.020    97917029.054       -1227.312          47.000  
G28  20277698.632   106560055.388        -937.715          45.000    20277692.462    83033776.370        -730.685          41.000  
E15  24426075.059   128359923.351        1653.562          41.000    24426076.000    98353710.625        1266.686          44.000  
E09  22203805.210   116681896.597       -2988.653          45.000    22203804.847    89405660.779       -2289.905          48.000  
G21  16336410.552    85848564.342       -1459.335          47.000                                                                  
G17  19543096.747   102699663.376        1564.699          45.000    19543091.087    80025694.590        1219.052          42.000  
G02  16611914.499    87296278.459        -547.874          48.000                                                                  
G08  19543495.727   102701797.057       -4305.287          40.000    19543493.169    80027350.454       -3355.067          39.000  
G31  20012878.947   105168421.917         598.366          46.000    20012872.628    81949397.775         466.257          40.000  
E11  23529753.699   123649690.339       -2991.603          29.000    23529754.611    94744853.050       -2292.557          39.000  
G03  17977621.898    94473124.503         -98.919          47.000    17977617.873    73615483.601         -77.217          45.000  
G04  18111079.825    95174417.810        1908.127          45.000    18111073.956    74161894.495        1487.003          42.000  
> 2024 06 08 08 44 00.4890000  0 27                     
G09  21376508.824   112334339.440        2725.657          42.000    21376505.281    87533246.611        2124.491          35.000  
E03  22290875.473   117139374.553        1694.169          41.000    22290875.614    89756185.162        1298.204          46.000  
E06  21365973.266   112279043.149       -2821.831          44.000                                                                  
R20  16907882.646    90414047.436       -3188.849          40.000    16907879.582    70322105.531       -2479.906          40.000  
R22  19761127.693   105486228.893        3227.687          48.000    19761121.950    82044751.198        2510.378          45.000  
R06  16181485.784    86347494.451       -1380.258          39.000                                                                  
R07  18055947.186    96654926.804        1731.705          49.000    18055937.644    75176120.484        1346.768          44.000  
E30  25599805.330   134527873.895       -2650.760          37.000    25599808.830   103079790.262       -2031.008          38.000  
S31  35309340.521   185551908.139        -804.541          46.000  
S33  36299838.793   190756993.782        -803.055          41.000  
E05  18454962.173    96981544.098        -495.391          46.000    18454961.761    74310567.764        -379.624          50.000  
E36  20754073.966   109063638.981       -1604.505          44.000    20754074.909    83568310.144       -1229.397          50.000  
R05  19117511.938   102194138.341       -4446.035          48.000    19117506.553    79484333.225       -3457.885          47.000  
R21  16194663.103    86660950.587         950.088          51.000    16194656.021    67402901.505         738.832          47.000  
E34  20664039.444   108590335.227         638.937          48.000    20664038.358    83205603.549         489.615          50.000  
E18  24326775.309   127838088.328       -1600.974          43.000    24326774.475    97953841.722       -1226.761          47.000  
G28  20283098.945   106588434.581        -954.042          45.000    20283093.104    83055890.064        -743.502          42.000  
E15  24416628.046   128310280.649        1656.221          40.000    24416629.147    98315672.712        1268.931          44.000  
E09  22220883.676   116771645.173       -2994.513          44.000    22220883.167    89474429.163       -2294.336          47.000  
G21  16344795.771    85892628.599       -1478.015          47.000                                                                  
G17  19534209.823   102652960.996        1549.119          45.000    19534203.663    79989303.093        1206.867          41.000  
G02  16615089.626    87312960.732        -564.094          48.000                                                                  
G08  19568086.341   102831018.444       -4309.110          41.000    19568083.543    80128042.428       -3357.640          40.000  
G31  20009493.419   105150630.578         587.841          46.000    20009487.216    81935534.400         458.051          40.000  
E11  23546848.040   123739513.150       -2996.145          30.000    23546847.284    94813678.285       -2295.968          39.000  
G03  17978198.053    94476152.129        -102.693          47.000    17978193.922    73617842.800         -80.108          45.000  
G04  18100222.555    95117362.342        1895.721          45.000    18100216.670    74117435.769        1477.123          42.000  
> 2024 06 08 08 44 30.4890000  0 27                     
G09  21360951.555   112252588.456        2724.382          42.000    21360947.855    87469544.564        2122.515          37.000  
E03  22281217.622   117088620.969        1689.451          41.000    22281217.629    89717296.073        1294.447          46.000  
E06  21382099.443   112363787.419       -2827.701          45.000                                                                  
R20  16925823.038    90509979.110       -3206.469          41.000    16925819.754    70396719.081       -2494.096          41.000  
R22  19742986.438   105389395.641        3228.175          46.000    19742982.365    81969436.509        2510.662          46.000  
R06  16189286.939    86389121.449       -1394.746          39.000                                                                  
R07  18046278.556    96603168.558        1719.087          51.000    18046269.455    75135864.075        1336.946          46.000  
E30  25614936.979   134607385.870       -2649.831          32.000    25614939.271   103140715.040       -2030.654          33.000  
S31  35313927.332   185576011.757        -802.169          46.000  
S33  36304419.230   190781065.612        -801.172          41.000  
E05  18457820.646    96996565.284        -505.753          46.000    18457820.349    74322077.515        -387.566          51.000  
E36  20763251.542   109111870.831       -1610.769          43.000    20763252.971    83605267.029       -1234.281          50.000  
R05  19142456.994   102327485.074       -4443.760          49.000    19142451.880    79588047.352       -3456.259          47.000  
R21  16189386.745    86632717.924         932.253          51.000    16189379.576    67380942.770         725.038          46.000  
E34  20660400.016   108571209.530         636.340          48.000    20660398.894    83190948.797         487.650          50.000  
E18  24335908.234   127886080.414       -1598.366          42.000    24335907.098    97990614.868       -1224.730          47.000  
G28  20288588.745   106617283.226        -968.779          45.000    20288582.576    83078369.545        -755.054          41.000  
E15  24407158.397   128260525.158        1660.625          39.000    24407160.924    98277548.413        1272.592          44.000  
E09  22237992.068   116861548.861       -2998.965          45.000    22237991.482    89543316.410       -2297.732          47.000  
G21  16353282.747    85937227.151       -1495.042          48.000                                                                  
G17  19525407.716   102606708.532        1534.780          43.000    19525401.699    79953262.222        1195.822          41.000  
G02  16618352.468    87330107.521        -578.710          48.000                                                                  
G08  19592691.890   102960322.698       -4311.055          41.000    19592689.903    80228798.960       -3359.075          39.000  
G31  20006164.134   105133134.098         578.851          46.000    20006157.463    81921900.793         450.882          40.000  
E11  23563962.147   123829450.105       -2998.913          31.000    23563961.925    94882590.982       -2298.268          39.000  
G03  17978792.187    94479270.484        -104.980          48.000    17978787.664    73620272.702         -81.794          44.000  
G04  18089430.980    95060654.846        1884.907          45.000    18089424.555    74073248.156        1468.954          41.000  
