     3.00           OBSERVATION DATA    M: Mixed            RINEX VERSION / TYPE
CONVBIN demo5 b34j                      20240609 013620 UTC PGM / RUN BY / DATE 
log: SAUC00CHL_R_20241601815_15M_30S_MO.ubx                 COMMENT             
format: u-blox UBX                                          COMMENT             
format: u-blox UBX                                          COMMENT             
log: SAUC00CHL_R_20241601815_15M_30S_MO.ubx                 COMMENT             
SAUC00CHL                                                   MARKER NAME         
                                                            MARKER NUMBER       
GEODETIC                                                    MARKER TYPE         
El Sauce            Obstech                                 OBSERVER / AGENCY   
UNKNOWN             UBLOX-ZED-F9P                           REC # / TYPE / VERS 
UNKNWOWN            TWIVSP6037L                             ANT # / TYPE        
  1813185.0000 -5195981.0000 -3216438.0000                  APPROX POSITION XYZ 
        0.0000        0.0000        0.0000                  ANTENNA: DELTA H/E/N
G    8 C1C L1C D1C S1C C2X L2X D2X S2X                      SYS / # / OBS TYPES 
R    8 C1C L1C D1C S1C C2C L2C D2C S2C                      SYS / # / OBS TYPES 
E    8 C1X L1X D1X S1X C7X L7X D7X S7X                      SYS / # / OBS TYPES 
S    4 C1C L1C D1C S1C                                      SYS / # / OBS TYPES 
  2024    06    08    18    15   00.0050000     GPS         TIME OF FIRST OBS   
  2024    06    08    18    29   30.0060000     GPS         TIME OF LAST OBS    
                                                            END OF HEADER       
> 2024 06 08 18 15 00.0050000  0 30                     
E08  26987086.117   141818031.8961      -3017.312          45.000    26987089.841   108665732.3801      -2311.838          47.000  
G23  26185609.519   137606266.5801        129.786          42.000    26185612.174   107225689.8591        101.415          43.000  
G12  25193945.008   132395114.4631       1939.429          43.000    25193953.982   103165525.0681       1511.127          39.000  
G30  26137971.025   137355862.7391      -3070.680          41.000    26137975.313   107030499.2121      -2392.824          36.000  
R13  21783163.577   116320884.0821      -1274.616          37.000    21783165.081    90472093.4211       -991.699          40.000  
R12  23193968.638   123898077.0101      -3214.220          49.000    23193967.163    96365446.9631      -2499.910          46.000  
R14  24266080.748   129351997.1451       1353.561          47.000    24266092.275   100607271.4021       1052.748          46.000  
R03  21615383.884   115708862.0901        794.475          50.000    21615379.927    89995856.8711        617.953          49.000  
R22  24923428.232   133042952.2021        951.010          43.000    24923429.590   103477901.3471        739.257          40.000  
R04  25241603.500   135167669.1841       3333.673          44.000    25241601.278   105130392.3051       2592.859          43.000  
G19  23004941.129   120892072.1131        568.003          46.000                                                                  
S31  40313881.184   211850791.6041       -741.371          45.000  
S33  41304368.360   217055779.1291       -743.118          41.000  
G17  23214173.769   121991583.8011       -610.736          46.000    23214171.481    95058496.2601       -475.892          41.000  
E02  29045033.195   152632723.9391      -3266.711          42.000    29045036.670   116952375.9041      -2503.494          44.000  
R02  21590694.918   115212060.0191      -3392.843          49.000    21590695.727    89609402.8751      -2638.979          46.000  
R23  25476441.000   136281795.2661       2568.561          35.000                                                                  
R01  25162380.789   134507185.7001      -5242.624          43.000    25162391.111   104616852.9851      -4077.503          33.000  
E18  23868497.280   125430074.1941      -4770.434          44.000    23868501.149    96108904.5211      -3655.184          49.000  
E21  30141767.472   158395985.9631       1676.866          39.000    30141791.382   121368436.4861       1284.703          40.000  
G13  21695521.814   114010783.5061      -1237.665          46.000                                                                  
G20  27009691.658   141936900.3951      -3358.065          35.000                                                                  
E07  24881782.349   130754698.1181       -650.114          46.000    24881785.783   100188678.0281       -498.177          50.000  
G14  24801559.016   130333200.4531      -3870.899          45.000    24801557.537   101558360.3611      -3016.282          43.000  
G05  25400019.807   133477749.0811      -3588.727          45.000    25400035.338   104008562.0331      -2796.271          42.000  
G22  22783667.768   119729175.4221      -2965.187          48.000                                                                  
G24  24756365.099   130095804.3881       1316.572          42.000    24756365.274   101373621.9861       1025.800          40.000  
G15  22471744.575   118089862.5061        477.246          47.000    22471742.371    92018135.9511        371.838          43.000  
E30  25476710.042   133881193.1341      -1986.212          45.000    25476713.020   102584401.4511      -1521.903          50.000  
E27  25889400.798   136049943.8991        396.745          46.000    25889406.550   104246204.8341        304.005          50.000  
> 2024 06 08 18 15 30.0050000  0 30                     
E08  27004328.546   141908641.296       -3023.856          44.000    27004332.316   108735160.278       -2316.952          47.000  
G23  26184911.150   137602592.373         114.502          43.000    26184913.357   107222826.811          89.287          43.000  
G12  25182891.356   132337032.409        1932.318          42.000    25182900.668   103120267.118        1505.310          38.000  
G30  26155499.249   137447974.958       -3070.992          41.000    26155503.876   107102274.859       -2392.735          35.000  
R13  21790343.848   116359218.113       -1281.573          38.000    21790343.286    90501908.736        -996.651          40.000  
R12  23212016.161   123994483.704       -3213.403          49.000    23212014.891    96440429.932       -2499.220          46.000  
R14  24258479.664   129311481.815        1346.924          46.000    24258490.168   100575760.014        1047.540          45.000  
R03  21610996.802   115685374.405         770.856          50.000    21610992.597    89977588.696         599.538          49.000  
R22  24918125.514   133014643.389         935.543          44.000    24918127.080   103455883.500         727.862          42.000  
R04  25222943.953   135067744.554        3327.509          45.000    25222940.728   105052673.226        2587.995          42.000  
G19  23001741.687   120875262.791         552.167          45.000                                                                  
S31  40318107.613   211873001.238        -739.782          45.000  
S33  41308605.875   217078047.000        -741.610          40.000  
G17  23217713.387   122010182.550        -629.724          47.000    23217710.651    95072988.883        -490.539          41.000  
E02  29063674.243   152730683.310       -3263.991          41.000    29063677.791   117027435.567       -2501.140          44.000  
R02  21609823.364   115314138.220       -3412.872          48.000    21609824.850    89688796.934       -2654.576          45.000  
R23  25462030.994   136204718.859        2569.184          36.000                                                                  
R01  25191803.848   134664464.093       -5242.926          44.000    25191814.344   104739179.868       -4077.551          34.000  
E18  23895774.535   125573418.721       -4786.353          43.000    23895778.491    96218740.017       -3667.683          49.000  
E21  30132201.494   158345715.396        1674.007          38.000    30132226.135   121329917.100        1282.737          41.000  
G13  21702630.843   114048141.134       -1253.499          46.000                                                                  
G20  27028834.217   142037493.923       -3348.439          35.000                                                                  
E07  24885522.367   130774353.431        -660.704          46.000    24885526.063   100203738.567        -506.182          50.000  
G14  24823656.574   130449324.014       -3871.213          45.000    24823655.237   101648846.217       -3016.750          43.000  
G05  25420507.009   133585403.986       -3588.794          46.000    25420522.477   104092448.468       -2796.741          42.000  
G22  22800618.846   119818255.090       -2973.918          48.000                                                                  
G24  24748843.911   130056274.413        1318.190          42.000    24748841.837   101342819.438        1027.171          40.000  
G15  22469060.543   118075755.505         462.720          47.000    22469057.985    92007143.470         360.529          43.000  
E30  25488062.435   133940848.950       -1991.330          46.000    25488065.496   102630111.705       -1525.785          50.000  
E27  25887157.205   136038150.797         389.145          46.000    25887162.190   104237168.651         298.170          50.000  
> 2024 06 08 18 16 00.0050000  0 30                     
E08  27021610.414   141999461.659       -3031.598          43.000    27021614.907   108804749.820       -2322.746          47.000  
G23  26184302.225   137599388.939          98.262          43.000    26184303.836   107220330.557          76.727          42.000  
G12  25171882.613   132279181.462        1924.072          41.000    25171891.512   103075189.245        1499.113          39.000  
G30  26173033.528   137540118.385       -3072.564          40.000    26173037.834   107174074.848       -2394.048          34.000  
R13  21797562.483   116397760.224       -1288.670          38.000    21797561.198    90531885.950       -1002.611          40.000  
R12  23230060.563   124090873.705       -3213.327          49.000    23230059.208    96515399.927       -2499.377          46.000  
R14  24250917.267   129271180.245        1339.181          45.000    24250928.038   100544414.858        1041.589          45.000  
R03  21606743.566   115662609.337         746.231          50.000    21606740.148    89959882.542         580.324          49.000  
R22  24912910.790   132986808.360         919.199          44.000    24912912.364   103434234.230         714.847          43.000  
R04  25204322.708   134968019.896        3320.178          46.000    25204317.968   104975109.655        2582.147          42.000  
G19  22998636.423   120858947.355         534.976          44.000                                                                  
S31  40322327.994   211895180.703        -739.325          45.000  
S33  41312837.605   217100284.482        -741.949          40.000  
G17  23221362.303   122029357.428        -649.376          47.000    23221359.049    95087930.469        -505.905          41.000  
E02  29082303.340   152828579.273       -3262.679          41.000    29082307.078   117102446.667       -2500.066          45.000  
R02  21629067.596   115416826.967       -3433.677          49.000    21629069.287    89768665.842       -2670.745          47.000  
R23  25447622.386   136127611.3121       2568.775          38.000                                                                  
R01  25221232.077   134821771.098       -5244.599          44.000    25221244.216   104861529.030       -4078.595          34.000  
E18  23923145.846   125717259.488       -4803.515          42.000    23923150.464    96328955.705       -3680.598          49.000  
E21  30122653.301   158295538.899        1670.490          39.000    30122677.718   121291469.775        1279.979          41.000  
G13  21709832.467   114085982.478       -1270.110          46.000                                                                  
G20  27047924.668   142137815.194       -3340.913          35.000                                                                  
E07  24889324.872   130794335.719        -672.096          46.000    24889328.760   100219049.656        -515.039          51.000  
G14  24845758.383   130565470.103       -3872.457          44.000    24845757.322   101739349.609       -3017.584          43.000  
G05  25440996.537   133693068.217       -3589.581          46.000    25441010.540   104176342.184       -2796.960          42.000  
G22  22817622.576   119907608.447       -2983.678          48.000                                                                  
G24  24741313.953   130016703.841        1319.301          42.000    24741312.531   101311985.308        1027.847          41.000  
G15  22466461.186   118062095.515         447.345          46.000    22466458.967    91996499.315         348.615          44.000  
E30  25499447.018   134000671.951       -1997.531          47.000    25499449.671   102675950.077       -1530.583          51.000  
E27  25884959.314   136026598.144         380.390          47.000    25884963.494   104228316.710         291.517          50.000  
> 2024 06 08 18 16 30.0050000  0 30                     
E08  27038938.671   142090526.947       -3039.806          43.000    27038944.292   108874527.046       -2329.172          48.000  
G23  26183788.196   137596691.438          81.161          42.000    26183790.207   107218228.600          63.104          41.000  
G12  25160924.248   132221597.362        1914.746          42.000    25160932.240   103030319.346        1491.975          39.000  
G30  26190580.416   137632328.120       -3074.902          40.000    26190584.447   107245926.531       -2396.972          33.000  
R13  21804825.610   116436543.712       -1296.924          37.000    21804825.087    90562050.849       -1008.809          42.000  
R12  23248107.902   124187280.905       -3214.127          48.000    23248107.141    96590383.280       -2499.845          46.000  
R14  24243403.665   129231127.599        1330.585          46.000    24243414.366   100513263.309        1034.847          41.000  
R03  21602634.136   115640605.022         720.427          51.000    21602629.394    89942768.048         560.400          49.000  
R22  24907792.257   132959486.249         901.836          45.000    24907794.203   103412983.949         701.385          42.000  
R04  25185744.878   134868534.738        3311.731          47.000    25185739.770   104897732.347        2576.129          42.000  
G19  22995632.802   120843162.419         516.989          45.000                                                                  
S31  40326549.254   211917363.516        -739.738          45.000  
S33  41317069.971   217122525.516        -741.650          40.000  
G17  23225127.428   122049144.025        -670.165          47.000    23225124.216    95103348.681        -522.089          41.000  
E02  29100926.500   152926445.718       -3261.952          42.000    29100930.727   117177435.118       -2499.281          45.000  
R02  21648431.963   115520158.423       -3455.417          49.000    21648434.214    89849034.599       -2687.458          47.000  
R23  25433218.576   136050558.302        2567.578          39.000                                                                  
R01  25250670.719   134979138.252       -5246.863          44.000    25250684.987   104983925.089       -4080.982          34.000  
E18  23950617.720   125861626.784       -4821.326          41.000    23950622.470    96439574.851       -3694.193          48.000  
E21  30113130.302   158245491.972        1665.856          40.000    30113154.848   121253121.739        1276.325          42.000  
G13  21717132.023   114124343.080       -1287.548          46.000                                                                  
G20  27066970.214   142237896.971       -3332.516          36.000                                                                  
E07  24893196.144   130814680.655        -684.355          46.000    24893200.280   100234638.616        -524.443          51.000  
G14  24867870.879   130681671.684       -3874.469          44.000    24867869.600   101829896.231       -3019.136          43.000  
G05  25461492.317   133800773.981       -3591.071          46.000    25461507.080   104260268.235       -2798.242          43.000  
G22  22834683.992   119997268.062       -2993.916          49.000                                                                  
G24  24733781.652   129977128.054        1318.964          42.000    24733782.479   101281147.150        1027.666          42.000  
G15  22463953.857   118048919.308         430.798          46.000    22463951.751    91986232.128         335.901          45.000  
E30  25510869.456   134060695.550       -2004.358          47.000    25510871.823   102721942.154       -1535.831          51.000  
E27  25882813.368   136015320.546         371.154          47.000    25882816.876   104219675.544         284.327          49.000  
> 2024 06 08 18 17 00.0050000  0 30                     
E08  27056319.183   142181862.375       -3049.717          43.000    27056325.074   108944511.260       -2336.857          48.000  
G23  26183375.236   137594526.268          62.724          42.000    26183376.684   107216541.402          48.611          39.000  
G12  25150021.656   132164307.243        1903.871          43.000    25150029.729   102985678.517        1483.523          39.000  
G30  26208145.873   137724630.513       -3079.199          41.000    26208148.777   107317850.332       -2398.941          33.000  
R13  21812136.358   116475594.5431      -1306.817          37.000    21812137.960    90592422.913       -1016.647          43.000  
R12  23266163.663   124283730.568       -3216.419          48.000    23266162.671    96665399.627       -2501.693          47.000  
R14  24235942.390   129191349.661        1320.539          46.000    24235951.362   100482325.403        1027.050          41.000  
R03  21598670.484   115619390.453         693.205          51.000    21598666.186    89926267.822         539.178          49.000  
R22  24902775.635   132932706.830         882.957          45.000    24902776.634   103392155.713         686.901          41.000  
R04  25167216.508   134769319.703        3301.846          45.000    25167211.135   104820565.135        2568.365          41.000  
G19  22992735.889   120827936.450         497.550          46.000                                                                  
S31  40330776.029   211939576.251        -742.049          46.000  
S33  41321307.937   217144796.327        -743.364          41.000  
G17  23229014.134   122069569.246        -692.437          46.000    23229011.602    95119264.533        -539.651          42.000  
E02  29119549.359   153024307.727       -3262.714          42.000    29119553.411   117252420.196       -2499.999          45.000  
R02  21667921.339   115624155.651       -3478.402          49.000    21667923.633    89929921.194       -2705.432          48.000  
R23  25418824.820   135973572.9221       2564.411          41.000                                                                  
R01  25280125.473   135136588.544       -5250.556          44.000    25280139.375   105106385.848       -4084.265          35.000  
E18  23978194.914   126006542.165       -4840.426          42.000    23978198.755    96550613.953       -3708.734          48.000  
E21  30103636.645   158195601.393        1659.703          41.000    30103661.047   121214893.478        1271.636          42.000  
G13  21724535.693   114163249.437       -1306.744          47.000                                                                  
G20  27085974.106   142337763.672       -3326.389          36.000                                                                  
E07  24897141.899   130835415.057        -698.293          46.000    24897146.274   100250526.003        -535.123          51.000  
G14  24889998.322   130797953.005       -3878.331          44.000    24889997.088   101920504.966       -3022.106          43.000  
G05  25482000.447   133908543.973       -3594.122          46.000    25482015.315   104344244.363       -2800.653          42.000  
G22  22851808.485   120087257.233       -3005.818          49.000                                                                  
G24  24726254.245   129937573.571        1317.395          42.000    24726255.456   101250325.548        1026.545          42.000  
G15  22461543.426   118036254.359         412.744          47.000    22461541.667    91976363.334         321.619          44.000  
E30  25522334.860   134120944.421       -2012.746          48.000    25522336.692   102768106.833       -1542.362          51.000  
E27  25880723.879   136004343.828         360.161          46.000    25880727.928   104211264.914         276.002          49.000  
> 2024 06 08 18 17 30.0050000  0 30                     
E08  27073757.804   142273502.782       -3060.071          44.000    27073763.810   109014729.168       -2344.646          48.000  
G23  26183072.869   137592929.489          43.273          42.000    26183071.721   107215297.070          33.942          38.000  
G12  25139183.254   132107347.624        1892.826          44.000    25139190.751   102941295.196        1474.956          40.000  
G30  26225734.635   137817061.531       -3083.703          39.000    26225737.892   107389874.444       -2402.607          33.000  
R13  21819506.941   116514945.118       -1316.763          38.000    21819506.714    90623028.871       -1024.203          42.000  
R12  23284233.546   124380257.497       -3219.030          48.000    23284233.096    96740476.094       -2503.740          47.000  
R14  24228539.211   129151882.111        1310.099          48.000    24228547.948   100451628.859        1019.165          43.000  
R03  21594862.373   115599004.364         665.388          51.000    21594857.920    89910411.951         517.450          49.000  
R22  24897867.541   132906509.767         863.107          44.000    24897868.606   103371780.416         671.304          42.000  
R04  25148745.554   134670415.368        3291.528          45.000    25148739.603   104743639.581        2560.164          39.000  
G19  22989952.963   120813307.071         477.367          46.000                                                                  
S31  40335015.837   211961855.500        -743.818          45.000  
S33  41325558.478   217167133.318        -746.197          40.000  
G17  23233029.030   122090669.574        -715.031          46.000    23233027.312    95135706.417        -557.123          42.000  
E02  29138178.020   153122200.136       -3263.782          42.000    29138181.754   117327428.574       -2500.729          45.000  
R02  21687541.943   115728851.986       -3501.713          50.000    21687543.867    90011351.539       -2723.589          48.000  
R23  25404452.630   135896685.839        2560.987          42.000                                                                  
R01  25309601.914   135294154.852       -5254.315          44.000    25309616.290   105228936.865       -4086.634          35.000  
E18  24005882.008   126152036.877       -4859.575          42.000    24005885.504    96662096.953       -3723.588          48.000  
E21  30094180.078   158145903.484        1652.991          41.000    30094203.999   121176812.802        1266.798          41.000  
G13  21732050.119   114202737.907       -1326.100          46.000                                                                  
G20  27104943.048   142437448.934       -3320.328          37.000                                                                  
E07  24901168.708   130856575.424        -712.648          46.000    24901173.089   100266739.777        -546.030          51.000  
G14  24912147.752   130914347.914       -3881.947          44.000    24912146.209   102011202.217       -3024.725          43.000  
G05  25502527.859   134016411.212       -3597.455          47.000    25502542.417   104428296.305       -2803.407          42.000  
G22  22869002.101   120177609.593       -3018.107          48.000                                                                  
G24  24718738.720   129898076.606        1315.335          43.000    24718739.004   101219548.782        1025.079          42.000  
G15  22459238.079   118024138.308         394.415          46.000    22459236.379    91966922.280         307.288          45.000  
E30  25533849.131   134181453.067       -2021.521          48.000    25533850.923   102814470.584       -1548.940          50.000  
E27  25878698.038   135993703.402         348.870          45.000    25878703.036   104203111.996         267.168          49.000  
> 2024 06 08 18 18 00.0050000  0 30                     
E08  27091258.966   142365466.849       -3071.061          44.000    27091264.450   109085195.079       -2353.100          48.000  
G23  26182881.646   137591920.852          23.350          44.000    26182880.274   107214511.047          18.387          39.000  
G12  25128410.164   132050739.164        1880.710          43.000    25128417.675   102897185.552        1465.421          40.000  
G30  26243351.724   137909640.985       -3088.944          38.000    26243354.946   107462014.213       -2407.177          32.000  
R13  21826935.916   116554620.3691      -1328.187          38.000    21826935.508    90653882.718       -1032.934          42.000  
R12  23302322.137   124476880.102       -3222.556          49.000    23302321.280    96815626.991       -2506.539          47.000  
R14  24221196.403   129112744.188        1298.752          48.000    24221205.239   100421188.718        1010.240          45.000  
R03  21591212.870   115579469.490         636.716          51.000    21591208.782    89895218.160         495.192          49.000  
R22  24893072.698   132880914.3621        842.582          44.000    24893073.845   103351876.180         655.351          42.000  
R04  25130337.529   134571845.772        3279.568          44.000    25130332.391   104666974.364        2550.890          41.000  
G19  22987286.049   120799295.805         456.368          46.000                                                                  
S31  40339271.350   211984219.046        -747.300          45.000  
S33  41329825.246   217189555.442        -749.250          40.000  
G17  23237176.472   122112464.805        -738.365          46.000    23237174.905    95152689.799        -575.521          43.000  
E02  29156815.823   153220141.489       -3265.864          42.000    29156819.416   117402474.466       -2502.333          45.000  
R02  21707295.282   115834263.840       -3525.863          49.000    21707297.342    90093338.400       -2742.387          48.000  
R23  25390102.651   135819926.484        2556.372          42.000                                                                  
R01  25339102.743   135451853.234       -5259.210          44.000    25339117.839   105351590.694       -4090.454          35.000  
E18  24033681.471   126298125.920       -4879.890          42.000    24033685.544    96774035.311       -3738.949          48.000  
E21  30084763.245   158096418.402        1645.870          40.000    30084787.908   121138895.247        1260.931          42.000  
G13  21739678.545   114242828.372       -1346.615          46.000                                                                  
G20  27123881.364   142536970.577       -3315.062          36.000                                                                  
E07  24905280.190   130878182.041        -727.927          46.000    24905284.730   100283295.495        -557.800          51.000  
G14  24934322.287   131030874.140       -3886.578          44.000    24934320.220   102102001.783       -3028.479          43.000  
G05  25523075.886   134124392.207       -3601.570          46.000    25523090.960   104512436.892       -2806.529          42.000  
G22  22886268.004   120268342.764       -3031.106          48.000                                                                  
G24  24711238.338   129858657.205        1312.431          44.000    24711237.012   101188832.479        1022.455          41.000  
G15  22457041.500   118012592.340         375.067          47.000    22457039.668    91957925.406         292.139          45.000  
E30  25545416.440   134242239.614       -2031.096          47.000    25545417.865   102861047.290       -1556.341          50.000  
E27  25876740.504   135983418.543         336.579          45.000    25876745.684   104195231.501         257.970          49.000  
> 2024 06 08 18 18 30.0050000  0 30                     
E08  27108823.508   142457763.095       -3082.251          45.000    27108828.156   109155915.491       -2361.589          49.000  
G23  26182802.999   137591509.918           3.687          43.000    26182803.644   107214190.782           2.790          40.000  
G12  25117706.046   131994491.894        1868.792          43.000    25117712.839   102853357.331        1456.091          40.000  
G30  26260999.057   138002378.404       -3093.959          38.000    26261002.584   107534277.033       -2409.965          33.000  
R13  21834425.921   116594615.947       -1338.434          38.000    21834425.854    90684990.365       -1041.192          43.000  
R12  23320429.209   124573606.716       -3226.005          49.000    23320428.679    96890858.758       -2509.112          47.000  
R14  24213917.229   129073944.868        1287.465          48.000    24213926.996   100391011.912        1001.383          46.000  
R03  21587724.602   115560796.767         607.771          51.000    21587720.843    89880694.948         472.708          50.000  
R22  24888394.687   132855941.591         821.947          44.000    24888395.802   103332453.055         639.528          42.000  
R04  25111994.869   134473624.538        3268.226          43.000    25111991.907   104590580.169        2541.889          44.000  
G19  22984739.543   120785914.175         435.377          46.000                                                                  
S31  40343544.871   212006677.968        -750.295          45.000  
S33  41334109.690   217212072.247        -752.555          40.000  
G17  23241457.477   122134964.763        -761.919          45.000    23241456.169    95170222.321        -593.754          43.000  
E02  29175464.186   153318140.212       -3267.756          42.000    29175467.957   117477564.310       -2503.717          45.000  
R02  21727183.800   115940397.394       -3549.792          48.000    21727186.628    90175886.601       -2761.093          47.000  
R23  25375778.561   135743308.818        2551.441          41.000                                                                  
R01  25368629.764   135609689.690       -5263.611          44.000    25368645.033   105474351.930       -4094.153          35.000  
E18  24061595.112   126444814.144       -4899.556          42.000    24061599.484    96886432.814       -3754.245          49.000  
E21  30075388.079   158047156.115        1638.536          38.000    30075413.679   121101148.398        1255.283          42.000  
G13  21747424.085   114283531.077       -1367.136          46.000                                                                  
G20  27142790.096   142636336.315       -3309.650          37.000                                                                  
E07  24909478.404   130900244.974        -743.188          46.000    24909483.019   100300200.856        -569.423          51.000  
G14  24956523.326   131147539.202       -3891.173          44.000    24956521.051   102192909.535       -3032.222          43.000  
G05  25543646.757   134232493.547       -3605.342          45.000    25543662.576   104596671.231       -2809.626          43.000  
G22  22903607.636   120359463.748       -3043.918          48.000                                                                  
G24  24703753.322   129819325.176        1309.539          43.000    24703752.341   101158184.234        1020.378          42.000  
G15  22454954.869   118001627.248         355.621          47.000    22454952.838    91949381.144         277.191          45.000  
E30  25557037.743   134303312.059       -2040.556          46.000    25557039.346   102907843.057       -1563.622          49.000  
E27  25874853.072   135973498.322         324.459          46.000    25874857.734   104187630.434         248.648          49.000  
> 2024 06 08 18 19 00.0060000  0 30                     
E08  27126454.132   142550408.632       -3094.251          44.000    27126458.041   109226903.539       -2370.878          49.000  
G23  26182840.497   137591711.870         -17.404          42.000    26182842.118   107214348.093         -13.724          40.000  
G12  25107073.266   131938619.693        1855.438          42.000    25107080.048   102809821.358        1445.659          40.000  
G30  26278680.378   138095292.194       -3100.713          39.000    26278684.196   107606677.401       -2416.603          33.000  
R13  21841979.827   116634960.8251      -1350.957          37.000    21841980.664    90716363.440       -1050.592          43.000  
R12  23338559.980   124670454.554       -3230.702          49.000    23338558.556    96966184.839       -2512.727          46.000  
R14  24206703.803   129035497.888        1275.034          47.000    24206714.105   100361109.092         991.779          44.000  
R03  21584400.778   115543003.904         577.755          51.000    21584396.667    89866856.065         449.503          50.000  
R22  24883835.193   132831605.292         799.791          44.000    24883836.299   103313524.978         622.319          41.000  
R04  25093721.486   134375767.572        3255.040          45.000    25093718.978   104514469.303        2531.692          43.000  
G19  22982315.537   120773178.670         413.041          45.000                                                                  
S31  40347839.856   212029247.951        -754.790          45.000  
S33  41338415.598   217234699.320        -756.538          40.000  
G17  23245876.580   122158186.204        -786.613          46.000    23245874.913    95188317.034        -613.138          42.000  
E02  29194126.552   153416213.559       -3270.698          42.000    29194130.926   117552711.354       -2505.995          45.000  
R02  21747210.929   116047268.315       -3574.920          49.000    21747213.989    90259008.312       -2780.566          47.000  
R23  25361483.837   135666849.549        2545.367          42.000                                                                  
R01  25398186.021   135767681.321       -5269.006          43.000    25398200.867   105597233.879       -4097.892          35.000  
E18  24089625.909   126592116.916       -4920.473          42.000    24089630.317    96999301.187       -3770.197          49.000  
E21  30066059.556   157998130.644        1629.590          37.000    30066085.743   121063582.972        1248.843          43.000  
G13  21755289.640   114324862.874       -1388.715          47.000                                                                  
G20  27161671.601   142735562.385       -3305.404          36.000                                                                  
E07  24913767.469   130922780.663        -759.614          46.000    24913771.259   100317468.446        -581.988          51.000  
G14  24978753.509   131264360.112       -3896.932          44.000    24978751.650   102283938.727       -3036.599          43.000  
G05  25564243.813   134340730.836       -3610.480          45.000    25564259.833   104681011.497       -2813.263          42.000  
G22  22921023.937   120450987.926       -3057.976          48.000                                                                  
G24  24696287.471   129780094.674        1305.457          43.000    24696287.773   101127615.102        1017.228          43.000  
G15  22452981.738   117991259.587         335.088          47.000    22452979.593    91941302.435         261.045          45.000  
E30  25568716.597   134364685.963       -2051.108          46.000    25568718.444   102954869.799       -1571.712          49.000  
E27  25873037.902   135963957.101         311.199          46.000    25873042.093   104180319.759         238.524          49.000  
> 2024 06 08 18 19 30.0060000  0 30                     
E08  27144153.439   142643419.587       -3106.761          43.000    27144157.434   109298171.558       -2380.479          48.000  
G23  26183000.792   137592550.139         -38.751          44.000    26183001.080   107215001.235         -29.980          39.000  
G12  25096515.952   131883150.296        1842.229          41.000    25096524.021   102766599.308        1435.367          40.000  
G30  26296397.951   138188399.480       -3107.074          38.000    26296402.648   107679228.510       -2421.398          33.000  
R13  21849599.736   116675657.680       -1362.847          36.000    21849601.090    90748016.531       -1059.852          42.000  
R12  23356715.448   124767439.312       -3235.332          49.000    23356714.699    97041617.376       -2516.251          46.000  
R14  24199562.662   128997428.316        1262.765          45.000    24199572.415   100331499.889         982.070          46.000  
R03  21581246.260   115526117.913         547.540          51.000    21581242.203    89853722.520         425.967          49.000  
R22  24879400.410   132807933.987         777.777          44.000    24879402.333   103295114.117         604.972          43.000  
R04  25075523.238   134278309.476        3241.819          47.000    25075520.397   104438668.577        2521.413          43.000  
G19  22980019.345   120761114.996         390.709          45.000                                                                  
S31  40352159.747   212051949.178        -759.105          45.000  
S33  41342746.846   217257459.634        -761.528          40.000  
G17  23250437.157   122182150.922        -811.332          46.000    23250434.870    95206990.882        -632.188          42.000  
E02  29212806.468   153514377.330       -3273.766          42.000    29212810.956   117627927.673       -2508.510          45.000  
R02  21767380.931   116154889.253       -3600.055          51.000    21767382.734    90342713.373       -2799.984          48.000  
R23  25347226.285   135590581.841        2538.737          43.000                                                                  
R01  25427772.011   135925837.239       -5274.745          43.000    25427787.387   105720243.677       -4102.508          35.000  
E18  24117775.615   126740043.114       -4941.453          42.000    24117779.931    97112647.255       -3786.273          49.000  
E21  30056781.981   157949369.027        1620.598          39.000    30056806.984   121026219.744        1241.951          43.000  
G13  21763278.489   114366844.462       -1410.356          47.000                                                                  
G20  27180530.434   142834663.217       -3301.394          37.000                                                                  
E07  24918150.556   130945811.480        -776.199          46.000    24918153.760   100335115.416        -594.664          50.000  
G14  25001015.707   131381350.556       -3902.768          44.000    25001014.317   102375100.027       -3041.035          43.000  
G05  25584869.100   134449117.236       -3615.594          44.000    25584885.477   104765468.028       -2817.316          42.000  
G22  22938520.180   120542930.436       -3071.901          48.000                                                                  
G24  24688846.856   129740992.018        1301.187          43.000    24688847.852   101097145.581        1014.083          44.000  
G15  22451127.486   117981514.705         314.145          47.000    22451124.699    91933708.992         244.982          45.000  
E30  25580456.557   134426379.127       -2061.831          46.000    25580458.433   103002141.188       -1579.885          49.000  
E27  25871299.391   135954818.376         297.753          47.000    25871303.108   104173317.500         228.177          49.000  
> 2024 06 08 18 20 00.0060000  0 30                     
E08  27161924.378   142736810.069       -3119.410          43.000    27161928.791   109369730.377       -2390.259          48.000  
G23  26183285.058   137594036.849         -60.897          44.000    26183282.865   107216159.606         -47.140          39.000  
G12  25086039.285   131828094.902        1828.021          42.000    25086046.048   102723699.787        1424.288          40.000  
G30  26314155.144   138281715.648       -3114.260          37.000    26314160.071   107751942.347       -2426.680          32.000  
R13  21857287.431   116716713.2171      -1375.264          36.000    21857290.782    90779958.725       -1069.919          40.000  
R12  23374899.852   124864575.102       -3240.596          49.000    23374898.044    97117167.428       -2520.305          46.000  
R14  24192494.004   128959746.344        1249.386          48.000    24192502.156   100302192.155         971.780          47.000  
R03  21578263.969   115510152.645         516.580          52.000    21578260.098    89841305.069         401.892          49.000  
R22  24875094.090   132784942.328         754.712          45.000    24875095.491   103277231.867         586.877          44.000  
R04  25057399.813   134181262.959        3227.572          45.000    25057398.477   104363187.992        2510.218          45.000  
G19  22977854.127   120749736.588         367.627          45.000                                                                  
S31  40356507.091   212074795.453        -764.165          45.000  
S33  41347105.430   217280363.562        -765.935          40.000  
G17  23255141.715   122206871.724        -836.940          47.000    23255139.194    95226253.894        -651.964          42.000  
E02  29231506.837   153612645.764       -3277.407          42.000    29231510.797   117703224.214       -2511.458          45.000  
R02  21787693.057   116263272.906       -3625.811          52.000    21787694.285    90427011.651       -2819.978          48.000  
R23  25333007.027   135514505.9431       2531.798          43.000                                                                  
R01  25457392.097   136084171.389       -5280.966          43.000    25457406.996   105843392.145       -4107.406          35.000  
E18  24146045.892   126888605.083       -4962.766          41.000    24146050.317    97226480.458       -3802.716          49.000  
E21  30047554.680   157900882.162        1611.308          38.000    30047580.815   120989067.058        1234.624          43.000  
G13  21771393.828   114409489.612       -1432.791          47.000                                                                  
G20  27199368.241   142933652.433       -3298.009          37.000                                                                  
E07  24922630.411   130969350.830        -793.357          47.000    24922633.211   100353152.029        -607.896          51.000  
G14  25023313.431   131498524.513       -3909.097          44.000    25023311.442   102466404.346       -3046.156          42.000  
G05  25605525.544   134557665.075       -3621.301          44.000    25605542.211   104850050.315       -2821.716          41.000  
G22  22956097.742   120635303.611       -3086.447          48.000                                                                  
G24  24681432.958   129702028.327        1296.101          44.000    24681433.800   101066784.339        1010.087          44.000  
G15  22449394.023   117972405.573         292.702          46.000    22449391.293    91926610.958         227.924          45.000  
E30  25592259.434   134488404.136       -2073.010          46.000    25592261.562   103049666.877       -1588.618          50.000  
E27  25869639.038   135946093.430         283.826          47.000    25869643.207   104166632.296         217.340          50.000  
> 2024 06 08 18 20 30.0060000  0 30                     
E08  27179770.260   142830594.629       -3133.100          42.000    27179775.278   109441591.132       -2400.642          48.000  
G23  26183693.580   137596187.500         -83.080          42.000    26183692.176   107217835.375         -64.575          40.000  
G12  25075644.097   131773469.736        1813.324          40.000    25075650.524   102681135.481        1413.046          41.000  
G30  26331955.317   138375256.302       -3122.202          37.000    26331960.498   107824831.152       -2433.949          31.000  
R13  21865052.601   116758167.293       -1388.782          36.000    21865053.044    90812200.793       -1080.124          40.000  
R12  23393114.172   124961876.048       -3246.463          49.000    23393112.902    97192845.905       -2524.937          46.000  
R14  24185499.407   128922467.181        1235.464          47.000    24185507.796   100273197.615         960.963          46.000  
R03  21575456.184   115495125.657         484.812          51.000    21575453.045    89829617.384         377.082          49.000  
R22  24870918.104   132762649.233         731.079          45.000    24870918.776   103259892.931         568.275          44.000  
R04  25039357.416   134084648.141        3212.854          45.000    25039356.508   104288043.232        2499.026          45.000  
G19  22975822.830   120739060.737         343.570          45.000                                                                  
S31  40360884.930   212097802.724        -770.083          45.000  
S33  41351494.480   217303428.556        -771.991          40.000  
G17  23259992.905   122232365.264        -862.964          46.000    23259990.380    95246119.060        -672.411          43.000  
E02  29250229.684   153711033.421       -3281.877          42.000    29250233.434   117778612.099       -2514.756          45.000  
R02  21808149.106   116372431.426       -3651.857          51.000    21808150.310    90511912.601       -2840.281          48.000  
R23  25318830.646   135438669.999        2523.612          43.000                                                                  
R01  25487047.286   136242695.897       -5287.616          43.000    25487062.484   105966688.746       -4112.262          35.000  
E18  24174438.826   127037813.715       -4984.782          41.000    24174443.517    97340809.149       -3819.414          49.000  
E21  30038384.783   157852686.155        1601.337          38.000    30038409.329   120952137.204        1227.068          42.000  
G13  21779638.278   114452814.472       -1455.748          47.000                                                                  
G20  27218186.476   143032543.523       -3295.015          36.000                                                                  
E07  24927209.691   130993414.845        -811.263          47.000    24927212.438   100371590.645        -621.526          51.000  
G14  25045648.819   131615895.582       -3916.071          45.000    25045646.396   102557862.255       -3051.515          43.000  
G05  25626214.903   134666386.807       -3627.484          44.000    25626230.963   104934768.165       -2826.282          42.000  
G22  22973760.014   120728120.810       -3101.648          48.000                                                                  
G24  24674047.697   129663219.553        1290.717          44.000    24674048.293   101036543.833        1005.835          44.000  
G15  22447784.610   117963949.631         270.646          46.000    22447782.380    91920021.915         210.819          45.000  
E30  25604127.924   134550775.039       -2085.126          47.000    25604130.565   103097457.578       -1597.768          50.000  
E27  25868059.995   135937797.400         269.132          47.000    25868064.601   104160275.715         206.239          50.000  
> 2024 06 08 18 21 00.0060000  0 30                     
E08  27197695.044   142924789.667       -3146.729          42.000    27197699.809   109513766.410       -2411.096          47.000  
G23  26184230.810   137599019.572        -105.808          42.000    26184233.165   107220042.198         -82.467          41.000  
G12  25065332.174   131719292.787        1798.527          41.000    25065341.540   102638920.480        1401.304          41.000  
G30  26349800.861   138469039.004       -3130.241          36.000    26349806.316   107897908.527       -2439.018          30.000  
R13  21872890.000   116800022.0231      -1402.123          36.000    21872892.215    90844755.209       -1090.312          41.000  
R12  23411363.452   125059358.616       -3252.520          50.000    23411362.155    97268665.636       -2529.545          46.000  
R14  24178583.700   128885608.421        1221.481          46.000    24178593.013   100244530.067         950.198          45.000  
R03  21572828.320   115481057.108         452.924          51.000    21572825.055    89818675.162         352.382          49.000  
R22  24866876.431   132741075.743         707.269          44.000    24866877.559   103243113.713         549.737          44.000  
R04  25021400.399   133988486.638        3197.725          47.000    25021398.885   104213251.009        2487.111          43.000  
G19  22973928.770   120729106.722         319.635          46.000                                                                  
S31  40365296.769   212120986.677        -775.751          45.000  
S33  41355917.389   217326671.392        -777.275          40.000  
G17  23264994.354   122258649.327        -889.310          46.000    23264992.339    95266600.207        -693.038          43.000  
E02  29268978.231   153809556.751       -3286.491          43.000    29268981.781   117854103.965       -2517.964          45.000  
R02  21828752.557   116482378.957       -3678.097          51.000    21828754.651    90597427.214       -2860.668          49.000  
R23  25304700.152   135363081.899        2515.312          43.000                                                                  
R01  25516741.402   136401424.846       -5294.446          44.000    25516756.152   106090144.406       -4117.365          35.000  
E18  24202958.417   127187681.851       -5006.708          42.000    24202962.290    97455643.193       -3836.095          49.000  
E21  30029272.669   157804798.855        1591.245          39.000    30029297.087   120915443.945        1219.290          43.000  
G13  21788015.296   114496836.652       -1479.116          48.000                                                                  
G20  27236989.291   143131352.155       -3292.035          37.000                                                                  
E07  24931892.229   131018021.555        -829.232          47.000    24931895.054   100390445.101        -635.307          51.000  
G14  25068023.969   131733479.378       -3923.050          45.000    25068022.143   102649485.928       -3056.993          43.000  
G05  25646939.971   134775296.909       -3633.410          45.000    25646956.159   105019632.786       -2831.256          42.000  
G22  22991509.967   120821397.071       -3116.776          47.000                                                                  
G24  24666695.378   129624583.601        1285.077          45.000    24666695.531   101006437.965        1001.385          43.000  
G15  22446303.001   117956165.441         248.098          47.000    22446301.329    91913956.311         193.591          46.000  
E30  25616065.687   134613507.848       -2096.987          47.000    25616068.160   103145525.600       -1606.893          50.000  
E27  25866565.959   135929947.323         254.280          47.000    25866570.403   104154260.832         194.948          50.000  
> 2024 06 08 18 21 30.0060000  0 30                     
E08  27215696.424   143019389.409       -3159.771          42.000    27215701.455   109586251.806       -2421.063          47.000  
G23  26184898.606   137602528.377        -127.932          42.000    26184902.064   107222776.318         -99.825          42.000  
G12  25055107.518   131665560.481        1783.893          42.000    25055115.909   102597051.881        1389.885          41.000  
G30  26367692.977   138563059.262       -3137.589          36.000    26367697.925   107971171.001       -2444.900          30.000  
R13  21880804.010   116842272.379       -1415.076          37.000    21880804.681    90877616.563       -1100.439          41.000  
R12  23429644.869   125157016.851       -3257.791          50.000    23429643.746    97344622.027       -2533.771          46.000  
R14  24171746.829   128849164.175        1208.227          47.000    24171755.889   100216184.954         939.638          46.000  
R03  21570378.622   115467944.209         421.527          51.000    21570375.246    89808476.240         327.864          49.000  
R22  24862968.957   132720220.412         683.514          44.000    24862970.245   103226893.111         531.538          44.000  
R04  25003527.478   133892777.724        3183.062          46.000    25003525.270   104138810.718        2475.954          43.000  
G19  22972171.931   120719871.628         296.302          47.000                                                                  
S31  40369741.489   212144345.235        -781.050          45.000  
S33  41360373.241   217350086.705        -783.112          40.000  
G17  23270144.962   122285718.825        -914.972          45.000    23270143.449    95287693.361        -713.044          43.000  
E02  29287751.158   153908210.016       -3290.348          43.000    29287754.738   117929695.433       -2521.110          45.000  
R02  21849502.744   116593107.622       -3703.717          50.000    21849505.411    90683549.389       -2880.588          49.000  
R23  25290615.100   135287740.854        2507.500          41.000                                                                  
R01  25546471.324   136560349.740       -5300.336          43.000    25546487.983   106213752.520       -4122.693          36.000  
E18  24231601.285   127338200.170       -5027.733          43.000    24231604.826    97570975.438       -3852.363          49.000  
E21  30020219.281   157757216.180        1581.451          39.000    30020242.972   120878984.120        1211.658          43.000  
G13  21796524.311   114541551.754       -1501.594          48.000                                                                  
G20  27255773.309   143230071.630       -3288.634          36.000                                                                  
E07  24936676.843   131043166.836        -846.815          47.000    24936680.191   100409712.231        -648.839          51.000  
G14  25090438.385   131851269.363       -3929.334          45.000    25090436.932   102741270.263       -3061.760          43.000  
G05  25667698.851   134884387.670       -3639.044          44.000    25667715.460   105104638.180       -2835.443          42.000  
G22  23009346.096   120915125.299       -3131.379          48.000                                                                  
G24  24659374.772   129586116.178        1279.646          45.000    24659375.284   100976463.417         997.339          43.000  
G15  22444949.505   117949050.045         226.489          47.000    22444947.095    91908411.854         176.322          45.000  
E30  25628070.884   134676596.409       -2108.446          46.000    25628073.508   103193866.201       -1615.667          50.000  
E27  25865155.933   135922538.056         239.958          47.000    25865160.232   104148583.711         183.908          50.000  
> 2024 06 08 18 22 00.0060000  0 30                     
E08  27233768.197   143114356.062       -3170.998          43.000    27233772.997   109659018.344       -2429.554          46.000  
G23  26185689.142   137606677.086        -148.234          41.000    26185691.452   107226009.047        -115.648          41.000  
G12  25044958.706   131612236.413        1771.433          40.000    25044967.465   102555501.377        1380.328          41.000  
G30  26385622.370   138657280.461       -3143.775          37.000    26385628.393   108044590.086       -2450.010          31.000  
R13  21888781.252   116884856.1091      -1425.740          37.000    21888782.117    90910754.385       -1108.439          40.000  
R12  23447952.606   125254811.856       -3261.466          50.000    23447951.626    97420684.825       -2536.593          47.000  
R14  24164979.031   128813096.555        1196.607          46.000    24164989.667   100188132.769         930.528          46.000  
R03  21568101.992   115455751.537         391.782          52.000    21568097.485    89798993.036         304.717          50.000  
R22  24859189.423   132700049.002         661.784          44.000    24859190.929   103211204.465         514.525          44.000  
R04  24985732.621   133797488.018        3170.091          46.000    24985731.405   104064696.584        2465.692          45.000  
G19  22970544.469   120711320.272         274.343          46.000                                                                  
S31  40374212.253   212167838.703        -784.689          45.000  
S33  41364854.772   217373639.211        -786.814          40.000  
G17  23275438.893   122313537.693        -939.172          46.000    23275436.954    95309370.405        -731.759          43.000  
E02  29306541.394   154006955.395       -3292.300          42.000    29306545.406   118005357.452       -2522.729          44.000  
R02  21870391.923   116704575.814       -3727.283          51.000    21870394.620    90770246.766       -2899.067          49.000  
R23  25276570.321   135212614.283        2501.328          40.000                                                                  
R01  25576230.698   136719429.455       -5304.724          43.000    25576247.593   106337481.089       -4125.733          35.000  
E18  24260360.536   127489327.321       -5047.001          44.000    24260363.485    97686774.167       -3867.097          49.000  
E21  30011216.256   157709901.829        1573.270          40.000    30011239.869   120842729.937        1205.425          44.000  
G13  21805158.258   114586923.199       -1522.618          48.000                                                                  
G20  27274535.143   143328663.231       -3283.801          35.000                                                                  
E07  24941556.996   131068814.447        -862.590          46.000    24941560.945   100429364.255        -660.928          51.000  
G14  25112885.051   131969226.835       -3934.054          44.000    25112883.734   102833185.097       -3065.506          43.000  
G05  25688485.151   134993618.968       -3642.578          44.000    25688502.307   105189753.073       -2838.428          42.000  
G22  23027261.030   121009266.173       -3144.205          49.000                                                                  
G24  24652080.114   129547780.980        1276.435          45.000    24652080.242   100946591.877         994.452          43.000  
G15  22443716.513   117942567.784         206.076          47.000    22443713.589    91903360.714         160.834          46.000  
E30  25640136.347   134740002.435       -2118.095          46.000    25640139.018   103242450.024       -1622.899          50.000  
E27  25863822.784   135915532.380         227.565          47.000    25863826.735   104143215.818         174.383          50.000  
> 2024 06 08 18 22 30.0060000  0 30                     
E08  27251897.155   143209622.743       -3179.893          44.000    27251901.960   109732014.804       -2436.473          47.000  
G23  26186588.844   137611399.872        -166.499          41.000    26186588.838   107229689.086        -129.532          40.000  
G12  25034876.577   131559255.383        1760.927          42.000    25034884.632   102514218.196        1372.407          41.000  
G30  26403578.962   138751636.810       -3146.634          37.000    26403583.944   108118114.471       -2452.146          30.000  
R13  21896814.546   116927748.605       -1434.269          38.000    21896815.636    90944115.244       -1115.225          41.000  
R12  23466272.826   125352675.440       -3262.632          50.000    23466271.616    97496800.934       -2537.515          46.000  
R14  24158270.236   128777337.803        1187.479          46.000    24158281.004   100160320.758         923.708          45.000  
R03  21565983.635   115444413.939         364.246          51.000    21565979.623    89790174.904         283.373          49.000  
R22  24855526.585   132680497.613         642.011          44.000    24855527.644   103195998.059         499.258          44.000  
R04  24968004.899   133702554.536        3159.195          48.000    24968003.115   103990859.533        2457.107          46.000  
G19  22969034.634   120703388.453         254.613          46.000                                                                  
S31  40378696.334   212191402.777        -786.018          45.000  
S33  41369350.169   217397261.363        -788.413          40.000  
G17  23280862.891   122342040.205        -960.709          46.000    23280860.950    95331580.170        -748.694          43.000  
E02  29325337.178   154105726.124       -3292.238          42.000    29325340.763   118081038.905       -2522.603          44.000  
R02  21891406.580   116816713.604       -3748.518          51.000    21891408.739    90857464.924       -2915.347          49.000  
R23  25262554.116   135137639.476        2497.493          40.000                                                                  
R01  25606005.202   136878593.318       -5306.299          42.000    25606021.826   106461275.143       -4126.496          36.000  
E18  24289221.490   127640992.847       -5063.749          44.000    24289224.347    97802985.433       -3879.921          48.000  
E21  30002250.881   157662790.421        1567.615          40.000    30002275.298   120806631.319        1201.264          45.000  
G13  21813904.657   114632885.494       -1541.355          48.000                                                                  
G20  27293259.600   143427059.385       -3275.854          35.000                                                                  
E07  24946520.751   131094899.097        -876.149          46.000    24946524.796   100449351.156        -671.203          52.000  
G14  25135350.539   132087284.143       -3936.265          44.000    25135349.531   102925177.732       -3067.272          44.000  
G05  25709285.532   135102922.270       -3644.177          44.000    25709302.131   105274924.119       -2839.404          41.000  
G22  23045240.944   121103751.598       -3154.633          49.000                                                                  
G24  24644798.291   129509512.645        1275.125          45.000    24644798.230   100916772.430         993.532          43.000  
G15  22442591.015   117936654.576         188.261          47.000    22442588.455    91898753.037         146.622          46.000  
E30  25652249.929   134803658.616       -2125.404          46.000    25652252.202   103291225.551       -1628.653          49.000  
E27  25862553.353   135908864.004         217.278          47.000    25862557.306   104138106.381         166.610          49.000  
> 2024 06 08 18 23 00.0060000  0 30                     
E08  27270071.468   143305128.458       -3186.893          44.000    27270076.403   109805194.389       -2441.705          47.000  
G23  26187583.774   137616636.610        -182.332          42.000    26187583.587   107233769.646        -141.904          39.000  
G12  25024850.766   131506558.277        1752.382          43.000    25024855.682   102473156.260        1365.600          40.000  
G30  26421548.449   138846068.506       -3147.817          37.000    26421551.749   108191842.5671      -2452.900          31.000  
R13  21904889.959   116970883.7301      -1440.236          39.000    21904891.185    90977650.010       -1120.123          43.000  
R12  23484594.343   125450545.474       -3261.589          49.000    23484593.150    97572922.081       -2536.948          46.000  
R14  24151609.674   128741826.662        1180.315          45.000    24151618.996   100132701.419         917.984          47.000  
R03  21564014.046   115433871.946         338.759          52.000    21564010.314    89781975.557         263.487          49.000  
R22  24851969.010   132661508.438         624.141          44.000    24851970.588   103181228.936         485.480          44.000  
R04  24950332.534   133607920.257        3150.195          47.000    24950330.278   103917255.167        2449.958          44.000  
G19  22967631.665   120696017.950         237.049          46.000                                                                  
S31  40383182.280   212214977.192        -785.181          45.000  
S33  41373847.162   217420894.487        -786.730          41.000  
G17  23286405.684   122371166.922        -980.621          47.000    23286403.380    95354276.334        -764.061          43.000  
E02  29344126.005   154204461.212       -3289.749          42.000    29344129.682   118156693.057       -2520.733          44.000  
R02  21912534.949   116929456.170       -3767.429          51.000    21912536.801    90945153.487       -2930.208          48.000  
R23  25248554.632   135062754.8691       2494.994          41.000                                                                  
R01  25635784.027   137037776.560       -5305.665          43.000    25635800.939   106585084.357       -4126.477          35.000  
E18  24318172.649   127793132.228       -5078.462          44.000    24318175.441    97919559.782       -3891.182          48.000  
E21  29993313.271   157615822.522        1563.846          41.000    29993338.083   120770642.680        1198.451          45.000  
G13  21822751.779   114679378.766       -1558.014          48.000                                                                  
G20  27311935.181   143525198.418       -3266.136          35.000                                                                  
E07  24951555.798   131121361.387        -887.855          45.000    24951560.440   100469627.420        -680.093          51.000  
G14  25157823.568   132205379.501       -3936.371          44.000    25157822.481   103017200.009       -3067.304          44.000  
G05  25730087.175   135212234.997       -3643.237          44.000    25730103.462   105360102.536       -2838.556          41.000  
G22  23063274.719   121198519.170       -3162.885          49.000                                                                  
G24  24637516.986   129471251.714        1275.952          45.000    24637517.738   100886958.742         994.275          44.000  
G15  22441562.377   117931251.591         172.203          47.000    22441560.083    91894542.902         134.307          46.000  
E30  25664399.337   134867503.557       -2130.621          46.000    25664401.277   103340145.700       -1632.545          49.000  
E27  25861337.195   135902472.516         209.145          47.000    25861340.868   104133209.118         160.324          49.000  
> 2024 06 08 18 23 30.0060000  0 30                     
E08  27288281.026   143400820.130       -3191.983          43.000    27288286.298   109878516.462       -2445.892          48.000  
G23  26188668.282   137622335.355        -196.991          42.000    26188668.622   107238210.109        -153.225          39.000  
G12  25014865.538   131454093.462        1745.584          40.000    25014869.883   102432275.317        1360.365          39.000  
G30  26439522.618   138940523.703       -3148.210          37.000    26439526.288   108265443.949       -2453.289          32.000  
R13  21912997.063   117014168.804       -1444.799          40.000    21912996.879    91011316.179       -1123.625          42.000  
R12  23502906.614   125548367.611       -3259.091          49.000    23502905.994    97649005.931       -2534.947          46.000  
R14  24144983.795   128706509.893        1174.607          48.000    24144992.592   100105233.180         913.634          46.000  
R03  21562183.598   115424074.905         314.892          51.000    21562180.038    89774355.603         244.860          49.000  
R22  24848507.914   132643031.730         608.215          45.000    24848508.453   103166858.450         472.841          44.000  
R04  24932707.224   133513536.005        3142.774          47.000    24932703.140   103843845.230        2444.243          42.000  
G19  22966326.399   120689158.598         220.872          46.000                                                                  
S31  40387660.312   212238510.308        -782.852          45.000  
S33  41378336.095   217444484.303        -784.972          40.000  
G17  23292057.400   122400865.785        -998.669          47.000    23292054.932    95377418.314        -778.253          43.000  
E02  29362897.769   154303107.711       -3285.866          42.000    29362901.415   118232279.305       -2517.722          44.000  
R02  21933766.085   117042747.331       -3784.719          51.000    21933767.665    91033268.685       -2943.630          49.000  
R23  25234566.746   134987921.992        2494.385          43.000                                                                  
R01  25665556.180   137196922.874       -5303.345          43.000    25665572.734   106708864.780       -4124.280          35.000  
E18  24347202.589   127945688.830       -5091.547          43.000    24347206.268    98036453.840       -3901.131          48.000  
E21  29984393.055   157568946.487        1562.146          40.000    29984418.391   120734724.523        1196.619          46.000  
G13  21831690.155   114726351.359       -1573.063          48.000                                                                  
G20  27330550.807   143623026.227       -3255.450          35.000                                                                  
E07  24956653.288   131148149.776        -897.499          45.000    24956658.016   100490153.564        -687.777          51.000  
G14  25180293.423   132323459.079       -3934.957          43.000    25180292.322   103109209.982       -3066.133          44.000  
G05  25750880.460   135321501.763       -3640.680          44.000    25750896.974   105445245.154       -2837.024          41.000  
G22  23081351.362   121293514.713       -3169.552          47.000                                                                  
G24  24630227.279   129432946.755        1278.612          44.000    24630228.722   100857110.767         996.175          44.000  
G15  22440621.830   117926308.120         157.768          46.000    22440619.092    91890690.824         123.133          46.000  
E30  25676574.533   134931483.791       -2134.228          47.000    25676576.317   103389169.534       -1635.222          49.000  
E27  25860163.598   135896305.438         202.438          47.000    25860167.106   104128483.802         155.172          49.000  
> 2024 06 08 18 24 00.0060000  0 30                     
E08  27306517.618   143496652.277       -3196.335          43.000    27306522.886   109951946.153       -2449.023          48.000  
G23  26189832.142   137628451.380        -210.385          41.000    26189834.428   107242975.808        -163.545          41.000  
G12  25004916.121   131401817.234        1739.843          42.000    25004920.985   102391541.342        1355.570          40.000  
G30  26457492.820   139034958.029       -3147.277          38.000    26457496.254   108339029.034       -2452.051          30.000  
R13  21921125.022   117057590.1091      -1448.463          39.000    21921124.215    91045077.477       -1126.720          41.000  
R12  23521201.277   125646095.435       -3255.487          48.000    23521200.127    97725016.424       -2532.130          45.000  
R14  24138386.216   128671341.429        1170.061          47.000    24138394.398   100077880.322         910.135          45.000  
R03  21560484.815   115414979.149         291.901          51.000    21560480.043    89767281.087         227.054          48.000  
R22  24845134.932   132625025.437         592.789          45.000    24845135.467   103152853.795         461.039          44.000  
R04  24915121.645   133419360.759        3136.058          48.000    24915116.199   103770597.823        2439.357          44.000  
G19  22965110.229   120682767.426         205.606          46.000                                                                  
S31  40392121.755   212261956.110        -779.703          45.000  
S33  41382809.367   217467989.276        -781.647          40.000  
G17  23297809.481   122431092.316       -1015.763          47.000    23297806.777    95400971.466        -791.500          42.000  
E02  29381643.483   154401620.129       -3280.814          42.000    29381647.798   118307762.830       -2513.864          44.000  
R02  21955090.776   117156538.255       -3800.881          51.000    21955092.097    91121772.618       -2956.307          49.000  
R23  25220578.530   134913094.531        2494.550          45.000                                                                  
R01  25695311.248   137355983.504       -5300.135          42.000    25695327.481   106832578.670       -4122.699          34.000  
E18  24376302.882   128098613.577       -5103.027          43.000    24376306.776    98153629.989       -3910.148          48.000  
E21  29975481.900   157522118.410        1560.725          39.000    29975507.604   120698843.134        1195.810          46.000  
G13  21840711.858   114773759.133       -1587.108          48.000                                                                  
G20  27349098.562   143720496.621       -3242.888          34.000                                                                  
E07  24961805.096   131175220.387        -906.653          46.000    24961809.037   100510895.932        -694.567          51.000  
G14  25202751.177   132441476.614       -3932.435          43.000    25202750.573   103201171.643       -3064.222          44.000  
G05  25771654.714   135430675.145       -3637.109          40.000    25771672.413   105530314.982       -2834.058          41.000  
G22  23099462.933   121388691.398       -3175.155          47.000                                                                  
G24  24622920.693   129394553.524        1281.515          45.000    24622921.615   100827194.009         998.905          42.000  
G15  22439760.397   117921781.350         144.433          47.000    22439757.490    91887163.486         112.314          45.000  
E30  25688766.510   134995553.371       -2136.595          47.000    25688768.506   103438261.851       -1637.189          49.000  
E27  25859024.307   135890317.822         197.080          47.000    25859027.933   104123895.996         150.999          49.000  
> 2024 06 08 18 24 30.0060000  0 30                     
E08  27324778.736   143592618.118       -3200.871          41.000    27324784.642   110025478.267       -2452.707          48.000  
G23  26191073.898   137634978.915        -224.585          41.000    26191076.802   107248062.182        -174.722          40.000  
G12  24995002.748   131349724.674        1733.438          41.000    24995008.415   102350950.425        1350.720          40.000  
G30  26475457.739   139129366.029       -3146.390          37.000    26475460.987   108412593.642       -2451.402          28.000  
R13  21929274.862   117101111.650       -1452.232          38.000    21929275.038    91078927.567       -1129.434          42.000  
R12  23539477.126   125743721.749       -3252.500          48.000    23539476.642    97800947.992       -2529.700          46.000  
R14  24131815.264   128636314.868        1165.296          48.000    24131822.513   100050637.890         906.338          45.000  
R03  21558916.029   115406580.678         268.372          51.000    21558911.281    89760748.897         208.788          48.000  
R22  24841849.226   132607486.707         576.886          46.000    24841849.226   103139212.782         448.691          44.000  
R04  24897573.344   133325392.823        3128.773          47.000    24897568.265   103697511.702        2433.598          44.000  
G19  22963982.630   120676840.112         189.691          46.000                                                                  
S31  40396565.761   212285310.113        -776.946          45.000  
S33  41387264.541   217491401.328        -778.941          40.000  
G17  23303660.136   122461840.957       -1033.746          47.000    23303657.799    95424931.445        -805.112          42.000  
E02  29400362.868   154499991.930       -3276.539          41.000    29400367.380   118383138.586       -2510.512          44.000  
R02  21976506.318   117270819.374       -3817.342          51.000    21976508.778    91210657.793       -2969.070          49.000  
R23  25206590.927   134838271.663        2494.127          45.000                                                                  
R01  25725048.515   137514948.740       -5297.150          42.000    25725064.369   106956218.375       -4119.916          34.000  
E18  24405471.701   128251896.259       -5115.210          43.000    24405475.682    98271080.383       -3919.504          49.000  
E21  29966578.440   157475333.083        1559.144          39.000    29966604.695   120662994.545        1194.569          46.000  
G13  21849815.077   114821596.540       -1601.691          49.000                                                                  
G20  27367575.753   143817601.914       -3230.776          29.000                                                                  
E07  24967009.372   131202568.028        -916.104          46.000    24967013.043   100531850.570        -701.820          50.000  
G14  25225196.401   132559424.598       -3930.219          43.000    25225195.411   103293079.106       -3062.475          44.000  
G05  25792410.676   135539746.404       -3633.932          42.000    25792428.266   105615305.219       -2831.373          42.000  
G22  23117607.302   121484040.946       -3181.060          48.000                                                                  
G24  24615597.663   129356067.019        1284.506          45.000    24615596.436   100797204.592        1000.680          41.000  
G15  22438977.454   117917666.913         130.400          47.000    22438974.571    91883957.425         101.549          45.000  
E30  25700974.209   135059705.194       -2139.641          47.000    25700976.465   103487417.158       -1639.473          50.000  
E27  25857917.757   135884503.540         191.041          47.000    25857921.884   104119441.003         146.347          50.000  
> 2024 06 08 18 25 00.0060000  0 29                     
E08  27343065.394   143688712.904       -3204.861          41.000    27343071.058   110099109.170       -2455.767          49.000  
G23  26192394.217   137641914.092        -237.363          42.000    26192395.594   107253466.213        -184.967          40.000  
G12  24985121.868   131297812.829        1727.862          42.000    24985129.960   102310500.404        1346.361          41.000  
G30  26493417.642   139223744.074       -3144.912          37.000    26493421.066   108486134.966       -2451.102          29.000  
R13  21937446.217   117144736.6641      -1455.940          39.000    21937446.480    91112862.021       -1132.098          43.000  
R12  23557733.632   125841241.860       -3248.443          49.000    23557732.701    97876796.947       -2526.608          46.000  
R14  24125269.901   128601425.241        1161.275          47.000    24125277.274   100023501.940         902.962          47.000  
R03  21557478.147   115398877.355         245.676          52.000    21557472.493    89754757.385         191.090          48.000  
R22  24838650.487   132590414.843         561.610          45.000    24838651.759   103125934.847         437.008          45.000  
R04  24880063.378   133231632.280        3122.322          46.000    24880058.950   103624586.872        2428.364          43.000  
G19  22962942.646   120671374.623         174.864          46.000                                                                  
S31  40400991.697   212308568.691        -773.145          45.000  
S33  41391701.400   217514717.908        -775.398          40.000  
G17  23309609.841   122493108.197       -1050.554          47.000    23309608.048    95449295.565        -818.641          43.000  
E02  29419055.011   154598218.376       -3271.147          41.000    29419059.125   118458402.995       -2506.615          44.000  
R02  21998012.686   117385583.169       -3833.109          51.000    21998015.625    91299918.402       -2981.259          49.000  
R23  25192603.680   134763453.976        2494.243          45.000                                                                  
R01  25754767.049   137673811.447       -5293.384          41.000    25754782.544   107079778.330       -4116.779          34.000  
E18  24434707.127   128405528.573       -5126.432          43.000    24434710.882    98388798.659       -3927.974          49.000  
E21  29957683.335   157428587.193        1558.188          39.000    29957709.060   120627176.237        1193.841          46.000  
G13  21858998.898   114869859.876       -1615.504          48.000                                                                  
E07  24972265.811   131230189.495        -924.918          46.000    24972269.204   100553015.023        -708.620          50.000  
G14  25247626.766   132677297.534       -3927.530          43.000    25247626.040   103384928.081       -3060.279          45.000  
G05  25813145.281   135648708.555       -3629.463          41.000    25813163.611   105700210.490       -2828.206          40.000  
G22  23135783.421   121579557.527       -3186.284          47.000                                                                  
G24  24608256.470   129317484.040        1288.227          46.000    24608254.166   100767139.972        1003.715          41.000  
G15  22438272.338   117913962.484         116.892          47.000    22438270.215    91881070.842          91.013          46.000  
E30  25713196.869   135123934.008       -2141.702          47.000    25713198.899   103536631.452       -1641.281          50.000  
E27  25856843.048   135878858.385         185.849          47.000    25856847.742   104115115.604         142.422          50.000  
> 2024 06 08 18 25 30.0060000  0 29                     
E08  27361370.789   143784910.839       -3208.208          41.000    27361377.004   110172819.116       -2458.276          48.000  
G23  26193786.514   137649232.074        -250.118          40.000    26193787.399   107259168.489        -195.153          39.000  
G12  24975274.411   131246057.639        1722.393          43.000    24975280.532   102270172.330        1342.114          41.000  
G30  26511366.754   139318067.687       -3143.320          37.000    26511371.337   108559633.791       -2449.386          29.000  
R13  21945632.047   117188448.667       -1458.761          37.000    21945631.746    91146860.257       -1134.306          42.000  
R12  23575965.205   125938629.259       -3243.924          50.000    23575963.401    97952542.691       -2523.134          46.000  
R14  24118743.752   128566647.594        1157.243          46.000    24118753.739    99996453.085         900.334          48.000  
R03  21556163.810   115391845.698         223.145          52.000    21556159.080    89749288.306         173.530          49.000  
R22  24835535.509   132573787.836         546.789          45.000    24835536.360   103113002.960         425.225          44.000  
R04  24862588.646   133138058.282        3115.865          46.000    24862585.456   103551807.086        2423.645          45.000  
G19  22961985.877   120666347.953         160.111          46.000                                                                  
S31  40405394.655   212331706.274        -769.364          45.000  
S33  41396115.426   217537914.569        -771.078          40.000  
G17  23315653.881   122524869.644       -1066.991          46.000    23315652.237    95474044.760        -831.117          43.000  
E02  29437714.607   154696273.888       -3265.416          41.000    29437718.507   118533536.462       -2502.278          43.000  
R02  22019604.571   117500801.137       -3848.156          50.000    22019607.482    91389532.271       -2992.948          49.000  
R23  25178613.622   134688620.553        2494.718          45.000                                                                  
R01  25784461.015   137832542.809       -5288.837          41.000    25784475.853   107203236.211       -4113.369          34.000  
E18  24464003.482   128559481.239       -5136.918          44.000    24464007.139    98506762.421       -3936.102          49.000  
E21  29948789.335   157381856.565        1557.658          38.000    29948816.462   120591369.686        1193.483          46.000  
G13  21868259.825   114918524.672       -1628.820          48.000                                                                  
E07  24977569.062   131258060.571        -933.002          46.000    24977573.028   100574370.742        -714.916          50.000  
G14  25270037.991   132795068.974       -3924.160          43.000    25270037.320   103476697.961       -3057.612          44.000  
G05  25833855.737   135757534.351       -3625.480          44.000    25833871.815   105785009.573       -2825.215          39.000  
G22  23153985.807   121675213.938       -3190.806          47.000                                                                  
G24  24600891.720   129278780.433        1292.147          45.000    24600889.813   100736981.400        1006.661          42.000  
G15  22437641.225   117910644.527         104.136          47.000    22437639.053    91878485.398          81.114          46.000  
E30  25725429.135   135188213.766       -2143.379          47.000    25725430.860   103585884.744       -1642.340          50.000  
E27  25855796.363   135873357.247         180.955          47.000    25855800.904   104110900.549         138.635          50.000  
> 2024 06 08 18 26 00.0060000  0 29                     
E08  27379699.500   143881222.448       -3212.171          43.000    27379704.386   110246616.162       -2461.251          48.000  
G23  26195253.646   137656944.289        -263.755          39.000    26195254.661   107265177.939        -205.558          39.000  
G12  24965456.409   131194471.223        1716.762          42.000    24965463.396   102229975.768        1337.551          41.000  
G30  26529307.993   139412348.532       -3141.647          37.000    26529313.415   108633099.450       -2448.887          30.000  
R13  21953834.071   117232254.3291      -1461.576          37.000    21953833.734    91180929.807       -1137.052          41.000  
R12  23594173.455   126035894.422       -3240.031          49.000    23594172.256    98028193.334       -2519.904          46.000  
R14  24112241.916   128531992.337        1153.200          45.000    24112252.939    99969499.495         896.858          49.000  
R03  21554978.578   115385499.244         200.202          52.000    21554973.632    89744352.135         155.772          49.000  
R22  24832506.797   132557606.3981        531.286          45.000    24832507.467   103100428.544         413.177          44.000  
R04  24845151.645   133044686.650        3109.042          46.000    24845148.923   103479184.766        2418.126          45.000  
G19  22961115.137   120661773.091         145.009          46.000                                                                  
S31  40409776.666   212354734.846        -765.757          45.000  
S33  41400508.638   217561000.685        -767.390          41.000  
G17  23321794.376   122557136.833       -1083.976          47.000    23321792.591    95499188.044        -844.583          43.000  
E02  29456343.793   154794169.155       -3260.293          42.000    29456347.260   118608547.066       -2498.182          43.000  
R02  22041283.830   117616481.269       -3863.646          51.000    22041286.056    91479505.604       -3005.113          49.000  
R23  25164623.487   134613787.827        2494.339          45.000                                                                  
R01  25814131.940   137991150.885       -5284.856          41.000    25814146.168   107326598.238       -4110.209          33.000  
E18  24493362.500   128713761.355       -5147.994          44.000    24493365.641    98624977.080       -3944.580          49.000  
E21  29939900.618   157335153.258        1556.470          38.000    29939928.942   120555584.064        1192.622          46.000  
G13  21877599.415   114967602.616       -1642.766          49.000                                                                  
E07  24982922.694   131286193.396        -942.130          45.000    24982926.671   100595927.010        -721.785          51.000  
G14  25292431.684   132912748.698       -3920.948          43.000    25292430.892   103568396.395       -3055.458          44.000  
G05  25854540.243   135866232.533       -3621.082          42.000    25854557.721   105869709.167       -2821.273          39.000  
G22  23172217.081   121771019.335       -3195.818          47.000                                                                  
G24  24593504.841   129239968.353        1295.410          44.000    24593504.775   100706738.284        1009.435          42.000  
G15  22437086.353   117907726.167          90.586          48.000    22437083.592    91876211.322          70.665          46.000  
E30  25737672.889   135252554.639       -2145.635          47.000    25737674.369   103635184.884       -1644.015          50.000  
E27  25854778.868   135868011.215         175.710          47.000    25854783.359   104106804.324         134.588          50.000  
> 2024 06 08 18 26 30.0060000  0 29                     
E08  27398049.473   143977652.971       -3216.050          45.000    27398054.729   110320504.359       -2464.316          48.000  
G23  26196797.135   137665056.820        -276.952          40.000    26196798.681   107271499.355        -215.795          40.000  
G12  24955672.125   131143060.479        1710.944          42.000    24955679.816   102189916.089        1333.228          41.000  
G30  26547241.201   139506593.139       -3140.742          36.000    26547247.318   108706536.728       -2447.512          31.000  
R13  21962056.242   117276154.384       -1464.615          39.000    21962055.647    91215074.327       -1139.234          42.000  
R12  23612359.660   126133042.990       -3236.059          49.000    23612358.501    98103753.313       -2516.874          46.000  
R14  24105762.967   128497465.205        1148.946          45.000    24105775.472    99942645.528         893.768          48.000  
R03  21553921.947   115379846.265         177.167          51.000    21553917.632    89739955.342         137.673          49.000  
R22  24829566.102   132541908.077         515.530          46.000    24829566.463   103088218.924         400.985          44.000  
R04  24827755.303   132951527.959        3101.890          47.000    24827751.772   103406728.039        2412.457          44.000  
G19  22960331.558   120657658.067         129.664          45.000                                                                  
S31  40414139.344   212377661.141        -762.312          45.000  
S33  41404882.503   217583985.150        -764.229          40.000  
G17  23328032.432   122589915.942       -1100.966          48.000    23328030.186    95524730.225        -858.026          43.000  
E02  29474943.533   154891909.528       -3255.354          41.000    29474946.823   118683439.072       -2494.226          42.000  
R02  22063049.980   117732626.280       -3878.912          51.000    22063051.259    91569840.469       -3017.024          48.000  
R23  25150636.283   134538966.922        2493.900          45.000                                                                  
R01  25843779.643   138149638.652       -5280.717          40.000    25843794.526   107449866.633       -4106.243          33.000  
E18  24522782.903   128868370.694       -5158.792          44.000    24522786.664    98743444.023       -3952.767          49.000  
E21  29931019.280   157288483.976        1555.405          37.000    29931047.890   120519824.579        1191.790          46.000  
G13  21887018.095   115017100.220       -1656.678          49.000                                                                  
E07  24988326.959   131314594.748        -950.886          45.000    24988331.552   100617689.073        -728.635          51.000  
G14  25314808.819   133030341.373       -3917.752          43.000    25314808.264   103660026.965       -3053.009          44.000  
G05  25875202.293   135974806.556       -3616.610          45.000    25875218.520   105954312.086       -2818.255          39.000  
G22  23190476.920   121866977.881       -3201.033          47.000                                                                  
G24  24586098.837   129201054.633        1298.981          44.000    24586099.477   100676415.989        1012.154          42.000  
G15  22436608.275   117905214.696          77.080          48.000    22436605.704    91874254.323          60.212          46.000  
E30  25749928.948   135316961.593       -2147.741          47.000    25749930.467   103684535.701       -1645.717          49.000  
E27  25853791.897   135862826.135         170.341          47.000    25853796.481   104102831.427         130.582          50.000  
> 2024 06 08 18 27 00.0060000  0 29                     
E08  27416421.236   144074196.901       -3220.121          45.000    27416426.721   110394479.437       -2467.187          48.000  
G23  26198417.755   137673565.061        -290.182          42.000    26198418.053   107278129.100        -226.310          40.000  
G12  24945923.035   131091821.646        1704.986          43.000    24945927.970   102149990.288        1328.570          40.000  
G30  26565167.169   139600797.206       -3139.038          36.000    26565173.626   108779942.459       -2446.820          33.000  
R13  21970294.273   117320147.0991      -1467.914          39.000    21970293.417    91249288.545       -1141.601          41.000  
R12  23630522.834   126230069.144       -3232.194          49.000    23630522.219    98179218.087       -2513.947          47.000  
R14  24099308.984   128463061.325        1144.722          46.000    24099320.256    99915887.407         890.353          48.000  
R03  21552993.771   115374883.767         153.821          50.000    21552990.618    89736095.598         119.704          49.000  
R22  24826711.999   132526677.032         499.823          45.000    24826713.217   103076372.794         388.705          45.000  
R04  24810397.448   132858581.798        3094.532          46.000    24810393.881   103334436.531        2407.199          44.000  
G19  22959634.858   120653999.661         114.327          45.000                                                                  
S31  40418481.423   212400479.212        -758.700          45.000  
S33  41409235.899   217606862.256        -760.662          40.000  
G17  23334366.957   122623203.099       -1118.115          48.000    23334363.987    95550668.279        -871.302          43.000  
E02  29493512.120   154989489.750       -3250.003          41.000    29493515.704   118758208.285       -2490.342          44.000  
R02  22084901.273   117849227.837       -3894.309          51.000    22084902.677    91660530.433       -3028.933          48.000  
R23  25136651.202   134464157.291        2493.294          45.000                                                                  
R01  25873403.584   138307998.031       -5276.587          40.000    25873419.252   107573035.267       -4103.880          33.000  
E18  24552265.436   129023300.339       -5169.714          44.000    24552268.746    98862156.394       -3961.091          49.000  
E21  29922144.037   157241844.770        1554.065          37.000    29922172.856   120484088.155        1190.833          45.000  
G13  21896516.519   115067013.260       -1670.781          49.000                                                                  
E07  24993782.041   131343260.708        -960.010          44.000    24993786.743   100639653.897        -735.543          51.000  
G14  25337168.697   133147840.848       -3915.273          44.000    25337167.714   103751584.916       -3050.746          44.000  
G05  25895837.834   136083248.766       -3612.538          43.000    25895854.585   106038812.313       -2815.124          41.000  
G22  23208765.387   121963082.875       -3205.932          47.000                                                                  
G24  24578673.925   129162035.513        1302.535          44.000    24578673.920   100646011.539        1014.873          42.000  
G15  22436207.035   117903107.113          63.554          48.000    22436204.380    91872612.063          49.443          46.000  
E30  25762196.617   135381428.709       -2150.074          47.000    25762198.182   103733932.606       -1647.375          49.000  
E27  25852835.030   135857797.096         164.934          47.000    25852839.103   104098978.107         126.346          50.000  
> 2024 06 08 18 27 30.0060000  0 29                     
E08  27434814.894   144170858.417       -3223.949          45.000    27434821.024   110468544.643       -2470.386          48.000  
G23  26200114.099   137682473.994        -303.633          43.000    26200114.365   107285071.070        -236.541          42.000  
G12  24936205.184   131040760.842        1699.035          41.000    24936210.682   102110203.188        1324.052          41.000  
G30  26583087.273   139694966.246       -3138.646          36.000    26583093.756   108853320.814       -2445.429          33.000  
R13  21978548.991   117364230.581       -1471.278          40.000    21978547.497    91283575.700       -1144.048          40.000  
R12  23648664.338   126326976.947       -3228.406          48.000    23648663.636    98254590.802       -2511.052          47.000  
R14  24092878.978   128428784.881        1140.171          46.000    24092888.940    99889228.393         886.943          46.000  
R03  21552196.850   115370618.654         130.571          50.000    21552193.744    89732778.240         101.561          48.000  
R22  24823947.710   132511921.616         483.797          46.000    24823948.560   103064896.590         376.146          44.000  
R04  24793080.353   132765857.714        3087.091          45.000    24793079.689   103262317.888        2401.024          46.000  
G19  22959027.384   120650804.896          98.685          45.000                                                                  
S31  40422804.215   212423195.423        -755.521          45.000  
S33  41413569.523   217629637.047        -757.125          40.000  
G17  23340798.717   122657003.009       -1135.267          47.000    23340795.982    95577005.891        -884.480          43.000  
E02  29512050.903   155086914.119       -3244.915          42.000    29512054.981   118832858.100       -2486.398          43.000  
R02  22106838.607   117966287.286       -3909.473          52.000    22106839.669    91751576.543       -3040.737          48.000  
R23  25122669.850   134389368.958        2492.424          44.000                                                                  
R01  25903003.916   138466230.774       -5272.672          40.000    25903020.711   107696105.345       -4100.438          33.000  
E18  24581808.449   129178550.957       -5180.430          44.000    24581811.865    98981114.713       -3969.341          49.000  
E21  29913276.151   157195241.326        1552.759          37.000    29913304.026   120448379.162        1189.802          45.000  
G13  21906095.138   115117346.861       -1684.934          49.000                                                                  
E07  24999287.931   131372196.975        -969.262          44.000    24999293.307   100661825.857        -742.573          52.000  
G14  25359511.151   133265250.631       -3912.195          44.000    25359510.154   103843073.012       -3048.419          43.000  
G05  25916449.688   136191561.567       -3608.292          44.000    25916466.323   106123211.658       -2811.561          41.000  
G22  23227082.049   122059337.065       -3210.936          47.000                                                                  
G24  24571231.053   129122916.776        1305.614          45.000    24571229.576   100615529.466        1017.388          42.000  
G15  22435883.951   117901409.935          49.768          47.000    22435881.346    91871289.595          38.572          46.000  
E30  25774476.314   135445959.765       -2152.153          46.000    25774477.896   103783378.501       -1649.106          49.000  
E27  25851909.175   135852928.861         159.665          47.000    25851912.437   104095248.001         122.201          49.000  
> 2024 06 08 18 28 00.0060000  0 30                     
E08  27453233.907   144267648.972       -3228.467          45.000    27453239.671   110542708.707       -2473.815          48.000  
G23  26201887.468   137691795.833        -317.455          41.000    26201888.502   107292334.816        -247.520          41.000  
G12  24926524.406   130989890.796        1692.299          43.000    24926531.155   102070564.730        1318.965          41.000  
G30  26601003.269   139789112.819       -3137.822          35.000    26601008.827   108926681.671       -2445.270          32.000  
R13  21986824.673   117408418.540       -1474.801          41.000    21986821.854    91317944.186       -1146.900          40.000  
R12  23666785.196   126423778.052       -3224.915          47.000    23666784.731    98329880.506       -2508.197          47.000  
R14  24086473.705   128394648.096        1135.382          46.000    24086483.093    99862677.966         883.216          46.000  
R03  21551533.449   115367065.146         106.569          51.000    21551529.436    89730014.351          82.743          47.000  
R22  24821275.938   132497657.545         467.138          47.000    24821275.951   103053802.564         363.326          45.000  
R04  24775811.026   132673372.375        3078.850          47.000    24775809.556   103190384.887        2394.742          47.000  
G19  22958510.190   120648087.424          82.496          46.000                                                                  
S31  40427110.184   212445822.955        -752.871          45.000  
S33  41417886.468   217652322.410        -754.522          40.000  
G17  23347330.463   122691328.493       -1152.965          46.000    23347328.021    95603753.050        -898.450          43.000  
E02  29530562.028   155184194.282       -3240.371          39.000    29530566.640   118907397.416       -2482.767          41.000  
R02  22128861.380   118083813.755       -3925.240          50.000    22128863.531    91842985.898       -3052.905          47.000  
R23  25108694.820   134314619.012        2490.985          44.000                                                                  
R01  25932583.242   138624346.258       -5268.854          39.000    25932599.519   107819084.293       -4097.436          33.000  
G25  27369451.843   143827424.2791       2008.903          38.000                                                                  
E18  24611414.308   129334130.506       -5191.432          44.000    24611417.513    99100325.070       -3977.913          49.000  
E21  29904417.647   157148686.548        1551.381          38.000    29904444.775   120412707.434        1188.557          44.000  
G13  21915755.857   115168113.692       -1699.483          49.000                                                                  
E07  25004848.500   131401416.484        -978.794          44.000    25004853.699   100684214.853        -749.919          52.000  
G14  25381838.496   133382581.544       -3909.563          45.000    25381837.567   103934499.679       -3046.595          43.000  
G05  25937038.312   136299754.565       -3604.493          43.000    25937054.188   106207517.779       -2808.743          40.000  
G22  23245428.911   122155750.476       -3216.351          47.000                                                                  
G24  24563770.765   129083711.533        1307.997          45.000    24563768.372   100584980.017        1019.455          41.000  
G15  22435641.762   117900136.888          35.289          47.000    22435638.982    91870297.604          27.575          46.000  
E30  25786769.926   135510565.892       -2154.767          46.000    25786772.009   103832881.907       -1651.017          49.000  
E27  25851015.515   135848233.416         153.534          47.000    25851018.695   104091650.290         117.710          49.000  
> 2024 06 08 18 28 30.0060000  0 30                     
E08  27471677.865   144364573.238       -3232.919          45.000    27471683.758   110616975.229       -2477.270          48.000  
G23  26203739.836   137701536.212        -331.837          41.000    26203741.531   107299924.683        -258.218          40.000  
G12  24916882.237   130939217.741        1685.764          44.000    24916887.471   102031079.796        1313.336          41.000  
G30  26618917.033   139883242.946       -3137.436          36.000    26618921.187   109000029.669       -2444.322          32.000  
R13  21995119.958   117452714.979       -1478.429          39.000    21995118.816    91352397.006       -1149.943          42.000  
R12  23684887.259   126520477.276       -3221.801          48.000    23684887.622    98405090.953       -2505.773          47.000  
R14  24080097.225   128360655.954        1130.675          47.000    24080106.281    99836240.037         879.421          46.000  
R03  21551004.250   115364230.813          82.465          51.000    21550999.553    89727809.801          64.187          48.000  
R22  24818697.288   132483893.410         450.383          47.000    24818697.258   103043097.336         350.535          44.000  
R04  24758587.288   132581136.101        3070.356          48.000    24758585.659   103118645.587        2387.976          47.000  
G19  22958085.532   120645854.487          66.354          47.000                                                                  
S31  40431400.099   212468365.937        -749.907          45.000  
S33  41422187.559   217674923.962        -751.836          40.000  
G17  23353963.457   122726184.985       -1170.696          46.000    23353960.974    95630913.997        -912.249          42.000  
E02  29549047.571   155281335.283       -3235.868          36.000    29549052.205   118981830.101       -2479.281          38.000  
R02  22150973.884   118201809.597       -3940.982          50.000    22150975.671    91934760.324       -3065.244          47.000  
R23  25094729.547   134239918.166        2489.102          43.000                                                                  
R01  25962140.513   138782346.974       -5264.478          40.000    25962156.680   107941973.962       -4094.597          34.000  
G25  27357988.073   143767178.533        2007.258          38.000    27358002.628   112026434.3741       1564.482          33.000  
E18  24641082.629   129490040.331       -5202.414          44.000    24641085.997    99219788.472       -3986.219          48.000  
E21  29895572.501   157102186.809        1548.940          39.000    29895595.454   120377077.840        1187.069          42.000  
G13  21925499.861   115219319.577       -1714.306          49.000                                                                  
E07  25010464.257   131430925.519        -988.518          45.000    25010469.001   100706825.681        -757.412          51.000  
G14  25404151.496   133499837.742       -3907.356          45.000    25404150.769   104025868.127       -3044.617          43.000  
G05  25957603.957   136407831.025       -3600.721          42.000    25957621.523   106291732.972       -2805.479          41.000  
G22  23263807.206   122252326.860       -3221.915          48.000                                                                  
G24  24556294.345   129044426.165        1310.837          44.000    24556293.353   100554368.137        1021.604          42.000  
G15  22435481.517   117899295.084          20.854          46.000    22435478.629    91869641.630          16.135          45.000  
E30  25799079.172   135575251.476       -2157.431          46.000    25799081.399   103882446.195       -1653.187          49.000  
E27  25850155.285   135843716.094         147.625          47.000    25850158.997   104088189.077         113.097          49.000  
> 2024 06 08 18 29 00.0060000  0 30                     
E08  27490148.254   144461634.267       -3237.710          44.000    27490154.124   110691346.530       -2480.842          48.000  
G23  26205673.735   137711698.860        -345.839          41.000    26205674.935   107307843.602        -269.724          40.000  
G12  24907277.590   130888746.666        1678.812          44.000    24907281.239   101991752.192        1307.920          39.000  
G30  26636826.804   139977360.918       -3137.679          36.000    26636830.740   109073367.2171      -2444.199          33.000  
R13  22003434.666   117497097.5331      -1482.458          40.000    22003435.187    91386936.176       -1152.821          41.000  
R12  23702971.507   126617077.740       -3218.471          49.000    23702971.593    98480224.628       -2503.259          47.000  
R14  24073748.114   128326812.105        1125.394          47.000    24073756.368    99809917.427         875.202          45.000  
R03  21550611.029   115362121.328          58.018          52.000    21550606.546    89726169.050          45.142          48.000  
R22  24816213.175   132470636.280         433.123          46.000    24816213.262   103032786.438         336.890          44.000  
R04  24741411.338   132489156.996        3061.364          49.000    24741409.559   103047106.343        2381.131          47.000  
G19  22957753.968   120644111.646          49.637          47.000                                                                  
S31  40435674.750   212490829.686        -747.753          45.000  
S33  41426473.498   217697446.671        -749.703          40.000  
G17  23360698.383   122761576.594       -1188.928          46.000    23360695.870    95658491.920        -926.406          43.000  
E02  29567508.030   155378340.316       -3231.130          34.000    29567511.596   119056158.634       -2476.151          36.000  
R02  22173174.123   118320274.900       -3956.841          49.000    22173176.218    92026899.876       -3077.629          47.000  
R23  25080774.781   134165274.659        2486.994          44.000                                                                  
R01  25991675.880   138940405.0871      -5260.855          39.000    25991693.225   108064774.480       -4091.940          34.000  
G25  27346532.726   143706987.937        2005.011          36.000    27346551.042   111979532.125        1562.493          35.000  
E18  24670814.243   129646280.039       -5213.627          44.000    24670817.274    99339504.654       -3994.781          48.000  
E21  29886734.479   157055746.534        1546.907          37.000    29886757.282   120341493.833        1185.353          42.000  
G13  21935328.456   115270968.671       -1729.152          49.000                                                                  
E07  25016135.775   131460728.624        -998.401          45.000    25016140.062   100729661.826        -765.001          51.000  
G14  25426450.692   133617021.611       -3904.986          45.000    25426449.996   104117180.221       -3043.013          43.000  
G05  25978149.178   136515791.692       -3596.957          43.000    25978166.492   106375858.014       -2802.755          42.000  
G22  23282216.579   122349067.933       -3227.638          47.000                                                                  
G24  24548803.514   129005065.416        1313.184          43.000    24548804.737   100523697.487        1023.134          44.000  
G15  22435405.933   117898889.670           6.096          48.000    22435401.586    91869325.683           4.649          45.000  
E30  25811403.849   135640019.250       -2160.411          46.000    25811406.475   103932073.456       -1655.446          49.000  
E27  25849330.714   135839380.486         141.399          47.000    25849333.883   104084867.099         108.290          49.000  
> 2024 06 08 18 29 30.0060000  0 30                     
E08  27508645.737   144558839.521       -3242.544          43.000    27508651.830   110765828.342       -2484.642          48.000  
G23  26207690.138   137722292.098        -360.470          42.000    26207689.706   107316097.963        -280.723          39.000  
G12  24897713.291   130838486.990        1671.685          45.000    24897715.126   101952589.281        1302.674          39.000  
G30  26654736.318   140071475.395       -3137.279          36.000    26654741.284   109146703.114       -2444.393          32.000  
R13  22011774.632   117541622.707       -1486.020          41.000    22011771.658    91421566.941       -1155.844          39.000  
R12  23721038.428   126713587.008       -3215.533          49.000    23721038.392    98555287.367       -2500.891          47.000  
R14  24067428.522   128293124.360        1120.261          48.000    24067435.795    99783716.218         871.425          45.000  
R03  21550354.746   115360746.917          33.552          52.000    21550350.037    89725100.036          26.061          49.000  
R22  24813826.971   132457897.658         415.811          47.000    24813826.929   103022878.789         323.369          44.000  
R04  24724285.606   132397448.059        3052.226          49.000    24724283.366   102975777.190        2374.008          46.000  
G19  22957517.060   120642869.117          33.027          47.000                                                                  
S31  40439936.037   212513222.500        -745.230          45.000  
S33  41430745.572   217719897.571        -747.449          40.000  
G17  23367536.288   122797512.224       -1206.880          45.000    23367533.847    95686493.761        -940.472          43.000  
E02  29585942.237   155475217.152       -3227.279          30.000    29585946.942   119130388.911       -2473.098          33.000  
R02  22195464.234   118439214.686       -3972.552          50.000    22195466.154    92119408.445       -3089.857          47.000  
R23  25066834.328   134090702.048        2484.380          44.000                                                                  
R01  26021191.841   139098182.643       -5257.956          39.000    26021207.769   108187490.616       -4089.931          33.000  
G25  27335091.132   143646861.514        2002.885          38.000    27335110.560   111932679.909        1560.997          37.000  
E18  24700608.993   129802853.743       -5224.750          44.000    24700612.163    99459476.762       -4003.431          48.000  
E21  29877909.430   157009374.774        1544.557          37.000    29877932.748   120305962.377        1183.406          42.000  
G13  21945242.961   115323069.758       -1744.393          49.000                                                                  
E07  25021864.638   131490834.853       -1008.761          45.000    25021868.688   100752730.227        -772.914          51.000  
G14  25448737.514   133734140.105       -3902.898          45.000    25448737.187   104208441.350       -3041.340          43.000  
G05  25998671.725   136623642.469       -3593.009          42.000    25998688.953   106459897.463       -2800.029          40.000  
G22  23300657.851   122445980.181       -3233.302          46.000                                                                  
G24  24541300.600   128965638.527        1315.314          43.000    24541303.213   100492975.252        1025.265          44.000  
G15  22435413.014   117898930.758          -8.893          49.000    22435409.334    91869357.691          -7.014          46.000  
E30  25823745.893   135704876.428       -2163.433          46.000    25823748.515   103981769.244       -1657.825          49.000  
E27  25848541.643   135835234.700         134.843          47.000    25848545.119   104081690.543         103.432          49.000  
