     3.00           OBSERVATION DATA    M: Mixed            RINEX VERSION / TYPE
CONVBIN demo5 b34j                      20240609 013620 UTC PGM / RUN BY / DATE 
log: SAUC00CHL_R_20241601230_15M_30S_MO.ubx                 COMMENT             
format: u-blox UBX                                          COMMENT             
format: u-blox UBX                                          COMMENT             
log: SAUC00CHL_R_20241601230_15M_30S_MO.ubx                 COMMENT             
SAUC00CHL                                                   MARKER NAME         
                                                            MARKER NUMBER       
GEODETIC                                                    MARKER TYPE         
El Sauce            Obstech                                 OBSERVER / AGENCY   
UNKNOWN             UBLOX-ZED-F9P                           REC # / TYPE / VERS 
UNKNWOWN            TWIVSP6037L                             ANT # / TYPE        
  1813185.0000 -5195981.0000 -3216438.0000                  APPROX POSITION XYZ 
        0.0000        0.0000        0.0000                  ANTENNA: DELTA H/E/N
G    8 C1C L1C D1C S1C C2X L2X D2X S2X                      SYS / # / OBS TYPES 
R    8 C1C L1C D1C S1C C2C L2C D2C S2C                      SYS / # / OBS TYPES 
E    8 C1X L1X D1X S1X C7X L7X D7X S7X                      SYS / # / OBS TYPES 
S    4 C1C L1C D1C S1C                                      SYS / # / OBS TYPES 
  2024    06    08    12    30   00.4950000     GPS         TIME OF FIRST OBS   
  2024    06    08    12    44   30.4960000     GPS         TIME OF LAST OBS    
                                                            END OF HEADER       
> 2024 06 08 12 30 00.4950000  0 31                     
E08  23773430.295   124930223.7501        187.902          45.000    23773429.742    95725741.6101        143.985          49.000  
G09  19458489.634   102255090.7581      -1242.975          51.000    19458484.159    79679290.4461       -968.414          44.000  
E03  22581135.475   118664689.7621      -1425.086          46.000    22581136.866    90924929.8411      -1091.886          50.000  
G19  23918914.153   125694657.8281      -2757.845          42.000                                                                  
G30  21261106.187   111727841.0291       2530.025          42.000    21261106.521    87060629.9621       1971.288          44.000  
R24  21703726.477   116059515.3821       1176.085          46.000    21703724.353    90268525.5771        914.697          44.000  
R22  21018088.158   112195912.5351      -4736.484          47.000    21018087.961    87263377.1141      -3683.911          46.000  
R11  21509687.779   114941266.8421       3524.199          47.000    21509686.759    89398770.4701       2741.194          44.000  
R07  19838959.829   106199515.3431      -1933.805          50.000    19838957.492    82599682.2911      -1504.182          49.000  
E25  24996688.907   131358504.4441        916.840          42.000    24996695.395   100651344.3251        702.573          47.000  
G06  19673069.761   103382667.0601       -905.079          49.000    19673068.406    80558147.6441       -705.268          45.000  
S31  37286409.836   195941439.1471       -788.114          46.000  
S33  38274907.133   201135939.9651       -787.505          41.000  
E05  23894352.793   125565672.9611      -2550.321          42.000    23894356.994    96212674.6941      -1954.055          45.000  
E02  25966567.248   136455251.7401       1776.550          41.000    25966572.493   104556644.1171       1361.387          42.000  
R09  19786595.749   105659300.5881      -2247.972          49.000    19786592.911    82179429.7081      -1748.341          49.000  
R10  19073276.780   101671301.1701       1158.187          46.000                                                                  
R08  19287469.837   103283534.3501         30.634          51.000    19287462.126    80331935.4631         23.785          46.000  
R01  22510623.310   120332165.8891       1455.155          42.000    22510624.173    93591822.9501       1131.767          38.000  
R23  19742897.033   105611138.5101      -2382.806          48.000                                                                  
G07  18942252.412    99542184.1951       1243.809          48.000    18942247.422    77565264.9581        969.242          41.000  
E34  24615356.765   129354594.9201      -3757.432          42.000    24615361.101    99115864.6611      -2879.024          45.000  
E18  26761629.229   140633212.8531        320.444          41.000    26761634.065   107757868.0381        245.167          39.000  
E13  24624280.651   129401420.8071        890.721          40.000    24624285.524    99151764.4241        682.571          47.000  
E15  22613202.376   118833193.6421      -1814.171          47.000    22613202.897    91054004.5451      -1390.109          48.000  
G16  23448270.298   123221491.6301       -654.529          39.000                                                                  
G20  23883149.053   125506781.1711       2539.860          40.000                                                                  
G11  22021363.970   115723017.6151       1463.835          43.000    22021360.310    90173837.2391       1140.544          42.000  
E24  26653853.528   140066943.2751      -1047.305          38.000    26653856.585   107324036.1951       -802.545          40.000  
G03  20991339.382   110310258.2141      -2952.713          42.000    20991337.976    85956005.0361      -2300.780          41.000  
G04  20900786.182   109834388.1031      -2861.496          45.000    20900784.240    85585157.5901      -2229.815          44.000  
> 2024 06 08 12 30 30.4950000  0 31                     
E08  23772380.183   124924703.050         179.968          45.000    23772379.183    95721511.427         137.955          48.000  
G09  19465613.368   102292524.244       -1252.496          51.000    19465609.731    79708459.424        -976.031          47.000  
E03  22589291.235   118707539.612       -1431.651          48.000    22589291.945    90957762.852       -1096.965          52.000  
G19  23934667.869   125777445.558       -2761.122          42.000                                                                  
G30  21246702.636   111652147.889        2516.037          42.000    21246702.643    87001648.324        1960.779          44.000  
R24  21697203.929   116024629.024        1149.511          48.000    21697201.440    90241391.642         894.072          45.000  
R22  21044733.622   112338146.931       -4745.740          47.000    21044733.927    87374003.627       -3691.147          46.000  
R11  21489920.511   114835635.424        3517.608          47.000    21489919.107    89316612.927        2736.063          44.000  
R07  19849820.831   106257651.825       -1942.073          50.000    19849817.337    82644899.524       -1510.613          49.000  
E25  24991490.728   131331187.954         904.145          42.000    24991497.202   100630413.593         692.729          47.000  
G06  19678308.829   103410201.047        -930.433          48.000    19678307.249    80579602.665        -725.104          45.000  
S31  37290921.917   195965149.861        -792.852          45.000  
S33  38279414.962   201159627.835        -792.052          40.000  
E05  23908922.216   125642236.415       -2553.983          42.000    23908926.667    96271340.118       -1956.773          45.000  
E02  25956430.675   136401984.590        1774.505          41.000    25956436.151   104515829.103        1359.559          42.000  
R09  19799306.587   105727178.755       -2277.376          48.000    19799304.478    82232223.814       -1771.459          49.000  
R10  19066834.316   101636960.314        1131.097          46.000                                                                  
R08  19287318.076   103282722.939          23.279          50.000    19287310.989    80331304.349          18.079          47.000  
R01  22502464.414   120288550.236        1452.363          41.000    22502465.066    93557899.514        1129.573          37.000  
R23  19756337.895   105683036.304       -2410.464          48.000                                                                  
G07  18935218.177    99505215.915        1220.611          48.000    18935211.968    77536458.557         950.987          41.000  
E34  24636832.237   129467446.187       -3766.005          43.000    24636836.088    99202334.968       -2885.849          45.000  
E18  26759785.627   140623529.524         324.316          40.000    26759791.420   107750448.078         248.779          38.000  
E13  24619243.151   129374943.900         874.217          40.000    24619247.174    99131476.886         669.818          47.000  
E15  22623610.872   118887895.431       -1832.704          46.000    22623612.355    91095918.850       -1404.284          48.000  
G16  23452060.192   123241407.136        -673.121          40.000                                                                  
G20  23868657.285   125430624.615        2537.196          39.000                                                                  
G11  22013063.047   115679397.228        1444.214          43.000    22013060.759    90139847.265        1125.292          43.000  
E24  26659882.040   140098622.491       -1064.860          38.000    26659884.938   107348309.842        -815.478          40.000  
G03  21008238.130   110399058.676       -2967.555          42.000    21008235.985    86025200.075       -2312.528          41.000  
G04  20917138.658   109920323.035       -2867.474          45.000    20917137.282    85652119.824       -2234.349          44.000  
> 2024 06 08 12 31 00.4950000  0 31                     
E08  23771373.914   124919415.414         172.344          46.000    23771372.900    95717459.844         131.944          48.000  
G09  19472788.827   102330246.696       -1262.152          46.000    19472788.415    79737853.527        -983.594          48.000  
E03  22597482.532   118750582.694       -1438.164          50.000    22597483.402    90990743.923       -1101.904          53.000  
G19  23950437.380   125860315.483       -2763.647          43.000                                                                  
G30  21232376.999   111576868.297        2502.430          42.000    21232377.711    86942988.999        1949.971          44.000  
R24  21690828.527   115990539.139        1123.020          47.000    21690826.126    90214877.220         873.380          44.000  
R22  21071430.951   112480656.692       -4754.909          47.000    21071431.317    87484844.298       -3698.181          47.000  
R11  21470191.110   114730205.707        3510.980          48.000    21470188.395    89234612.224        2730.691          44.000  
R07  19860726.238   106316030.016       -1950.107          50.000    19860722.759    82690304.774       -1516.622          49.000  
E25  24986364.947   131304249.259         891.558          42.000    24986370.556   100609772.359         683.208          46.000  
G06  19683693.397   103438497.613        -956.077          48.000    19683692.022    80601651.896        -745.086          45.000  
S31  37295460.520   195989001.159        -797.418          46.000  
S33  38283949.630   201183456.641        -796.629          41.000  
E05  23923511.068   125718897.456       -2557.105          42.000    23923514.651    96330080.333       -1959.472          45.000  
E02  25946305.130   136348777.303        1772.807          40.000    25946311.293   104475059.948        1358.222          43.000  
R09  19812183.767   105795940.989       -2306.762          48.000    19812181.085    82285705.546       -1794.203          48.000  
R10  19060544.619   101603434.989        1103.924          46.000                                                                  
R08  19287207.302   103282134.259          15.918          50.000    19287201.192    80330846.469          12.396          46.000  
R01  22494319.647   120245020.947        1449.106          40.000    22494320.790    93524043.240        1126.791          35.000  
R23  19769934.362   105755763.144       -2438.002          49.000                                                                  
G07  18928315.074    99468939.553        1197.662          48.000    18928308.587    77508191.310         933.437          41.000  
E34  24658357.493   129580557.696       -3774.719          44.000    24658360.408    99289004.677       -2892.349          45.000  
E18  26757918.495   140613720.389         329.347          39.000    26757924.708   107742931.755         252.569          38.000  
E13  24614299.471   129348961.194         857.836          40.000    24614302.719    99111568.016         657.409          47.000  
E15  22634125.531   118943152.563       -1851.199          46.000    22634127.291    91138258.690       -1418.396          48.000  
G16  23455956.009   123261879.772        -691.719          40.000                                                                  
G20  23854182.107   125354558.412        2534.007          39.000                                                                  
G11  22004873.446   115636359.835        1424.810          44.000    22004871.873    90106311.561        1110.253          43.000  
E24  26666009.735   140130823.371       -1082.135          39.000    26666012.926   107372983.243        -829.217          40.000  
G03  21025222.499   110488311.649       -2982.564          43.000    21025220.399    86094747.737       -2324.278          40.000  
G04  20933525.070   110006435.940       -2873.422          45.000    20933523.250    85719220.765       -2238.997          43.000  
> 2024 06 08 12 31 30.4950000  0 31                     
E08  23770410.249   124914353.421         164.936          45.000    23770409.494    95713581.150         126.379          48.000  
G09  19480017.773   102368250.755       -1271.704          42.000    19480019.544    79767466.869        -990.735          46.000  
E03  22605708.690   118793811.674       -1444.251          49.000    22605709.355    91023867.421       -1106.591          53.000  
G19  23966220.678   125943258.968       -2766.040          42.000                                                                  
G30  21218130.314   111501997.654        2488.899          42.000    21218130.070    86884648.324        1939.219          44.000  
R24  21684601.727   115957240.778        1096.760          47.000    21684598.540    90188978.404         852.941          44.000  
R22  21098177.536   112623430.455       -4763.569          47.000    21098177.401    87595890.315       -3704.911          45.000  
R11  21450498.729   114624974.620        3504.267          47.000    21450495.470    89152766.023        2725.393          43.000  
R07  19871675.872   106374644.073       -1957.847          50.000    19871672.298    82735893.492       -1522.788          48.000  
E25  24981310.249   131277683.385         879.133          41.000    24981314.590   100589416.851         673.682          45.000  
G06  19689221.891   103467549.554        -981.062          48.000    19689220.459    80624289.731        -764.551          44.000  
S31  37300024.974   196012985.843        -801.947          45.000  
S33  38288509.010   201207418.168        -801.304          40.000  
E05  23938116.353   125795649.360       -2560.076          42.000    23938120.017    96388890.148       -1961.584          44.000  
E02  25936190.058   136295625.000        1770.869          40.000    25936197.004   104434332.909        1356.831          44.000  
R09  19825224.528   105865578.370       -2335.909          49.000    19825221.163    82339867.941       -1816.763          46.000  
R10  19054408.239   101570721.330        1076.769          47.000                                                                  
R08  19287138.137   103281761.499           8.801          52.000    19287131.411    80330556.572           6.970          46.000  
R01  22486191.134   120201576.4061       1447.051          41.000    22486191.805    93490248.151        1125.570          34.000  
R23  19783683.005   105829308.582       -2465.263          50.000                                                                  
G07  18921542.660    99433350.158        1174.878          48.000    18921536.532    77480459.388         915.287          41.000  
E34  24679929.716   129693920.680       -3783.016          44.000    24679932.973    99375867.081       -2898.529          44.000  
E18  26756026.189   140603778.111         333.549          38.000    26756033.684   107735313.418         255.656          39.000  
E13  24609447.970   129323467.245         841.424          41.000    24609451.446    99092033.676         644.877          47.000  
E15  22644745.020   118998957.361       -1869.162          46.000    22644747.040    91181018.182       -1432.360          47.000  
G16  23459956.897   123282903.516        -710.025          41.000                                                                  
G20  23839722.686   125278577.090        2531.086          38.000                                                                  
G11  21996794.576   115593900.754        1405.492          43.000    21996792.464    90073226.502        1095.195          44.000  
E24  26672234.809   140163539.253       -1099.219          38.000    26672238.813   107398051.287        -842.334          40.000  
G03  21042291.192   110578010.009       -2997.560          43.000    21042289.258    86164642.469       -2335.840          39.000  
G04  20949944.778   110092719.360       -2878.946          45.000    20949941.903    85786454.585       -2243.204          42.000  
> 2024 06 08 12 32 00.4950000  0 31                     
E08  23769487.311   124909505.576         158.589          45.000    23769486.977    95709866.545         121.513          48.000  
G09  19487306.385   102406524.405       -1279.895          50.000    19487299.864    79797290.512        -997.291          42.000  
E03  22613966.931   118837215.139       -1449.152          48.000    22613968.016    91057124.615       -1110.329          52.000  
G19  23982015.560   126026262.305       -2767.307          42.000                                                                  
G30  21203959.294   111427527.325        2476.078          43.000    21203958.724    86826619.568        1929.407          44.000  
R24  21678520.900   115924725.148        1071.399          47.000    21678518.271    90163688.380         833.375          44.000  
R22  21124970.621   112766452.698       -4771.027          47.000    21124971.359    87707129.587       -3710.886          47.000  
R11  21430842.041   114519935.779        3498.613          47.000    21430838.542    89071069.320        2721.129          43.000  
R07  19882668.226   106433483.270       -1964.554          51.000    19882664.067    82781657.287       -1527.970          49.000  
E25  24976324.133   131251481.398         867.919          42.000    24976327.914   100569340.176         665.032          45.000  
G06  19694892.108   103497345.566       -1005.113          49.000    19694890.240    80647507.380        -783.243          45.000  
S31  37304612.193   196037093.158        -805.196          46.000  
S33  38293092.516   201231502.878        -804.207          41.000  
E05  23952737.290   125872481.242       -2561.711          43.000    23952740.654    96447761.291       -1963.047          44.000  
E02  25926085.282   136242518.685        1769.809          41.000    25926091.240   104393641.113        1356.256          44.000  
R09  19838426.950   105936078.280       -2363.860          49.000    19838422.936    82394701.203       -1838.533          46.000  
R10  19048421.786   101538811.669        1050.570          46.000                                                                  
R08  19287108.108   103281594.164           2.679          51.000    19287100.278    80330426.430           2.069          47.000  
R01  22478078.139   120158193.503        1445.477          42.000    22478076.717    93456505.756        1124.237          35.000  
R23  19797581.904   105903658.475       -2491.121          49.000                                                                  
G07  18914899.332    99398438.209        1152.910          49.000    18914893.516    77453255.292         898.444          42.000  
E34  24701547.011   129807522.372       -3790.174          43.000    24701550.508    99462912.387       -2903.883          44.000  
E18  26754106.877   140593691.270         338.922          39.000    26754115.039   107727584.279         259.873          40.000  
E13  24604688.115   129298452.603         826.392          42.000    24604691.236    99072866.612         633.253          47.000  
E15  22655466.783   119055298.136       -1886.331          46.000    22655468.398    91224188.329       -1445.432          48.000  
G16  23464060.663   123304468.414        -727.225          41.000                                                                  
G20  23825278.497   125202671.135        2529.163          39.000                                                                  
G11  21988822.782   115552011.225        1387.396          42.000    21988821.284    90040585.280        1080.887          45.000  
E24  26678557.295   140196759.453       -1115.239          38.000    26678559.912   107423505.750        -854.601          40.000  
G03  21059442.284   110668142.631       -3011.228          43.000    21059440.276    86234875.588       -2346.650          39.000  
G04  20966393.961   110179161.776       -2883.654          45.000    20966391.518    85853812.307       -2247.075          42.000  
> 2024 06 08 12 32 30.4950000  0 31                     
E08  23768595.679   124904822.256         154.067          45.000    23768595.928    95706278.010         117.901          48.000  
G09  19494631.351   102445018.161       -1286.283          51.000    19494624.140    79827285.801       -1002.233          43.000  
E03  22622248.025   118880743.590       -1452.327          46.000    22622250.569    91090477.581       -1112.870          51.000  
G19  23997812.145   126109273.471       -2766.621          42.000                                                                  
G30  21189855.256   111353410.496        2465.259          43.000    21189855.154    86768866.273        1920.913          44.000  
R24  21672577.354   115892944.410        1047.768          46.000    21672575.134    90138970.008         814.877          44.000  
R22  21151800.811   112909669.126       -4776.477          48.000    21151800.811    87818519.903       -3714.984          47.000  
R11  21411212.562   114415043.190        3494.337          47.000    21411208.809    88989486.355        2718.000          43.000  
R07  19893692.517   106492498.926       -1969.594          51.000    19893687.978    82827558.343       -1531.962          48.000  
E25  24971398.054   131225596.175         858.162          42.000    24971401.649   100549506.232         657.656          44.000  
G06  19700695.032   103527836.207       -1027.206          49.000    19700693.020    80671266.285        -800.621          46.000  
S31  37309213.893   196061274.354        -806.758          46.000  
S33  38297689.611   201255661.396        -805.900          41.000  
E05  23967363.866   125949344.179       -2561.756          43.000    23967367.248    96506656.240       -1963.205          44.000  
E02  25915979.080   136189411.209        1770.982          40.000    25915985.083   104352948.449        1356.971          44.000  
R09  19851781.780   106007389.153       -2389.968          49.000    19851777.239    82450165.241       -1858.849          46.000  
R10  19042577.548   101507659.468        1026.341          46.000                                                                  
R08  19287106.431   103281582.654          -1.703          50.000    19287098.830    80330417.467          -1.276          47.000  
R01  22469966.710   120114827.649        1445.886          43.000    22469963.699    93422776.623        1124.658          35.000  
R23  19811620.831   105978759.978       -2515.329          49.000                                                                  
G07  18908375.779    99364156.544        1132.773          49.000    18908370.728    77426542.319         882.781          43.000  
E34  24723200.467   129921311.822       -3795.456          43.000    24723204.446    99550101.551       -2908.104          45.000  
E18  26752150.935   140583410.246         346.401          39.000    26752158.760   107719706.344         265.753          41.000  
E13  24600009.780   129273869.703         812.839          42.000    24600013.412    99054030.366         622.882          48.000  
E15  22666281.576   119112124.962       -1901.711          47.000    22666282.009    91267730.903       -1457.047          48.000  
G16  23468257.854   123326526.542        -742.809          40.000                                                                  
G20  23810840.061   125126793.501        2528.978          39.000                                                                  
G11  21980949.666   115510644.311        1370.731          42.000    21980949.064    90008351.319        1068.101          45.000  
E24  26684964.943   140230435.026       -1129.233          38.000    26684968.277   107449309.135        -865.414          40.000  
G03  21076667.101   110758660.258       -3023.301          43.000    21076665.439    86305408.661       -2355.430          39.000  
G04  20982864.725   110265713.672       -2886.177          45.000    20982861.781    85921255.360       -2249.212          42.000  
> 2024 06 08 12 33 00.4950000  0 31                     
E08  23767723.197   124900242.200         151.448          44.000    23767724.253    95702768.586         116.151          48.000  
G09  19501983.658   102483670.701       -1290.261          47.000    19501982.987    79857404.710       -1005.480          47.000  
E03  22630544.589   118924335.800       -1453.444          47.000    22630545.189    91123879.401       -1113.640          50.000  
G19  24013598.137   126192229.613       -2763.606          41.000                                                                  
G30  21175807.933   111279588.712        2456.207          43.000    21175807.000    86711342.855        1914.012          43.000  
R24  21666761.429   115861839.129        1026.059          47.000    21666757.936    90114776.982         798.300          43.000  
R22  21178654.516   113053013.711       -4779.714          48.000    21178654.843    87930009.878       -3717.578          47.000  
R11  21391599.585   114310239.824        3492.288          46.000    21391596.157    88907972.830        2716.420          44.000  
R07  19904738.414   106551629.655       -1972.407          50.000    19904733.916    82873548.938       -1534.169          48.000  
E25  24966521.175   131199968.857         850.652          42.000    24966524.680   100529869.926         651.637          44.000  
G06  19706617.710   103558960.333       -1047.469          49.000    19706616.313    80695518.820        -816.321          46.000  
S31  37313817.940   196085467.887        -806.184          46.000  
S33  38302289.464   201279832.669        -805.521          41.000  
E05  23981984.519   126026177.544       -2560.056          43.000    23981988.152    96565528.536       -1961.561          44.000  
E02  25905861.494   136136243.827        1773.690          40.000    25905867.538   104312209.895        1359.189          44.000  
R09  19865275.525   106079447.624       -2413.701          48.000    19865271.631    82506210.786       -1877.480          46.000  
R10  19036865.200   101477206.251        1004.040          47.000                                                                  
R08  19287120.484   103281665.565          -3.687          50.000    19287113.746    80330481.948          -2.881          47.000  
R01  22461845.554   120071416.689        1448.102          43.000    22461842.295    93389012.423        1126.361          36.000  
R23  19825788.945   106054547.694       -2537.096          49.000                                                                  
G07  18901961.026    99330445.803        1114.733          49.000    18901956.298    77400274.232         868.547          43.000  
E34  24744877.993   130035226.433       -3798.738          43.000    24744881.769    99637386.607       -2910.636          44.000  
E18  26750146.431   140572873.880         355.995          40.000    26750154.166   107711632.801         272.972          40.000  
E13  24595402.710   129249659.207         801.393          42.000    24595406.435    99035479.477         614.159          48.000  
E15  22677175.642   119169376.283       -1914.831          47.000    22677176.479    91311598.728       -1467.185          47.000  
G16  23472537.346   123349018.106        -756.401          41.000                                                                  
G20  23796395.381   125050884.668        2531.417          38.000                                                                  
G11  21973165.943   115469741.514        1356.169          44.000    21973164.583    89976478.994        1056.718          44.000  
E24  26691448.748   140264505.413       -1141.312          38.000    26691451.785   107475415.077        -874.952          40.000  
G03  21093954.281   110849501.905       -3032.886          43.000    21093952.154    86376194.221       -2363.237          39.000  
G04  20999343.948   110352313.793       -2887.064          45.000    20999340.975    85988735.986       -2249.171          41.000  
> 2024 06 08 12 33 30.4950000  0 31                     
E08  23766860.532   124895706.392         151.094          44.000    23766861.197    95699293.086         115.720          48.000  
G09  19509357.241   102522423.089       -1292.786          46.000    19509358.110    79887601.269       -1007.349          48.000  
E03  22638842.407   118967932.773       -1452.656          49.000    22638841.774    91157284.924       -1113.233          50.000  
G19  24029362.713   126275069.872       -2759.051          41.000                                                                  
G30  21161805.413   111206005.736        2449.297          44.000    21161805.145    86654005.547        1908.644          44.000  
R24  21661060.339   115831351.621        1006.494          48.000    21661056.333    90091064.400         783.050          43.000  
R22  21205520.511   113196422.738       -4780.727          48.000    21205519.971    88041549.958       -3718.407          47.000  
R11  21371993.019   114205470.232        3492.393          45.000    21371990.696    88826485.539        2716.293          45.000  
R07  19915795.220   106610816.500       -1973.129          51.000    19915790.865    82919583.155       -1534.741          47.000  
E25  24961682.765   131174542.956         844.836          42.000    24961686.155   100510387.923         647.239          44.000  
G06  19712649.341   103590659.040       -1065.595          48.000    19712649.033    80720219.091        -830.417          46.000  
S31  37318413.206   196109616.671        -803.652          46.000  
S33  38306880.578   201303960.031        -802.899          41.000  
E05  23996588.772   126102922.871       -2556.179          42.000    23996592.308    96624333.376       -1958.494          44.000  
E02  25895722.113   136082960.007        1778.460          40.000    25895727.746   104271382.122        1362.771          45.000  
R09  19878897.924   106152191.929       -2435.672          48.000    19878894.924    82562789.753       -1894.487          47.000  
R10  19031272.266   101447395.799         983.626          46.000                                                                  
R08  19287143.287   103281783.650          -3.949          50.000    19287135.024    80330573.800          -3.107          46.000  
R01  22453705.067   120027900.620        1452.826          42.000    22453702.084    93355166.448        1130.371          36.000  
R23  19840072.996   106130959.172       -2556.828          49.000                                                                  
G07  18895643.191    99297249.224        1098.424          49.000    18895639.317    77374406.727         855.821          43.000  
E34  24766567.739   130149205.878       -3799.771          43.000    24766571.571    99724721.359       -2911.546          45.000  
E18  26748081.749   140562023.295         367.504          40.000    26748089.916   107703318.477         281.672          41.000  
E13  24590856.183   129225764.097         791.781          43.000    24590859.478    99017170.255         606.675          48.000  
E15  22688139.957   119226992.821       -1926.144          47.000    22688140.419    91355746.395       -1475.835          47.000  
G16  23476888.919   123371885.843        -767.941          40.000                                                                  
G20  23781933.841   124974887.933        2535.314          40.000                                                                  
G11  21965461.219   115429246.508        1343.542          45.000    21965458.049    89944924.396        1046.855          42.000  
E24  26697995.912   140298912.408       -1152.089          38.000    26697999.346   107501778.850        -882.552          41.000  
G03  21111291.918   110940608.873       -3040.799          44.000    21111289.413    86447186.535       -2369.650          39.000  
G04  21015820.891   110438903.123       -2885.560          44.000    21015818.653    86056208.201       -2248.356          41.000  
> 2024 06 08 12 34 00.4950000  0 31                     
E08  23765998.901   124891173.888         151.334          44.000    23765998.877    95695820.111         115.901          48.000  
G09  19516746.480   102561234.043       -1294.324          51.000    19516743.025    79917843.548       -1008.631          47.000  
E03  22647132.348   119011493.638       -1451.196          49.000    22647132.050    91190662.762       -1112.038          51.000  
G19  24045096.517   126357750.970       -2753.284          41.000                                                                  
G30  21147840.728   111132623.450        2442.874          43.000    21147840.778    86596824.623        1903.503          44.000  
R24  21655467.189   115801442.867         987.564          48.000    21655463.433    90067801.947         768.198          44.000  
R22  21232389.706   113339850.843       -4780.875          48.000    21232388.846    88153104.868       -3718.461          46.000  
R11  21352385.513   114100697.732        3492.883          44.000    21352383.866    88744996.029        2716.480          45.000  
R07  19926854.660   106670019.865       -1973.407          50.000    19926849.774    82965630.218       -1534.995          46.000  
E25  24956874.834   131149280.003         839.472          42.000    24956878.995   100491030.770         643.244          44.000  
G06  19718782.743   103622891.458       -1083.117          47.000    19718782.319    80745335.233        -843.994          46.000  
S31  37322992.350   196133679.972        -800.502          46.000  
S33  38311455.222   201327999.138        -799.592          41.000  
E05  24011168.625   126179539.830       -2551.353          42.000    24011172.035    96683039.828       -1954.903          43.000  
E02  25885552.417   136029521.337        1784.069          39.000    25885558.750   104230435.715        1366.988          45.000  
R09  19892641.261   106225579.668       -2456.680          48.000    19892637.849    82619869.148       -1910.844          47.000  
R10  19025793.149   101418190.306         963.640          46.000                                                                  
R08  19287164.290   103281896.253          -3.345          49.000    19287155.868    80330661.405          -2.625          46.000  
R01  22445536.751   119984237.956        1458.289          42.000    22445533.586    93321206.437        1134.027          36.000  
R23  19854466.030   106207950.074       -2575.697          49.000                                                                  
G07  18889416.354    99264527.943        1083.080          48.000    18889412.192    77348909.593         844.042          43.000  
E34  24788261.029   130263207.906       -3800.081          42.000    24788265.976    99812073.399       -2911.762          45.000  
E18  26745950.711   140550817.568         379.818          40.000    26745958.107   107694732.049         291.032          42.000  
E13  24586362.673   129202145.452         782.884          43.000    24586365.026    98999072.861         599.872          47.000  
E15  22699165.431   119284933.317       -1936.502          46.000    22699166.295    91400142.287       -1483.764          47.000  
G16  23481304.606   123395090.079        -778.892          41.000                                                                  
G20  23767448.497   124898764.344        2539.710          40.000                                                                  
G11  21957827.070   115389121.055        1331.596          45.000    21957821.949    89913657.758        1037.739          42.000  
E24  26704600.102   140333615.675       -1161.293          37.000    26704602.955   107528369.739        -890.026          40.000  
G03  21128672.454   111031940.483       -3047.825          45.000    21128670.060    86518353.908       -2375.389          40.000  
G04  21032288.984   110525440.746       -2883.257          44.000    21032286.188    86123640.120       -2247.109          41.000  
> 2024 06 08 12 34 30.4950000  0 31                     
E08  23765131.414   124886612.785         152.942          44.000    23765130.822    95692325.223         117.247          48.000  
G09  19524137.626   102600071.608       -1294.674          53.000    19524131.450    79948106.638       -1008.816          44.000  
E03  22655408.425   119054986.621       -1448.228          49.000    22655408.954    91223988.557       -1109.686          52.000  
G19  24060793.722   126440239.721       -2746.707          39.000                                                                  
G30  21133908.018   111059412.784        2437.709          42.000    21133909.394    86539777.426        1899.625          44.000  
R24  21649976.930   115772083.547         969.717          48.000    21649972.941    90044966.837         754.302          44.000  
R22  21259255.397   113483261.768       -4779.699          48.000    21259255.147    88264646.427       -3717.665          47.000  
R11  21332772.405   113995894.799        3494.280          44.000    21332770.947    88663482.779        2717.568          45.000  
R07  19937912.118   106729208.578       -1972.377          50.000    19937906.901    83011665.879       -1534.164          46.000  
E25  24952093.457   131124150.619         835.574          42.000    24952097.170   100471775.948         640.393          44.000  
G06  19725011.802   103655625.771       -1099.127          47.000    19725011.100    80770842.466        -856.608          45.000  
S31  37327548.702   196157624.899        -795.727          45.000  
S33  38316007.501   201351922.610        -795.195          40.000  
E05  24025718.406   126255997.262       -2545.308          42.000    24025721.547    96741624.031       -1950.526          43.000  
E02  25875347.901   135975898.415        1790.673          39.000    25875354.408   104189348.132        1372.046          45.000  
R09  19906498.673   106299576.758       -2476.361          48.000    19906495.156    82677422.455       -1926.116          47.000  
R10  19020422.779   101389561.024         945.074          46.000                                                                  
R08  19287176.115   103281972.045          -1.593          47.000    19287170.692    80330720.341          -1.282          47.000  
R01  22437336.351   119940396.385        1464.734          43.000    22437331.095    93287107.330        1139.124          36.000  
R23  19868959.989   106285485.248       -2593.312          48.000                                                                  
G07  18883274.872    99232252.376        1068.526          48.000    18883270.168    77323759.755         832.567          43.000  
E34  24809953.664   130377199.338       -3799.029          43.000    24809958.028    99899417.322       -2911.038          45.000  
E18  26743745.451   140539224.994         393.331          40.000    26743752.370   107685849.176         300.987          42.000  
E13  24581915.652   129178773.369         775.210          43.000    24581917.461    98981164.398         593.945          47.000  
E15  22710246.086   119343165.609       -1945.686          46.000    22710247.715    91444761.763       -1490.801          47.000  
G16  23485778.802   123418600.390        -788.009          40.000                                                                  
G20  23752934.227   124822484.556        2545.646          40.000                                                                  
G11  21950256.637   115349335.926        1320.788          44.000    21950251.271    89882656.350        1029.039          42.000  
E24  26711252.868   140368584.116       -1169.872          36.000    26711256.910   107555163.759        -896.164          40.000  
G03  21146088.755   111123465.146       -3053.626          44.000    21146087.286    86589671.700       -2379.577          40.000  
G04  21048740.737   110611894.864       -2880.037          44.000    21048738.376    86191006.919       -2244.121          42.000  
> 2024 06 08 12 35 00.4950000  0 31                     
E08  23764255.174   124882009.524         154.350          45.000    23764254.565    95688798.065         118.266          48.000  
G09  19531529.239   102638922.345       -1295.074          51.000    19531521.820    79978380.090       -1009.339          42.000  
E03  22663668.039   119098398.335       -1445.534          47.000    22663670.026    91257252.055       -1107.542          53.000  
G19  24076450.641   126522520.339       -2739.390          38.000                                                                  
G30  21120007.110   110986362.982        2432.569          42.000    21120008.020    86482855.551        1895.646          44.000  
R24  21644587.128   115743262.056         951.958          48.000    21644583.398    90022549.986         740.192          44.000  
R22  21286114.687   113626637.974       -4778.384          48.000    21286114.381    88376160.959       -3716.504          46.000  
R11  21313151.830   113891052.449        3495.773          44.000    21313151.689    88581938.854        2718.949          46.000  
R07  19948963.473   106788369.983       -1971.366          50.000    19948958.500    83057680.257       -1533.300          46.000  
E25  24947334.627   131099143.670         831.512          43.000    24947338.655   100452614.922         637.183          44.000  
G06  19731333.915   103688848.463       -1115.434          47.000    19731332.871    80796730.222        -869.094          45.000  
S31  37332081.129   196181441.207        -791.528          45.000  
S33  38320535.754   201375716.742        -790.774          40.000  
E05  24040234.424   126332282.276       -2539.813          42.000    24040237.925    96800076.092       -1946.049          43.000  
E02  25865106.460   135922080.236        1797.451          39.000    25865113.053   104148110.915        1377.150          45.000  
R09  19920467.536   106374167.917       -2496.094          49.000    19920463.821    82735437.779       -1941.407          48.000  
R10  19015158.191   101361497.614         926.306          46.000                                                                  
R08  19287181.739   103281998.194           0.238          48.000    19287175.806    80330740.638           0.165          47.000  
R01  22429098.880   119896362.345        1471.362          42.000    22429094.769    93252858.569        1144.312          37.000  
R23  19883553.212   106363547.960       -2610.624          48.000                                                                  
G07  18877216.128    99200410.935        1054.419          47.000    18877210.760    77298948.197         821.619          43.000  
E34  24831640.503   130491165.282       -3798.285          43.000    24831645.113    99986741.685       -2910.168          45.000  
E18  26741464.176   140527232.022         406.670          41.000    26741470.285   107676659.514         311.530          42.000  
E13  24577512.530   129155636.199         767.457          42.000    24577514.611    98963435.927         588.069          47.000  
E15  22721381.314   119401675.740       -1954.864          47.000    22721382.098    91489594.132       -1497.781          48.000  
G16  23490308.716   123442404.948        -798.187          41.000                                                                  
G20  23738387.147   124746037.159        2551.256          40.000                                                                  
G11  21942747.584   115309880.171        1310.023          44.000    21942743.576    89851911.600        1020.640          43.000  
E24  26717956.564   140403804.780       -1178.462          37.000    26717958.828   107582151.031        -902.628          39.000  
G03  21163539.201   111215169.573       -3059.432          43.000    21163538.585    86661129.580       -2383.891          40.000  
G04  21065174.106   110698252.040       -2876.822          45.000    21065172.082    86258298.162       -2241.571          43.000  
> 2024 06 08 12 35 30.4950000  0 31                     
E08  23763367.248   124877343.914         156.271          45.000    23763366.688    95685223.139         119.801          47.000  
G09  19538917.329   102677765.996       -1295.015          47.000    19538916.865    80008647.896       -1009.301          46.000  
E03  22671907.968   119141708.644       -1442.174          45.000    22671911.433    91290437.817       -1105.036          52.000  
G19  24092064.713   126604570.806       -2731.475          41.000                                                                  
G30  21106134.325   110913456.669        2427.502          43.000    21106134.699    86426045.495        1891.556          44.000  
R24  21639294.348   115714960.296         934.279          48.000    21639291.752    90000537.391         726.643          45.000  
R22  21312963.766   113769955.188       -4776.402          49.000    21312963.255    88487629.593       -3715.194          46.000  
R11  21293521.007   113786154.905        3497.193          44.000    21293521.697    88500352.038        2719.992          46.000  
R07  19960007.196   106847484.960       -1969.977          50.000    19960001.537    83103658.546       -1532.311          45.000  
E25  24942595.206   131074241.394         828.119          43.000    24942599.925   100433534.079         634.473          45.000  
G06  19737745.453   103722539.318       -1131.096          48.000    19737743.550    80822982.787        -881.418          45.000  
S31  37336584.822   196205108.272        -786.932          46.000  
S33  38325035.304   201399361.448        -785.730          41.000  
E05  24054714.320   126408375.354       -2533.425          42.000    24054717.893    96858381.119       -1941.390          43.000  
E02  25854824.192   135868049.146        1804.393          39.000    25854831.118   104106710.550        1382.606          45.000  
R09  19934542.921   106449331.502       -2515.282          48.000    19934540.069    82793898.362       -1956.512          48.000  
R10  19009997.148   101333983.229         907.690          47.000                                                                  
R08  19287173.627   103281955.014           2.264          49.000    19287167.971    80330707.060           1.782          48.000  
R01  22420820.239   119852115.280        1478.394          40.000    22420818.480    93218444.043        1149.994          37.000  
R23  19898240.800   106442115.140       -2627.643          47.000                                                                  
G07  18871236.462    99168985.494        1040.294          49.000    18871230.268    77274460.809         810.463          43.000  
E34  24853319.076   130605084.212       -3796.737          43.000    24853322.866   100074030.053       -2909.228          44.000  
E18  26739101.691   140514818.629         420.326          40.000    26739108.544   107667147.672         322.410          42.000  
E13  24573149.781   129132715.673         760.123          41.000    24573152.990    98945873.471         582.420          47.000  
E15  22732563.601   119460443.178       -1963.495          46.000    22732565.380    91534623.674       -1504.502          48.000  
G16  23494891.217   123466485.155        -807.570          41.000                                                                  
G20  23723804.108   124669404.159        2557.288          40.000                                                                  
G11  21935297.970   115270736.249        1299.290          44.000    21935295.799    89821409.869        1012.278          43.000  
E24  26724701.914   140439258.107       -1185.781          37.000    26724705.632   107609316.593        -908.823          39.000  
G03  21181019.273   111307033.831       -3064.930          42.000    21181019.715    86732712.022       -2388.363          40.000  
G04  21081585.068   110784492.191       -2872.899          45.000    21081583.038    86325498.236       -2238.771          43.000  
> 2024 06 08 12 36 00.4950000  0 31                     
E08  23762466.640   124872615.952         158.509          45.000    23762466.823    95681600.462         121.365          47.000  
G09  19546310.527   102716602.546       -1294.508          49.000    19546308.946    80038910.028       -1008.688          47.000  
E03  22680131.530   119184917.684       -1438.692          46.000    22680133.355    91323545.961       -1102.357          51.000  
G19  24107634.571   126686388.894       -2723.763          40.000                                                                  
G30  21092288.416   110840696.415        2422.654          44.000    21092288.524    86369349.281        1887.810          44.000  
R24  21634100.072   115687181.060         916.964          48.000    21634096.752    89978931.193         713.304          44.000  
R22  21339800.488   113913209.631       -4774.130          49.000    21339799.213    88599049.472       -3713.280          45.000  
R11  21273881.299   113681207.341        3498.813          43.000    21273881.833    88418726.300        2721.403          46.000  
R07  19971041.974   106906555.512       -1968.468          50.000    19971036.049    83149602.304       -1530.928          45.000  
E25  24937876.631   131049446.311         824.511          43.000    24937881.451   100414535.315         631.851          45.000  
G06  19744245.449   103756698.272       -1146.562          48.000    19744243.852    80849600.125        -893.339          45.000  
S31  37341059.973   196228625.918        -781.665          46.000  
S33  38329506.456   201422857.231        -780.773          41.000  
E05  24069158.274   126484277.210       -2527.136          42.000    24069161.577    96916539.628       -1936.302          43.000  
E02  25844502.767   135813807.711        1811.510          40.000    25844509.123   104065149.013        1387.967          45.000  
R09  19948726.146   106525065.785       -2534.153          49.000    19948722.325    82852802.788       -1970.974          48.000  
R10  19004939.166   101307021.292         889.300          47.000                                                                  
R08  19287153.036   103281843.894           4.675          48.000    19287147.088    80330620.621           3.711          47.000  
R01  22412502.596   119807655.804        1485.529          41.000    22412501.981    93183864.328        1155.457          35.000  
R23  19913019.868   106521183.760       -2644.241          46.000                                                                  
G07  18865336.341    99137978.183        1026.341          49.000    18865328.858    77250299.212         800.070          42.000  
E34  24874988.441   130718954.833       -3794.956          44.000    24874991.764   100161281.396       -2908.001          44.000  
E18  26736661.056   140501984.839         434.449          42.000    26736666.423   107657313.735         332.905          42.000  
E13  24568828.571   129110013.795         752.825          40.000    24568833.006    98928478.548         576.717          47.000  
E15  22743795.638   119519467.608       -1971.935          46.000    22743797.698    91579850.129       -1510.901          48.000  
G16  23499526.224   123490842.568        -816.710          41.000                                                                  
G20  23709186.431   124592587.897        2563.559          40.000                                                                  
G11  21927909.233   115231906.880        1288.867          45.000    21927907.605    89791153.239        1004.358          43.000  
E24  26731493.915   140474944.853       -1193.774          38.000    26731496.418   107636660.937        -914.381          39.000  
G03  21198530.792   111399058.173       -3070.430          43.000    21198531.387    86804419.174       -2392.531          39.000  
G04  21097973.957   110870615.402       -2868.777          45.000    21097971.776    86392607.171       -2235.338          43.000  
> 2024 06 08 12 36 30.4950000  0 31                     
E08  23761554.071   124867822.197         160.683          44.000    23761554.546    95677927.353         123.172          47.000  
G09  19553700.435   102755428.367       -1294.188          52.000    19553697.192    80069163.880       -1008.533          47.000  
E03  22688335.366   119228022.101       -1435.242          47.000    22688335.303    91356573.990       -1099.749          50.000  
G19  24123159.450   126767969.677       -2715.479          41.000                                                                  
G30  21078471.998   110768081.713        2417.938          45.000    21078469.960    86312766.435        1884.126          43.000  
R24  21629002.150   115659922.978         899.665          47.000    21628998.455    89957730.330         699.932          43.000  
R22  21366622.744   114056394.105       -4771.888          48.000    21366622.204    88710414.875       -3711.377          45.000  
R11  21254232.144   113576211.012        3500.499          44.000    21254233.239    88337062.643        2722.681          46.000  
R07  19982067.986   106965579.208       -1966.804          51.000    19982062.857    83195509.631       -1529.829          46.000  
E25  24933177.928   131024757.415         820.987          42.000    24933183.255   100395617.876         629.048          45.000  
G06  19750834.283   103791321.908       -1162.082          47.000    19750833.030    80876579.561        -905.434          45.000  
S31  37345506.651   196251991.628        -776.737          46.000  
S33  38333948.908   201446201.325        -775.868          41.000  
E05  24083564.930   126559985.037       -2520.391          42.000    24083568.450    96974549.475       -1931.223          43.000  
E02  25834140.322   135759355.009        1818.776          39.000    25834146.654   104023425.627        1393.315          45.000  
R09  19963014.851   106601366.037       -2553.064          51.000    19963011.056    82912147.395       -1985.597          47.000  
R10  18999984.114   101280612.019         870.724          47.000                                                                  
R08  19287118.309   103281662.387           6.927          49.000    19287113.090    80330479.412           5.469          47.000  
R01  22404145.930   119762997.6161       1492.645          42.000    22404143.742    93149116.820        1161.066          34.000  
R23  19927893.996   106600747.742       -2660.611          49.000                                                                  
G07  18859514.941    99107387.630        1012.544          49.000    18859508.027    77226462.397         788.904          42.000  
E34  24896647.584   130832772.402       -3793.258          43.000    24896650.410   100248492.078       -2906.424          43.000  
E18  26734138.628   140488727.344         448.951          42.000    26734143.566   107647155.152         344.106          42.000  
E13  24564549.300   129087529.055         745.675          39.000    24564554.164    98911249.987         571.396          47.000  
E15  22755075.820   119578745.218       -1980.347          46.000    22755078.279    91625270.582       -1517.319          49.000  
G16  23504213.356   123515474.669        -826.010          41.000                                                                  
G20  23694532.871   124515586.935        2569.503          40.000                                                                  
G11  21920580.181   115193391.220        1278.365          45.000    21920578.258    89761141.070         996.016          43.000  
E24  26738327.338   140510862.115       -1201.088          36.000    26738331.396   107664181.973        -920.555          40.000  
G03  21216073.475   111491239.422       -3075.451          43.000    21216072.402    86876248.587       -2396.611          38.000  
G04  21114339.654   110956618.374       -2865.031          45.000    21114337.583    86459622.417       -2232.427          43.000  
> 2024 06 08 12 37 00.4960000  0 31                     
E08  23760628.641   124862961.801         163.056          44.000    23760629.748    95674203.186         124.882          48.000  
G09  19561086.706   102794244.109       -1293.524          51.000    19561082.751    80099409.910       -1008.026          46.000  
E03  22696518.783   119271022.769       -1431.597          49.000    22696517.746    91389522.565       -1097.008          50.000  
G19  24138639.316   126849313.279       -2707.201          41.000                                                                  
G30  21064681.490   110695612.177        2412.977          46.000    21064679.240    86256296.735        1880.070          43.000  
R24  21624003.002   115633187.233         882.378          46.000    21623998.324    89936935.792         686.168          43.000  
R22  21393432.637   114199508.840       -4769.126          47.000    21393433.530    88821726.025       -3709.187          46.000  
R11  21234574.471   113471166.673        3501.884          44.000    21234575.150    88255361.631        2723.786          46.000  
R07  19993086.109   107024558.440       -1965.245          50.000    19993081.489    83241382.328       -1528.572          47.000  
E25  24928500.324   131000175.640         817.613          42.000    24928505.354   100376782.507         626.524          45.000  
G06  19757511.206   103826410.541       -1177.258          47.000    19757510.396    80903921.336        -917.352          46.000  
S31  37349924.488   196275207.506        -771.311          46.000  
S33  38338362.540   201469395.145        -770.382          40.000  
E05  24097935.663   126635501.372       -2513.855          42.000    24097938.992    97032412.616       -1926.433          43.000  
E02  25823737.512   135704691.079        1825.515          39.000    25823744.268   103981540.375        1398.747          45.000  
R09  19977409.335   106678232.342       -2571.640          49.000    19977405.173    82971932.280       -2000.104          47.000  
R10  18995133.371   101254757.515         852.530          45.000                                                                  
R08  19287073.282   103281410.820           9.631          50.000    19287065.977    80330283.724           7.396          47.000  
R01  22395747.412   119718104.315        1500.171          41.000    22395745.357    93114199.721        1166.378          34.000  
R23  19942860.585   106680805.900       -2676.676          48.000                                                                  
G07  18853772.598    99077214.062         998.837          48.000    18853766.834    77202950.482         778.369          43.000  
E34  24918296.603   130946538.662       -3791.270          43.000    24918299.753   100335663.453       -2904.993          43.000  
E18  26731534.549   140475045.144         463.173          41.000    26731540.188   107636671.157         354.973          42.000  
E13  24560312.975   129065261.944         738.766          40.000    24560316.999    98894188.193         565.944          47.000  
E15  22766404.849   119638276.899       -1988.473          46.000    22766406.776    91670885.717       -1523.619          49.000  
G16  23508953.563   123540383.325        -834.766          41.000                                                                  
G20  23679844.881   124438400.358        2575.682          39.000                                                                  
G11  21913311.151   115155189.864        1267.957          45.000    21913308.034    89731373.778         988.359          43.000  
E24  26745207.240   140547011.188       -1208.820          37.000    26745210.646   107691880.553        -926.071          40.000  
G03  21233646.195   111583580.152       -3080.647          44.000    21233643.039    86948202.264       -2400.074          37.000  
G04  21130683.090   111042503.389       -2860.868          44.000    21130681.040    86526545.778       -2229.466          44.000  
> 2024 06 08 12 37 30.4960000  0 31                     
E08  23759692.339   124858039.401         165.228          44.000    23759693.370    95670431.498         126.406          48.000  
G09  19568468.447   102833051.548       -1293.488          47.000    19568465.057    80129649.481       -1007.965          43.000  
E03  22704681.270   119313921.238       -1428.246          48.000    22704681.668    91422392.823       -1094.480          50.000  
G19  24154072.518   126930416.798       -2699.673          40.000                                                                  
G30  21050920.815   110623299.658        2407.772          45.000    21050917.770    86199949.381        1875.997          43.000  
R24  21619103.085   115606982.360         864.556          47.000    21619099.012    89916554.127         672.460          45.000  
R22  21420228.903   114342545.013       -4766.819          47.000    21420228.561    88932976.094       -3707.310          45.000  
R11  21214911.016   113366090.515        3502.951          44.000    21214910.989    88173635.895        2724.576          45.000  
R07  20004096.329   107083495.830       -1964.009          51.000    20004090.986    83287222.522       -1527.568          47.000  
E25  24923845.166   130975709.430         813.452          44.000    24923849.417   100358035.663         623.396          45.000  
G06  19764277.214   103861966.057       -1193.030          47.000    19764276.123    80931626.930        -929.712          46.000  
S31  37354314.035   196298274.709        -766.657          46.000  
S33  38342748.297   201492441.339        -765.906          41.000  
E05  24112269.258   126710826.188       -2507.482          42.000    24112272.488    97090129.032       -1921.523          43.000  
E02  25813297.541   135649826.381        1831.966          39.000    25813303.723   103939501.273        1403.891          44.000  
R09  19991909.510   106755662.639       -2590.480          49.000    19991905.090    83032155.816       -2014.828          47.000  
R10  18990388.615   101229466.837         833.594          46.000                                                                  
R08  19287014.109   103281094.609          11.394          49.000    19287006.858    80330037.788           8.917          47.000  
R01  22387308.986   119673000.634        1507.044          42.000    22387308.119    93079118.931        1172.112          35.000  
R23  19957918.441   106761354.600       -2693.113          48.000                                                                  
G07  18848111.730    99047465.807         984.434          49.000    18848106.440    77179769.986         767.149          44.000  
E34  24939934.191   131060249.023       -3789.417          43.000    24939938.405   100422791.993       -2903.687          44.000  
E18  26728851.238   140460943.538         476.996          41.000    26728857.097   107625865.758         365.639          42.000  
E13  24556119.834   129043220.182         731.009          41.000    24556122.627    98877299.053         560.087          47.000  
E15  22777781.523   119698062.584       -1997.279          47.000    22777783.399    91716695.478       -1530.334          49.000  
G16  23513746.974   123565572.493        -844.491          42.000                                                                  
G20  23665123.683   124361039.950        2581.569          39.000                                                                  
G11  21906103.352   115117312.232        1257.030          45.000    21906098.864    89701858.724         979.620          43.000  
E24  26752130.776   140583394.464       -1216.583          37.000    26752133.974   107719758.668        -932.280          40.000  
G03  21251248.511   111676078.713       -3086.024          45.000    21251244.305    87020278.959       -2404.990          36.000  
G04  21147003.713   111128269.123       -2856.927          44.000    21147001.660    86593376.175       -2226.310          44.000  
> 2024 06 08 12 38 00.4960000  0 31                     
E08  23758747.104   124853070.190         166.077          44.000    23758748.068    95666623.928         127.315          49.000  
G09  19575854.429   102871867.403       -1294.305          46.000    19575850.515    80159895.554       -1008.521          43.000  
E03  22712826.531   119356734.448       -1425.790          46.000    22712829.719    91455197.711       -1092.609          51.000  
G19  24169463.555   127011296.206       -2692.526          40.000                                                                  
G30  21037192.239   110551159.801        2401.725          45.000    21037189.418    86143736.552        1871.436          42.000  
R24  21614303.977   115581325.500         845.978          45.000    21614301.972    89896598.687         657.900          46.000  
R22  21447012.203   114485519.232       -4765.008          47.000    21447013.410    89044177.934       -3706.119          45.000  
R11  21195245.369   113260999.950        3502.833          45.000    21195244.340    88091898.941        2724.351          45.000  
R07  20015102.079   107142410.000       -1963.817          51.000    20015096.682    83333044.637       -1527.303          47.000  
E25  24919215.215   130951375.697         808.717          44.000    24919218.977   100339390.341         619.625          45.000  
G06  19771134.759   103898004.800       -1209.692          47.000    19771134.442    80959709.048        -942.645          46.000  
S31  37358678.541   196321211.816        -762.759          46.000  
S33  38347108.834   201515356.590        -761.853          41.000  
E05  24126570.055   126785977.982       -2502.165          42.000    24126573.391    97147712.868       -1917.439          43.000  
E02  25802821.705   135594776.977        1837.804          40.000    25802828.146   103897320.663        1408.182          44.000  
R09  20006518.154   106833673.339       -2610.209          48.000    20006514.398    83092830.780       -2030.344          47.000  
R10  18985754.253   101204758.418         813.451          46.000                                                                  
R08  19286944.981   103280730.643          12.664          48.000    19286939.655    80329754.689           9.789          48.000  
R01  22378836.229   119627700.969        1513.105          43.000    22378835.295    93043885.704        1176.775          37.000  
R23  19973071.027   106842409.197       -2710.361          47.000                                                                  
G07  18842534.569    99018159.197         969.266          48.000    18842529.930    77156933.626         755.232          44.000  
E34  24961565.288   131173921.321       -3789.019          43.000    24961569.684   100509891.344       -2902.925          44.000  
E18  26726090.457   140446437.504         489.874          42.000    26726096.693   107614750.494         375.580          41.000  
E13  24551972.061   129021420.249         722.514          42.000    24551974.347    98860595.189         553.586          48.000  
E15  22789209.414   119758119.159       -2006.630          46.000    22789211.544    91762712.798       -1537.565          48.000  
G16  23518596.966   123591059.958        -854.868          42.000                                                                  
G20  23650372.884   124283521.105        2586.547          40.000                                                                  
G11  21898959.180   115079774.925        1245.360          44.000    21898955.864    89672608.877         970.196          43.000  
E24  26759102.530   140620029.166       -1225.200          37.000    26759105.205   107747829.434        -938.944          39.000  
G03  21268883.795   111768753.697       -3092.244          44.000    21268880.123    87092493.074       -2409.690          37.000  
G04  21163304.752   111213933.877       -2853.935          44.000    21163303.126    86660127.885       -2223.827          44.000  
> 2024 06 08 12 38 30.4960000  0 31                     
E08  23757795.185   124848069.149         167.337          44.000    23757796.576    95662791.984         128.123          49.000  
G09  19583248.784   102910706.403       -1295.117          51.000    19583245.175    80190159.690       -1009.180          46.000  
E03  22720959.960   119399477.597       -1423.640          45.000    22720963.888    91487948.846       -1090.749          52.000  
G19  24184813.980   127091964.382       -2685.460          38.000                                                                  
G30  21023499.706   110479210.430        2395.000          43.000    21023498.654    86087672.186        1866.260          43.000  
R24  21609609.665   115556234.108         826.727          44.000    21609609.821    89877083.086         643.155          46.000  
R22  21473786.741   114628442.985       -4763.292          46.000    21473787.246    89155340.579       -3704.820          44.000  
R11  21175580.105   113155914.739        3502.625          45.000    21175578.887    88010166.126        2724.096          45.000  
R07  20026106.318   107201317.898       -1963.588          51.000    20026101.184    83378861.891       -1527.197          47.000  
E25  24914613.227   130927191.907         803.490          44.000    24914616.816   100320859.916         615.784          45.000  
G06  19778087.919   103934541.607       -1226.337          47.000    19778087.097    80988179.236        -955.438          45.000  
S31  37363021.681   196344033.886        -758.913          46.000  
S33  38351447.488   201538157.428        -757.821          41.000  
E05  24140840.996   126860972.453       -2497.211          42.000    24140844.425    97205176.109       -1913.301          43.000  
E02  25792314.909   135539560.468        1843.313          40.000    25792320.336   103855011.997        1412.415          44.000  
R09  20021238.164   106912277.962       -2630.063          48.000    20021235.268    83153967.649       -2045.665          47.000  
R10  18981232.522   101180650.687         793.448          47.000                                                                  
R08  19286871.126   103280335.403          13.641          49.000    19286865.920    80329447.229          10.650          47.000  
R01  22370328.327   119582220.721        1518.932          43.000    22370328.658    93008512.071        1181.143          36.000  
R23  19988319.418   106923982.070       -2727.746          46.000                                                                  
G07  18837045.101    98989311.117         953.791          48.000    18837040.660    77134454.576         743.171          44.000  
E34  24983191.066   131287569.184       -3787.896          42.000    24983196.444   100596972.003       -2902.299          44.000  
E18  26723255.804   140431542.163         502.977          41.000    26723262.142   107603336.949         385.410          41.000  
E13  24547872.211   128999879.061         713.561          42.000    24547875.198    98844089.576         546.885          47.000  
E15  22800693.286   119818461.262       -2016.182          47.000    22800694.109    91808948.879       -1544.786          48.000  
G16  23523507.296   123616861.866        -865.333          42.000                                                                  
G20  23635595.179   124205860.734        2590.793          41.000                                                                  
G11  21891883.395   115042595.553        1233.225          45.000    21891881.525    89643637.922         961.053          44.000  
E24  26766124.143   140656930.895       -1234.783          38.000    26766127.275   107776104.729        -946.182          39.000  
G03  21286555.000   111861620.321       -3098.610          43.000    21286552.913    87164856.532       -2414.412          38.000  
G04  21179589.890   111299512.850       -2851.615          43.000    21179588.641    86726812.688       -2221.697          44.000  
> 2024 06 08 12 39 00.4960000  0 31                     
E08  23756838.239   124843041.982         168.353          44.000    23756840.013    95658940.001         128.948          49.000  
G09  19590645.408   102949574.281       -1295.898          52.000    19590642.327    80220446.304       -1009.918          48.000  
E03  22729083.153   119442156.396       -1421.171          47.000    22729085.315    91520650.689       -1088.941          52.000  
G19  24200124.342   127172425.505       -2678.455          40.000                                                                  
G30  21009844.971   110407459.846        2388.561          44.000    21009844.563    86031762.701        1861.304          42.000  
R24  21605027.345   115531716.486         807.932          46.000    21605025.575    89858013.760         628.442          45.000  
R22  21500553.276   114771318.349       -4761.530          47.000    21500554.134    89266465.534       -3703.294          45.000  
R11  21155918.187   113050845.677        3502.222          46.000    21155916.503    87928445.874        2723.954          45.000  
R07  20037111.124   107260226.642       -1963.443          51.000    20037105.740    83424679.759       -1527.011          47.000  
E25  24910041.257   130903166.070         798.479          45.000    24910044.626   100302450.513         611.868          45.000  
G06  19785135.962   103971581.886       -1242.871          46.000    19785135.555    81017041.756        -968.500          45.000  
S31  37367343.510   196366747.016        -754.904          46.000  
S33  38355765.566   201560848.457        -754.215          41.000  
E05  24155083.472   126935815.941       -2492.058          42.000    24155086.993    97262523.657       -1909.478          43.000  
E02  25781777.235   135484185.029        1848.701          41.000    25781782.400   103812581.564        1416.439          43.000  
R09  20036070.442   106991481.054       -2649.869          49.000    20036067.378    83215569.966       -2060.994          47.000  
R10  18976823.665   101157152.495         773.326          46.000                                                                  
R08  19286793.852   103279915.798          14.618          50.000    19286786.719    80329120.851          11.353          47.000  
R01  22361789.106   119536565.923        1525.080          43.000    22361786.614    92973002.691        1186.598          36.000  
R23  20003665.402   107006075.998       -2744.958          46.000                                                                  
G07  18831643.856    98960929.121         938.430          47.000    18831640.194    77112338.701         731.347          45.000  
E34  25004813.030   131401197.011       -3787.042          41.000    25004819.203   100684037.283       -2901.729          44.000  
E18  26720347.784   140416263.291         515.868          40.000    26720354.299   107591629.517         395.286          40.000  
E13  24543823.227   128978604.131         705.121          42.000    24543826.612    98827787.993         540.282          47.000  
E15  22812230.901   119879094.039       -2025.560          47.000    22812231.997    91855407.715       -1552.125          48.000  
G16  23528478.314   123642985.433        -875.831          40.000                                                                  
G20  23620792.238   124128066.636        2595.766          40.000                                                                  
G11  21884878.839   115005782.328        1221.272          45.000    21884877.063    89614952.280         951.471          44.000  
E24  26773198.844   140694105.842       -1243.502          39.000    26773201.753   107804589.416        -952.571          40.000  
G03  21304264.686   111954684.461       -3105.165          43.000    21304263.081    87237373.903       -2419.495          38.000  
G04  21195860.142   111385011.729       -2848.450          43.000    21195858.427    86793435.113       -2219.668          44.000  
> 2024 06 08 12 39 30.4960000  0 31                     
E08  23755877.101   124837990.216         168.540          44.000    23755878.542    95655069.175         129.131          49.000  
G09  19598045.739   102988472.684       -1297.369          49.000    19598044.091    80250756.669       -1010.791          47.000  
E03  22737194.104   119484772.547       -1419.877          48.000    22737194.817    91553304.554       -1087.854          52.000  
G19  24215396.381   127252679.467       -2671.873          39.000                                                                  
G30  20996230.318   110335912.257        2381.076          44.000    20996229.447    85976011.363        1855.276          42.000  
R24  21600550.401   115507776.404         788.114          47.000    21600548.073    89839393.575         612.954          46.000  
R22  21527308.755   114914143.176       -4760.086          47.000    21527309.470    89377551.193       -3702.367          43.000  
R11  21136260.481   112945799.240        3500.841          46.000    21136257.623    87846743.240        2722.744          44.000  
R07  20048116.693   107319139.686       -1964.197          51.000    20048111.199    83470500.969       -1527.652          46.000  
E25  24905499.952   130879302.193         792.428          45.000    24905503.540   100284165.197         607.159          45.000  
G06  19792280.363   104009126.967       -1260.228          46.000    19792280.410    81046297.605        -981.950          45.000  
S31  37371645.444   196389353.517        -752.064          46.000  
S33  38360063.321   201583434.220        -751.376          41.000  
E05  24169297.399   127010510.712       -2487.591          42.000    24169301.140    97319757.247       -1906.020          44.000  
E02  25771210.423   135428654.805        1853.031          41.000    25771215.174   103770032.503        1420.077          43.000  
R09  20051014.848   107071281.669       -2670.263          49.000    20051011.744    83277637.054       -2076.986          48.000  
R10  18972530.387   101134268.819         751.914          46.000                                                                  
R08  19286711.902   103279474.475          14.887          50.000    19286704.014    80328777.612          11.732          47.000  
R01  22353216.164   119490738.607        1530.102          42.000    22353211.919    92937359.170        1190.063          36.000  
R23  20019109.284   107088689.615       -2762.783          47.000                                                                  
G07  18826332.192    98933016.446         922.243          47.000    18826328.578    77090588.557         718.625          44.000  
E34  25026431.942   131514804.976       -3787.095          41.000    25026438.745   100771087.333       -2901.496          44.000  
E18  26717367.897   140400602.536         528.051          40.000    26717374.193   107579629.500         404.284          39.000  
E13  24539826.499   128957598.937         695.412          42.000    24539829.364    98811693.092         532.859          47.000  
E15  22823824.689   119940018.606       -2036.022          46.000    22823825.676    91902090.119       -1559.990          48.000  
G16  23533511.067   123669433.254        -887.419          40.000                                                                  
G20  23605964.582   124050142.918        2599.198          41.000                                                                  
G11  21877944.007   114969339.265        1208.386          44.000    21877942.422    89586555.078         941.433          44.000  
E24  26780325.138   140731556.112       -1253.288          38.000    26780328.277   107833285.095        -960.206          40.000  
G03  21322012.324   112047947.805       -3112.491          43.000    21322011.286    87310046.559       -2425.176          39.000  
G04  21212115.699   111470432.354       -2846.454          44.000    21212113.681    86859996.516       -2217.813          44.000  
> 2024 06 08 12 40 00.4960000  0 31                     
E08  23754916.831   124832944.406         167.921          44.000    23754917.689    95651202.913         128.565          48.000  
G09  19605456.421   103027432.270       -1299.988          45.000    19605456.593    80281114.648       -1013.214          45.000  
E03  22745297.972   119527356.777       -1419.337          49.000    22745297.887    91585933.988       -1087.485          51.000  
G19  24230634.524   127332754.289       -2666.577          41.000                                                                  
G30  20982660.210   110264601.083        2372.820          44.000    20982659.504    85920444.224        1848.745          42.000  
R24  21596186.858   115484446.990         767.058          46.000    21596185.561    89821248.381         596.513          46.000  
R22  21554061.387   115056944.861       -4760.124          46.000    21554062.432    89488618.810       -3702.054          44.000  
R11  21116614.147   112840811.738        3498.137          47.000    21116610.044    87765086.432        2720.698          43.000  
R07  20059128.538   107378089.366       -1965.973          51.000    20059123.430    83516350.690       -1529.093          47.000  
E25  24900995.517   130855633.226         785.488          44.000    24900999.552   100266029.233         601.789          45.000  
G06  19799527.635   104047207.143       -1278.624          47.000    19799526.575    81075970.418        -996.418          45.000  
S31  37375932.972   196411884.576        -750.223          46.000  
S33  38364346.969   201605944.091        -749.321          41.000  
E05  24183489.445   127085088.029       -2484.220          43.000    24183492.653    97376900.855       -1903.738          43.000  
E02  25760620.452   135373002.893        1856.882          42.000    25760625.104   103727390.219        1422.569          43.000  
R09  20066076.799   107151710.117       -2691.818          49.000    20066073.262    83340192.454       -2093.576          48.000  
R10  18968358.598   101112033.926         729.870          45.000                                                                  
R08  19286630.734   103279044.031          13.693          48.000    19286624.187    80328442.821          10.649          47.000  
R01  22344615.343   119444769.709        1534.393          41.000    22344613.012    92901605.466        1193.587          37.000  
R23  20034656.014   107171850.848       -2781.616          48.000                                                                  
G07  18821116.349    98905605.899         904.913          48.000    18821111.734    77069229.685         704.933          44.000  
E34  25048052.778   131628422.326       -3787.699          41.000    25048059.559   100858144.593       -2902.289          44.000  
E18  26714320.367   140384590.585         539.106          39.000    26714327.073   107567360.370         413.130          39.000  
E13  24535887.774   128936895.852         684.803          43.000    24535889.660    98795829.691         524.656          47.000  
E15  22835479.274   120001265.015       -2047.328          46.000    22835480.712    91949019.149       -1568.656          48.000  
G16  23538611.885   123696237.409        -899.688          40.000                                                                  
G20  23591118.456   123972122.224        2601.929          41.000                                                                  
G11  21871085.082   114933299.451        1194.223          44.000    21871083.501    89558472.094         930.712          43.000  
E24  26787509.944   140769312.869       -1264.085          39.000    26787512.946   107862215.633        -968.540          39.000  
G03  21339803.440   112141441.038       -3120.544          43.000    21339803.042    87382898.326       -2431.616          40.000  
G04  21228361.937   111555805.453       -2845.284          45.000    21228359.384    86926520.950       -2217.204          44.000  
> 2024 06 08 12 40 30.4960000  0 31                     
E08  23753963.118   124827931.264         166.149          44.000    23753963.028    95647361.660         127.208          47.000  
G09  19612891.092   103066479.676       -1303.375          50.000    19612883.821    80311541.168       -1015.558          42.000  
E03  22753399.603   119569936.003       -1419.636          48.000    22753399.735    91618559.616       -1087.620          50.000  
G19  24245843.319   127412675.549       -2661.891          41.000                                                                  
G30  20969140.204   110193555.649        2363.417          44.000    20969140.156    85865084.168        1841.468          42.000  
R24  21591944.815   115461757.920         745.264          47.000    21591942.392    89803601.255         579.638          45.000  
R22  21580813.630   115199746.705       -4760.353          47.000    21580812.487    89599686.642       -3702.602          41.000  
R11  21096984.733   112735914.851        3494.722          47.000    21096979.962    87683500.096        2718.136          44.000  
R07  20070152.929   107437104.407       -1968.627          51.000    20070148.470    83562251.238       -1531.198          46.000  
E25  24896534.311   130832188.340         777.378          45.000    24896538.608   100248064.945         595.586          45.000  
G06  19806881.470   104085848.813       -1297.787          47.000    19806879.896    81106080.776       -1011.340          45.000  
S31  37380211.194   196434367.542        -749.047          46.000  
S33  38368621.653   201628406.190        -748.398          41.000  
E05  24197664.151   127159575.367       -2481.909          43.000    24197667.217    97433975.525       -1901.611          43.000  
E02  25750012.903   135317258.574        1859.188          42.000    25750017.433   103684677.096        1424.654          44.000  
R09  20081260.170   107232791.009       -2713.921          49.000    20081257.428    83403255.309       -2110.790          48.000  
R10  18964314.923   101090478.187         706.763          46.000                                                                  
R08  19286556.286   103278652.662          12.179          48.000    19286551.885    80328138.381           9.345          48.000  
R01  22335993.601   119398686.996        1537.931          40.000    22335993.571    92865763.224        1196.145          39.000  
R23  20050310.456   107255583.781       -2800.894          48.000                                                                  
G07  18816001.542    98878725.929         886.793          48.000    18815996.108    77048284.259         690.973          44.000  
E34  25069680.446   131742074.438       -3789.291          41.000    25069686.976   100945228.472       -2903.756          45.000  
E18  26711210.781   140368254.249         549.523          37.000    26711219.024   107554842.682         421.199          39.000  
E13  24532011.384   128916523.436         673.131          43.000    24532012.707    98780219.641         515.959          47.000  
E15  22847199.454   120062859.475       -2059.372          46.000    22847201.854    91996214.894       -1577.961          49.000  
G16  23543786.070   123723425.868        -912.955          41.000                                                                  
G20  23576258.727   123894033.768        2603.793          40.000                                                                  
G11  21864309.822   114897692.055        1179.387          45.000    21864307.268    89530726.073         918.942          43.000  
E24  26794758.226   140807403.286       -1275.627          38.000    26794761.006   107891401.787        -977.259          40.000  
G03  21357643.599   112235190.985       -3129.774          42.000    21357642.863    87455950.086       -2438.387          40.000  
G04  21244603.717   111641157.843       -2845.061          45.000    21244601.428    86993029.250       -2216.833          44.000  
> 2024 06 08 12 41 00.4960000  0 31                     
E08  23753022.071   124822986.221         163.288          44.000    23753021.752    95643572.589         124.996          47.000  
G09  19620345.813   103105650.308       -1308.276          52.000    19620339.602    80342063.834       -1019.330          44.000  
E03  22761506.936   119612545.856       -1421.070          46.000    22761507.832    91651208.756       -1089.035          50.000  
G19  24261029.691   127492476.699       -2658.644          41.000                                                                  
G30  20955678.961   110122814.086        2352.546          45.000    20955678.421    85809960.844        1833.289          42.000  
R24  21587830.154   115439747.373         721.901          47.000    21587825.611    89786481.875         561.487          44.000  
R22  21607571.287   115342581.166       -4762.099          47.000    21607571.780    89710779.752       -3703.968          45.000  
R11  21077379.230   112631150.100        3489.313          47.000    21077374.925    87602016.560        2714.032          44.000  
R07  20081197.032   107496222.504       -1972.806          51.000    20081191.879    83608231.950       -1534.274          46.000  
E25  24892122.601   130809005.395         767.957          44.000    24892127.048   100230301.368         588.508          45.000  
G06  19814347.830   104125087.128       -1318.355          46.000    19814346.905    81136656.056       -1027.297          46.000  
S31  37384487.198   196456838.327        -749.223          46.000  
S33  38372893.497   201650856.153        -748.733          41.000  
E05  24211828.351   127234008.907       -2480.651          43.000    24211831.509    97491009.008       -1900.660          44.000  
E02  25739394.595   135261459.853        1860.255          42.000    25739399.372   103641922.317        1425.408          44.000  
R09  20096572.341   107314558.603       -2737.617          49.000    20096569.313    83466852.276       -2129.106          48.000  
R10  18960406.845   101069641.136         682.120          47.000                                                                  
R08  19286499.234   103278337.647           8.789          50.000    19286492.899    80327893.334           6.947          48.000  
R01  22327358.640   119352526.452        1539.545          41.000    22327359.948    92829860.520        1197.566          40.000  
R23  20066076.997   107339921.730       -2821.750          48.000                                                                  
G07  18810994.858    98852413.567         867.198          48.000    18810988.763    77027781.174         675.544          44.000  
E34  25091321.356   131855795.434       -3792.428          41.000    25091327.489   101032365.121       -2905.764          44.000  
E18  26708047.322   140351629.166         558.733          36.000    26708054.907   107542103.760         427.811          38.000  
E13  24528204.430   128896518.965         660.124          43.000    24528205.736    98764891.528         505.942          47.000  
E15  22858993.330   120124836.983       -2072.745          46.000    22858996.115    92043704.138       -1588.249          49.000  
G16  23549040.039   123751035.632        -927.699          41.000                                                                  
G20  23561392.793   123815915.166        2604.243          39.000                                                                  
G11  21857623.786   114862555.035        1163.121          45.000    21857620.714    89503346.582         906.482          43.000  
E24  26802077.044   140845863.367       -1288.671          39.000    26802079.848   107920871.221        -987.534          39.000  
G03  21375539.182   112329233.213       -3140.065          43.000    21375538.768    87529229.639       -2446.782          40.000  
G04  21260848.427   111726525.214       -2846.338          44.000    21260846.783    87059549.210       -2217.899          45.000  
> 2024 06 08 12 41 30.4960000  0 31                     
E08  23752099.999   124818138.721         159.677          46.000    23752099.518    95639858.260         122.271          47.000  
G09  19627828.211   103144973.651       -1313.629          51.000    19627825.024    80372705.404       -1023.615          46.000  
E03  22769626.515   119655215.869       -1423.648          46.000    22769628.170    91683903.930       -1090.820          50.000  
G19  24276197.832   127572185.142       -2655.801          42.000                                                                  
G30  20942282.305   110052408.487        2340.949          47.000    20942280.606    85755099.332        1823.825          42.000  
R24  21583845.689   115418447.230         697.861          47.000    21583842.813    89769915.045         542.664          44.000  
R22  21634341.058   115485474.447       -4764.685          47.000    21634339.870    89821918.647       -3705.575          43.000  
R11  21057804.966   112526551.992        3483.292          48.000    21057801.388    87520662.608        2709.344          45.000  
R07  20092266.144   107555474.993       -1977.804          52.000    20092260.238    83654317.194       -1538.150          45.000  
E25  24887766.212   130786116.162         757.803          44.000    24887771.609   100212762.894         580.521          46.000  
G06  19821933.659   104164951.106       -1339.701          46.000    19821933.149    81167718.863       -1044.029          45.000  
S31  37388766.580   196479326.361        -750.291          46.000  
S33  38377169.136   201673323.960        -749.675          41.000  
E05  24225987.702   127308418.716       -2480.157          43.000    24225991.117    97548024.300       -1900.505          44.000  
E02  25728771.454   135205638.724        1860.659          41.000    25728776.919   103599150.375        1425.694          44.000  
R09  20112019.081   107397041.380       -2761.774          52.000    20112016.040    83531005.497       -2147.872          48.000  
R10  18956638.414   101049554.788         656.520          49.000                                                                  
R08  19286461.088   103278130.289           4.587          51.000    19286453.280    80327732.062           3.561          47.000  
R01  22318715.315   119306322.7971       1540.598          42.000    22318716.845    92793921.132        1198.123          41.000  
R23  20081961.356   107424891.255       -2843.294          49.000                                                                  
G07  18806101.856    98826700.073         846.881          50.000    18806095.763    77007744.720         659.725          43.000  
E34  25112980.628   131969613.373       -3795.661          43.000    25112985.720   101119576.076       -2908.488          43.000  
E18  26704834.262   140334744.748         567.595          35.000    26704841.860   107529166.138         434.421          38.000  
E13  24524473.040   128876913.643         646.685          43.000    24524474.839    98749869.276         495.327          46.000  
E15  22870866.203   120187226.399       -2086.811          47.000    22870868.871    92091508.987       -1598.972          50.000  
G16  23554379.638   123779096.598        -943.223          42.000                                                                  
G20  23546527.030   123737798.195        2603.391          40.000                                                                  
G11  21851033.118   114827920.251        1145.827          46.000    21851029.701    89476358.453         892.698          42.000  
E24  26809471.715   140884723.018       -1302.345          38.000    26809474.828   107950646.860        -997.712          39.000  
G03  21393496.006   112423597.227       -3150.970          44.000    21393496.070    87602759.903       -2455.556          40.000  
G04  21277101.998   111811937.108       -2848.271          44.000    21277100.335    87126103.854       -2219.434          45.000  
> 2024 06 08 12 42 00.4960000  0 31                     
E08  23751200.023   124813410.230         155.674          45.000    23751199.815    95636235.131         119.223          47.000  
G09  19635340.407   103184471.254       -1319.672          46.000    19635341.750    80403482.672       -1028.229          47.000  
E03  22777762.995   119697967.586       -1426.563          47.000    22777764.054    91716661.722       -1093.157          51.000  
G19  24291350.952   127651820.748       -2653.684          39.000                                                                  
G30  20928953.227   109982362.924        2328.660          46.000    20928951.957    85700518.371        1814.497          43.000  
R24  21580000.474   115397881.802         673.083          46.000    21579996.657    89753919.679         523.241          44.000  
R22  21661124.428   115628444.643       -4767.055          47.000    21661123.451    89933117.328       -3707.695          44.000  
R11  21038266.245   112422147.464        3476.630          47.000    21038263.282    87439459.199        2704.141          45.000  
R07  20103363.856   107614885.425       -1983.156          50.000    20103358.640    83700525.271       -1542.550          45.000  
E25  24883471.175   130763544.466         746.944          43.000    24883476.410   100195467.715         572.400          47.000  
G06  19829641.863   104205461.814       -1361.065          46.000    19829642.399    81199285.622       -1060.734          46.000  
S31  37393053.716   196501855.740        -751.639          46.000  
S33  38381452.566   201695832.038        -751.259          41.000  
E05  24240146.818   127382826.992       -2480.409          43.000    24240150.556    97605038.389       -1900.474          43.000  
E02  25718148.410   135149819.172        1860.668          40.000    25718154.830   103556379.653        1425.500          44.000  
R09  20127603.312   107480258.998       -2786.421          50.000    20127600.025    83595730.251       -2167.030          48.000  
R10  18953015.712   101030244.389         630.579          46.000                                                                  
R08  19286445.916   103278053.605           0.325          48.000    19286438.056    80327672.422           0.221          46.000  
R01  22310065.904   119260089.643        1541.371          41.000    22310068.744    92757961.952        1198.718          39.000  
R23  20097967.299   107510511.154       -2865.130          47.000                                                                  
G07  18801326.473    98801608.599         825.862          48.000    18801321.523    76988192.951         643.524          44.000  
E34  25134662.667   132083548.381       -3799.843          43.000    25134667.058   101206876.720       -2911.448          43.000  
E18  26701575.986   140317622.764         574.640          34.000    26701584.004   107516046.414         440.453          39.000  
E13  24520823.073   128857730.802         632.198          42.000    24520824.225    98735170.703         484.416          46.000  
E15  22882821.629   120250048.650       -2101.329          47.000    22882823.736    92139645.478       -1610.204          50.000  
G16  23559809.148   123807631.773        -959.006          41.000                                                                  
G20  23531666.820   123659706.973        2602.196          38.000                                                                  
G11  21844542.960   114793811.564        1127.851          45.000    21844539.040    89449780.261         878.581          42.000  
E24  26816946.831   140924004.245       -1316.483          39.000    26816949.733   107980745.513       -1008.906          41.000  
G03  21411518.610   112518304.560       -3162.874          44.000    21411518.679    87676557.666       -2464.651          40.000  
G04  21293367.922   111897415.111       -2850.605          44.000    21293366.428    87192709.980       -2221.177          45.000  
> 2024 06 08 12 42 30.4960000  0 31                     
E08  23750328.895   124808829.842         150.096          45.000    23750328.581    95632725.477         115.097          47.000  
G09  19642897.461   103224172.199       -1326.825          48.000    19642896.175    80434418.353       -1033.722          47.000  
E03  22785920.111   119740830.254       -1430.670          48.000    22785920.931    91749504.531       -1096.284          52.000  
G19  24306496.429   127731410.612       -2652.368          39.000                                                                  
G30  20915698.872   109912709.092        2315.228          46.000    20915697.045    85646242.665        1804.071          42.000  
R24  21576298.078   115378082.355         647.195          45.000    21576294.115    89738520.037         503.311          44.000  
R22  21687927.274   115771517.599       -4770.719          48.000    21687926.007    90044395.955       -3710.551          43.000  
R11  21018771.235   112317970.783        3468.776          47.000    21018768.470    87358433.003        2697.779          46.000  
R07  20114497.549   107674485.063       -1989.640          50.000    20114492.651    83746880.498       -1547.517          45.000  
E25  24879242.098   130741321.646         734.860          43.000    24879247.840   100178439.886         563.106          47.000  
G06  19837478.945   104246647.903       -1384.062          46.000    19837480.288    81231378.620       -1078.469          46.000  
S31  37397354.044   196524453.593        -754.487          46.000  
S33  38385748.754   201718410.636        -754.013          41.000  
E05  24254312.497   127457263.404       -2481.760          43.000    24254315.286    97662074.034       -1901.600          44.000  
E02  25707532.706   135094032.866        1858.793          40.000    25707539.027   103513634.379        1424.440          44.000  
R09  20143330.298   107564238.924       -2811.995          50.000    20143326.917    83661047.924       -2187.098          48.000  
R10  18949543.772   101011742.572         603.200          45.000                                                                  
R08  19286460.734   103278138.634          -5.577          48.000    19286454.074    80327738.537          -4.388          47.000  
R01  22301417.898   119213861.105        1541.043          41.000    22301418.855    92722006.403        1198.587          38.000  
R23  20114097.532   107596807.972       -2887.690          47.000                                                                  
G07  18796675.574    98777170.156         803.708          47.000    18796671.686    76969150.041         626.203          45.000  
E34  25156372.271   132197628.132       -3805.079          43.000    25156375.874   101294288.272       -2915.463          43.000  
E18  26698278.091   140300292.109         581.610          34.000    26698286.617   107502766.905         445.245          40.000  
E13  24517258.418   128839001.245         616.621          42.000    24517260.150    98720819.467         472.456          45.000  
E15  22894864.615   120313332.215       -2117.231          48.000    22894866.171    92188135.445       -1622.215          49.000  
G16  23565335.658   123836671.602        -976.432          42.000                                                                  
G20  23516816.405   123581672.679        2600.380          39.000                                                                  
G11  21838158.750   114760260.374        1109.261          45.000    21838153.963    89423636.480         864.070          41.000  
E24  26824507.517   140963736.422       -1331.786          39.000    26824510.677   108011189.665       -1020.630          42.000  
G03  21429611.587   112613384.311       -3175.500          44.000    21429612.017    87750645.646       -2474.359          40.000  
G04  21309652.271   111982988.486       -2854.048          44.000    21309650.117    87259390.412       -2223.960          45.000  
> 2024 06 08 12 43 00.4960000  0 31                     
E08  23749488.250   124804412.301         144.602          45.000    23749488.346    95629340.616         110.805          48.000  
G09  19650495.581   103264091.217       -1334.235          51.000    19650490.853    80465524.087       -1039.642          44.000  
E03  22794100.336   119783818.873       -1435.050          48.000    22794101.267    91782443.856       -1099.576          52.000  
G19  24321635.743   127810967.680       -2651.095          39.000                                                                  
G30  20902522.167   109843464.493        2301.231          46.000    20902520.466    85592285.812        1793.280          43.000  
R24  21572740.425   115359066.099         620.722          44.000    21572738.376    89723729.546         482.822          44.000  
R22  21714751.284   115914704.760       -4774.735          46.000    21714750.043    90155763.420       -3713.898          43.000  
R11  20999320.828   112214042.258        3459.836          45.000    20999319.188    87277599.789        2691.199          45.000  
R07  20125669.612   107734289.831       -1996.877          49.000    20125665.005    83793395.233       -1553.207          45.000  
E25  24875082.976   130719464.877         722.304          43.000    24875088.709   100161692.556         553.465          47.000  
G06  19845448.220   104288523.740       -1407.458          46.000    19845448.329    81264009.082       -1096.643          45.000  
S31  37401670.447   196547137.672        -757.585          46.000  
S33  38390061.652   201741073.204        -756.942          41.000  
E05  24268485.473   127531743.529       -2483.475          43.000    24268488.492    97719143.134       -1902.766          44.000  
E02  25696926.355   135038297.170        1856.976          40.000    25696932.665   103470927.889        1423.006          44.000  
R09  20159202.464   107648994.749       -2838.057          51.000    20159198.956    83726969.120       -2207.332          48.000  
R10  18946227.216   100994067.096         575.226          45.000                                                                  
R08  19286511.054   103278401.494         -11.719          50.000    19286504.155    80327942.986          -9.156          48.000  
R01  22292773.721   119167652.272        1540.089          41.000    22292774.399    92686066.203        1197.546          37.000  
R23  20130358.779   107683793.448       -2911.020          48.000                                                                  
G07  18792152.736    98753401.179         781.114          47.000    18792148.683    76950628.753         608.759          45.000  
E34  25178111.472   132311866.125       -3810.478          43.000    25178115.655   101381821.090       -2919.711          44.000  
E18  26694943.095   140282767.955         587.490          34.000    26694952.466   107489339.072         450.250          41.000  
E13  24513782.530   128820741.581         600.790          40.000    24513785.523    98706828.269         460.406          45.000  
E15  22906997.699   120377091.347       -2133.285          47.000    22906999.017    92236989.821       -1634.523          49.000  
G16  23570961.217   123866231.893        -994.149          42.000                                                                  
G20  23501980.885   123503712.651        2597.679          39.000                                                                  
G11  21831883.323   114727283.955        1089.529          45.000    21831878.680    89397940.556         849.143          42.000  
E24  26832157.089   141003934.814       -1347.636          40.000    26832159.856   108041991.053       -1032.886          41.000  
G03  21447778.056   112708851.417       -3188.706          44.000    21447779.110    87825035.482       -2484.778          40.000  
G04  21325957.060   112068672.320       -2857.893          44.000    21325955.412    87326156.931       -2227.098          45.000  
> 2024 06 08 12 43 30.4960000  0 31                     
E08  23748678.746   124800160.104         138.791          45.000    23748679.150    95626082.436         106.321          48.000  
G09  19658133.714   103304230.872       -1341.913          51.000    19658127.287    80496801.821       -1045.728          42.000  
E03  22802304.609   119826936.118       -1439.503          47.000    22802305.810    91815481.723       -1102.999          51.000  
G19  24336769.086   127890492.777       -2650.995          40.000                                                                  
G30  20889423.502   109774634.164        2287.180          45.000    20889422.377    85538651.838        1781.993          42.000  
R24  21569333.001   115340837.456         594.205          47.000    21569329.714    89709551.652         462.250          45.000  
R22  21741596.224   116058005.032       -4778.724          46.000    21741595.739    90267218.799       -3716.823          44.000  
R11  20979919.556   112110369.181        3451.308          46.000    20979917.835    87196965.265        2684.382          45.000  
R07  20136881.050   107794304.628       -2004.152          50.000    20136876.112    83840073.320       -1559.057          45.000  
E25  24870995.065   130697978.960         709.827          44.000    24871000.146   100145229.387         543.710          48.000  
G06  19853548.994   104331091.324       -1430.659          47.000    19853548.016    81297178.568       -1114.887          45.000  
S31  37406004.034   196569909.694        -760.773          46.000  
S33  38394391.068   201763824.944        -760.291          41.000  
E05  24282667.597   127606270.636       -2485.088          43.000    24282670.810    97776248.248       -1904.182          44.000  
E02  25686331.052   134982617.115        1854.794          40.000    25686336.803   103428264.029        1421.198          44.000  
R09  20175219.746   107734526.644       -2864.258          51.000    20175216.370    83793493.937       -2227.641          48.000  
R10  18943068.056   100977223.615         547.359          45.000                                                                  
R08  19286595.095   103278846.106         -18.087          51.000    19286587.633    80328288.820         -14.002          48.000  
R01  22284134.478   119121466.017        1539.050          41.000    22284134.940    92650143.575        1196.469          36.000  
R23  20146749.222   107771466.551       -2934.126          49.000                                                                  
G07  18787758.328    98730305.701         758.441          47.000    18787753.766    76932632.283         591.106          45.000  
E34  25199879.898   132426263.533       -3816.213          43.000    25199885.161   101469476.023       -2924.083          45.000  
E18  26691572.033   140265052.817         593.457          36.000    26691581.832   107475764.933         454.591          42.000  
E13  24510396.807   128802956.047         584.596          40.000    24510401.184    98693200.377         448.199          45.000  
E15  22919220.663   120441327.934       -2149.373          47.000    22919222.930    92286210.036       -1646.915          49.000  
G16  23576685.492   123896316.392       -1011.710          41.000                                                                  
G20  23487161.259   123425831.265        2594.530          38.000                                                                  
G11  21825718.149   114694887.087        1070.002          44.000    21825714.374    89372696.256         833.813          42.000  
E24  26839896.182   141044602.399       -1363.604          40.000    26839898.698   108073151.895       -1044.796          41.000  
G03  21466019.231   112804708.389       -3202.032          43.000    21466019.905    87899729.106       -2495.018          40.000  
G04  21342284.147   112154469.392       -2862.161          44.000    21342282.141    87393011.702       -2230.095          45.000  
> 2024 06 08 12 44 00.4960000  0 31                     
E08  23747904.723   124796093.038         132.017          45.000    23747905.151    95622966.083         101.028          48.000  
G09  19665815.923   103344611.057       -1350.439          48.000    19665813.343    80528266.961       -1052.490          45.000  
E03  22810536.819   119870201.948       -1445.265          45.000    22810538.428    91848633.426       -1107.344          50.000  
G19  24351899.950   127970003.745       -2650.610          40.000                                                                  
G30  20876408.306   109706240.566        2272.013          45.000    20876407.057    85485358.119        1770.208          42.000  
R24  21566075.750   115323418.685         566.667          47.000    21566073.340    89696003.628         440.771          46.000  
R22  21768466.122   116201434.930       -4783.763          45.000    21768464.715    90378774.956       -3720.550          41.000  
R11  20960570.990   112006976.836        3441.076          46.000    20960569.708    87116549.067        2676.602          45.000  
R07  20148135.697   107854550.981       -2012.566          50.000    20148130.676    83886931.520       -1565.303          45.000  
E25  24866981.593   130676886.014         696.079          45.000    24866986.208   100129067.306         533.169          47.000  
G06  19861784.789   104374369.934       -1454.985          47.000    19861782.828    81330902.101       -1133.982          44.000  
S31  37410358.061   196592789.692        -765.178          46.000  
S33  38398741.527   201786685.918        -764.318          41.000  
E05  24296862.648   127680865.243       -2488.235          43.000    24296865.875    97833405.079       -1906.638          44.000  
E02  25675751.187   134927015.087        1851.537          40.000    25675756.322   103385659.940        1418.667          45.000  
R09  20191385.996   107820852.520       -2891.399          51.000    20191381.797    83860636.320       -2248.928          47.000  
R10  18940069.309   100961235.314         518.355          46.000    18939185.458                         396.770          17.000  
R08  19286715.355   103279493.714         -25.483          49.000    19286707.499    80328792.543         -20.010          47.000  
R01  22275502.664   119075322.949        1536.846          41.000    22275502.223    92614254.487        1195.611          36.000  
R23  20163270.756   107859844.746       -2958.253          48.000                                                                  
G07  18783496.197    98707905.039         734.566          48.000    18783490.313    76915177.239         572.464          44.000  
E34  25221682.715   132540838.766       -3823.006          42.000    25221688.033   101557267.201       -2929.173          44.000  
E18  26688169.138   140247166.584         598.491          37.000    26688178.947   107462059.676         458.408          43.000  
E13  24507106.470   128785666.174         567.416          40.000    24507111.106    98679952.301         434.847          45.000  
E15  22931538.565   120506061.155       -2166.556          46.000    22931540.962    92335810.780       -1660.114          49.000  
G16  23582514.217   123926945.774       -1030.709          42.000                                                                  
G20  23472360.746   123348051.287        2590.215          39.000                                                                  
G11  21819667.497   114663091.919        1049.281          45.000    21819664.513    89347920.798         817.710          43.000  
E24  26847727.553   141085759.343       -1380.598          40.000    26847730.735   108104687.703       -1058.074          41.000  
G03  21484337.619   112900975.049       -3216.332          42.000    21484339.057    87974741.963       -2505.947          40.000  
G04  21358636.232   112240399.611       -2867.004          44.000    21358634.611    87459970.286       -2234.130          45.000  
> 2024 06 08 12 44 30.4960000  0 32                     
E08  23747171.776   124792235.537         124.625          46.000    23747171.042    95620010.294          95.544          48.000  
G09  19673549.246   103385256.344       -1359.625          46.000    19673549.762    80559938.522       -1059.503          47.000  
E03  22818803.111   119913640.935       -1451.291          46.000    22818803.997    91881917.835       -1112.068          49.000  
G19  24367031.430   128049523.142       -2651.229          40.000                                                                  
G30  20863480.353   109638310.646        2256.255          44.000    20863480.336    85432425.740        1758.144          41.000  
R24  21562973.686   115306836.214         538.523          46.000    21562972.373    89683106.114         418.736          45.000  
R22  21795363.844   116345015.457       -4788.863          46.000    21795361.805    90490448.351       -3724.459          42.000  
R11  20941280.416   111903894.981        3430.389          46.000    20941279.586    87036374.360        2668.134          45.000  
R07  20159438.376   107915054.936       -2021.460          49.000    20159433.581    83933990.088       -1572.267          46.000  
E25  24863047.938   130656212.734         681.658          45.000    24863051.654   100113226.784         522.330          47.000  
G06  19870160.492   104418383.406       -1479.832          47.000    19870157.917    81365198.278       -1152.994          43.000  
S31  37414737.548   196615804.016        -769.812          46.000  
S33  38403116.900   201809679.765        -768.871          41.000  
E05  24311075.284   127755552.461       -2491.452          43.000    24311078.314    97890632.876       -1909.034          44.000  
E02  25665191.268   134871518.014        1847.588          41.000    25665195.720   103343136.263        1415.876          45.000  
R09  20207705.341   107907995.621       -2918.749          51.000    20207701.384    83928414.283       -2270.017          48.000  
R10  18937235.301   100946129.370         488.430          45.000                                                                  
R08  19286877.449   103280370.817         -33.511          48.000    19286870.683    80329474.725         -25.934          46.000  
R01  22266883.057   119029248.068        1534.258          41.000    22266882.970    92578418.498        1193.482          37.000  
R23  20179927.715   107948949.495       -2982.605          48.000                                                                  
G07  18779370.990    98686225.361         710.268          49.000    18779364.338    76898284.038         553.409          44.000  
E34  25243524.702   132655614.843       -3829.464          42.000    25243529.072   101645212.289       -2934.284          44.000  
E18  26684738.130   140229133.760         603.216          38.000    26684747.239   107448242.097         462.196          43.000  
E13  24503916.546   128768898.126         550.056          42.000    24503920.498    98667104.043         421.430          46.000  
E15  22943956.059   120571314.780       -2184.085          47.000    22943958.005    92385810.273       -1673.529          49.000  
G16  23588451.440   123958145.726       -1049.758          41.000                                                                  
G20  23457585.183   123270399.264        2586.119          39.000                                                                  
E07  27702297.752   145576572.195         932.388          29.000                                                                  
G11  21813736.726   114631925.217        1028.119          45.000    21813734.205    89323635.047         801.082          43.000  
E24  26855657.574   141127430.472       -1398.058          40.000    26855660.557   108136617.477       -1071.228          41.000  
G03  21502738.880   112997675.766       -3230.754          42.000    21502740.780    88050093.078       -2517.489          40.000  
G04  21375017.915   112326487.552       -2872.757          45.000    21375016.486    87527051.749       -2238.364          44.000  
