     3.00           OBSERVATION DATA    M: Mixed            RINEX VERSION / TYPE
CONVBIN demo5 b34j                      20240609 013620 UTC PGM / RUN BY / DATE 
log: SAUC00CHL_R_20241601045_15M_30S_MO.ubx                 COMMENT             
format: u-blox UBX                                          COMMENT             
format: u-blox UBX                                          COMMENT             
log: SAUC00CHL_R_20241601045_15M_30S_MO.ubx                 COMMENT             
SAUC00CHL                                                   MARKER NAME         
                                                            MARKER NUMBER       
GEODETIC                                                    MARKER TYPE         
El Sauce            Obstech                                 OBSERVER / AGENCY   
UNKNOWN             UBLOX-ZED-F9P                           REC # / TYPE / VERS 
UNKNWOWN            TWIVSP6037L                             ANT # / TYPE        
  1813185.0000 -5195981.0000 -3216438.0000                  APPROX POSITION XYZ 
        0.0000        0.0000        0.0000                  ANTENNA: DELTA H/E/N
G    8 C1C L1C D1C S1C C2X L2X D2X S2X                      SYS / # / OBS TYPES 
R    8 C1C L1C D1C S1C C2C L2C D2C S2C                      SYS / # / OBS TYPES 
E    8 C1X L1X D1X S1X C7X L7X D7X S7X                      SYS / # / OBS TYPES 
S    4 C1C L1C D1C S1C                                      SYS / # / OBS TYPES 
  2024    06    08    10    45   00.4920000     GPS         TIME OF FIRST OBS   
  2024    06    08    10    59   30.4930000     GPS         TIME OF LAST OBS    
                                                            END OF HEADER       
> 2024 06 08 10 45 00.4920000  0 28                     
E08  24584291.294   129191342.7151       1258.134          39.000    24584291.989    98990757.4591        964.068          45.000  
G09  18896799.017    99303414.5311        536.837          47.000    18896794.178    77379288.1011        418.352          45.000  
E03  21357908.713   112236610.3491       -395.811          47.000    21357907.613    85999525.0931       -303.168          50.000  
G19  21194662.589   111378719.7301      -1176.723          44.000                                                                  
R16  20420733.095   109083890.8591       -464.516          48.000    20420728.335    84842999.9071       -361.132          46.000  
R22  17281411.016    92249348.9611       -737.945          50.000    17281406.792    71749402.0181       -573.973          49.000  
R06  19604730.094   104614596.4811      -2939.791          38.000                                                                  
R07  17939411.264    96031124.3631      -1192.164          49.000    17939405.309    74690945.1101       -927.271          48.000  
G06  20935492.323   110016768.5951       2510.824          45.000    20935488.008    85727583.9121       1956.515          41.000  
S31  36368924.854   191120066.3071       -747.492          45.000  
S33  37358495.980   196320218.0791       -746.928          41.000  
E05  20781982.777   109210123.7721      -2486.050          45.000    20781982.216    83680518.5821      -1904.910          48.000  
E36  24409799.047   128274585.0271      -3569.050          41.000    24409800.807    98288381.0211      -2734.817          44.000  
R09  20111321.422   107393341.9331       2222.614          46.000    20111316.736    83528134.7891       1728.507          48.000  
R10  22060460.864   117594640.4561       2839.358          36.000                                                                  
R08  19757941.860   105802903.2051        937.646          49.000    19757932.964    82291448.4691        729.239          43.000  
R21  18786858.186   100532295.3801      -4518.375          50.000    18786850.087    78191723.2561      -3514.158          44.000  
R23  20080747.100   107418460.1711       2660.548          43.000                                                                  
G07  22059232.013   115922034.5051       3261.395          39.000    22059229.336    90328785.9691       2540.768          33.000  
E34  21149244.090   111140104.2201      -1709.442          47.000    21149243.390    85159322.6491      -1309.781          50.000  
E18  26243971.628   137913008.5071      -1028.361          43.000    26243970.446   105673583.2251       -788.078          46.000  
E15  22228526.042   116811741.0621       1003.864          45.000    22228526.455    89505106.9111        769.213          49.000  
G21  21189957.709   111354100.6331      -4922.222          43.000                                                                  
G17  20521328.349   107840298.4781      -2791.763          42.000    20521324.292    84031381.6141      -2175.427          41.000  
G02  20233995.462   106330428.3731      -4338.674          47.000                                                                  
G31  21623255.029   113631008.7641      -2989.648          43.000    21623248.350    88543621.9961      -2329.760          41.000  
G03  18706820.475    98305094.4551      -1032.511          48.000    18706817.503    76601435.0561       -804.442          44.000  
G04  17978468.562    94477554.6151      -1654.212          46.000    17978464.295    73618805.6621      -1289.040          47.000  
> 2024 06 08 10 45 30.4920000  0 28                     
E08  24577118.473   129153641.530        1255.282          41.000    24577117.601    98961869.611         961.888          45.000  
G09  18893758.963    99287438.867         528.303          47.000    18893754.114    77366839.552         411.565          45.000  
E03  21360182.114   112248560.279        -400.871          46.000    21360181.808    86008681.545        -307.187          50.000  
G19  21201414.538   111414200.425       -1188.862          44.000                                                                  
R16  20423398.043   109098126.946        -484.628          48.000    20423393.173    84854072.448        -377.050          45.000  
R22  17285627.954    92271856.829        -762.720          50.000    17285622.911    71766908.129        -593.200          49.000  
R06  19621248.170   104702741.680       -2936.691          38.000                                                                  
R07  17946102.138    96066941.699       -1195.650          50.000    17946095.281    74718803.009        -929.894          47.000  
G06  20921170.873   109941510.453        2506.152          45.000    20921166.874    85668941.215        1952.700          41.000  
S31  36373183.880   191142448.232        -744.798          45.000  
S33  37362750.784   196342576.782        -743.999          41.000  
E05  20796176.115   109284711.634       -2486.471          45.000    20796175.732    83737670.310       -1905.218          48.000  
E36  24430181.788   128381694.839       -3571.402          42.000    24430183.114    98370452.094       -2736.594          44.000  
R09  20098854.040   107326768.104        2215.406          44.000    20098849.773    83476355.126        1723.271          47.000  
R10  22044455.117   117509318.936        2848.830          35.000                                                                  
R08  19752701.010   105774838.045         933.439          49.000    19752692.579    82269620.068         725.930          43.000  
R21  18812219.037   100668009.964       -4529.275          49.000    18812212.331    78297279.005       -3522.943          45.000  
R23  20065862.621   107338835.469        2647.776          43.000                                                                  
G07  22040602.917   115824140.777        3264.930          39.000    22040601.804    90252505.112        2544.086          34.000  
E34  21159032.238   111191540.381       -1719.563          47.000    21159031.578    85198734.755       -1317.552          50.000  
E18  26249821.671   137943753.224       -1021.269          42.000    26249821.265   105697140.824        -782.659          46.000  
E15  22222813.158   116781722.095         997.291          45.000    22222814.256    89482105.368         764.114          49.000  
G21  21218063.210   111501797.563       -4924.028          43.000                                                                  
G17  20537291.735   107924188.151       -2800.519          42.000    20537287.708    84096750.175       -2182.682          41.000  
G02  20258780.617   106460676.178       -4344.537          47.000                                                                  
G31  21640350.342   113720842.102       -2999.275          43.000    21640342.835    88613621.950       -2336.815          42.000  
G03  18712724.641    98336118.715       -1035.734          49.000    18712720.817    76625609.809        -807.205          44.000  
G04  17987937.246    94527309.434       -1662.750          46.000    17987930.362    73657575.622       -1295.679          45.000  
> 2024 06 08 10 46 00.4920000  0 28                     
E08  24569961.452   129116031.575        1252.208          42.000    24569960.320    98933051.647         959.411          44.000  
G09  18890767.116    99271719.678         519.773          46.000    18890763.669    77354590.860         404.933          46.000  
E03  21362485.881   112260666.679        -406.199          46.000    21362485.661    86017957.878        -311.209          50.000  
G19  21208236.254   111450050.821       -1201.056          44.000                                                                  
R16  20426176.601   109112974.236        -505.167          46.000    20426172.716    84865620.315        -392.837          46.000  
R22  17289984.023    92295109.070        -787.380          50.000    17289978.923    71784993.190        -612.357          49.000  
R06  19637747.964   104790787.729       -2933.240          38.000                                                                  
R07  17952813.642    96102864.680       -1199.165          50.000    17952805.253    74746743.122        -932.516          47.000  
G06  20906878.336   109866401.120        2501.127          46.000    20906874.544    85610414.476        1948.919          43.000  
S31  36377427.909   191164748.646        -742.025          45.000  
S33  37366990.396   196364854.463        -741.363          41.000  
E05  20810372.225   109359311.571       -2486.685          45.000    20810371.766    83794831.305       -1905.477          48.000  
E36  24450579.299   128488881.040       -3574.157          42.000    24450580.320    98452581.694       -2738.759          44.000  
R09  20086425.629   107260405.711        2208.641          44.000    20086422.271    83424739.956        1717.837          48.000  
R10  22028396.601   117423720.365        2857.535          36.000                                                                  
R08  19747484.066   105746903.325         928.998          49.000    19747474.468    82247893.090         722.700          42.000  
R21  18837642.468   100804056.603       -4540.277          49.000    18837636.540    78403092.995       -3531.419          46.000  
R23  20051050.085   107259597.802        2634.624          43.000                                                                  
G07  22021955.570   115726150.028        3268.016          40.000    22021955.205    90176148.685        2547.006          35.000  
E34  21168878.188   111243282.091       -1729.789          47.000    21168877.997    85238380.987       -1325.484          50.000  
E18  26255632.522   137974286.280       -1014.235          42.000    26255631.653   105720536.242        -777.249          46.000  
E15  22217139.632   116751908.484         990.388          45.000    22217140.978    89459261.180         758.804          49.000  
G21  21246179.674   111649551.567       -4925.926          43.000                                                                  
G17  20553307.087   108008345.683       -2809.508          43.000    20553302.468    84162327.427       -2189.093          41.000  
G02  20283600.239   106591103.145       -4350.437          47.000                                                                  
G31  21657500.409   113810967.984       -3008.942          43.000    21657493.662    88683849.885       -2344.602          42.000  
G03  18718647.873    98367242.767       -1039.014          49.000    18718643.009    76649862.310        -809.733          43.000  
G04  17997455.705    94577322.618       -1671.295          48.000    17997446.466    73696546.970       -1302.418          44.000  
> 2024 06 08 10 46 30.4920000  0 28                     
E08  24562821.507   129078515.407        1248.752          42.000    24562820.646    98904305.512         956.969          43.000  
G09  18887824.885    99256259.027         510.776          46.000    18887821.623    77342543.614         397.980          46.000  
E03  21364820.483   112272931.224        -411.600          47.000    21364819.755    86027355.385        -315.426          50.000  
G19  21215128.678   111486272.081       -1213.679          43.000                                                                  
R16  20429071.762   109128436.137        -525.862          49.000    20429067.213    84877646.242        -409.034          46.000  
R22  17294479.561    92319108.410        -812.668          51.000    17294474.463    71803659.316        -632.128          49.000  
R06  19654227.849   104878720.3731      -2930.645          39.000                                                                  
R07  17959543.521    96138894.576       -1203.020          51.000    17959536.879    74774766.367        -935.616          48.000  
G06  20892614.865   109791445.910        2495.773          45.000    20892611.393    85552007.827        1944.802          43.000  
S31  36381656.433   191186970.763        -739.841          45.000  
S33  37371214.454   196387053.601        -739.037          41.000  
E05  20824570.808   109433924.854       -2487.610          44.000    20824570.397    83852002.511       -1906.110          48.000  
E36  24470990.829   128596144.701       -3576.743          42.000    24470991.997    98534770.640       -2740.683          44.000  
R09  20074039.877   107194261.394        2201.061          48.000    20074035.658    83373294.384        1711.960          47.000  
R10  22012286.663   117337875.9081       2866.849          36.000                                                                  
R08  19742291.271   105719100.550         924.235          50.000    19742282.152    82226268.747         719.081          41.000  
R21  18863128.129   100940433.566       -4551.614          52.000    18863121.716    78509163.928       -3540.132          46.000  
R23  20036310.602   107180754.097        2621.260          45.000                                                                  
G07  22003291.694   115628067.292        3270.606          40.000    22003291.131    90099720.556        2548.619          35.000  
E34  21178782.728   111295331.673       -1740.368          46.000    21178782.793    85278263.113       -1333.501          50.000  
E18  26261402.984   138004609.558       -1007.268          42.000    26261401.927   105743770.919        -771.938          46.000  
E15  22211505.808   116722304.366         983.050          44.000    22211507.775    89436577.511         753.273          49.000  
G21  21274307.232   111797362.195       -4928.158          43.000                                                                  
G17  20569372.276   108092770.285       -2818.784          43.000    20569368.289    84228112.780       -2196.546          41.000  
G02  20308453.112   106721708.962       -4356.663          46.000                                                                  
G31  21674706.525   113901386.778       -3019.052          43.000    21674699.928    88754306.050       -2352.455          42.000  
G03  18724590.410    98398470.118       -1042.954          49.000    18724584.835    76674195.303        -812.535          42.000  
G04  18007022.787    94627594.855       -1680.300          50.000    18007013.933    73735720.172       -1309.193          45.000  
> 2024 06 08 10 47 00.4920000  0 28                     
E08  24555701.881   129041102.752        1244.864          42.000    24555701.279    98875638.710         953.941          43.000  
G09  18884933.674    99241065.991         501.631          46.000    18884930.557    77330704.899         390.815          46.000  
E03  21367186.629   112285362.646        -417.389          47.000    21367185.274    86036880.764        -319.837          51.000  
G19  21222092.271   111522872.071       -1226.718          42.000                                                                  
R16  20432083.756   109144523.866        -547.197          46.000    20432078.925    84890158.879        -425.546          45.000  
R22  17299117.073    92343864.599        -838.116          49.000    17299112.139    71822914.122        -651.910          49.000  
R06  19670693.376   104966580.968       -2927.394          38.000                                                                  
R07  17966294.498    96175039.507       -1207.096          50.000    17966289.863    74802879.077        -938.895          48.000  
G06  20878382.524   109716657.237        2489.778          45.000    20878379.828    85493730.959        1940.178          43.000  
S31  36385871.706   191209123.678        -737.568          45.000  
S33  37375425.880   196409183.105        -736.751          41.000  
E05  20838773.392   109508559.762       -2488.540          45.000    20838773.113    83909190.279       -1906.777          49.000  
E36  24491417.997   128703494.108       -3580.060          41.000    24491420.382    98617025.282       -2743.059          44.000  
R09  20061697.022   107128349.714        2192.565          46.000    20061692.521    83322029.748        1705.596          49.000  
R10  21996128.481   117251749.061        2875.033          36.000                                                                  
R08  19737125.391   105691438.637         919.288          47.000    19737116.617    82204753.966         715.211          42.000  
R21  18888675.722   101077146.479       -4562.902          49.000    18888670.190    78615496.149       -3548.933          46.000  
R23  20021647.232   107102317.988        2607.501          42.000                                                                  
G07  21984612.038   115529904.943        3273.430          39.000    21984611.351    90023230.484        2549.926          35.000  
E34  21188747.524   111347698.541       -1751.139          46.000    21188747.836    85318388.362       -1341.767          50.000  
E18  26267135.172   138034732.017       -1001.009          42.000    26267133.803   105766851.717        -767.013          46.000  
E15  22205914.313   116692920.974         975.451          44.000    22205916.397    89414062.970         747.428          50.000  
G21  21302446.482   111945236.200       -4930.518          43.000                                                                  
G17  20585489.490   108177469.049       -2828.162          43.000    20585485.733    84294111.755       -2203.432          41.000  
G02  20333341.832   106852500.180       -4363.088          46.000                                                                  
G31  21691969.720   113992105.946       -3029.309          44.000    21691962.888    88824996.291       -2360.763          41.000  
G03  18730554.513    98429811.279       -1047.075          49.000    18730548.603    76698616.989        -815.750          42.000  
G04  18016639.470    94678133.854       -1689.289          49.000    18016632.787    73775101.246       -1316.482          47.000  
> 2024 06 08 10 47 30.4920000  0 28                     
E08  24548606.952   129003816.912        1240.133          42.000    24548606.278    98847069.090         950.058          43.000  
G09  18882098.189    99226163.326         491.156          47.000    18882094.074    77319092.430         382.805          45.000  
E03  21369587.360   112297983.295        -424.375          47.000    21369586.903    86046551.131        -325.209          51.000  
G19  21229132.341   111559872.784       -1240.731          42.000                                                                  
R16  20435216.637   109161262.226        -569.521          46.000    20435212.498    84903177.586        -442.907          46.000  
R22  17303901.427    92369401.265        -864.889          50.000    17303896.848    71842775.949        -672.775          50.000  
R06  19687147.185   105054376.002       -2926.237          39.000                                                                  
R07  17973073.101    96211321.328       -1212.314          51.000    17973066.266    74831098.274        -942.972          47.000  
G06  20864187.182   109642061.108        2482.618          45.000    20864184.806    85435604.143        1934.375          42.000  
S31  36390078.759   191231230.466        -736.863          45.000  
S33  37379627.828   196431267.417        -735.990          41.000  
E05  20852984.816   109583238.255       -2490.627          46.000    20852984.030    83966411.448       -1908.481          49.000  
E36  24511866.442   128810950.995       -3584.110          41.000    24511868.611    98699362.272       -2746.355          44.000  
R09  20049402.711   107062698.386        2183.349          48.000    20049398.146    83270967.601        1698.077          49.000  
R10  21979928.830   117165392.091        2881.228          37.000                                                                  
R08  19731990.109   105663940.241         913.165          49.000    19731982.997    82183366.408         710.317          43.000  
R21  18914290.762   101214214.669       -4575.505          50.000    18914284.109    78722104.691       -3558.796          45.000  
R23  20007066.264   107024317.650        2591.987          44.000                                                                  
G07  21965923.861   115431689.095        3274.452          41.000    21965921.674    89946698.647        2551.168          34.000  
E34  21198777.490   111400405.713       -1763.316          47.000    21198777.593    85358774.359       -1350.984          50.000  
E18  26272832.891   138064676.208        -995.926          42.000    26272831.712   105789795.917        -763.046          46.000  
E15  22200370.385   116663783.202         966.498          45.000    22200371.765    89391736.629         740.586          50.000  
G21  21330601.942   112093193.792       -4933.917          43.000                                                                  
G17  20601663.404   108262461.265       -2838.606          43.000    20601659.278    84360339.438       -2211.910          41.000  
G02  20358269.918   106983497.536       -4370.731          46.000                                                                  
G31  21709294.252   114083147.150       -3040.692          44.000    21709287.453    88895937.452       -2369.416          41.000  
G03  18736544.885    98461290.448       -1052.397          49.000    18736539.087    76723146.203        -820.005          42.000  
G04  18026309.212    94728961.082       -1699.702          46.000    18026305.169    73814706.849       -1324.428          47.000  
> 2024 06 08 10 48 00.4920000  0 28                     
E08  24541542.037   128966688.019        1234.835          43.000    24541541.338    98818619.710         946.189          44.000  
G09  18879323.689    99211580.514         480.834          48.000    18879319.120    77307729.207         374.576          45.000  
E03  21372029.989   112310822.339        -431.710          47.000    21372030.299    86056388.852        -330.700          51.000  
G19  21236255.506   111597302.709       -1254.865          42.000                                                                  
R16  20438478.251   109178682.993        -592.150          47.000    20438474.092    84916727.044        -460.532          46.000  
R22  17308837.480    92395748.744        -891.823          51.000    17308832.182    71863268.441        -693.742          49.000  
R06  19703593.624   105142135.614       -2925.123          38.000                                                                  
R07  17979882.235    96247768.795       -1217.729          51.000    17979874.768    74859446.334        -947.106          48.000  
G06  20850034.862   109567690.343        2475.146          45.000    20850032.277    85377652.902        1928.643          42.000  
S31  36394282.659   191253321.891        -736.222          45.000  
S33  37383826.787   196453334.884        -735.359          41.000  
E05  20867209.650   109657989.066       -2493.021          46.000    20867208.409    84023688.027       -1910.192          50.000  
E36  24532341.543   128918544.043       -3589.016          42.000    24532343.139    98781803.600       -2749.977          45.000  
R09  20037163.113   106997342.613        2173.396          47.000    20037158.949    83220135.336        1690.485          48.000  
R10  21963692.930   117078838.175        2888.087          39.000                                                                  
R08  19726890.494   105636635.010         907.081          48.000    19726883.960    82162129.023         705.466          44.000  
R21  18939976.243   101351664.225       -4588.112          49.000    18939968.283    78829009.865       -3568.314          44.000  
R23  19992574.381   106946787.135        2576.553          45.000                                                                  
G07  21947231.204   115333452.161        3274.707          41.000    21947226.759    89870150.409        2551.811          33.000  
E34  21208878.312   111453482.940       -1775.500          47.000    21208877.551    85399443.912       -1360.396          50.000  
E18  26278503.305   138094471.447        -990.761          43.000    26278501.181   105812626.001        -759.103          45.000  
E15  22194878.630   116634922.678         957.235          45.000    22194879.710    89369622.733         733.495          51.000  
G21  21358779.195   112241262.187       -4937.274          44.000                                                                  
G17  20617897.738   108347774.328       -2849.177          44.000    20617894.209    84426817.089       -2220.041          41.000  
G02  20383242.833   107114728.108       -4378.276          45.000                                                                  
G31  21726685.218   114174538.163       -3052.208          44.000    21726678.896    88967151.194       -2378.363          41.000  
G03  18742567.269    98492938.529       -1057.875          49.000    18742561.468    76747807.063        -824.217          42.000  
G04  18036040.704    94780104.710       -1710.057          45.000    18036037.248    73854558.954       -1332.525          47.000  
> 2024 06 08 10 48 30.4920000  0 28                     
E08  24534509.639   128929733.725        1228.279          42.000    24534508.851    98790304.082         941.492          43.000  
G09  18876612.798    99197334.604         468.789          47.000    18876608.238    77296628.496         365.409          45.000  
E03  21374518.746   112323896.501        -440.179          47.000    21374518.012    86066406.704        -337.203          51.000  
G19  21243463.507   111635178.094       -1270.221          43.000                                                                  
R16  20441871.168   109196805.116        -616.247          48.000    20441866.619    84930821.999        -479.239          46.000  
R22  17313928.438    92422924.862        -920.277          51.000    17313922.898    71884405.402        -715.733          49.000  
R06  19720036.631   105229876.712       -2925.000          38.000                                                                  
R07  17986724.747    96284398.730       -1224.559          51.000    17986717.964    74887936.289        -952.352          48.000  
G06  20835929.560   109493565.347        2466.257          45.000    20835926.476    85319893.174        1921.862          42.000  
S31  36398487.128   191275414.745        -736.761          45.000  
S33  37388026.683   196475405.001        -736.252          40.000  
E05  20881451.310   109732828.498       -2496.470          47.000    20881449.959    84081032.509       -1912.914          50.000  
E36  24552845.279   129026289.338       -3594.547          43.000    24552846.525    98864361.578       -2754.130          45.000  
R09  20024983.216   106932304.808        2162.189          47.000    20024979.193    83169550.385        1681.640          47.000  
R10  21947422.107   116992108.904        2893.257          38.000                                                                  
R08  19721830.536   105609539.999         899.289          48.000    19721824.062    82141055.156         699.486          44.000  
R21  18965735.292   101489508.665       -4601.803          49.000    18965728.037    78936222.164       -3579.171          45.000  
R23  19978172.205   106869748.766        2559.116          44.000                                                                  
G07  21928537.952   115235214.713        3273.956          43.000    21928532.438    89793601.685        2550.764          34.000  
E34  21219051.057   111506947.610       -1789.082          46.000    21219051.415    85440410.331       -1370.828          50.000  
E18  26284148.423   138124134.703        -987.086          43.000    26284146.121   105835354.952        -756.261          45.000  
E15  22189443.250   116606358.606         946.828          45.000    22189444.215    89347735.989         725.521          51.000  
G21  21386979.811   112389456.166       -4942.139          43.000                                                                  
G17  20634195.987   108433422.120       -2860.792          42.000    20634192.643    84493555.568       -2229.395          41.000  
G02  20408262.211   107246206.909       -4387.147          45.000                                                                  
G31  21744146.134   114266294.556       -3064.979          44.000    21744139.552    89038649.641       -2388.366          40.000  
G03  18748624.210    98524774.081       -1064.683          47.000    18748619.587    76772613.958        -829.714          43.000  
G04  18045839.428    94831580.292       -1721.963          49.000    18045831.437    73894669.768       -1341.732          45.000  
> 2024 06 08 10 49 00.4920000  0 28                     
E08  24527515.878   128892986.030        1221.109          40.000    24527515.594    98762146.824         935.612          43.000  
G09  18873971.877    99183457.052         456.101          47.000    18873967.062    77285814.848         355.342          45.000  
E03  21377057.335   112337236.848        -449.592          46.000    21377056.418    86076628.529        -344.452          51.000  
G19  21250762.632   111673529.367       -1286.591          44.000                                                                  
R16  20445400.968   109215662.490        -641.116          47.000    20445396.259    84945488.818        -498.598          45.000  
R22  17319180.397    92450961.864        -949.275          50.000    17319174.675    71906211.946        -738.182          48.000  
R06  19736481.566   105317631.400       -2925.789          37.000                                                                  
R07  17993607.762    96321241.871       -1231.897          51.000    17993600.156    74916592.049        -958.179          47.000  
G06  20821877.621   109419720.914        2456.363          45.000    20821874.388    85262352.073        1914.078          42.000  
S31  36402697.560   191297540.989        -738.367          46.000  
S33  37392232.367   196497507.167        -737.423          40.000  
E05  20895715.540   109807787.308       -2500.940          48.000    20895714.125    84138468.474       -1916.346          49.000  
E36  24573383.071   129134217.524       -3600.982          43.000    24573384.699    98947059.702       -2759.053          46.000  
R09  20012870.488   106867621.525        2149.854          46.000    20012866.164    83119241.180        1672.102          47.000  
R10  21931125.260   116905239.778        2897.634          38.000                                                                  
R08  19716816.424   105582686.567         890.767          47.000    19716809.461    82120169.191         692.826          45.000  
R21  18991574.173   101627776.318       -4616.296          49.000    18991566.788    79043763.628       -3590.612          45.000  
R23  19963869.470   106793238.747        2541.053          44.000                                                                  
G07  21909849.868   115137011.114        3272.848          40.000    21909844.904    89717079.314        2550.929          34.000  
E34  21229304.592   111560831.415       -1803.427          46.000    21229305.949    85481697.909       -1381.788          51.000  
E18  26289773.669   138153697.257        -983.900          42.000    26289771.914   105858006.760        -754.080          45.000  
E15  22184070.638   116578124.640         935.337          46.000    22184071.478    89326102.176         716.636          51.000  
G21  21415209.305   112537804.344       -4947.864          43.000                                                                  
G17  20650563.758   108519433.690       -2873.402          43.000    20650560.127    84560577.512       -2239.003          40.000  
G02  20433334.079   107377962.881       -4396.869          45.000                                                                  
G31  21761681.810   114358445.977       -3078.709          44.000    21761675.760    89110455.920       -2399.044          41.000  
G03  18754724.361    98556830.009       -1072.417          47.000    18754719.827    76797592.601        -835.706          43.000  
G04  18055704.831    94883417.984       -1734.371          50.000    18055693.788    73935062.848       -1351.244          43.000  
> 2024 06 08 10 49 30.4920000  0 28                     
E08  24520565.355   128856470.943        1213.575          38.000    24520566.946    98734167.766         929.652          43.000  
G09  18871405.692    99169973.195         442.912          47.000    18871400.744    77275307.983         345.054          44.000  
E03  21379651.584   112350868.406        -459.183          47.000    21379650.287    86087073.498        -351.932          51.000  
G19  21258156.231   111712381.149       -1303.401          44.000                                                                  
R16  20449074.016   109235282.289        -666.771          48.000    20449069.222    84960748.618        -518.490          46.000  
R22  17324598.624    92479885.902        -979.031          50.000    17324593.281    71928708.396        -761.527          49.000  
R06  19752934.118   105405425.158       -2927.024          37.000                                                                  
R07  18000534.656    96358322.846       -1239.911          51.000    18000526.630    74945432.828        -964.436          47.000  
G06  20807884.361   109346185.756        2445.877          44.000    20807880.783    85205051.952        1906.080          42.000  
S31  36406919.180   191319726.883        -740.467          45.000  
S33  37396449.978   196519670.017        -739.867          40.000  
E05  20910007.046   109882890.147       -2505.835          47.000    20910005.536    84196014.810       -1920.085          49.000  
E36  24593960.640   129242353.062       -3607.973          42.000    24593962.111    99029916.695       -2764.380          46.000  
R09  20000830.192   106803323.949        2136.830          46.000    20000824.874    83069231.970        1661.978          46.000  
R10  21914808.268   116818261.166        2901.499          39.000                                                                  
R08  19711852.440   105556100.043         881.752          48.000    19711844.610    82099490.818         685.780          44.000  
R21  19017496.310   101766489.246       -4631.117          49.000    19017488.820    79151651.400       -3601.886          45.000  
R23  19949671.611   106717287.544        2522.406          44.000                                                                  
G07  21891173.106   115038870.313        3270.491          40.000    21891169.352    89640606.046        2547.848          35.000  
E34  21239642.175   111615159.975       -1818.336          45.000    21239644.495    85523326.295       -1393.271          51.000  
E18  26295384.021   138183184.379        -981.522          41.000    26295383.170   105880600.758        -752.243          45.000  
E15  22178766.190   116550248.271         923.268          46.000    22178766.943    89304742.362         707.326          51.000  
G21  21443472.243   112686329.529       -4953.583          42.000                                                                  
G17  20667004.037   108605831.389       -2886.499          40.000    20667000.480    84627900.356       -2249.358          38.000  
G02  20458463.607   107510019.157       -4406.809          45.000                                                                  
G31  21779297.553   114451016.526       -3092.575          44.000    21779291.082    89182588.779       -2409.784          40.000  
G03  18760871.666    98589133.137       -1080.975          47.000    18760867.235    76822763.846        -842.272          43.000  
G04  18065641.966    94935641.862       -1747.113          49.000    18065632.320    73975756.867       -1361.390          44.000  
> 2024 06 08 10 50 00.4920000  0 28                     
E08  24513664.063   128820197.017        1204.518          40.000    24513664.284    98706373.474         923.057          44.000  
G09  18868916.030    99156890.939         428.754          47.000    18868910.614    77265114.026         334.229          44.000  
E03  21382302.408   112364798.764        -469.615          48.000    21382301.029    86097747.416        -359.871          51.000  
G19  21265646.171   111751740.434       -1320.766          44.000                                                                  
R16  20452891.763   109255674.400        -693.003          48.000    20452886.834    84976609.140        -539.010          45.000  
R22  17330184.945    92509705.295       -1009.431          50.000    17330179.552    71951901.239        -784.985          49.000  
R06  19769395.263   105493265.970       -2928.874          37.000                                                                  
R07  18007507.803    96395648.886       -1248.701          51.000    18007500.068    74974464.193        -971.199          48.000  
G06  20793951.962   109272971.171        2434.769          44.000    20793948.791    85148001.642        1897.165          42.000  
S31  36411154.180   191341981.072        -743.417          46.000  
S33  37400680.119   196541900.501        -742.359          41.000  
E05  20924327.014   109958144.197       -2511.290          47.000    20924325.950    84253676.988       -1924.287          49.000  
E36  24614578.476   129350702.951       -3615.320          42.000    24614580.322    99112937.942       -2770.318          46.000  
R09  19988864.415   106739425.003        2122.980          47.000    19988858.299    83019532.789        1651.018          45.000  
R10  21898474.058   116731184.881        2903.814          40.000                                                                  
R08  19706938.719   105529788.388         872.134          48.000    19706929.668    82079026.241         678.361          44.000  
R21  19043502.859   101905651.665       -4646.597          50.000    19043495.395    79259888.799       -3613.949          46.000  
R23  19935580.312   106641907.943        2502.722          43.000                                                                  
G07  21872512.459   114940803.425        3267.347          42.000    21872507.676    89564190.281        2546.173          35.000  
E34  21250066.704   111669941.535       -1834.033          45.000    21250069.126    85565301.757       -1405.217          51.000  
E18  26300981.823   138212603.882        -979.963          41.000    26300981.574   105903142.913        -750.894          45.000  
E15  22173531.170   116522739.573         910.437          46.000    22173532.119    89283664.258         697.656          51.000  
G21  21471770.104   112835037.402       -4960.291          41.000                                                                  
G17  20683518.723   108692620.812       -2899.922          40.000    20683515.174    84695528.449       -2259.684          37.000  
G02  20483651.486   107642381.669       -4417.432          47.000                                                                  
G31  21796994.370   114544012.617       -3107.386          44.000    21796987.430    89255053.213       -2420.950          40.000  
G03  18767068.010    98621692.868       -1089.992          48.000    18767063.226    76848135.078        -849.454          44.000  
G04  18075651.601    94988258.556       -1760.824          45.000    18075647.316    74016756.896       -1372.059          46.000  
> 2024 06 08 10 50 30.4920000  0 28                     
E08  24506810.778   128784177.515        1196.332          41.000    24506810.135    98678774.160         916.528          44.000  
G09  18866505.846    99144223.003         414.973          48.000    18866499.570    77255242.943         323.332          44.000  
E03  21385012.997   112379040.331        -480.057          48.000    21385011.047    86108659.786        -367.873          50.000  
G19  21273234.762   111791618.791       -1338.136          44.000                                                                  
R16  20456856.439   109276853.347        -719.404          48.000    20456851.424    84993081.631        -559.565          45.000  
R22  17335941.917    92540433.222       -1039.614          51.000    17335936.778    71975800.743        -808.702          50.000  
R06  19785868.002   105581166.785       -2931.526          37.000                                                                  
R07  18014529.298    96433231.785       -1257.166          52.000    18014521.285    75003695.323        -977.858          49.000  
G06  20780083.392   109200093.230        2423.473          44.000    20780080.803    85091213.678        1888.310          42.000  
S31  36415404.266   191364315.982        -746.129          46.000  
S33  37404926.132   196564211.420        -745.341          41.000  
E05  20938678.622   110033561.479       -2516.727          47.000    20938677.543    84311464.239       -1928.388          49.000  
E36  24635239.442   129459279.130       -3623.237          42.000    24635241.959    99196132.555       -2776.281          46.000  
R09  19976975.877   106675942.485        2108.659          47.000    19976970.498    82970157.502        1640.094          46.000  
R10  21882123.502   116644028.112        2906.222          39.000                                                                  
R08  19702078.950   105503763.822         862.444          49.000    19702070.337    82058784.967         670.888          44.000  
R21  19069593.957   102045272.787       -4662.033          49.000    19069587.721    79368482.962       -3625.938          46.000  
R23  19921598.243   106567117.369        2482.737          42.000                                                                  
G07  21853868.310   114842826.383        3264.144          43.000    21853863.092    89487844.575        2542.952          35.000  
E34  21260581.189   111725189.027       -1849.613          46.000    21260582.347    85607634.243       -1417.135          51.000  
E18  26306570.179   138241968.298        -977.963          42.000    26306568.648   105925642.903        -749.428          44.000  
E15  22168369.347   116495613.446         897.601          46.000    22168370.141    89262879.301         687.824          51.000  
G21  21500105.229   112983938.472       -4966.693          41.000                                                                  
G17  20700110.059   108779811.761       -2913.095          39.000    20700106.517    84763469.458       -2270.202          37.000  
G02  20508900.245   107775060.586       -4428.179          48.000                                                                  
G31  21814774.274   114637445.327       -3122.050          45.000    21814766.899    89327857.896       -2432.817          39.000  
G03  18773315.309    98654523.495       -1099.146          49.000    18773310.522    76873717.339        -856.361          44.000  
G04  18085741.424    95041279.496       -1774.312          45.000    18085737.745    74058071.804       -1382.607          47.000  
> 2024 06 08 10 51 00.4920000  0 28                     
E08  24500008.990   128748432.958        1186.765          42.000    24500008.645    98651385.514         909.350          45.000  
G09  18864177.456    99131989.268         400.437          47.000    18864171.958    77245710.161         312.052          44.000  
E03  21387785.959   112393612.617        -491.505          48.000    21387784.127    86119825.573        -376.612          50.000  
G19  21280925.870   111832035.077       -1356.317          43.000                                                                  
R16  20460971.855   109298840.778        -746.703          47.000    20460967.361    85010182.944        -580.701          44.000  
R22  17341872.527    92572090.186       -1070.956          51.000    17341867.629    72000422.785        -832.872          50.000  
R06  19802355.887   105669147.665       -2934.145          37.000                                                                  
R07  18021601.273    96471091.060       -1266.748          51.000    18021593.562    75033141.426        -985.260          49.000  
G06  20766283.399   109127575.185        2411.011          44.000    20766281.034    85034706.109        1878.710          42.000  
S31  36419674.045   191386752.966        -749.724          46.000  
S33  37409191.122   196586625.175        -749.018          41.000  
E05  20953065.122   110109161.231       -2523.278          47.000    20953063.624    84369391.311       -1933.497          49.000  
E36  24655947.066   129568100.505       -3631.813          41.000    24655949.973    99279515.023       -2782.571          46.000  
R09  19965169.860   106612901.711        2093.766          47.000    19965165.202    82921125.762        1628.477          46.000  
R10  21865762.051   116556814.946        2907.833          39.000                                                                  
R08  19697275.854   105478046.448         851.923          49.000    19697268.525    82038782.594         662.449          45.000  
R21  19095774.408   102185368.820       -4678.089          49.000    19095768.086    79477446.493       -3638.596          46.000  
R23  19907732.116   106492940.417        2462.292          42.000                                                                  
G07  21835246.202   114744962.620        3259.890          43.000    21835240.743    89411587.036        2540.420          36.000  
E34  21271187.492   111780922.580       -1866.108          47.000    21271187.633    85650339.164       -1429.881          50.000  
E18  26312150.514   138271297.485        -977.379          41.000    26312149.418   105948115.911        -748.809          43.000  
E15  22163283.811   116468891.921         883.764          46.000    22163285.151    89242404.374         677.082          50.000  
G21  21528480.599   113133050.260       -4974.048          41.000                                                                  
G17  20716780.999   108867421.746       -2927.441          38.000    20716778.646    84831736.941       -2281.781          38.000  
G02  20534212.399   107908074.094       -4439.625          47.000                                                                  
G31  21832640.448   114731333.019       -3137.390          45.000    21832632.922    89401017.088       -2444.569          39.000  
G03  18779618.092    98687646.364       -1109.306          48.000    18779613.935    76899527.349        -864.341          44.000  
G04  18095914.071    95094723.079       -1788.745          48.000    18095907.946    74099716.121       -1393.941          47.000  
> 2024 06 08 10 51 30.4920000  0 28                     
E08  24493263.670   128712982.023        1176.472          43.000    24493262.749    98624221.862         901.320          45.000  
G09  18861935.544    99120207.712         384.758          47.000    18861930.485    77236529.753         299.800          45.000  
E03  21390624.762   112408533.349        -503.732          47.000    21390623.496    86131258.353        -385.912          50.000  
G19  21288722.670   111873006.536       -1375.519          43.000                                                                  
R16  20465243.760   109321656.929        -774.830          48.000    20465238.185    85027928.802        -602.414          44.000  
R22  17347979.939    92604694.606       -1103.077          50.000    17347974.863    72025781.791        -858.087          49.000  
R06  19818862.096   105757238.0011      -2938.213          36.000                                                                  
R07  18028728.399    96509243.991       -1277.107          52.000    18028721.169    75062815.942        -993.213          49.000  
G06  20752556.076   109055438.497        2397.743          43.000    20752554.287    84978495.711        1868.419          43.000  
S31  36423966.864   191409310.097        -754.457          46.000  
S33  37413478.996   196609157.984        -753.686          40.000  
E05  20967489.273   110184960.800       -2530.315          47.000    20967487.755    84427471.496       -1938.884          49.000  
E36  24676704.586   129677184.289       -3641.067          40.000    24676708.032    99363098.595       -2789.860          46.000  
R09  19953450.762   106550326.040        2077.544          46.000    19953446.475    82872455.807        1615.802          45.000  
R10  21849394.129   116469568.313        2908.389          39.000                                                                  
R08  19692534.186   105452654.062         840.564          49.000    19692527.612    82019033.003         653.628          46.000  
R21  19122046.509   102325954.567       -4694.678          50.000    19122039.761    79586790.932       -3651.465          46.000  
R23  19893983.966   106419400.251        2440.035          42.000                                                                  
G07  21816649.165   114647233.327        3254.859          42.000    21816643.554    89335434.371        2536.546          35.000  
E34  21281889.906   111837160.522       -1883.401          47.000    21281889.080    85693430.546       -1443.071          50.000  
E18  26317727.400   138300609.348        -977.194          40.000    26317727.650   105970575.642        -748.741          43.000  
E15  22158279.513   116442595.229         868.956          45.000    22158280.755    89222254.953         665.899          50.000  
G21  21556898.680   113282388.251       -4982.080          41.000                                                                  
G17  20733535.908   108955465.564       -2942.342          40.000    20733532.892    84900342.417       -2292.711          37.000  
G02  20559590.443   108041437.569       -4451.741          46.000                                                                  
G31  21850595.946   114825692.306       -3153.552          45.000    21850588.859    89474543.787       -2457.200          39.000  
G03  18785980.335    98721081.033       -1120.063          47.000    18785976.414    76925580.329        -872.846          44.000  
G04  18106168.154    95148606.089       -1803.829          49.000    18106159.931    74141702.894       -1405.777          45.000  
> 2024 06 08 10 52 00.4920000  0 28                     
E08  24486576.172   128677843.469        1165.895          43.000    24486575.976    98597297.557         893.404          44.000  
G09  18859783.118    99108896.530         369.169          48.000    18859777.998    77227715.842         287.425          45.000  
E03  21393533.474   112423820.365        -515.984          47.000    21393532.794    86142971.790        -395.342          51.000  
G19  21296628.031   111914549.926       -1394.177          43.000                                                                  
R16  20469673.216   109345321.471        -803.157          47.000    20469668.437    85046334.524        -624.627          44.000  
R22  17354268.588    92638265.155       -1135.504          50.000    17354264.002    72051892.201        -883.025          49.000  
R06  19835390.139   105845434.307       -2942.134          37.000                                                                  
R07  18035914.741    96547707.965       -1287.427          52.000    18035906.728    75092732.377       -1001.429          49.000  
G06  20738906.712   108983704.745        2384.073          44.000    20738903.882    84922599.280        1858.094          43.000  
S31  36428285.437   191432005.247        -759.001          46.000  
S33  37417793.489   196631830.055        -758.397          41.000  
E05  20981954.566   110260977.697       -2537.658          47.000    20981953.481    84485718.197       -1944.462          49.000  
E36  24697515.677   129786547.793       -3650.319          39.000    24697519.155    99446896.477       -2796.985          46.000  
R09  19941823.341   106488238.819        2060.972          45.000    19941819.480    82824165.758        1603.091          46.000  
R10  21833024.048   116382309.792        2908.571          38.000                                                                  
R08  19687855.830   105427604.722         829.044          49.000    19687849.099    81999550.193         644.723          45.000  
R21  19148412.939   102467044.860       -4711.649          50.000    19148406.019    79696527.760       -3664.504          46.000  
R23  19880358.797   106346519.660        2418.346          41.000                                                                  
G07  21798081.830   114549660.028        3249.805          43.000    21798075.538    89259403.257        2531.773          35.000  
E34  21292690.833   111893921.252       -1900.933          47.000    21292690.032    85736922.492       -1456.550          49.000  
E18  26323304.437   138329921.990        -977.231          39.000    26323305.951   105993035.958        -748.943          43.000  
E15  22153360.391   116416743.710         854.088          46.000    22153361.296    89202446.639         654.421          50.000  
G21  21585362.960   113431968.285       -4990.276          41.000                                                                  
G17  20750376.708   109043959.153       -2957.539          42.000    20750371.611    84969298.435       -2304.450          35.000  
G02  20585037.862   108175166.903       -4463.886          46.000                                                                  
G31  21868644.560   114920539.827       -3169.752          46.000    21868637.620    89548450.949       -2470.025          39.000  
G03  18792405.483    98754847.226       -1131.299          47.000    18792402.044    76951891.629        -881.488          45.000  
G04  18116507.734    95202945.440       -1819.197          47.000    18116497.286    74184045.310       -1417.579          42.000  
> 2024 06 08 10 52 30.4920000  0 28                     
E08  24479951.336   128643031.022        1154.677          43.000    24479950.499    98570623.141         884.612          43.000  
G09  18857722.349    99098068.821         352.286          48.000    18857717.647    77219278.651         274.559          45.000  
E03  21396514.238   112439486.461        -528.932          46.000    21396514.035    86154975.683        -405.278          51.000  
G19  21304643.887   111956677.938       -1414.526          42.000                                                                  
R16  20474265.621   109369849.215        -832.464          47.000    20474260.289    85065411.626        -647.383          44.000  
R22  17360741.163    92672815.171       -1168.371          50.000    17360736.466    72078764.422        -908.883          49.000  
R06  19851941.485   105933760.947       -2947.173          37.000                                                                  
R07  18043159.266    96586495.575       -1298.824          50.000    18043152.879    75122900.488       -1010.213          49.000  
G06  20725336.014   108912390.457        2369.577          45.000    20725333.625    84867029.724        1846.402          44.000  
S31  36432633.458   191454853.899        -764.793          46.000  
S33  37422136.793   196654655.077        -764.079          41.000  
E05  20996464.001   110337224.408       -2545.915          47.000    20996462.746    84544140.982       -1950.821          49.000  
E36  24718382.768   129896203.269       -3660.563          40.000    24718385.998    99530918.070       -2804.691          46.000  
R09  19930291.697   106426658.288        2043.510          46.000    19930287.348    82776269.776        1589.539          45.000  
R10  21816655.353   116295057.784        2907.811          38.000                                                                  
R08  19683245.375   105402911.411         816.701          49.000    19683237.276    81980344.302         635.114          44.000  
R21  19174874.924   102608649.094       -4729.196          49.000    19174867.735    79806664.339       -3678.302          46.000  
R23  19866861.317   106274316.899        2395.133          42.000                                                                  
G07  21779547.330   114452259.306        3243.250          43.000    21779540.907    89183506.554        2527.602          34.000  
E34  21303594.132   111951218.129       -1919.304          47.000    21303592.991    85780825.254       -1470.660          49.000  
E18  26328885.565   138359248.467        -978.151          40.000    26328886.847   106015506.846        -749.595          44.000  
E15  22148528.844   116391352.651         838.225          46.000    22148529.400    89182991.152         642.238          50.000  
G21  21613875.931   113581801.234       -4999.029          41.000                                                                  
G17  20767306.171   109132912.542       -2973.432          45.000    20767298.270    85038612.701       -2316.513          36.000  
G02  20610558.162   108309273.423       -4476.819          46.000                                                                  
G31  21886788.794   115015887.195       -3187.003          46.000    21886782.155    89622747.556       -2483.173          39.000  
G03  18798896.796    98788959.591       -1143.449          46.000    18798893.717    76978472.672        -890.897          45.000  
G04  18126934.060    95257753.002       -1835.151          43.000    18126929.175    74226752.526       -1430.019          44.000  
> 2024 06 08 10 53 00.4920000  0 28                     
E08  24473390.655   128608553.848        1143.377          43.000    24473389.011    98544205.575         876.045          42.000  
G09  18855755.437    99087733.059         336.060          49.000    18855750.930    77211224.822         262.013          45.000  
E03  21399568.895   112455539.867        -541.702          46.000    21399569.126    86167276.333        -415.113          51.000  
G19  21312772.234   111999397.588       -1434.070          42.000                                                                  
R16  20479020.187   109395250.391        -861.586          47.000    20479015.771    85085168.057        -670.099          44.000  
R22  17367399.147    92708353.402       -1201.339          50.000    17367393.436    72106405.270        -934.388          49.000  
R06  19868519.718   106022226.395       -2951.495          37.000                                                                  
R07  18050467.431    96625614.466       -1309.731          51.000    18050459.809    75153326.270       -1018.610          48.000  
G06  20711847.632   108841507.547        2355.240          45.000    20711845.162    84811796.314        1835.213          44.000  
S31  36437012.013   191477863.963        -769.857          46.000  
S33  37426510.805   196677640.568        -769.163          41.000  
E05  21011018.061   110413708.797       -2553.725          47.000    21011017.367    84602745.888       -1956.715          49.000  
E36  24739307.437   130006158.391       -3670.582          40.000    24739309.732    99615169.257       -2812.369          45.000  
R09  19918858.451   106365598.409        2026.312          47.000    19918852.816    82728778.777        1575.962          44.000  
R10  21800289.802   116207824.550        2907.188          38.000                                                                  
R08  19678703.231   105378582.323         804.557          50.000    19678693.215    81961421.698         625.650          45.000  
R21  19201433.293   102750772.102       -4746.308          49.000    19201426.869    79917204.400       -3691.583          46.000  
R23  19853493.002   106202804.802        2371.779          42.000                                                                  
G07  21761047.679   114355043.143        3237.102          42.000    21761041.057    89107753.696        2522.179          33.000  
E34  21314600.232   112009059.886       -1937.192          46.000    21314600.110    85825145.527       -1484.458          49.000  
E18  26334471.158   138388597.139        -978.949          40.000    26334471.842   106037994.769        -750.163          44.000  
E15  22143787.255   116366432.726         822.668          46.000    22143787.196    89163896.661         630.256          50.000  
G21  21642437.801   113731893.316       -5007.562          42.000                                                                  
G17  20784322.446   109222332.181       -2988.732          45.000    20784314.247    85108290.337       -2328.478          37.000  
G02  20636150.442   108443762.872       -4489.606          47.000                                                                  
G31  21905029.309   115111741.135       -3203.798          47.000    21905022.636    89697438.915       -2496.730          39.000  
G03  18805455.823    98823428.173       -1155.078          47.000    18805452.662    77005331.290        -900.123          45.000  
G04  18137456.030    95313035.960       -1850.917          46.000    18137451.849    74269830.073       -1442.312          47.000  
> 2024 06 08 10 53 30.4920000  0 28                     
E08  24466893.712   128574410.455        1132.334          43.000    24466891.262    98518043.755         867.663          42.000  
G09  18853881.528    99077887.151         319.908          48.000    18853877.330    77203552.707         249.432          45.000  
E03  21402696.579   112471978.151        -554.484          45.000    21402697.159    86179871.896        -424.844          51.000  
G19  21321013.185   112042705.899       -1453.607          41.000                                                                  
R16  20483938.650   109421524.237        -890.583          47.000    20483934.473    85105603.230        -692.625          45.000  
R22  17374240.922    92744877.787       -1234.205          50.000    17374235.813    72134813.080        -959.909          49.000  
R06  19885124.019   106110828.683       -2956.146          37.000                                                                  
R07  18057836.958    96665061.694       -1320.491          51.000    18057828.614    75184007.471       -1027.120          48.000  
G06  20698441.428   108771057.380        2340.746          45.000    20698438.649    84756900.075        1824.205          44.000  
S31  36441420.800   191501033.879        -775.251          45.000  
S33  37430915.325   196700786.580        -774.382          41.000  
E05  21025617.506   110490428.178       -2561.351          46.000    21025616.428    84661530.853       -1962.524          49.000  
E36  24760287.312   130116410.168       -3680.096          39.000    24760290.161    99699647.774       -2819.769          45.000  
R09  19907521.853   106305062.035        2008.704          47.000    19907516.201    82681694.911        1562.354          44.000  
R10  21783929.684   116120612.607        2906.419          40.000                                                                  
R08  19674226.608   105354614.957         792.686          49.000    19674217.485    81942780.469         616.663          44.000  
R21  19228088.254   102893407.910       -4763.252          49.000    19228081.330    80028143.310       -3704.916          45.000  
R23  19840254.718   106131985.965        2348.799          43.000                                                                  
G07  21742583.387   114258012.454        3230.938          42.000    21742576.328    89032145.369        2517.251          34.000  
E34  21325710.047   112067444.673       -1955.408          45.000    21325710.603    85869881.897       -1498.242          49.000  
E18  26340060.791   138417965.900        -979.350          41.000    26340060.453   106060498.074        -750.544          44.000  
E15  22139134.943   116341984.075         806.888          46.000    22139134.822    89145163.273         618.316          50.000  
G21  21671047.690   113882239.657       -5015.678          42.000                                                                  
G17  20801425.431   109312212.678       -3003.899          44.000    20801419.260    85178327.033       -2340.732          38.000  
G02  20661814.847   108578631.058       -4502.125          47.000                                                                  
G31  21923365.462   115208098.373       -3220.533          46.000    21923358.983    89772522.420       -2509.325          40.000  
G03  18812082.720    98858252.497       -1167.106          47.000    18812080.067    77032467.108        -909.433          45.000  
G04  18148067.770    95368790.811       -1866.629          49.000    18148061.911    74313275.388       -1454.446          48.000  
> 2024 06 08 10 54 00.4920000  0 28                     
E08  24460459.694   128540604.780        1121.133          42.000    24460458.784    98492140.734         858.927          42.000  
G09  18852101.529    99068534.430         303.321          47.000    18852097.624    77196264.878         236.345          45.000  
E03  21405899.482   112488804.416        -567.487          46.000    21405899.080    86192764.725        -434.776          51.000  
G19  21329367.195   112086605.227       -1473.279          42.000                                                                  
R16  20489020.980   109448675.427        -919.797          47.000    20489017.793    85126720.812        -715.514          45.000  
R22  17381268.840    92782391.704       -1267.181          50.000    17381263.548    72163990.561        -985.521          49.000  
R06  19901754.329   106199571.491       -2960.794          38.000                                                                  
R07  18065267.334    96704839.430       -1331.589          51.000    18065259.526    75214945.688       -1035.542          48.000  
G06  20685118.523   108701046.730        2326.242          45.000    20685115.666    84702346.336        1812.800          43.000  
S31  36445861.631   191524367.927        -780.611          45.000  
S33  37435350.980   196724096.719        -780.245          40.000  
E05  21040261.444   110567385.315       -2569.362          46.000    21040260.702    84720497.996       -1968.681          49.000  
E36  24781324.908   130226961.192       -3690.240          40.000    24781327.384    99784355.548       -2827.503          45.000  
R09  19896284.717   106245057.401        1991.162          47.000    19896279.319    82635024.645        1548.741          45.000  
R10  21767574.047   116033429.434        2905.252          39.000                                                                  
R08  19669818.521   105331012.382         780.527          48.000    19669809.224    81924422.951         607.119          44.000  
R21  19254839.183   103036556.359       -4780.286          49.000    19254831.584    80139480.919       -3717.924          45.000  
R23  19827147.199   106061868.029        2325.514          43.000                                                                  
G07  21724156.641   114161174.411        3224.566          43.000    21724148.428    88956687.136        2512.647          34.000  
E34  21336923.868   112126376.066       -1973.526          44.000    21336925.220    85915037.102       -1512.153          50.000  
E18  26345654.319   138447358.074        -980.150          41.000    26345653.349   106083019.309        -750.977          43.000  
E15  22134573.564   116318012.216         791.064          47.000    22134573.118    89126795.220         606.175          50.000  
G21  21699706.317   114032841.685       -5024.538          41.000                                                                  
G17  20818616.765   109402555.091       -3019.020          43.000    20818611.818    85248723.664       -2353.091          38.000  
G02  20687551.915   108713879.498       -4514.771          47.000                                                                  
G31  21941797.945   115304960.664       -3237.456          46.000    21941791.608    89847999.500       -2522.379          39.000  
G03  18818778.228    98893437.421       -1178.719          47.000    18818775.563    77059883.927        -918.534          45.000  
G04  18158767.811    95425019.694       -1882.371          49.000    18158761.504    74357090.101       -1466.664          47.000  
> 2024 06 08 10 54 30.4930000  0 28                     
E08  24454088.693   128507125.690        1110.511          42.000    24454088.739    98466487.956         851.018          43.000  
G09  18850414.037    99059663.912         287.646          47.000    18850410.093    77189352.788         224.261          45.000  
E03  21409173.897   112506008.176        -579.780          46.000    21409172.667    86205946.826        -444.211          51.000  
G19  21337832.451   112131085.334       -1492.120          42.000                                                                  
R16  20494267.501   109476695.612        -948.381          48.000    20494262.773    85148514.249        -737.573          44.000  
R22  17388480.268    92820885.492       -1299.365          50.000    17388474.793    72193930.157       -1010.670          49.000  
R06  19918409.623   106288447.060       -2964.816          38.000                                                                  
R07  18072758.455    96744937.656       -1341.903          51.000    18072749.454    75246133.175       -1043.653          47.000  
G06  20671877.610   108631466.100        2311.906          44.000    20671874.483    84648127.657        1801.672          43.000  
S31  36450330.988   191547856.416        -785.563          45.000  
S33  37439816.201   196747561.855        -784.492          40.000  
E05  21054949.683   110644571.478       -2576.460          46.000    21054948.759    84779640.622       -1974.113          48.000  
E36  24802417.925   130337803.523       -3699.201          40.000    24802420.189    99869286.553       -2834.520          45.000  
R09  19885145.105   106185576.969        1973.765          46.000    19885141.680    82588762.074        1535.319          45.000  
R10  21751221.981   115946265.540        2904.865          39.000                                                                  
R08  19665476.221   105307762.534         769.028          49.000    19665467.098    81906339.791         598.416          43.000  
R21  19281684.724   103180207.581       -4796.440          49.000    19281676.147    80251209.585       -3730.609          45.000  
R23  19814168.670   105992442.568        2302.597          44.000                                                                  
G07  21705763.708   114064518.130        3218.671          43.000    21705756.382    88881370.541        2508.130          36.000  
E34  21348240.350   112185845.574       -1991.192          44.000    21348242.079    85960604.642       -1525.618          50.000  
E18  26351249.824   138476763.856        -980.336          41.000    26351249.216   106105550.984        -751.228          43.000  
E15  22130100.838   116294507.878         775.677          47.000    22130100.290    89108785.396         594.293          50.000  
G21  21728412.318   114183691.437       -5032.227          41.000                                                                  
G17  20835893.693   109493348.791       -3033.939          43.000    20835888.967    85319471.967       -2364.308          37.000  
G02  20713359.150   108849499.803       -4526.574          47.000                                                                  
G31  21960324.705   115402318.938       -3253.209          46.000    21960318.136    89923863.060       -2535.040          40.000  
G03  18825541.098    98928975.079       -1190.210          48.000    18825537.979    77087575.598        -927.588          45.000  
G04  18169554.638    95481712.566       -1897.234          48.000    18169548.609    74401266.382       -1478.541          45.000  
> 2024 06 08 10 55 00.4930000  0 29                     
E08  24447778.995   128473964.724        1100.267          43.000    24447778.811    98441078.962         842.965          43.000  
G09  18848815.967    99051264.848         272.217          48.000    18848811.256    77182808.077         212.146          44.000  
E03  21412517.469   112523576.724        -591.476          47.000    21412515.724    86219408.438        -453.224          51.000  
G19  21346404.261   112176130.669       -1510.952          43.000                                                                  
R16  20499672.665   109505572.621        -976.862          47.000    20499668.565    85170974.096        -759.774          44.000  
R22  17395872.502    92860345.091       -1331.365          51.000    17395866.891    72224620.961       -1035.463          49.000  
R06  19935086.205   106377438.063       -2968.237          38.000                                                                  
R07  18080305.943    96785341.273       -1351.752          51.000    18080297.093    75277558.244       -1051.381          47.000  
G06  20658717.261   108562312.206        2298.116          44.000    20658714.691    84594241.524        1790.911          43.000  
S31  36454827.787   191571487.760        -789.925          46.000  
S33  37444308.808   196771168.662        -789.250          41.000  
E05  21069678.197   110721969.656       -2583.432          46.000    21069677.192    84838945.707       -1979.501          48.000  
E36  24823562.883   130448917.711       -3708.238          41.000    24823564.936    99954425.848       -2841.498          45.000  
R09  19874103.591   106126617.951        1956.789          46.000    19874100.706    82542905.041        1521.743          46.000  
R10  21734874.192   115859119.884        2904.968          39.000                                                                  
R08  19661198.642   105284855.164         757.972          49.000    19661189.064    81888522.989         589.707          43.000  
R21  19308618.414   103324336.674       -4812.209          49.000    19308610.411    80363309.918       -3742.851          45.000  
R23  19801320.323   105923707.222        2279.930          45.000                                                                  
G07  21687404.329   113968042.372        3212.939          43.000    21687398.181    88806194.669        2503.156          36.000  
E34  21359656.966   112245838.167       -2008.338          45.000    21359658.517    86006572.980       -1538.882          50.000  
E18  26356845.455   138506169.957        -979.934          41.000    26356845.104   106128082.898        -751.046          44.000  
E15  22125715.448   116271463.510         760.590          47.000    22125715.252    89091128.014         582.770          50.000  
G21  21757160.856   114334765.103       -5039.630          42.000                                                                  
G17  20853252.985   109584573.749       -3047.924          42.000    20853248.150    85390556.317       -2375.027          36.000  
G02  20739233.105   108985469.348       -4538.125          47.000                                                                  
G31  21978941.799   115500153.892       -3268.975          45.000    21978935.672    90000098.034       -2547.362          40.000  
G03  18832368.627    98964853.416       -1201.556          48.000    18832365.350    77115532.737        -936.377          45.000  
G04  18180426.198    95538853.199       -1911.999          46.000    18180419.785    74445791.527       -1489.899          43.000  
E13                                                                  26461640.584                        1608.428          26.000  
> 2024 06 08 10 55 30.4930000  0 29                     
E08  24441524.143   128441091.521        1091.473          43.000    24441523.063    98415890.416         836.365          43.000  
G09  18847302.679    99043306.988         258.441          48.000    18847296.728    77176607.133         201.343          45.000  
E03  21415924.322   112541480.397        -601.631          47.000    21415922.476    86233126.830        -460.962          50.000  
G19  21355078.641   112221712.106       -1527.718          42.000                                                                  
R16  20505233.202   109535278.217       -1003.567          47.000    20505229.536    85194078.441        -780.600          44.000  
R22  17403439.723    92900741.225       -1361.485          50.000    17403434.862    72256040.138       -1058.944          49.000  
R06  19951780.238   106466517.233       -2970.518          39.000                                                                  
R07  18087904.659    96826020.366       -1359.834          50.000    18087897.634    75309197.506       -1057.642          49.000  
G06  20645633.285   108493556.318        2285.938          44.000    20645630.462    84540665.533        1781.099          43.000  
S31  36459346.751   191595233.452        -792.759          45.000  
S33  37448822.839   196794889.751        -792.075          40.000  
E05  21084442.088   110799551.930       -2588.474          47.000    21084440.861    84898391.851       -1983.413          48.000  
E36  24844754.630   130560276.644       -3715.027          42.000    24844756.150   100039752.692       -2846.822          45.000  
R09  19863154.150   106068153.333        1941.135          45.000    19863152.212    82497432.518        1509.762          46.000  
R10  21718524.390   115771963.294        2906.268          40.000                                                                  
R08  19656978.984   105262258.355         748.794          49.000    19656969.717    81870947.759         582.341          43.000  
R21  19335635.864   103468914.128       -4826.031          49.000    19335627.867    80475758.993       -3753.673          45.000  
R23  19788594.329   105855633.684        2258.629          44.000                                                                  
G07  21669073.818   113871717.493        3208.807          42.000    21669067.740    88731136.313        2500.586          36.000  
E34  21371167.830   112306326.112       -2023.940          45.000    21371169.047    86052920.863       -1550.881          50.000  
E18  26362435.787   138535547.431        -978.169          40.000    26362435.583   106150592.838        -749.354          44.000  
E15  22121412.626   116248850.597         747.246          47.000    22121412.387    89073801.233         572.596          51.000  
G21  21785947.399   114486035.655       -5044.904          42.000                                                                  
G17  20870689.016   109676200.853       -3060.198          43.000    20870684.040    85461953.999       -2384.659          37.000  
G02  20765168.072   109121760.475       -4547.909          46.000                                                                  
G31  21997644.353   115598437.291       -3282.939          45.000    21997638.675    90076682.442       -2558.026          40.000  
G03  18839256.211    99001045.259       -1211.096          48.000    18839252.707    77143734.160        -943.677          45.000  
G04  18191381.667    95596412.111       -1924.830          48.000    18191374.092    74490642.655       -1499.758          45.000  
E13                                                                  26449675.191   106501884.0111       1604.028          30.000  
> 2024 06 08 10 56 00.4930000  0 29                     
E08  24435309.647   128408435.970        1085.261          41.000    24435307.932    98390868.634         831.654          41.000  
G09  18845858.971    99035719.619         247.406          48.000    18845853.662    77170694.918         192.615          45.000  
E03  21419380.612   112559648.290        -609.544          46.000    21419379.603    86247047.691        -466.977          50.000  
G19  21363841.458   112267757.778       -1542.121          43.000                                                                  
R16  20510936.955   109565742.053       -1027.584          48.000    20510932.168    85217772.490        -799.238          43.000  
R22  17411169.062    92942001.896       -1389.287          50.000    17411163.282    72288131.772       -1080.448          48.000  
R06  19968477.139   106555613.095       -2970.292          38.000                                                                  
R07  18095542.466    96866901.933       -1365.551          51.000    18095534.933    75340994.263       -1062.185          48.000  
G06  20632612.504   108425131.277        2275.601          44.000    20632609.662    84487347.324        1773.235          43.000  
S31  36463873.736   191619022.421        -792.965          45.000  
S33  37453344.869   196818654.390        -792.468          40.000  
E05  21099226.784   110877247.119       -2591.095          46.000    21099225.922    84957924.522       -1985.504          49.000  
E36  24865978.754   130671808.897       -3720.226          42.000    24865980.278   100125212.313       -2850.538          45.000  
R09  19852286.274   106010116.054        1927.950          46.000    19852283.018    82452292.391        1499.368          46.000  
R10  21702160.354   115684728.283        2909.515          41.000                                                                  
R08  19652803.729   105239899.893         741.789          49.000    19652795.329    81853557.883         576.929          45.000  
R21  19362722.805   103613864.324       -4837.415          48.000    19362716.136    80588497.961       -3762.330          46.000  
R23  19775979.409   105788154.420        2239.884          43.000                                                                  
G07  21650759.829   113775476.276        3207.013          42.000    21650753.217    88656143.176        2499.139          36.000  
E34  21382759.802   112367238.963       -2037.047          46.000    21382759.985    86099594.310       -1560.853          49.000  
E18  26368007.255   138564825.572        -973.926          40.000    26368007.000   106173026.688        -746.228          43.000  
E13  26437715.955   138931139.7261       2093.012          28.000    26437724.580   106453764.589        1603.343          34.000  
E15  22117178.285   116226600.708         736.015          46.000    22117178.342    89056752.611         564.033          51.000  
G21  21814756.580   114637430.172       -5048.029          42.000                                                                  
G17  20888187.573   109768156.249       -3070.107          42.000    20888182.585    85533607.478       -2392.375          37.000  
G02  20791150.909   109258300.391       -4554.958          46.000                                                                  
G31  22016418.744   115697096.883       -3294.489          45.000    22016412.826    90153560.007       -2567.261          40.000  
G03  18846190.069    99037481.566       -1217.975          48.000    18846186.296    77172126.069        -949.103          45.000  
G04  18202401.438    95654317.387       -1935.387          50.000    18202395.058    74535763.670       -1508.199          47.000  
> 2024 06 08 10 56 30.4930000  0 29                     
E08  24429124.493   128375938.120        1081.292          41.000    24429123.060    98365967.728         828.365          41.000  
G09  18844473.528    99028442.234         237.988          49.000    18844468.895    77165024.251         185.474          45.000  
E03  21422875.954   112578019.552        -615.211          46.000    21422875.574    86261124.378        -471.417          50.000  
G19  21372680.353   112314205.972       -1554.555          43.000                                                                  
R16  20516770.810   109596903.581       -1049.846          48.000    20516766.115    85242009.208        -816.500          42.000  
R22  17419049.082    92984065.545       -1415.002          50.000    17419043.071    72320847.932       -1100.555          48.000  
R06  19985164.374   106644665.7213      -2967.261          38.000                                                                  
R07  18103205.292    96907923.847       -1369.272          51.000    18103197.163    75372900.212       -1064.862          47.000  
G06  20619644.209   108356980.037        2267.646          45.000    20619640.847    84434242.469        1766.864          42.000  
S31  36468397.286   191642794.780        -791.746          46.000  
S33  37457864.361   196842403.121        -790.933          41.000  
E05  21114021.569   110954994.152       -2591.957          46.000    21114020.728    85017496.904       -1985.933          49.000  
E36  24887223.933   130783453.059       -3722.793          42.000    24887225.343   100210757.680       -2852.430          45.000  
R09  19841487.861   105952449.877        1916.484          47.000    19841484.051    82407440.907        1490.688          45.000  
R10  21685770.584   115597358.108        2915.106          42.000                                                                  
R08  19648661.930   105217717.584         737.019          51.000    19648654.014    81836305.035         573.113          45.000  
R21  19389868.688   103759121.824       -4846.511          50.000    19389861.453    80701475.952       -3769.510          46.000  
R23  19763465.175   105721212.197        2222.876          45.000                                                                  
G07  21632450.733   113679261.685        3207.288          43.000    21632444.026    88581170.755        2499.170          36.000  
E34  21394420.368   112428516.381       -2048.244          46.000    21394420.486    86146547.110       -1569.507          49.000  
E18  26373548.482   138593943.830        -967.647          40.000    26373547.784   106195338.015        -741.360          43.000  
E13  26425769.981   138868352.380        2093.410          33.000    26425776.587   106405654.767        1604.109          38.000  
E15  22113001.878   116204655.455         726.931          46.000    22113002.359    89039937.421         556.948          51.000  
G21  21843577.402   114788886.077       -5048.993          42.000                                                                  
G17  20905736.883   109860376.938       -3077.856          43.000    20905731.649    85605467.678       -2398.207          35.000  
G02  20817169.007   109395026.389       -4560.058          46.000                                                                  
G31  22035252.962   115796070.495       -3303.818          45.000    22035246.661    90230682.245       -2574.606          40.000  
G03  18853158.994    99074103.404       -1223.352          49.000    18853154.871    77200662.540        -953.229          44.000  
G04  18213474.731    95712507.315       -1943.917          50.000    18213468.554    74581106.449       -1514.649          47.000  
> 2024 06 08 10 57 00.4930000  0 29                     
E08  24422961.076   128343552.259        1077.882          41.000    24422960.453    98341152.596         825.846          41.000  
G09  18843138.678    99021428.341         229.578          49.000    18843133.765    77159558.888         178.839          45.000  
E03  21426401.160   112596547.463        -620.160          45.000    21426401.468    86275321.089        -475.147          50.000  
G19  21381586.123   112361009.122       -1565.877          42.000                                                                  
R16  20522725.036   109628716.994       -1071.073          46.000    20522720.706    85266752.943        -833.197          42.000  
R22  17427071.028    93026884.633       -1439.767          51.000    17427064.818    72354151.627       -1119.712          49.000  
R06  20001835.827   106733625.0111      -2963.368          38.000                                                                  
R07  18110885.257    96949037.379       -1371.710          51.000    18110876.961    75404877.445       -1066.920          47.000  
G06  20606719.360   108289059.555        2260.329          45.000    20606716.342    84381317.441        1761.253          43.000  
S31  36472909.362   191666506.479        -789.187          46.000  
S33  37462371.288   196866089.370        -788.528          41.000  
E05  21128816.889   111032746.003       -2591.634          46.000    21128816.474    85077072.999       -1985.822          49.000  
E36  24908482.042   130895161.866       -3724.607          43.000    24908482.903   100296352.587       -2853.811          44.000  
R09  19830750.898   105895112.437        1905.848          48.000    19830746.264    82362845.136        1482.377          45.000  
R10  21669346.945   115509809.629        2921.393          41.000                                                                  
R08  19644543.409   105195663.924         733.245          50.000    19644535.551    81819152.211         570.307          46.000  
R21  19417062.351   103904635.864       -4854.617          50.000    19417054.541    80814653.472       -3775.616          46.000  
R23  19751044.337   105654764.459        2206.619          45.000    19752683.977                        1722.797          10.000  
G07  21614138.209   113583030.801        3208.203          43.000    21614132.552    88506185.684        2499.878          37.000  
E34  21406141.402   112490112.076       -2058.313          45.000    21406141.342    86193743.775       -1577.169          48.000  
E18  26379050.551   138622855.731        -960.168          40.000    26379049.641   106217491.224        -735.771          43.000  
E13  26413818.710   138805533.214        2094.354          37.000    26413822.557   106357520.611        1605.099          41.000  
E15  22108875.332   116182970.618         718.677          46.000    22108875.789    89023321.769         550.580          50.000  
G21  21872401.120   114940354.251       -5048.865          42.000                                                                  
G17  20923328.225   109952814.168       -3084.740          44.000    20923321.608    85677496.623       -2403.381          35.000  
G02  20843213.774   109531889.814       -4564.230          47.000                                                                  
G31  22054137.501   115895310.745       -3312.325          44.000    22054131.330    90308012.253       -2581.227          40.000  
G03  18860154.657    99110865.972       -1227.527          48.000    18860150.712    77229308.680        -956.598          44.000  
G04  18224591.208    95770934.302       -1951.363          47.000    18224586.693    74626633.936       -1520.342          47.000  
> 2024 06 08 10 57 30.4930000  0 29                     
E08  24416813.124   128311248.591        1075.593          41.000    24416814.181    98316400.479         824.152          42.000  
G09  18841848.624    99014647.571         222.314          49.000    18841843.075    77154275.160         173.224          45.000  
E03  21429950.100   112615201.404        -623.682          45.000    21429951.350    86289614.380        -478.013          50.000  
G19  21390553.963   112408135.977       -1576.259          42.000                                                                  
R16  20528797.208   109661152.465       -1091.373          45.000    20528792.933    85291980.482        -848.974          42.000  
R22  17435228.960    93070428.131       -1463.453          51.000    17435222.342    72388018.757       -1138.142          49.000  
R06  20018484.983   106822462.706       -2959.173          37.000                                                                  
R07  18118577.442    96990211.490       -1373.302          51.000    18118570.433    75436901.737       -1068.140          48.000  
G06  20593833.776   108221343.091        2253.823          45.000    20593830.194    84328551.366        1756.263          43.000  
S31  36477404.043   191690125.716        -785.544          46.000  
S33  37466861.736   196889685.078        -785.265          41.000  
E05  21143607.808   111110471.848       -2590.347          46.000    21143607.375    85136629.140       -1984.800          49.000  
E36  24929745.988   131006904.107       -3725.266          43.000    24929746.845   100381973.125       -2854.365          44.000  
R09  19820070.915   105838078.049        1896.226          48.000    19820065.405    82318485.046        1474.770          45.000  
R10  21652885.425   115422057.118        2928.461          41.000                                                                  
R08  19640442.979   105173707.508         730.466          49.000    19640435.119    81802075.014         568.164          45.000  
R21  19444296.398   104050371.313       -4861.270          50.000    19444289.190    80928003.211       -3781.064          46.000  
R23  19738709.998   105588784.892        2191.620          44.000                                                                  
G07  21595817.192   113486756.651        3209.937          42.000    21595811.556    88431166.853        2500.952          36.000  
E34  21417916.923   112551995.920       -2067.535          45.000    21417917.281    86241161.229       -1584.073          48.000  
E18  26384507.966   138651530.879        -951.744          40.000    26384506.228   106239463.036        -729.356          42.000  
E13  26401853.508   138742654.036        2097.507          37.000    26401857.214   106309340.535        1606.782          42.000  
E15  22104793.315   116161518.042         711.243          47.000    22104793.335    89006884.075         545.008          50.000  
G21  21901220.810   115091802.605       -5047.573          42.000                                                                  
G17  20940954.009   110045434.668       -3090.236          45.000    20940947.221    85749668.453       -2408.483          35.000  
G02  20869278.115   109668858.239       -4567.162          47.000                                                                  
G31  22073066.661   115994785.527       -3319.546          43.000    22073060.794    90385525.001       -2586.725          40.000  
G03  18867171.105    99147740.599       -1230.927          48.000    18867167.388    77258042.128        -959.186          44.000  
G04  18235746.865    95829566.768       -1957.698          45.000    18235742.763    74672321.502       -1525.452          45.000  
> 2024 06 08 10 58 00.4930000  0 29                     
E08  24410678.609   128279006.157        1073.754          42.000    24410678.881    98291695.286         822.765          43.000  
G09  18840598.630    99008078.235         215.509          49.000    18840593.420    77149156.204         168.036          45.000  
E03  21433519.768   112633959.457        -626.735          44.000    21433520.848    86303987.410        -480.289          51.000  
G19  21399579.686   112455563.580       -1585.730          43.000                                                                  
R16  20534982.306   109694189.018       -1111.256          47.000    20534977.872    85317675.542        -864.175          42.000  
R22  17443517.112    93114673.617       -1486.359          50.000    17443510.816    72422431.906       -1156.165          49.000  
R06  20035105.123   106911156.524       -2954.322          36.000                                                                  
R07  18126275.584    97031422.733       -1374.227          51.000    18126268.919    75468954.883       -1068.956          48.000  
G06  20580983.106   108153812.444        2248.022          45.000    20580979.689    84275930.084        1751.567          43.000  
S31  36481877.219   191713632.612        -781.546          46.000  
S33  37471329.786   196913166.974        -780.752          41.000  
E05  21158389.356   111188149.523       -2588.229          46.000    21158388.961    85196148.368       -1983.285          49.000  
E36  24951011.368   131118657.357       -3725.019          42.000    24951012.767   100467602.087       -2854.298          44.000  
R09  19809443.331   105781329.789        1887.087          47.000    19809438.195    82274347.516        1467.427          45.000  
R10  21636380.770   115334082.449        2936.267          39.000                                                                  
R08  19636355.847   105151826.019         728.225          49.000    19636347.831    81785056.086         566.369          45.000  
R21  19471566.482   104196302.439       -4867.539          49.000    19471559.983    81041505.090       -3785.927          45.000  
R23  19726460.799   105523255.474        2176.783          45.000                                                                  
G07  21577484.258   113390421.197        3212.484          41.000    21577479.702    88356100.256        2502.923          37.000  
E34  21429743.657   112614146.381       -2076.019          46.000    21429744.215    86288783.005       -1590.648          48.000  
E18  26389915.020   138679947.632        -942.747          41.000    26389913.714   106261236.866        -722.443          42.000  
E13  26389873.583   138679695.468        2099.818          36.000    26389876.904   106261099.582        1609.238          39.000  
E15  22100751.994   116140278.231         704.488          46.000    22100751.552    88990609.415         539.788          50.000  
G21  21930032.037   115243206.757       -5046.025          42.000                                                                  
G17  20958609.815   110138214.202       -3095.262          45.000    20958603.047    85821964.147       -2412.118          35.000  
G02  20895358.269   109805907.966       -4569.665          47.000                                                                  
G31  22092036.460   116094471.547       -3326.213          43.000    22092030.364    90463202.368       -2592.048          40.000  
G03  18874205.598    99184707.233       -1233.673          48.000    18874201.652    77286847.265        -961.340          44.000  
G04  18246941.614    95888381.668       -1963.417          47.000    18246932.408    74718151.301       -1529.850          43.000  
> 2024 06 08 10 58 30.4930000  0 29                     
E08  24404550.825   128246805.450        1072.341          42.000    24404550.842    98267022.032         821.739          42.000  
G09  18839384.346    99001700.131         209.375          49.000    18839379.087    77144186.274         162.976          44.000  
E03  21437106.440   112652801.200        -629.599          45.000    21437106.464    86318424.578        -482.367          51.000  
G19  21408657.787   112503270.686       -1594.914          42.000                                                                  
R16  20541275.737   109727807.328       -1130.393          47.000    20541271.681    85343823.077        -879.272          42.000  
R22  17451933.324    93159600.388       -1509.001          50.000    17451927.551    72457374.934       -1173.623          49.000  
R06  20051695.053   106999686.408       -2948.716          36.000                                                                  
R07  18133977.550    97072650.347       -1374.641          52.000    18133968.676    75501020.816       -1069.260          46.000  
G06  20568164.842   108086450.995        2242.173          44.000    20568161.680    84223440.617        1747.498          44.000  
S31  36486325.271   191737007.707        -777.071          46.000  
S33  37475773.197   196936517.348        -776.398          41.000  
E05  21173158.137   111265758.407       -2585.962          45.000    21173157.462    85255614.877       -1981.406          49.000  
E36  24972275.648   131230400.618       -3724.809          42.000    24972276.944   100553223.402       -2853.877          43.000  
R09  19798866.483   105724851.907        1877.858          45.000    19798862.292    82230420.234        1460.688          45.000  
R10  21619831.874   115245869.776        2944.116          38.000                                                                  
R08  19632280.106   105129998.384         726.525          49.000    19632271.494    81768079.083         565.209          45.000  
R21  19498868.941   104342405.337       -4872.934          48.000    19498861.900    81155140.611       -3790.203          45.000  
R23  19714291.917   105458160.452        2162.461          47.000                                                                  
G07  21559136.671   113294007.635        3215.058          40.000    21559132.738    88280972.773        2505.380          37.000  
E34  21441617.844   112676543.551       -2084.165          46.000    21441618.366    86336593.800       -1596.933          48.000  
E18  26395269.361   138708085.845        -933.482          41.000    26395267.801   106282797.300        -715.354          41.000  
E13  26377874.508   138616639.603        2103.055          36.000    26377877.029   106212784.029        1611.536          41.000  
E15  22096747.259   116119233.287         698.088          46.000    22096746.807    88974484.049         534.945          50.000  
G21  21958830.336   115394544.357       -5043.669          41.000                                                                  
G17  20976290.160   110231129.673       -3099.500          44.000    20976283.579    85894365.809       -2415.503          34.000  
G02  20921449.423   109943016.387       -4571.338          47.000                                                                  
G31  22111042.321   116194347.090       -3332.250          43.000    22111036.080    90541027.385       -2596.584          40.000  
G03  18881254.055    99221747.347       -1236.053          47.000    18881250.159    77315709.655        -963.177          44.000  
G04  18258165.042    95947357.645       -1968.622          49.000    18258156.742    74764106.690       -1533.978          44.000  
> 2024 06 08 10 59 00.4930000  0 29                     
E08  24398430.555   128214647.477        1070.915          41.000    24398430.844    98242381.538         820.666          42.000  
G09  18838206.660    98995513.681         202.887          49.000    18838201.506    77139365.652         158.179          44.000  
E03  21440708.833   112671726.781        -632.428          46.000    21440707.880    86332925.989        -484.623          51.000  
G19  21417789.405   112551256.696       -1604.408          43.000                                                                  
R16  20547677.654   109762008.976       -1149.877          46.000    20547674.531    85370424.326        -894.359          42.000  
R22  17460477.310    93205208.374       -1531.883          50.000    17460471.596    72492847.775       -1191.445          49.000  
R06  20068255.216   107088053.124       -2942.709          36.000                                                                  
R07  18141682.868    97113893.953       -1375.305          52.000    18141674.739    75533099.213       -1069.677          49.000  
G06  20555378.722   108019262.674        2236.725          44.000    20555376.374    84171086.111        1742.775          44.000  
S31  36490748.361   191760251.384        -772.882          46.000  
S33  37480191.880   196959736.907        -771.744          41.000  
E05  21187913.543   111343298.434       -2583.723          45.000    21187912.893    85315028.643       -1979.884          49.000  
E36  24993537.830   131342133.520       -3724.405          43.000    24993539.428   100638836.785       -2853.901          44.000  
R09  19788341.163   105668650.142        1868.441          46.000    19788337.999    82186707.723        1453.353          47.000  
R10  21603239.246   115157424.439        2951.562          38.000                                                                  
R08  19628214.360   105108224.835         724.729          50.000    19628205.632    81751144.128         563.619          45.000  
R21  19526203.353   104488676.622       -4878.712          49.000    19526196.242    81268907.091       -3794.489          45.000  
R23  19702205.810   105393504.646        2147.482          48.000                                                                  
G07  21540775.069   113197520.250        3217.008          38.000    21540772.475    88205787.795        2507.044          39.000  
E34  21453540.001   112739188.010       -2092.568          47.000    21453539.618    86384594.083       -1603.377          49.000  
E18  26400569.907   138735945.993        -924.345          41.000    26400568.940   106304144.667        -708.343          40.000  
E13  26365856.573   138553488.990        2106.307          37.000    26365859.877   106164395.972        1613.787          39.000  
E15  22092780.545   116098385.828         691.395          47.000    22092779.676    88958510.007         529.805          50.000  
G21  21987615.877   115545813.827       -5041.520          41.000                                                                  
G17  20993996.448   110324178.872       -3104.041          45.000    20993989.418    85966871.678       -2419.006          34.000  
G02  20947551.080   110080182.124       -4573.366          47.000                                                                  
G31  22130084.000   116294411.109       -3338.827          42.000    22130077.639    90618999.266       -2601.758          40.000  
G03  18888317.118    99258863.063       -1238.530          47.000    18888312.904    77344630.958        -965.422          44.000  
G04  18269417.306    96006493.991       -1974.035          47.000    18269412.549    74810186.966       -1538.158          47.000  
> 2024 06 08 10 59 30.4930000  0 29                     
E08  24392319.893   128182535.404        1069.616          41.000    24392320.036    98217776.209         819.407          42.000  
G09  18837066.157    98989521.332         196.472          49.000    18837061.179    77134696.325         153.015          44.000  
E03  21444326.644   112690738.465        -635.492          46.000    21444325.604    86347493.380        -486.937          50.000  
G19  21426973.769   112599522.912       -1613.771          42.000                                                                  
R16  20554191.129   109796797.626       -1169.593          47.000    20554187.602    85397482.138        -909.763          42.000  
R22  17469149.462    93251499.730       -1554.534          50.000    17469142.650    72528852.163       -1209.082          48.000  
R06  20084786.109   107176259.631       -2937.476          36.000                                                                  
R07  18149390.435    97155155.354       -1375.750          52.000    18149383.941    75565191.379       -1070.124          50.000  
G06  20542626.944   107952253.547        2230.374          43.000    20542625.033    84118871.205        1738.158          43.000  
S31  36495147.232   191783367.024        -768.442          46.000  
S33  37484586.069   196982827.707        -767.849          41.000  
E05  21202656.215   111420771.640       -2581.411          46.000    21202655.647    85374391.201       -1978.011          49.000  
E36  25014798.223   131453857.775       -3724.262          42.000    25014799.892   100724443.518       -2853.565          44.000  
R09  19777869.707   105612731.867        1858.952          46.000    19777866.421    82143215.719        1445.981          46.000  
R10  21586604.637   115068752.651        2958.954          37.000                                                                  
R08  19624158.148   105086507.369         722.847          50.000    19624149.750    81734252.798         562.301          45.000  
R21  19553568.654   104635115.000       -4884.222          48.000    19553562.022    81382803.565       -3798.915          45.000  
R23  19690202.935   105329295.130        2132.617          48.000                                                                  
G07  21522400.117   113100964.596        3219.760          37.000    21522398.461    88130549.683        2508.703          39.000  
E34  21465508.948   112802082.449       -2100.919          48.000    21465508.235    86432785.904       -1609.760          49.000  
E18  26405818.279   138763530.545        -915.154          40.000    26405818.164   106325280.890        -701.234          40.000  
E13  26353822.043   138490248.535        2109.245          36.000    26353825.264   106115939.041        1616.195          41.000  
E15  22088851.767   116077740.564         684.657          47.000    22088851.318    88942690.905         524.518          50.000  
G21  22016388.711   115697015.431       -5038.912          41.000                                                                  
G17  21011728.651   110417361.168       -3108.224          45.000    21011721.709    86039481.242       -2422.292          35.000  
G02  20973663.802   110217405.584       -4575.190          46.000                                                                  
G31  22149161.574   116394664.667       -3345.197          42.000    22149155.659    90697118.861       -2606.512          40.000  
G03  18895394.959    99296058.536       -1241.404          47.000    18895391.222    77373614.395        -967.399          44.000  
G04  18280698.260    96065792.085       -1979.605          44.000    18280696.944    74856393.196       -1542.464          48.000  
