     3.00           OBSERVATION DATA    M: Mixed            RINEX VERSION / TYPE
CONVBIN demo5 b34j                      20240609 013620 UTC PGM / RUN BY / DATE 
log: SAUC00CHL_R_20241601415_15M_30S_MO.ubx                 COMMENT             
format: u-blox UBX                                          COMMENT             
format: u-blox UBX                                          COMMENT             
log: SAUC00CHL_R_20241601415_15M_30S_MO.ubx                 COMMENT             
SAUC00CHL                                                   MARKER NAME         
                                                            MARKER NUMBER       
GEODETIC                                                    MARKER TYPE         
El Sauce            Obstech                                 OBSERVER / AGENCY   
UNKNOWN             UBLOX-ZED-F9P                           REC # / TYPE / VERS 
UNKNWOWN            TWIVSP6037L                             ANT # / TYPE        
  1813185.0000 -5195981.0000 -3216438.0000                  APPROX POSITION XYZ 
        0.0000        0.0000        0.0000                  ANTENNA: DELTA H/E/N
G    8 C1C L1C D1C S1C C2X L2X D2X S2X                      SYS / # / OBS TYPES 
R    8 C1C L1C D1C S1C C2C L2C D2C S2C                      SYS / # / OBS TYPES 
E    8 C1X L1X D1X S1X C7X L7X D7X S7X                      SYS / # / OBS TYPES 
S    4 C1C L1C D1C S1C                                      SYS / # / OBS TYPES 
  2024    06    08    14    15   00.4980000     GPS         TIME OF FIRST OBS   
  2024    06    08    14    29   30.4990000     GPS         TIME OF LAST OBS    
                                                            END OF HEADER       
> 2024 06 08 14 15 00.4980000  0 30                     
E08  23770924.470   124917062.4121       -112.207          48.000    23770924.644    95715657.6481        -85.988          50.000  
G09  21451159.740   112726635.0941      -2087.570          45.000    21451158.503    87838929.8031      -1626.876          42.000  
E03  24417051.346   128312471.1741      -1651.663          46.000    24417053.384    98317380.5811      -1265.483          48.000  
E26  27220989.745   143047226.4171        349.286          40.000    27220992.400   109607652.4271        267.567          42.000  
G30  19831128.853   104213280.9181       -369.902          48.000    19831126.721    81205134.1361       -288.319          45.000  
R24  23081548.902   123427230.9441      -3145.922          48.000    23081548.861    95998944.0621      -2446.666          43.000  
R12  22027834.114   117668746.3411       3460.580          44.000    22027837.985    91520364.3041       2691.795          44.000  
R17  23636008.564   126481051.4191       -762.806          44.000    23636008.291    98374159.7121       -593.215          42.000  
R11  18789419.032   100405037.9771        162.432          50.000    18789414.118    78092829.5651        126.454          49.000  
R07  22768309.479   121880474.7921      -3261.310          48.000    22768307.997    94795965.4811      -2536.410          39.000  
E25  25289675.002   132898169.0281      -1616.416          46.000    25289677.464   101831092.9261      -1238.713          46.000  
G06  22866662.722   120165009.6661      -3793.486          44.000    22866667.066    93635074.5501      -2955.876          41.000  
S31  38215803.153   200825397.2201       -772.476          46.000  
S33  39203765.231   206017153.1521       -772.428          41.000  
E02  24061064.154   126441823.8511        903.107          46.000    24061065.483    96884032.7631        691.985          48.000  
R10  20798705.823   110868796.9311      -3855.458          43.000                                                                  
R08  19829580.981   106186508.0891      -1304.510          47.000    19829574.860    82589801.3031      -1014.740          48.000  
R01  20550146.974   109852342.8681       1697.315          48.000    20550144.036    85440833.4171       1320.194          41.000  
R23  24192449.834   129413285.4861      -4103.719          24.000                                                                  
G07  19853243.200   104329457.9711      -2565.357          48.000    19853238.021    81295606.7251      -1999.006          44.000  
E13  25249215.203   132685429.9361      -1954.535          43.000    25249219.931   101668074.6721      -1497.396          47.000  
E15  26092536.038   137117116.2371      -3542.706          41.000    26092546.019   105063734.7281      -2714.401          47.000  
G13  24069584.011   126486493.0701       1334.090          41.000                                                                  
G20  21184939.555   111327596.6051       1384.267          45.000                                                                  
E07  26807898.932   140876460.0031        890.656          41.000    26807905.319   107944301.0731        682.495          45.000  
G11  22435832.769   117901028.0131      -2153.912          46.000    22435832.975    91870979.3901      -1678.095          45.000  
G14  22036478.127   115802576.0621       2499.245          45.000    22036478.331    90235789.3981       1947.385          43.000  
G05  23794592.036   125041415.0741       2569.689          43.000    23794591.057    97434895.9861       2002.521          41.000  
G22  24359866.145   128011981.3951       2771.939          38.000                                                                  
E30  26592310.973   139743588.3951       2214.147          37.000    26592320.279   107076335.0441       1696.663          43.000  
> 2024 06 08 14 15 30.4980000  0 30                     
E08  23771554.457   124920370.426        -108.962          48.000    23771554.104    95718192.359         -83.457          51.000  
G09  21463079.436   112789269.022       -2088.438          46.000    21463077.589    87887735.393       -1627.343          42.000  
E03  24426471.508   128361974.410       -1649.319          46.000    24426473.558    98355311.584       -1263.661          48.000  
E26  27219019.984   143036873.439         340.376          40.000    27219022.115   109599719.539         260.927          42.000  
G30  19833269.790   104224535.482        -380.688          47.000    19833268.500    81213903.898        -296.735          45.000  
R24  23099217.147   123521713.770       -3153.326          45.000    23099218.764    96072430.319       -2452.692          43.000  
R12  22008407.180   117564971.517        3457.037          45.000    22008410.733    91439650.883        2688.732          44.000  
R17  23640335.334   126504189.494        -780.443          46.000    23640332.200    98392155.974        -606.839          42.000  
R11  18788568.596   100400493.231         140.061          50.000    18788563.726    78089294.770         108.842          49.000  
R07  22786597.341   121978372.752       -3265.661          47.000    22786595.858    94872108.161       -2540.126          40.000  
E25  25298927.916   132946793.219       -1625.637          46.000    25298930.488   101868350.401       -1245.776          46.000  
G06  22888314.456   120278795.918       -3792.687          43.000    22888319.938    93723738.838       -2955.357          40.000  
S31  38220198.914   200848497.000        -767.996          46.000  
S33  39208160.654   206040251.633        -768.240          41.000  
E02  24055926.883   126414823.320         896.411          46.000    24055927.561    96863344.107         686.779          48.000  
R10  20820436.285   110984634.442       -3867.608          43.000                                                                  
R08  19836909.711   106225753.176       -1312.274          47.000    19836903.285    82620325.257       -1020.592          48.000  
R01  20540616.473   109801397.727        1698.223          47.000    20540613.827    85401209.453        1321.173          41.000  
R23  24215428.128                       -4090.505          12.000                                                                  
G07  19867911.656   104406542.342       -2574.115          49.000    19867906.561    81355672.460       -2005.866          44.000  
E13  25260392.935   132744167.694       -1962.104          43.000    25260397.660   101713081.452       -1503.513          47.000  
E15  26112750.665   137223341.996       -3539.625          42.000    26112759.915   105145128.147       -2712.290          47.000  
G13  24061954.333   126446397.597        1338.298          43.000                                                                  
G20  21177062.957   111286207.148        1374.501          45.000                                                                  
E07  26802797.616   140849650.087         896.012          41.000    26802803.819   107923758.500         686.478          46.000  
G11  22448156.879   117965789.469       -2164.020          46.000    22448156.489    91921442.737       -1686.204          45.000  
G14  22022214.046   115727619.648        2497.394          45.000    22022214.371    90177381.980        1945.731          43.000  
G05  23779918.476   124964306.808        2570.162          44.000    23779917.996    97374811.769        2002.693          41.000  
G22  24344017.477   127928697.345        2779.376          39.000                                                                  
E30  26579656.750   139677091.457        2218.358          37.000    26579666.020   107025383.162        1699.597          44.000  
> 2024 06 08 14 16 00.4980000  0 29                     
E08  23772164.121   124923575.945        -104.901          48.000    23772164.235    95720648.536         -80.545          50.000  
G09  21475000.455   112851915.632       -2088.169          45.000    21474999.010    87936550.890       -1627.216          42.000  
E03  24435878.208   128411402.718       -1646.114          47.000    24435879.659    98393185.172       -1261.278          48.000  
E26  27217096.354   143026772.808         332.628          39.000    27217099.960   109591980.046         254.708          43.000  
G30  19835472.426   104236107.433        -391.014          48.000    19835470.496    81222920.939        -304.666          45.000  
R24  23116924.224   123616407.584       -3159.723          43.000    23116927.518    96146080.670       -2457.580          43.000  
R12  21988998.080   117461297.064        3454.218          45.000    21989002.836    91359015.537        2686.484          45.000  
R17  23644756.801   126527851.214        -797.637          44.000    23644754.151    98410559.467        -620.249          42.000  
R11  18787842.988   100396612.013         118.384          50.000    18787837.642    78086276.049          92.013          49.000  
R07  22804909.035   122076396.734       -3269.443          47.000    22804908.288    94948348.876       -2542.842          41.000  
E25  25308232.150   132995687.700       -1634.175          45.000    25308234.787   101905814.985       -1252.160          46.000  
G06  22909961.903   120392552.252       -3791.348          43.000    22909967.217    93812379.802       -2954.299          40.000  
S31  38224569.742   200871466.347        -763.328          46.000  
S33  39212531.645   206063220.334        -763.600          41.000  
E02  24050826.636   126388020.117         890.410          47.000    24050827.166    96842806.643         682.168          48.000  
R10  20842234.116   111100828.530       -3878.792          43.000                                                                  
R08  19844280.724   106265223.536       -1319.313          47.000    19844274.161    82651024.416       -1026.174          48.000  
R01  20531079.198   109750413.665        1700.240          47.000    20531076.254    85361555.244        1322.362          41.000  
G07  19882628.731   104483882.176       -2582.131          48.000    19882623.706    81415937.222       -2012.106          44.000  
E13  25271613.794   132803133.212       -1969.205          43.000    25271618.208   101758262.733       -1508.773          46.000  
E15  26132947.432   137329472.103       -3535.939          43.000    26132956.193   105226448.262       -2709.274          47.000  
G13  24054297.837   126406158.000        1343.768          42.000                                                                  
G20  21169243.145   111245109.506        1365.164          46.000                                                                  
E07  26797664.846   140822677.981         901.965          41.000    26797671.400   107903091.633         691.108          46.000  
G11  22460536.198   118030846.726       -2173.341          44.000    22460536.590    91972136.574       -1693.497          45.000  
G14  22007960.869   115652718.489        2495.892          46.000    22007960.415    90119017.596        1944.631          43.000  
G05  23765242.421   124887183.921        2571.125          44.000    23765241.674    97314716.143        2003.264          41.000  
G22  24328125.785   127845187.243        2787.277          39.000                                                                  
E30  26566978.827   139610464.291        2223.352          38.000    26566986.808   106974331.435        1703.532          43.000  
> 2024 06 08 14 16 30.4980000  0 29                     
E08  23772754.716   124926682.985        -101.663          47.000    23772755.109    95723029.235         -77.982          50.000  
G09  21486925.092   112914579.225       -2089.022          45.000    21486923.946    87985379.596       -1627.798          42.000  
E03  24445270.511   128460760.409       -1643.955          46.000    24445272.116    98431004.678       -1259.627          48.000  
E26  27215220.070   143016928.938         324.112          37.000    27215226.726   109584437.323         248.264          43.000  
G30  19837736.260   104247999.613        -401.618          48.000    19837732.839    81232187.526        -313.200          44.000  
R24  23134671.837   123711312.152       -3166.742          46.000    23134675.625    96219894.917       -2463.049          43.000  
R12  21969608.836   117357730.416        3450.561          44.000    21969614.723    91278464.047        2683.586          44.000  
R17  23649273.301   126552039.408        -814.988          43.000    23649274.161    98429372.512        -633.775          41.000  
R11  18787241.164   100393398.423          96.074          51.000    18787236.588    78083776.576          74.821          50.000  
R07  22823245.431   122174550.187       -3273.829          49.000    22823244.614    95024690.314       -2546.383          40.000  
E25  25317588.388   133044855.575       -1643.256          45.000    25317591.135   101943489.065       -1259.143          46.000  
G06  22931603.704   120506279.122       -3790.136          42.000    22931609.979    93900997.767       -2953.523          41.000  
S31  38228916.834   200894309.060        -759.440          45.000  
S33  39216878.375   206086061.663        -758.838          40.000  
E02  24045764.221   126361419.490         883.545          46.000    24045765.368    96822424.400         676.924          49.000  
R10  20864099.394   111217378.591       -3890.792          46.000                                                                  
R08  19851695.165   106304924.644       -1326.970          50.000    19851687.854    82681903.026       -1032.123          48.000  
R01  20521534.989   109699396.189        1701.306          48.000    20521532.798    85321875.008        1323.435          41.000  
G07  19897395.141   104561478.610       -2590.582          48.000    19897389.864    81476401.921       -2018.764          44.000  
E13  25282878.569   132862328.782       -1976.812          43.000    25282882.727   101803620.304       -1514.822          46.000  
E15  26153126.004   137435508.179       -3532.647          43.000    26153134.171   105307696.332       -2707.023          46.000  
G13  24046612.381   126365777.637        1348.223          41.000                                                                  
G20  21161479.555   111204310.458        1355.327          46.000                                                                  
E07  26792501.037   140795547.118         907.341          40.000    26792508.388   107882303.141         695.195          46.000  
G11  22472973.107   118096201.098       -2183.153          44.000    22472973.542    92023061.920       -1701.071          46.000  
G14  21993719.407   115577879.389        2493.845          45.000    21993719.155    90060701.552        1943.384          42.000  
G05  23750565.165   124810054.013        2571.157          43.000    23750564.282    97254615.013        2003.284          40.000  
G22  24312192.468   127761457.825        2794.633          38.000                                                                  
E30  26554275.150   139543712.492        2227.318          37.000    26554284.071   106923184.206        1706.742          43.000  
> 2024 06 08 14 17 00.4980000  0 29                     
E08  23773329.146   124929699.825         -99.306          47.000    23773328.891    95725340.832         -76.001          50.000  
G09  21498854.419   112977268.316       -2090.202          45.000    21498853.406    88034228.181       -1628.655          43.000  
E03  24454651.085   128510055.993       -1642.407          46.000    24454652.822    98468776.573       -1258.406          48.000  
E26  27213398.684   143007350.681         314.833          39.000    27213404.203   109577098.123         241.118          43.000  
G30  19840061.883   104260219.194        -412.941          49.000    19840058.491    81241709.236        -321.797          45.000  
R24  23152460.665   123806430.865       -3174.310          45.000    23152463.153    96293875.775       -2468.970          42.000  
R12  21950243.041   117254283.544        3445.781          43.000    21950248.647    91198005.706        2680.361          44.000  
R17  23653896.500   126576761.578        -833.013          45.000    23653894.309    98448600.781        -647.925          42.000  
R11  18786765.902   100390861.357          73.193          50.000    18786761.752    78081803.274          56.923          50.000  
R07  22841607.469   122272841.977       -3278.865          47.000    22841606.722    95101139.289       -2550.142          41.000  
E25  25326997.849   133094304.250       -1653.005          45.000    25327001.209   101981378.280       -1266.595          46.000  
G06  22953241.425   120619981.366       -3789.833          44.000    22953247.444    93989596.528       -2953.127          43.000  
S31  38233241.087   200917033.106        -755.818          45.000  
S33  39221202.642   206108784.831        -755.446          40.000  
E02  24040742.914   126335030.989         875.988          47.000    24040744.126    96802204.686         671.226          49.000  
R10  20886031.457   111334289.375       -3903.108          44.000                                                                  
R08  19859154.024   106344866.124       -1335.585          48.000    19859146.729    82712968.579       -1038.795          48.000  
R01  20511986.343   109648355.928        1701.544          46.000    20511984.373    85282177.045        1323.751          41.000  
G07  19912211.439   104639337.391       -2599.744          48.000    19912206.127    81537071.044       -2025.807          44.000  
E13  25294187.850   132921760.983       -1985.064          43.000    25294192.442   101849159.186       -1521.111          46.000  
E15  26173286.892   137541456.138       -3530.264          43.000    26173295.949   105388876.892       -2705.009          47.000  
G13  24038902.783   126325264.496        1352.416          40.000                                                                  
G20  21153774.959   111163820.109        1344.348          46.000                                                                  
E07  26787309.343   140768265.284         911.783          41.000    26787316.498   107861398.977         698.611          46.000  
G11  22485466.980   118161858.282       -2193.777          45.000    22485467.983    92074223.228       -1709.233          46.000  
G14  21979490.821   115503113.481        2490.715          44.000    21979492.108    90002442.590        1940.958          43.000  
G05  23735887.605   124732927.445        2570.787          43.000    23735887.171    97194516.565        2002.827          41.000  
G22  24296219.161   127677519.124        2801.361          38.000                                                                  
E30  26541551.315   139476845.965        2230.482          39.000    26541559.857   106871949.057        1709.193          44.000  
> 2024 06 08 14 17 30.4980000  0 29                     
E08  23773888.562   124932638.615         -96.954          48.000    23773888.115    95727592.638         -74.335          49.000  
G09  21510791.061   113039995.410       -2091.783          45.000    21510789.937    88083106.403       -1630.033          43.000  
E03  24464022.014   128559301.928       -1640.900          46.000    24464024.247    98506510.451       -1257.412          48.000  
E26  27211631.789   142998050.716         305.141          41.000    27211634.835   109569972.128         233.838          43.000  
G30  19842450.988   104272777.245        -424.482          49.000    19842448.576    81251494.703        -330.966          45.000  
R24  23170289.540   123901772.192       -3181.897          44.000    23170292.336    96368029.733       -2474.688          41.000  
R12  21930903.427   117150972.339        3441.181          44.000    21930908.298    91117652.900        2676.483          44.000  
R17  23658618.051   126602028.946        -851.613          45.000    23658616.880    98468253.088        -662.270          42.000  
R11  18786419.809   100389013.614          49.806          49.000    18786415.591    78080366.107          38.727          49.000  
R07  22859997.656   122371284.039       -3284.242          47.000    22859997.474    95177705.169       -2554.384          42.000  
E25  25336463.198   133144045.008       -1663.201          45.000    25336466.738   102019491.299       -1274.434          47.000  
G06  22974876.159   120733667.608       -3789.533          45.000    22974882.182    94078182.834       -2953.005          43.000  
S31  38237544.908   200939649.998        -752.577          45.000  
S33  39225505.895   206131400.695        -752.391          40.000  
E02  24035763.954   126308868.077         867.927          46.000    24035765.552    96782157.818         665.120          49.000  
R10  20908033.069   111451568.797       -3915.881          45.000                                                                  
R08  19866659.710   106385061.792       -1344.311          48.000    19866653.561    82744231.829       -1045.711          48.000  
R01  20502436.561   109597307.331        1701.473          47.000    20502434.489    85242472.634        1323.343          41.000  
G07  19927079.077   104717468.048       -2609.063          48.000    19927074.349    81597952.037       -2033.057          45.000  
E13  25305544.131   132981440.286       -1993.609          42.000    25305549.178   101894887.388       -1527.627          46.000  
E15  26193433.757   137647325.783       -3527.796          43.000    26193442.551   105469997.416       -2703.244          47.000  
G13  24031169.695   126284629.942        1356.267          41.000                                                                  
G20  21146131.362   111123652.706        1333.202          46.000                                                                  
E07  26782091.663   140740844.106         916.052          41.000    26782098.319   107840388.063         701.823          46.000  
G11  22498020.778   118227827.793       -2204.352          45.000    22498021.585    92125627.930       -1717.607          46.000  
G14  21965279.891   115428435.786        2487.603          44.000    21965280.995    89944252.368        1938.464          43.000  
G05  23721214.233   124655817.813        2570.026          44.000    23721213.699    97134431.265        2002.911          40.000  
G22  24280208.394   127593385.504        2807.441          38.000                                                                  
E30  26528807.543   139409878.501        2233.622          38.000    26528816.289   106820636.590        1711.470          44.000  
> 2024 06 08 14 18 00.4980000  0 29                     
E08  23774436.839   124935514.402         -95.076          48.000    23774435.382    95729796.155         -72.814          50.000  
G09  21522737.918   113102775.743       -2093.690          45.000    21522736.452    88132026.099       -1631.593          43.000  
E03  24473386.406   128608513.554       -1640.013          45.000    24473388.985    98544218.021       -1256.669          48.000  
E26  27209918.079   142989044.511         295.143          41.000    27209921.260   109563071.220         226.061          44.000  
G30  19844908.112   104285687.690        -436.408          49.000    19844905.750    81261554.737        -340.052          45.000  
R24  23188163.080   123997346.741       -3189.838          46.000    23188165.894    96442365.063       -2481.055          41.000  
R12  21911593.180   117047815.231        3435.654          46.000    21911596.474    91037419.942        2672.124          44.000  
R17  23663443.314   126627855.211        -870.568          44.000    23663443.350    98488340.119        -676.924          43.000  
R11  18786206.180   100387871.032          26.067          49.000    18786201.463    78079477.414          20.242          49.000  
R07  22878418.529   122469890.948       -3289.937          47.000    22878417.826    95254399.260       -2558.970          42.000  
E25  25345986.865   133194091.957       -1673.594          45.000    25345990.312   102057838.906       -1282.250          47.000  
G06  22996510.349   120847349.428       -3789.553          45.000    22996515.526    94166765.689       -2952.869          43.000  
S31  38241831.478   200962175.526        -749.583          45.000  
S33  39229792.245   206153925.324        -749.648          40.000  
E02  24030830.206   126282946.976         859.700          46.000    24030832.590    96762296.209         658.804          49.000  
R10  20930105.622   111569228.113       -3928.656          45.000                                                                  
R08  19874216.107   106425528.099       -1353.732          48.000    19874210.599    82775705.586       -1052.883          48.000  
R01  20492889.206   109546267.840        1700.829          47.000    20492886.587    85202775.301        1322.797          41.000  
G07  19942000.611   104795882.742       -2618.843          48.000    19941996.105    81659054.342       -2040.621          45.000  
E13  25316949.862   133041380.004       -2002.541          42.000    25316955.404   101940815.109       -1534.375          46.000  
E15  26213566.577   137753129.778       -3525.857          42.000    26213576.796   105551067.626       -2701.667          46.000  
G13  24023416.326   126243888.333        1359.312          40.000                                                                  
G20  21138552.514   111083825.029        1321.641          46.000                                                                  
E07  26776849.502   140713298.178         919.973          41.000    26776856.443   107819281.551         704.996          46.000  
G11  22510636.882   118294121.996       -2215.358          45.000    22510636.503    92177285.617       -1726.296          45.000  
G14  21951089.306   115353864.239        2483.738          44.000    21951090.565    89886144.838        1935.222          44.000  
G05  23706546.888   124578742.182        2568.496          44.000    23706546.008    97074372.481        2000.983          40.000  
G22  24264163.019   127509074.365        2813.041          37.000                                                                  
E30  26516047.388   139342826.719        2236.164          38.000    26516056.430   106769259.517        1713.365          44.000  
> 2024 06 08 14 18 30.4980000  0 29                     
E08  23774976.553   124938349.841         -94.219          48.000    23774975.379    95731968.759         -72.270          50.000  
G09  21534698.450   113165632.323       -2096.755          45.000    21534698.264    88181005.204       -1633.984          44.000  
E03  24482749.010   128657713.823       -1640.086          45.000    24482751.532    98581916.894       -1256.740          48.000  
E26  27208263.645   142980355.169         284.073          40.000    27208267.594   109556413.140         217.652          44.000  
G30  19847435.977   104298972.034        -449.446          49.000    19847433.991    81271906.153        -350.363          45.000  
R24  23206083.361   124093173.617       -3198.590          44.000    23206086.091    96516896.623       -2487.634          40.000  
R12  21892316.269   116944838.815        3428.970          47.000    21892319.175    90957327.498        2667.056          44.000  
R17  23668379.344   126654262.513        -890.287          46.000    23668378.401    98508879.113        -692.543          43.000  
R11  18786128.856   100387456.588           1.352          50.000    18786123.965    78079155.063           1.038          49.000  
R07  22896873.513   122568686.140       -3296.780          46.000    22896873.879    95331239.773       -2564.131          42.000  
E25  25355573.067   133244466.902       -1684.851          45.000    25355576.526   102096437.859       -1291.090          47.000  
G06  23018146.164   120961046.041       -3790.509          44.000    23018151.451    94255360.044       -2953.595          43.000  
S31  38246104.542   200984631.408        -747.662          46.000  
S33  39234065.281   206176380.690        -748.010          40.000  
E02  24025947.372   126257291.613         850.466          45.000    24025950.616    96742638.216         651.569          49.000  
R10  20952252.515   111687285.783       -3942.290          44.000                                                                  
R08  19881827.688   106466289.659       -1364.075          47.000    19881822.190    82807408.969       -1060.858          49.000  
R01  20483347.307   109495262.319        1699.172          47.000    20483344.699    85163104.352        1321.908          41.000  
G07  19956979.847   104874601.526       -2629.439          47.000    19956975.656    81720393.603       -2049.026          44.000  
E13  25328409.762   133101601.024       -2012.290          42.000    25328415.648   101986958.387       -1541.967          47.000  
E15  26233693.062   137858888.387       -3524.971          43.000    26233702.132   105632103.056       -2700.753          46.000  
G13  24015646.580   126203061.829        1361.655          40.000                                                                  
G20  21131042.753   111044361.881        1308.950          46.000                                                                  
E07  26771588.518   140685649.700         922.699          41.000    26771595.192   107798096.453         707.127          46.000  
G11  22523318.783   118360760.858       -2227.369          46.000    22523316.984    92229211.880       -1735.628          44.000  
G14  21936923.809   115279424.319        2478.530          44.000    21936925.532    89828139.861        1931.398          44.000  
G05  23691891.337   124501725.584        2565.863          44.000    23691889.590    97014359.629        1999.348          39.000  
G22  24248089.633   127424610.454        2817.806          38.000                                                                  
E30  26503276.384   139275714.940        2237.688          39.000    26503285.250   106717836.446        1714.703          44.000  
> 2024 06 08 14 19 00.4990000  0 29                     
E08  23775514.006   124941176.069         -94.360          48.000    23775513.417    95734134.291         -72.373          50.000  
G09  21546681.494   113228598.514       -2100.964          46.000    21546680.522    88230069.709       -1637.132          44.000  
E03  24492115.889   128706935.633       -1641.429          45.000    24492117.963    98619632.279       -1257.696          48.000  
E26  27206676.151   142972013.872         271.734          40.000    27206680.135   109550021.753         208.234          43.000  
G30  19850040.904   104312660.560        -463.399          49.000    19850039.164    81282572.503        -361.136          45.000  
R24  23224057.215   124189282.777       -3208.416          46.000    23224058.623    96591647.823       -2495.774          38.000  
R12  21873078.579   116842074.487        3421.189          47.000    21873081.012    90877399.974        2661.101          45.000  
R17  23673428.927   126681282.125        -911.267          44.000    23673426.088    98529894.327        -708.887          41.000  
R11  18786194.188   100387802.547         -24.863          50.000    18786189.132    78079424.132         -19.123          49.000  
R07  22915371.474   122667703.587       -3304.481          47.000    22915371.399    95408253.142       -2569.925          42.000  
E25  25365227.947   133295201.646       -1697.432          45.000    25365231.097   102135312.485       -1300.622          47.000  
G06  23039791.086   121074788.725       -3792.353          45.000    23039796.782    94343990.286       -2955.066          44.000  
S31  38250370.592   201007048.465        -746.991          46.000  
S33  39238331.248   206198797.347        -747.181          41.000  
E02  24021122.478   126231933.457         839.885          45.000    24021125.127    96723207.922         643.585          49.000  
R10  20974480.826   111805773.292       -3956.875          44.000                                                                  
R08  19889500.286   106507380.547       -1375.545          47.000    19889496.413    82839368.530       -1069.888          49.000  
R01  20473818.069   109444323.138        1696.417          47.000    20473815.939    85123485.059        1319.244          42.000  
G07  19972023.273   104953655.519       -2640.980          47.000    19972019.258    81781994.054       -2057.808          44.000  
E13  25339929.032   133162134.652       -2023.381          42.000    25339935.440   102033341.173       -1550.345          48.000  
E15  26253814.910   137964633.822       -3524.768          42.000    26253825.429   105713128.400       -2700.886          46.000  
G13  24007867.055   126162179.638        1363.295          39.000                                                                  
G20  21123608.457   111005294.935        1295.208          45.000                                                                  
E07  26766313.223   140657928.192         924.566          41.000    26766319.726   107776855.421         708.601          46.000  
G11  22536070.583   118427774.917       -2240.277          46.000    22536068.956    92281430.530       -1745.768          43.000  
G14  21922788.512   115205147.389        2472.738          44.000    21922791.120    89770261.921        1926.652          44.000  
G05  23677252.785   124424799.517        2561.841          44.000    23677251.068    96954417.334        1996.582          40.000  
G22  24231994.209   127340024.362        2821.090          40.000                                                                  
E30  26490499.580   139208573.560        2237.912          38.000    26490508.446   106666390.704        1714.943          44.000  
> 2024 06 08 14 19 30.4990000  0 30                     
E08  23776056.916   124944031.703         -95.977          48.000    23776056.602    95736322.351         -73.537          50.000  
G09  21558690.546   113291709.110       -2106.435          46.000    21558690.005    88279246.746       -1641.311          44.000  
E03  24501493.319   128756214.775       -1643.993          45.000    24501495.404    98657391.589       -1259.694          48.000  
E26  27205161.166   142964060.249         258.358          39.000    27205166.068   109543927.444         197.996          43.000  
G30  19852729.595   104326789.955        -478.600          49.000    19852727.857    81293582.406        -373.022          46.000  
R24  23242088.346   124285702.605       -3219.485          46.000    23242089.857    96666640.620       -2504.043          40.000  
R12  21853890.044   116739572.013        3412.128          47.000    21853892.812    90797676.131        2653.649          46.000  
R17  23678597.373   126708950.117        -933.417          43.000    23678595.959    98551413.806        -726.038          42.000  
R11  18786408.081   100388948.174         -51.897          49.000    18786403.776    78080315.149         -40.477          50.000  
R07  22933917.025   122766976.493       -3313.579          47.000    22933916.166    95485465.244       -2577.274          41.000  
E25  25374957.053   133346330.597       -1711.089          45.000    25374960.556   102174489.193       -1311.197          47.000  
G06  23061449.965   121188605.214       -3795.414          44.000    23061455.009    94432678.069       -2957.549          42.000  
S31  38254636.297   201029465.183        -747.368          46.000  
S33  39242597.009   206221214.072        -747.427          41.000  
E02  24016362.043   126206914.118         828.042          46.000    24016364.048    96704037.243         634.427          49.000  
R02  24146375.996   128849684.9571       2333.119          28.000                                                                  
R10  20996794.582   111924717.401       -3972.705          44.000                                                                  
R08  19897242.360   106548838.828       -1388.401          47.000    19897238.205    82871613.833       -1079.807          49.000  
R01  20464310.255   109393495.016        1692.090          47.000    20464307.844    85083952.094        1316.150          42.000  
G07  19987136.320   105033075.445       -2653.628          47.000    19987132.233    81843879.671       -2067.813          44.000  
E13  25351514.123   133223013.849       -2035.311          41.000    25351520.578   102079988.750       -1559.632          48.000  
E15  26273941.007   138070395.395       -3526.073          42.000    26273951.978   105794166.084       -2701.721          47.000  
G13  24000085.434   126121282.352        1363.210          40.000                                                                  
G20  21116257.482   110966667.776        1279.855          45.000                                                                  
E07  26761030.912   140630173.721         925.244          41.000    26761038.072   107755589.113         709.089          46.000  
G11  22548900.434   118495195.781       -2254.395          47.000    22548899.217    92333966.149       -1756.703          44.000  
G14  21908694.076   115131080.088        2465.102          45.000    21908695.572    89712547.317        1920.726          43.000  
G05  23662640.295   124348009.618        2557.135          44.000    23662638.500    96894581.145        1992.651          41.000  
G22  24215884.284   127255362.621        2823.133          40.000                                                                  
E30  26477725.037   139141447.448        2236.984          38.000    26477734.553   106614956.676        1714.054          44.000  
> 2024 06 08 14 20 00.4990000  0 30                     
E08  23776610.312   124946942.014         -98.172          47.000    23776609.861    95738552.320         -75.197          49.000  
G09  21570733.303   113354991.674       -2112.500          46.000    21570732.320    88328557.768       -1646.167          43.000  
E03  24510886.773   128805578.346       -1647.270          45.000    24510889.107    98695215.562       -1262.017          48.000  
E26  27203726.789   142956519.619         244.120          40.000    27203731.189   109538149.534         187.087          43.000  
G30  19855507.027   104341384.646        -494.366          49.000    19855504.736    81304954.878        -385.267          45.000  
R24  23260182.127   124382457.717       -3231.088          45.000    23260184.958    96741894.166       -2513.149          41.000  
R12  21834753.892   116637356.911        3402.035          46.000    21834757.534    90718175.751        2646.081          45.000  
R17  23683894.404   126737291.816        -956.224          44.000    23683893.450    98573457.274        -743.649          43.000  
R11  18786776.645   100390919.274         -79.865          49.000    18786772.374    78081848.203         -61.934          49.000  
R07  22952515.339   122866533.028       -3323.680          47.000    22952514.190    95562897.938       -2585.090          40.000  
E25  25384766.211   133397879.685       -1725.645          45.000    25384770.134   102213987.817       -1322.073          47.000  
G06  23083127.338   121302520.978       -3798.969          44.000    23083132.391    94521443.177       -2960.259          42.000  
S31  38258906.782   201051906.535        -748.728          46.000  
S33  39246867.204   206243654.493        -748.763          41.000  
E02  24011670.310   126182259.101         815.487          47.000    24011671.981    96685145.734         624.840          49.000  
R02  24133247.290   128779610.061        2338.131          33.000    24133245.161   100161924.4271       1817.714          30.000  
R10  21019198.625   112044144.105       -3989.183          44.000                                                                  
R08  19905058.960   106590692.882       -1402.087          48.000    19905053.768    82904166.947       -1090.420          48.000  
R01  20454827.643   109342803.934        1687.061          48.000    20454825.139    85044525.749        1312.097          42.000  
G07  20002323.888   105112885.804       -2667.025          47.000    20002319.658    81906069.530       -2078.330          44.000  
E13  25363171.006   133284263.977       -2048.117          42.000    25363176.214   102126920.536       -1569.261          48.000  
E15  26294075.239   138176199.439       -3527.733          42.000    26294085.818   105875236.315       -2703.163          46.000  
G13  23992304.300   126080393.345        1362.350          42.000                                                                  
G20  21108995.622   110928505.682        1264.054          45.000                                                                  
E07  26755747.053   140602410.118         925.417          41.000    26755754.535   107734315.786         709.010          46.000  
G11  22561811.857   118563048.150       -2269.290          47.000    22561811.250    92386838.005       -1768.319          44.000  
G14  21894644.895   115057247.946        2456.888          46.000    21894644.903    89655015.915        1914.327          43.000  
G05  23648058.193   124271380.019        2551.422          43.000    23648056.890    96834869.882        1987.592          41.000  
G22  24199763.732   127170650.056        2824.524          39.000                                                                  
E30  26464958.502   139074361.113        2235.304          38.000    26464968.622   106563553.151        1712.674          45.000  
> 2024 06 08 14 20 30.4990000  0 30                     
E08  23777178.974   124949929.891        -101.013          47.000    23777178.274    95740841.717         -77.200          49.000  
G09  21582812.695   113418469.327       -2119.346          46.000    21582811.247    88378020.833       -1651.548          43.000  
E03  24520300.744   128855049.500       -1651.047          45.000    24520303.385    98733121.989       -1264.971          48.000  
E26  27202376.641   142949415.201         229.550          40.000    27202379.325   109532705.844         175.920          43.000  
G30  19858377.089   104356466.248        -510.964          50.000    19858374.506    81316706.763        -397.984          45.000  
R24  23278340.351   124479567.009       -3243.025          42.000    23278344.748    96817423.169       -2522.199          41.000  
R12  21815678.142   116535455.747        3391.319          46.000    21815681.036    90638919.524        2637.763          43.000  
R17  23689321.446   126766329.087        -979.662          44.000    23689321.037    98596041.780        -761.803          44.000  
R11  18787304.615   100393739.235        -108.358          49.000    18787299.612    78084041.481         -84.220          49.000  
R07  22971170.533   122966396.105       -3334.034          47.000    22971169.569    95640569.030       -2593.145          41.000  
E25  25394659.800   133449870.715       -1740.349          45.000    25394663.674   102253825.074       -1333.484          47.000  
G06  23104828.251   121416555.393       -3803.310          45.000    23104831.632    94610300.766       -2963.704          40.000  
S31  38263186.064   201074394.869        -750.432          46.000  
S33  39251146.989   206266143.151        -750.825          41.000  
E02  24007053.208   126157992.434         802.295          47.000    24007054.214    96666551.786         614.725          49.000  
R02  24120092.426   128709414.934        2342.177          38.000    24120090.382   100107328.010        1821.250          34.000  
R10  21041696.980   112164071.529       -4005.962          44.000                                                                  
R08  19912954.304   106632967.101       -1416.248          49.000    19912948.215    82937046.837       -1101.547          48.000  
R01  20445375.369   109292275.288        1681.360          48.000    20445372.970    85005225.721        1307.990          42.000  
G07  20017589.554   105193107.171       -2680.989          47.000    20017585.253    81968579.661       -2089.256          44.000  
E13  25374900.759   133345906.104       -2061.272          42.000    25374906.513   102174152.705       -1579.380          48.000  
E15  26314220.724   138282066.410       -3530.103          42.000    26314232.331   105956354.768       -2704.848          46.000  
G13  23984528.889   126039534.959        1361.178          42.000                                                                  
G20  21101827.401   110890834.186        1247.245          46.000                                                                  
E07  26750466.481   140574659.744         924.553          41.000    26750473.693   107713052.572         708.359          45.000  
G11  22574810.013   118631352.103       -2284.384          46.000    22574809.732    92440061.717       -1780.052          44.000  
G14  21880644.702   114983676.649        2447.989          46.000    21880644.399    89597687.775        1907.413          43.000  
G05  23633511.693   124194937.284        2544.897          43.000    23633510.847    96775304.202        1982.935          42.000  
G22  24183637.730   127085911.777        2824.630          38.000                                                                  
E30  26452204.484   139007339.021        2233.063          38.000    26452214.295   106512198.843        1711.080          44.000  
> 2024 06 08 14 21 00.4990000  0 30                     
E08  23777765.988   124953014.730        -104.880          48.000    23777765.268    95743205.448         -80.373          49.000  
G09  21594932.563   113482161.781       -2127.163          45.000    21594931.714    88427651.272       -1657.688          42.000  
E03  24529738.788   128904647.872       -1655.664          45.000    24529741.808    98771125.903       -1268.704          49.000  
E26  27201111.779   142942766.843         213.076          40.000    27201114.844   109527611.584         163.699          44.000  
G30  19861342.981   104372052.869        -528.387          50.000    19861340.475    81328852.194        -411.755          45.000  
R24  23296570.528   124577045.569       -3255.936          45.000    23296574.395    96893239.418       -2532.430          39.000  
R12  21796664.535   116433891.932        3379.245          47.000    21796667.717    90559925.648        2628.219          43.000  
R17  23694879.462   126796079.987       -1004.076          43.000    23694880.444    98619181.354        -780.987          43.000  
R11  18787995.569   100397427.947        -137.863          49.000    18787989.752    78086910.463        -107.388          49.000  
R07  22989887.165   123066585.210       -3345.543          48.000    22989886.245    95718493.679       -2602.066          42.000  
E25  25404640.975   133502322.106       -1756.504          45.000    25404644.902   102294015.058       -1345.907          47.000  
G06  23126554.216   121530724.389       -3808.482          44.000    23126558.089    94699263.213       -2967.458          41.000  
S31  38267478.119   201096949.769        -753.370          46.000  
S33  39255439.041   206288698.026        -753.678          41.000  
E02  24002513.874   126134134.677         787.967          48.000    24002514.166    96648271.143         603.879          48.000  
R02  24106918.513   128639120.001        2344.092          41.000    24106919.458   100052654.036        1823.345          40.000  
R10  21064292.431   112284515.792       -4023.892          45.000                                                                  
R08  19920931.384   106675682.735       -1431.595          50.000    19920925.127    82970270.038       -1113.536          48.000  
R01  20435957.412   109241930.757        1674.609          47.000    20435954.478    84966068.910        1302.356          42.000  
G07  20032937.090   105273756.373       -2695.867          48.000    20032932.140    82031423.176       -2100.612          43.000  
E13  25386709.247   133407957.819       -2075.681          42.000    25386714.260   102221698.717       -1590.474          48.000  
E15  26334382.859   138388013.343       -3533.228          43.000    26334393.266   106037534.494       -2707.418          46.000  
G13  23976762.685   125998725.739        1359.008          41.000                                                                  
G20  21094756.192   110853674.538        1229.608          46.000                                                                  
E07  26745192.359   140546941.498         923.221          40.000    26745199.100   107691814.011         707.178          46.000  
G11  22587897.420   118700124.244       -2300.612          45.000    22587897.159    92493650.242       -1792.790          45.000  
G14  21866699.126   114910388.415        2437.849          46.000    21866698.354    89540580.250        1899.311          43.000  
G05  23619004.375   124118702.078        2537.500          43.000    23619003.437    96715900.275        1976.923          41.000  
G22  24167510.934   127001169.144        2824.314          37.000                                                                  
E30  26439466.481   138940402.228        2229.510          38.000    26439476.208   106460909.893        1708.147          44.000  
> 2024 06 08 14 21 30.4990000  0 30                     
E08  23778375.217   124956215.701        -108.604          48.000    23778374.776    95745658.142         -83.249          49.000  
G09  21607097.724   113546088.379       -2134.609          46.000    21607096.927    88477464.154       -1663.598          43.000  
E03  24539204.994   128954393.008       -1660.584          45.000    24539207.797    98809242.273       -1272.373          49.000  
E26  27199935.426   142936593.919         197.759          40.000    27199940.751   109522881.671         151.680          45.000  
G30  19864408.047   104388162.408        -545.673          50.000    19864406.226    81341405.089        -425.166          45.000  
R24  23314871.077   124674908.300       -3268.384          46.000    23314875.150    96969354.519       -2542.152          38.000  
R12  21777718.580   116332688.050        3367.443          48.000    21777721.959    90481211.716        2618.996          43.000  
R17  23700578.529   126826562.706       -1028.406          46.000    23700575.466    98642890.048        -799.826          42.000  
R11  18788851.812   100402004.461        -167.322          51.000    18788846.322    78090469.968        -130.201          49.000  
R07  23008667.793   123167119.562       -3356.974          50.000    23008667.436    95796686.841       -2610.807          43.000  
E25  25414712.715   133555251.975       -1772.148          44.000    25414717.048   102334571.640       -1357.986          47.000  
G06  23148307.864   121645043.601       -3813.042          43.000    23148312.629    94788342.724       -2971.284          41.000  
S31  38271786.454   201119589.928        -755.992          46.000  
S33  39259747.448   206311338.145        -756.175          41.000  
E02  23998055.276   126110706.133         773.797          48.000    23998055.650    96630319.373         592.892          48.000  
R02  24093730.338   128568744.876        2346.987          44.000    24093733.176    99997917.781        1825.377          44.000  
R10  21086986.933   112405491.470       -4041.277          45.000                                                                  
R08  19928994.970   106718860.159       -1447.012          51.000    19928988.292    83003852.404       -1125.423          48.000  
R01  20426577.711   109191791.722        1667.810          48.000    20426574.967    84927071.898        1297.363          41.000  
G07  20048368.679   105354849.674       -2710.482          48.000    20048363.832    82094612.725       -2112.001          43.000  
E13  25398598.152   133470436.403       -2089.799          43.000    25398603.408   102269571.804       -1601.187          48.000  
E15  26354562.310   138494057.014       -3536.388          43.000    26354573.416   106118788.327       -2709.743          46.000  
G13  23969010.139   125957984.444        1356.733          43.000                                                                  
G20  21087786.402   110817047.617        1211.919          47.000                                                                  
E07  26739927.844   140519274.011         921.459          41.000    26739934.020   107670614.342         705.995          46.000  
G11  22601076.436   118769380.973       -2316.680          45.000    22601076.242    92547616.357       -1805.115          45.000  
G14  21852810.668   114837405.210        2427.663          47.000    21852810.128    89483710.401        1891.547          43.000  
G05  23604540.951   124042694.886        2529.730          45.000    23604539.864    96656673.983        1971.259          42.000  
G22  24151387.746   126916443.771        2823.604          39.000                                                                  
E30  26426748.404   138873571.387        2225.878          38.000    26426758.665   106409702.131        1705.498          44.000  
> 2024 06 08 14 22 00.4990000  0 30                     
E08  23779007.142   124959537.506        -113.001          47.000    23779007.319    95748203.416         -86.612          50.000  
G09  21619307.805   113610254.145       -2143.064          45.000    21619307.213    88527463.425       -1670.004          42.000  
E03  24548700.388   129004289.817       -1666.128          45.000    24548703.117    98847474.879       -1276.656          49.000  
E26  27198852.478   142930901.522         181.385          40.000    27198857.942   109518519.989         138.864          45.000  
G30  19867573.508   104404798.360        -563.651          49.000    19867571.619    81354368.189        -439.317          45.000  
R24  23333244.847   124773155.710       -3281.556          46.000    23333248.880    97045768.694       -2552.443          40.000  
R12  21758841.674   116231852.310        3354.726          47.000    21758844.505    90402784.125        2609.007          43.000  
R17  23706411.612   126857780.496       -1053.284          45.000    23706408.642    98667170.488        -819.103          42.000  
R11  18789874.907   100407473.908        -197.559          49.000    18789869.852    78094723.996        -153.597          49.000  
R07  23027513.551   123268003.249       -3368.949          47.000    23027514.349    95875151.702       -2620.367          43.000  
E25  25424876.370   133608664.079       -1788.797          44.000    25424881.044   102375497.747       -1370.555          47.000  
G06  23170090.441   121759514.350       -3818.543          42.000    23170095.958    94877540.274       -2975.520          41.000  
S31  38276111.832   201142320.154        -759.583          46.000  
S33  39264072.669   206334068.602        -759.795          40.000  
E02  23993678.901   126087712.657         758.866          47.000    23993680.029    96612700.981         581.413          48.000  
R02  24080527.290   128498294.562        2349.235          41.000    24080531.121    99943123.021        1827.327          43.000  
R10  21109781.108   112526998.866       -4059.218          44.000                                                                  
R08  19937144.835   106762505.688       -1463.004          49.000    19937138.798    83037798.853       -1137.943          48.000  
R01  20417237.280   109141865.348        1660.388          47.000    20417234.421    84888240.309        1291.327          41.000  
G07  20063884.560   105436389.117       -2725.772          47.000    20063880.401    82158149.953       -2124.164          43.000  
E13  25410568.975   133533344.776       -2104.359          43.000    25410574.238   102317774.222       -1612.525          47.000  
E15  26374761.327   138600199.761       -3540.191          42.000    26374772.266   106200118.062       -2712.542          46.000  
G13  23961272.032   125917315.159        1354.181          43.000                                                                  
G20  21080919.739   110780960.152        1193.519          47.000                                                                  
E07  26734674.355   140491661.492         919.344          42.000    26734679.621   107649456.827         704.200          46.000  
G11  22614348.096   118839124.143       -2333.372          45.000    22614347.735    92601961.553       -1818.177          44.000  
G14  21838981.191   114764734.584        2416.685          46.000    21838980.448    89427084.112        1883.354          42.000  
G05  23590122.296   123966924.368        2521.252          44.000    23590121.168    96597632.127        1964.636          41.000  
G22  24135268.714   126831742.507        2822.359          38.000                                                                  
E30  26414053.532   138806852.884        2221.861          40.000    26414062.357   106358580.418        1702.412          44.000  
> 2024 06 08 14 22 30.4990000  0 30                     
E08  23779664.990   124962995.477        -117.718          47.000    23779665.571    95750852.997         -90.172          50.000  
G09  21631566.625   113674674.499       -2151.605          45.000    21631565.885    88577661.048       -1676.594          42.000  
E03  24558226.848   129054353.753       -1671.675          45.000    24558229.879    98885835.514       -1280.955          49.000  
E26  27197864.349   142925705.208         164.794          41.000    27197869.142   109514538.388         126.255          45.000  
G30  19870842.595   104421974.627        -581.498          49.000    19870839.694    81367752.298        -453.117          45.000  
R24  23351692.715   124871798.565       -3294.731          45.000    23351696.056    97122490.467       -2562.437          41.000  
R12  21740036.744   116131403.781        3341.843          46.000    21740040.104    90324657.693        2599.040          43.000  
R17  23712384.338   126889747.455       -1078.149          45.000    23712382.814    98692033.653        -838.785          42.000  
R11  18791068.511   100413851.877        -227.850          49.000    18791063.331    78099684.652        -177.166          49.000  
R07  23046427.836   123369251.528       -3381.020          47.000    23046428.492    95953900.148       -2629.772          43.000  
E25  25435135.511   133662572.638       -1805.430          44.000    25435139.419   102416804.271       -1383.222          46.000  
G06  23191905.220   121874148.339       -3823.580          42.000    23191910.909    94966865.021       -2979.595          42.000  
S31  38280457.125   201165154.713        -763.025          46.000  
S33  39268417.976   206356903.727        -763.181          41.000  
E02  23989389.286   126065170.641         743.644          47.000    23989390.471    96595428.489         569.792          48.000  
R02  24067314.188   128427784.986        2351.355          42.000    24067317.255    99888282.212        1828.756          39.000  
R10  21132677.380   112649049.799       -4077.611          44.000                                                                  
R08  19945385.910   106806635.926       -1479.149          48.000    19945380.136    83072122.333       -1150.482          48.000  
R01  20407940.313   109092169.668        1652.594          47.000    20407937.450    84849588.112        1285.504          41.000  
G07  20079487.935   105518387.063       -2740.952          46.000    20079483.699    82222044.418       -2135.815          43.000  
E13  25422625.000   133596696.299       -2119.210          43.000    25422629.499   102366316.182       -1623.886          47.000  
E15  26394980.670   138706454.448       -3543.623          41.000    26394992.228   106281533.554       -2715.392          46.000  
G13  23953549.368   125876732.388        1351.148          44.000                                                                  
G20  21074158.706   110745429.235        1175.149          48.000                                                                  
E07  26729432.484   140464118.708         916.801          43.000    26729438.305   107628352.733         702.478          46.000  
G11  22627713.765   118909366.157       -2349.698          44.000    22627714.843    92656695.460       -1830.955          45.000  
G14  21825215.271   114692394.585        2405.794          45.000    21825214.218    89370715.450        1874.508          43.000  
G05  23575751.297   123891407.179        2513.074          43.000    23575750.522    96538787.632        1958.112          42.000  
G22  24119158.350   126747082.623        2821.296          38.000                                                                  
E30  26401381.347   138740263.540        2217.223          39.000    26401390.718   106307557.666        1699.075          45.000  
> 2024 06 08 14 23 00.4990000  0 30                     
E08  23780350.403   124966596.723        -123.010          47.000    23780350.897    95753612.359         -94.287          50.000  
G09  21643875.809   113739356.840       -2161.069          46.000    21643874.417    88628062.807       -1683.828          42.000  
E03  24567786.965   129104592.266       -1678.083          45.000    24567790.150    98924329.889       -1285.885          49.000  
E26  27196971.558   142921012.466         147.605          41.000    27196975.697   109510942.617         112.971          45.000  
G30  19874215.020   104439697.049        -600.517          49.000    19874212.227    81381562.005        -467.869          45.000  
R24  23370214.420   124970839.876       -3308.460          45.000    23370217.104    97199522.133       -2573.015          40.000  
R12  21721306.563   116031352.824        3327.700          46.000    21721310.374    90246840.523        2588.310          43.000  
R17  23718500.236   126922469.033       -1103.828          45.000    23718498.001    98717483.720        -858.621          42.000  
R11  18792433.034   100421145.145        -259.037          49.000    18792427.932    78105357.193        -201.438          49.000  
R07  23065411.781   123470871.403       -3394.163          48.000    23065412.255    96032937.646       -2640.077          43.000  
E25  25445489.956   133716983.672       -1822.652          44.000    25445493.437   102458495.809       -1396.428          46.000  
G06  23213750.280   121988949.277       -3829.883          40.000    23213757.299    95056319.862       -2984.333          43.000  
S31  38284823.556   201188101.181        -767.493          46.000  
S33  39272784.621   206379849.916        -766.907          41.000  
E02  23985187.345   126043088.344         727.779          47.000    23985188.461    96578508.241         557.680          48.000  
R02  24054091.056   128357223.783        2352.010          41.000    24054092.664    99833401.297        1829.193          37.000  
R10  21155676.979   112771647.176       -4096.390          43.000                                                                  
R08  19953719.375   106851259.366       -1496.387          48.000    19953713.361    83106829.446       -1163.711          49.000  
R01  20398688.537   109042713.669        1643.860          47.000    20398685.517    84811122.348        1278.705          41.000  
G07  20095179.412   105600847.996       -2757.040          46.000    20095175.440    82286299.663       -2148.040          43.000  
E13  25434765.313   133660496.257       -2134.681          43.000    25434770.193   102415201.736       -1635.611          46.000  
E15  26415222.647   138812825.849       -3548.338          41.000    26415234.786   106363038.458       -2718.736          47.000  
G13  23945844.464   125836242.768        1347.410          44.000                                                                  
G20  21067505.087   110710463.776        1155.515          48.000                                                                  
E07  26724205.503   140436652.339         913.828          42.000    26724211.341   107607307.207         700.126          46.000  
G11  22641175.501   118980111.426       -2367.343          44.000    22641177.200    92711821.493       -1844.520          45.000  
G14  21811514.318   114620395.180        2393.553          45.000    21811513.911    89314612.175        1865.133          44.000  
G05  23561430.556   123816152.893        2503.510          44.000    23561429.711    96480147.995        1950.787          41.000  
G22  24103057.150   126662473.547        2818.915          38.000                                                                  
E30  26388736.569   138673812.102        2211.805          40.000    26388745.424   106256640.590        1695.068          45.000  
> 2024 06 08 14 23 30.4990000  0 30                     
E08  23781067.914   124970367.509        -128.694          47.000    23781068.163    95756501.630         -98.566          50.000  
G09  21656239.101   113804327.622       -2170.581          45.000    21656238.249    88678689.308       -1691.412          42.000  
E03  24577386.128   129155031.813       -1684.963          46.000    24577388.700    98962978.287       -1290.996          49.000  
E26  27196178.454   142916849.698         129.680          41.000    27196182.937   109507752.893          99.526          44.000  
G30  19877695.658   104457990.443        -619.375          48.000    19877693.722    81395816.639        -482.725          45.000  
R24  23388814.607   125070301.500       -3322.626          46.000    23388817.212    97276880.713       -2584.192          42.000  
R12  21702656.984   115931729.383        3313.396          46.000    21702660.616    90169355.862        2577.300          43.000  
R17  23724759.990   126955970.231       -1129.722          44.000    23724758.897    98743540.174        -878.884          43.000  
R11  18793974.234   100429380.385        -290.301          49.000    18793968.961    78111762.379        -225.778          49.000  
R07  23084469.836   123572889.368       -3407.368          47.000    23084470.535    96112284.727       -2650.210          44.000  
E25  25455944.466   133771922.288       -1840.115          44.000    25455947.916   102500591.596       -1409.973          45.000  
G06  23235632.022   122103939.898       -3836.385          41.000    23235640.365    95145922.475       -2989.383          43.000  
S31  38289216.265   201211184.307        -771.889          46.000  
S33  39277177.565   206402934.384        -772.025          41.000  
E02  23981077.065   126021493.014         711.564          46.000    23981079.449    96561961.134         545.353          49.000  
R02  24040862.822   128286638.390        2352.917          42.000    24040865.297    99778501.535        1830.009          40.000  
R10  21178782.603   112894813.184       -4115.042          43.000                                                                  
R08  19962150.114   106896403.844       -1513.644          49.000    19962143.722    83141941.795       -1177.309          49.000  
R01  20389486.833   108993526.275        1634.998          48.000    20389484.576    84772865.512        1271.375          41.000  
G07  20110964.060   105683795.111       -2773.022          46.000    20110959.746    82350933.770       -2160.859          43.000  
E13  25446996.302   133724768.952       -2150.354          43.000    25447000.866   102464449.514       -1647.724          46.000  
E15  26435492.314   138919337.731       -3552.874          42.000    26435503.743   106444651.016       -2722.263          46.000  
G13  23938161.570   125795871.415        1343.585          44.000                                                                  
G20  21060963.832   110676092.008        1135.541          47.000                                                                  
E07  26718997.225   140409288.092         910.195          42.000    26719003.624   107586339.936         697.357          46.000  
G11  22654738.627   119051383.200       -2384.571          44.000    22654739.589    92767357.793       -1858.126          45.000  
G14  21797883.372   114548765.363        2381.329          45.000    21797883.684    89258796.898        1855.683          44.000  
G05  23547165.094   123741189.721        2493.628          43.000    23547164.221    96421735.166        1943.164          41.000  
G22  24086972.206   126577944.270        2815.908          38.000                                                                  
E30  26376121.631   138607526.303        2206.745          40.000    26376131.346   106205850.452        1690.805          45.000  
> 2024 06 08 14 24 00.4990000  0 30                     
E08  23781821.091   124974323.997        -135.314          48.000    23781820.651    95759533.204        -103.706          50.000  
G09  21668660.610   113869603.276       -2181.346          46.000    21668659.708    88729553.381       -1699.729          42.000  
E03  24587025.814   129205688.870       -1692.560          46.000    24587028.483    99001793.384       -1296.893          50.000  
E26  27195489.224   142913233.235         111.161          40.000    27195494.334   109504981.799          84.973          44.000  
G30  19881288.851   104476869.666        -639.463          49.000    19881286.512    81410527.742        -498.301          46.000  
R24  23407495.342   125170195.339       -3337.207          46.000    23407498.751    97354575.461       -2595.569          42.000  
R12  21684090.794   115832553.524        3297.981          46.000    21684093.321    90092219.330        2565.181          42.000  
R17  23731169.309   126990265.775       -1156.918          44.000    23731169.199    98770214.470        -899.774          44.000  
R11  18795694.663   100438573.534        -322.875          49.000    18795690.090    78118912.621        -251.225          49.000  
R07  23103605.239   123675320.604       -3421.683          46.000    23103605.163    96191953.241       -2661.213          43.000  
E25  25466501.902   133827403.511       -1858.947          44.000    25466505.625   102543103.125       -1424.182          45.000  
G06  23257553.080   122219132.864       -3843.495          42.000    23257561.744    95235682.750       -2994.738          43.000  
S31  38293638.447   201234421.698        -777.640          46.000  
S33  39281599.748   206426171.955        -777.294          41.000  
E02  23977064.091   126000401.885         694.202          47.000    23977066.249    96545800.384         531.979          50.000  
R02  24027633.979   128216044.881        2353.064          42.000    24027636.191    99723595.533        1829.820          39.000  
R10  21201996.516   113018559.156       -4135.118          43.000                                                                  
R08  19970680.831   106942086.761       -1532.164          50.000    19970674.747    83177472.896       -1191.591          48.000  
R01  20380339.176   108944626.159        1624.809          48.000    20380337.407    84734832.079        1263.868          42.000  
G07  20126843.206   105767242.071       -2790.334          46.000    20126839.479    82415957.363       -2174.251          44.000  
E13  25459319.158   133789528.584       -2167.001          43.000    25459324.293   102514070.401       -1660.571          46.000  
E15  26455790.676   139026003.831       -3558.381          42.000    26455802.559   106526381.735       -2726.564          47.000  
G13  23930503.522   125755634.581        1338.514          43.000                                                                  
G20  21054539.079   110642331.682        1114.711          46.000                                                                  
E07  26713812.029   140382041.542         905.925          41.000    26713818.520   107565462.846         694.124          46.000  
G11  22668404.762   119123194.788       -2403.132          45.000    22668404.855    92823314.705       -1872.551          44.000  
G14  21784325.601   114477524.066        2367.670          45.000    21784326.539    89203284.363        1845.072          44.000  
G05  23532958.118   123666535.826        2482.874          42.000    23532957.591    96363563.355        1934.753          41.000  
G22  24070906.890   126493512.986        2812.277          39.000                                                                  
E30  26363543.591   138541423.933        2200.175          41.000    26363552.032   106155200.836        1685.760          45.000  
> 2024 06 08 14 24 30.4990000  0 30                     
E08  23782610.990   124978474.530        -141.745          48.000    23782610.303    95762713.488        -108.582          49.000  
G09  21681141.748   113935192.306       -2191.648          46.000    21681141.180    88780661.650       -1707.708          42.000  
E03  24596707.974   129256571.972       -1700.023          45.000    24596711.380    99040781.697       -1302.699          50.000  
E26  27194906.528   142910171.700          92.551          39.000    27194911.772   109502635.882          71.126          44.000  
G30  19884994.211   104496341.610        -659.048          49.000    19884992.409    81425700.718        -513.466          46.000  
R24  23426257.360   125270525.395       -3351.624          44.000    23426261.480    97432609.480       -2606.848          42.000  
R12  21665610.538   115733836.670        3282.665          47.000    21665612.257    90015439.751        2553.278          41.000  
R17  23737727.231   127025362.525       -1183.302          44.000    23737728.493    98797511.932        -920.278          44.000  
R11  18797595.784   100448732.737        -354.929          49.000    18797591.101    78126814.253        -276.094          49.000  
R07  23122818.997   123778173.518       -3435.518          46.000    23122818.289    96271949.665       -2671.899          42.000  
E25  25477164.375   133883434.547       -1876.858          44.000    25477168.235   102586035.957       -1438.275          45.000  
G06  23279514.612   122334532.937       -3850.110          43.000    23279522.069    95325604.449       -3000.105          43.000  
S31  38298090.737   201257819.727        -782.540          46.000  
S33  39286052.421   206449571.631        -782.304          41.000  
E02  23973149.318   125979824.271         677.290          48.000    23973150.801    96530033.103         518.895          50.000  
R02  24014405.316   128145452.024        2353.000          44.000    24014407.059    99668689.983        1830.233          41.000  
R10  21225320.616   113142890.278       -4154.124          43.000                                                                  
R08  19979314.912   106988317.719       -1550.201          50.000    19979307.707    83213430.245       -1205.689          48.000  
R01  20371247.995   108896023.911        1614.903          49.000    20371245.842    84697030.323        1256.220          43.000  
G07  20142818.058   105851194.336       -2807.027          45.000    20142815.257    82481374.672       -2187.276          44.000  
E13  25471735.258   133854781.565       -2183.553          41.000    25471741.455   102564069.287       -1673.016          46.000  
E15  26476119.707   139132830.098       -3563.740          42.000    26476130.718   106608235.153       -2730.632          46.000  
G13  23922873.763   125715539.934        1333.615          41.000                                                                  
G20  21048232.812   110609193.324        1094.016          46.000                                                                  
E07  26708650.630   140354920.458         901.959          41.000    26708657.251   107544681.902         691.012          45.000  
G11  22682174.934   119195551.505       -2421.073          46.000    22682173.893    92879696.386       -1886.531          44.000  
G14  21770844.550   114406682.323        2354.652          45.000    21770845.814    89148083.137        1834.771          44.000  
G05  23518813.405   123592202.356        2472.186          44.000    23518812.647    96305641.223        1926.428          41.000  
G22  24054860.143   126409189.955        2808.808          39.000                                                                  
E30  26351001.534   138475514.798        2193.626          41.000    26351009.701   106104699.289        1680.797          45.000  
> 2024 06 08 14 25 00.4990000  0 30                     
E08  23783438.646   124982822.257        -148.381          48.000    23783437.836    95766044.876        -113.632          49.000  
G09  21693683.461   114001098.106       -2202.247          46.000    21693682.288    88832016.765       -1715.919          43.000  
E03  24606434.579   129307684.481       -1707.716          45.000    24606437.576    99079945.793       -1308.589          49.000  
E26  27194430.689   142907668.353          74.055          40.000    27194435.732   109500717.715          56.728          44.000  
G30  19888812.237   104516407.982        -678.979          49.000    19888811.279    81441336.878        -529.019          47.000  
R24  23445101.093   125371290.023       -3366.064          44.000    23445105.167    97510981.558       -2617.938          39.000  
R12  21647218.030   115635585.576        3267.126          47.000    21647220.471    89939022.474        2541.237          44.000  
R17  23744436.900   127061261.749       -1210.118          45.000    23744435.302    98825433.500        -941.159          42.000  
R11  18799678.545   100459861.021        -387.157          50.000    18799674.062    78135469.616        -300.969          49.000  
R07  23142111.910   123881450.558       -3449.671          46.000    23142110.928    96352276.026       -2683.261          42.000  
E25  25487931.918   133940017.402       -1895.405          44.000    25487935.885   102629391.599       -1452.402          46.000  
G06  23301515.107   122450139.789       -3857.125          45.000    23301522.043    95415687.285       -3005.390          43.000  
S31  38302574.787   201281382.812        -788.409          46.000  
S33  39290536.678   206473134.965        -787.977          41.000  
E02  23969332.422   125959764.393         659.872          48.000    23969333.504    96514662.518         505.757          50.000  
R02  24001176.350   128074863.314        2352.754          42.000    24001179.232    99613787.532        1829.758          42.000  
R10  21248754.455   113267804.760       -4173.519          43.000                                                                  
R08  19988051.207   107035101.120       -1568.772          49.000    19988044.028    83249817.278       -1220.137          47.000  
R01  20362212.271   108847724.804        1604.808          49.000    20362210.951    84659464.342        1248.100          42.000  
G07  20158890.022   105935652.050       -2823.719          45.000    20158887.214    82547185.821       -2200.263          43.000  
E13  25484246.607   133920529.053       -2199.960          41.000    25484252.768   102614447.088       -1685.491          46.000  
E15  26496478.940   139239817.195       -3568.928          43.000    26496490.332   106690211.841       -2734.683          46.000  
G13  23915271.149   125675589.708        1329.325          41.000                                                                  
G20  21042046.229   110576681.715        1073.075          46.000                                                                  
E07  26703515.263   140327927.495         897.468          42.000    26703520.961   107523999.125         687.682          45.000  
G11  22696047.257   119268453.610       -2439.177          45.000    22696046.846    92936503.060       -1900.612          44.000  
G14  21757440.966   114336246.107        2341.033          45.000    21757443.054    89093197.902        1824.288          45.000  
G05  23504730.681   123518194.472        2461.414          45.000    23504729.239    96247972.776        1917.737          41.000  
G22  24038835.139   126324980.687        2804.934          39.000                                                                  
E30  26338496.098   138409803.663        2187.212          40.000    26338504.931   106054349.454        1675.701          45.000  
> 2024 06 08 14 25 30.4990000  0 30                     
E08  23784302.775   124987362.403        -154.429          48.000    23784302.401    95769523.695        -118.425          50.000  
G09  21706284.646   114067316.069       -2212.452          47.000    21706282.896    88883615.127       -1723.884          43.000  
E03  24616203.516   129359021.886       -1714.943          45.000    24616206.602    99119282.216       -1314.083          49.000  
E26  27194061.925   142905718.662          55.925          42.000    27194064.885   109499223.776          42.687          44.000  
G30  19892742.671   104537062.618        -698.109          49.000    19892741.412    81457431.404        -544.121          46.000  
R24  23464024.750   125472480.092       -3379.907          44.000    23464029.080    97589684.475       -2629.089          39.000  
R12  21628911.623   115537798.341        3251.842          47.000    21628915.019    89862966.053        2529.165          45.000  
R17  23751294.395   127097956.658       -1236.365          45.000    23751290.982    98853973.994        -961.786          41.000  
R11  18801941.123   100471953.079        -419.021          49.000    18801936.372    78144874.588        -325.968          49.000  
R07  23161483.271   123985146.297       -3463.417          46.000    23161482.276    96432928.019       -2693.875          42.000  
E25  25498803.063   133997146.115       -1913.292          44.000    25498807.230   102673165.494       -1466.132          46.000  
G06  23323552.279   122565945.239       -3863.435          44.000    23323559.189    95505924.872       -3010.383          43.000  
S31  38307088.783   201305104.211        -793.188          46.000  
S33  39295051.032   206496857.595        -793.336          40.000  
E02  23965612.447   125940218.458         643.027          48.000    23965613.854    96499685.766         492.769          50.000  
R02  23987948.978   128004275.067        2352.867          43.000    23987952.441    99558885.443        1830.050          43.000  
R10  21272296.137   113393293.764       -4192.336          43.000                                                                  
R08  19996889.405   107082433.174       -1586.758          49.000    19996882.492    83286631.042       -1234.176          47.000  
R01  20353232.799   108799726.352        1595.006          48.000    20353231.143    84622132.211        1240.496          42.000  
G07  20175057.264   106020607.976       -2840.077          46.000    20175053.589    82613385.225       -2212.964          43.000  
E13  25496851.602   133986764.336       -2215.670          41.000    25496856.986   102665198.687       -1698.015          45.000  
E15  26516868.782   139346957.998       -3573.781          44.000    26516879.200   106772306.271       -2738.297          46.000  
G13  23907695.973   125635778.610        1324.885          42.000                                                                  
G20  21035977.393   110544794.066        1052.657          46.000                                                                  
E07  26698402.978   140301057.365         893.723          43.000    26698407.851   107503410.477         684.694          45.000  
G11  22710022.206   119341893.433       -2456.953          44.000    22710022.473    92993728.732       -1914.450          44.000  
G14  21744114.040   114266213.448        2327.614          46.000    21744115.978    89038627.130        1813.851          45.000  
G05  23490709.927   123444509.173        2450.806          45.000    23490707.300    96190555.670        1909.662          41.000  
G22  24022831.707   126240882.818        2801.616          39.000                                                                  
E30  26326029.006   138344287.290        2180.850          41.000    26326037.794   106004148.880        1670.857          45.000  
> 2024 06 08 14 26 00.4990000  0 30                     
E08  23785202.533   124992089.523        -161.031          49.000    23785202.369    95773145.749        -123.369          50.000  
G09  21718943.521   114133840.978       -2222.872          47.000    21718942.268    88935452.697       -1732.217          43.000  
E03  24626014.587   129410578.974       -1722.439          45.000    24626017.746    99158786.951       -1319.806          49.000  
E26  27193796.312   142904317.346          37.282          42.000    27193797.998   109498149.987          28.554          43.000  
G30  19896784.205   104558298.671        -717.811          49.000    19896782.163    81473978.982        -559.308          46.000  
R24  23483027.072   125574085.196       -3393.811          46.000    23483030.152    97668710.183       -2640.002          41.000  
R12  21610691.895   115440472.963        3236.284          46.000    21610695.074    89787268.868        2516.910          45.000  
R17  23758299.449   127135440.152       -1262.962          46.000    23758297.455    98883127.769        -982.275          43.000  
R11  18804382.931   100485002.675        -451.286          49.000    18804377.990    78155024.283        -350.958          49.000  
R07  23180931.599   124089254.862       -3477.430          45.000    23180931.984    96513901.108       -2704.775          44.000  
E25  25509777.291   134054814.127       -1931.587          44.000    25509781.312   102717352.607       -1480.076          46.000  
G06  23345625.293   122681940.354       -3869.831          43.000    23345633.442    95596310.209       -3015.380          44.000  
S31  38311631.947   201328979.114        -798.659          46.000  
S33  39299594.478   206520734.065        -798.694          41.000  
E02  23961989.306   125921182.043         625.705          47.000    23961991.081    96485099.445         479.471          50.000  
R02  23974719.625   127933681.755        2352.809          43.000    23974723.111    99503979.429        1829.781          42.000  
R10  21295944.071   113519347.172       -4211.395          44.000                                                                  
R08  20005829.265   107130309.396       -1605.145          47.000    20005822.976    83323868.064       -1248.587          47.000  
R01  20344308.795   108752024.762        1584.765          48.000    20344307.193    84585030.966        1232.449          41.000  
G07  20191317.970   106106053.648       -2856.703          47.000    20191312.834    82679966.252       -2225.917          43.000  
E13  25509547.282   134053479.970       -2232.012          41.000    25509552.870   102716318.336       -1710.241          45.000  
E15  26537284.009   139454244.633       -3578.950          43.000    26537295.531   106854512.471       -2742.251          46.000  
G13  23900145.709   125596100.564        1320.122          42.000                                                                  
G20  21030026.802   110513526.336        1031.583          45.000                                                                  
E07  26693310.801   140274304.099         889.802          43.000    26693316.829   107482911.375         681.557          45.000  
G11  22724097.663   119415862.494       -2474.758          43.000    22724098.439    93051366.803       -1928.258          44.000  
G14  21730864.374   114196581.558        2314.015          46.000    21730865.254    88984368.612        1803.179          44.000  
G05  23476748.601   123371143.911        2440.002          45.000    23476746.022    96133387.934        1901.080          41.000  
G22  24006849.545   126156893.111        2797.572          40.000                                                                  
E30  26313598.127   138278961.838        2174.093          42.000    26313606.790   105954094.585        1665.958          45.000  
> 2024 06 08 14 26 30.4990000  0 30                     
E08  23786137.077   124996999.938        -166.786          49.000    23786136.879    95776908.248        -127.826          51.000  
G09  21731660.872   114200669.248       -2232.760          47.000    21731659.361    88987526.601       -1739.929          43.000  
E03  24635866.944   129462352.239       -1729.413          45.000    24635869.930    99198457.326       -1325.081          49.000  
E26  27193632.556   142903460.818          19.474          41.000    27193635.015   109497493.627          14.857          43.000  
G30  19900935.140   104580110.953        -736.831          49.000    19900932.484    81490975.563        -574.052          45.000  
R24  23502104.843   125676097.363       -3407.196          47.000    23502107.778    97748052.497       -2649.866          42.000  
R12  21592556.878   115343574.9931       3220.975          46.000    21592561.816    89711930.539        2505.067          45.000  
R17  23765449.753   127173706.012       -1288.743          45.000    23765449.763    98912890.027       -1002.525          43.000  
R11  18807003.332   100499005.602        -482.728          49.000    18806998.650    78165915.484        -375.480          49.000  
R07  23200456.728   124193771.682       -3490.910          44.000    23200457.385    96595191.712       -2714.980          44.000  
E25  25520853.054   134113016.513       -1949.107          44.000    25520856.896   102761949.198       -1493.443          46.000  
G06  23367734.044   122798117.898       -3875.644          44.000    23367742.022    95686837.688       -3020.127          44.000  
S31  38316203.541   201353003.140        -803.299          45.000  
S33  39304166.679   206544759.668        -803.370          40.000  
E02  23958463.402   125902652.406         609.132          47.000    23958464.905    96470901.422         466.776          50.000  
R02  23961485.456   127863078.1423       2353.558          41.000    23961491.304    99449066.926        1830.548          41.000  
R10  21319695.916   113645956.700       -4229.740          44.000                                                                  
R08  20014871.195   107178727.122       -1623.011          48.000    20014865.380    83361526.264       -1262.297          47.000  
R01  20335440.579   108704618.754        1575.243          48.000    20335438.836    84548159.623        1225.175          41.000  
G07  20207669.911   106191982.559       -2872.391          47.000    20207664.932    82746923.853       -2238.266          43.000  
E13  25522333.368   134120670.262       -2247.794          42.000    25522339.089   102767801.685       -1722.317          46.000  
E15  26557727.373   139561671.013       -3583.478          43.000    26557738.988   106936825.701       -2745.660          47.000  
G13  23892619.296   125556551.225        1316.606          41.000                                                                  
G20  21024194.515   110482876.663        1011.055          46.000                                                                  
E07  26688241.257   140247663.477         886.196          43.000    26688247.096   107462498.572         678.962          45.000  
G11  22738271.902   119490354.113       -2491.949          43.000    22738273.886    93109412.082       -1941.683          43.000  
G14  21717690.493   114127349.497        2300.951          47.000    21717690.286    88930421.661        1793.008          44.000  
G05  23462847.518   123298097.113        2429.333          44.000    23462845.740    96076468.379        1892.969          41.000  
G22  23990885.746   126073009.933        2794.182          38.000                                                                  
E30  26301202.125   138213825.122        2168.053          41.000    26301211.061   105904184.904        1661.191          45.000  
> 2024 06 08 14 27 00.4990000  0 30                     
E08  23787102.751   125002077.119        -171.393          49.000    23787102.829    95780798.535        -131.267          50.000  
G09  21744432.529   114267784.542       -2241.190          46.000    21744431.253    89039824.143       -1746.585          43.000  
E03  24645756.453   129514325.346       -1735.037          44.000    24645759.916    99238280.808       -1329.520          48.000  
E26  27193568.734   142903132.592           3.023          41.000    27193572.469   109497242.074           2.105          43.000  
G30  19905191.951   104602481.425        -754.279          49.000    19905189.243    81508407.126        -587.627          45.000  
R24  23521254.982   125778494.690       -3418.988          48.000    23521258.153    97827694.343       -2659.210          44.000  
R12  21574509.444   115247158.662        3206.994          47.000    21574512.416    89636940.356        2494.388          46.000  
R17  23772742.843   127212735.848       -1313.026          45.000    23772741.989    98943246.427       -1021.468          42.000  
R11  18809799.456   100513944.815        -512.923          50.000    18809794.595    78177534.855        -398.896          49.000  
R07  23220054.569   124298679.003       -3502.593          44.000    23220055.353    96676786.036       -2724.132          44.000  
E25  25532027.204   134171735.491       -1965.226          43.000    25532030.727   102806941.623       -1505.729          46.000  
G06  23389873.306   122914457.803       -3879.852          44.000    23389881.363    95777491.677       -3023.322          45.000  
S31  38320800.364   201377159.276        -806.651          45.000  
S33  39308763.570   206568917.480        -806.897          40.000  
E02  23955031.176   125884613.935         593.699          47.000    23955032.103    96457079.758         454.909          49.000  
R02  23948253.053   127792451.783        2355.385          41.000    23948254.978    99394135.193        1831.806          41.000  
R10  21343547.850   113773100.887       -4246.366          43.000                                                                  
R08  20024011.995   107227670.361       -1639.645          49.000    20024005.929    83399593.210       -1275.296          48.000  
R01  20326624.923   108657493.577        1566.864          49.000    20326623.172    84511506.699        1218.521          41.000  
G07  20224109.750   106278375.537       -2886.773          47.000    20224105.195    82814243.026       -2249.655          43.000  
E13  25535206.961   134188316.595       -2261.649          43.000    25535211.980   102819634.476       -1733.127          46.000  
E15  26578192.584   139669218.112       -3586.376          42.000    26578204.412   107019231.412       -2747.784          46.000  
G13  23885113.570   125517113.373        1313.471          41.000                                                                  
G20  21018477.469   110452830.631         992.192          46.000                                                                  
E07  26683189.663   140221118.417         883.945          43.000    26683195.486   107442158.980         677.089          45.000  
G11  22752542.987   119565348.770       -2507.256          43.000    22752545.551    93167849.341       -1953.769          44.000  
G14  21704590.174   114058503.451        2289.211          47.000    21704588.864    88876775.501        1783.697          44.000  
G05  23449005.260   123225354.411        2420.221          45.000    23449003.614    96019785.778        1886.017          41.000  
G22  23974940.346   125989219.097        2792.500          37.000                                                                  
E30  26288839.587   138148862.080        2163.083          41.000    26288848.755   105854408.306        1657.500          45.000  
> 2024 06 08 14 27 30.4990000  0 30                     
E08  23788090.792   125007267.004        -174.100          49.000    23788090.016    95784775.183        -133.394          50.000  
G09  21757248.576   114335132.979       -2248.009          46.000    21757246.920    89092303.356       -1751.719          43.000  
E03  24655674.576   129566444.492       -1738.944          44.000    24655677.753    99278216.175       -1332.365          48.000  
E26  27193595.356   142903278.730         -12.006          40.000    27193600.780   109497353.980          -9.221          43.000  
G30  19909544.511   104625354.518        -769.947          49.000    19909541.352    81526230.349        -599.902          44.000  
R24  23540464.420   125881217.707       -3428.796          47.000    23540467.929    97907589.531       -2666.541          43.000  
R12  21556533.815   115151138.263        3194.849          47.000    21556537.608    89562258.128        2484.900          45.000  
R17  23780167.940   127252472.575       -1335.574          43.000    23780168.294    98974152.682       -1038.814          43.000  
R11  18812760.175   100529764.178        -541.195          50.000    18812755.037    78189838.811        -420.929          49.000  
R07  23239714.842   124403921.803       -3512.848          45.000    23239715.575    96758641.304       -2732.191          44.000  
E25  25543288.518   134230915.709       -1979.650          42.000    25543292.439   102852287.446       -1516.768          47.000  
G06  23412032.809   123030902.571       -3882.367          45.000    23412041.303    95868227.381       -3025.299          45.000  
S31  38325412.076   201401394.210        -808.281          46.000  
S33  39313375.168   206593153.417        -808.353          41.000  
E02  23951681.160   125867013.464         580.010          47.000    23951682.781    96443593.703         444.456          49.000  
R02  23935003.239   127721746.587        2358.895          42.000    23935005.329    99339142.205        1834.798          41.000  
R10  21367488.804   113900720.918       -4261.122          43.000                                                                  
R08  20033239.455   107277085.078       -1654.162          49.000    20033234.004    83438026.809       -1286.542          48.000  
R01  20317852.103   108610596.690        1560.180          49.000    20317849.754    84475031.339        1213.593          41.000  
G07  20240626.997   106365175.599       -2899.318          46.000    20240622.673    82881879.377       -2259.100          44.000  
E13  25548156.717   134256362.914       -2274.051          44.000    25548160.834   102871773.741       -1742.343          46.000  
E15  26598671.337   139776829.417       -3587.281          43.000    26598682.918   107101686.351       -2748.696          47.000  
G13  23877619.554   125477732.318        1312.619          41.000                                                                  
G20  21012865.154   110423335.723         974.835          46.000                                                                  
E07  26678145.741   140194614.262         883.511          43.000    26678151.678   107421850.709         677.032          45.000  
G11  22766899.372   119640789.329       -2521.216          43.000    22766902.027    93226634.014       -1964.417          45.000  
G14  21691552.829   113989992.090        2278.995          47.000    21691550.910    88823390.159        1775.631          43.000  
G05  23435210.668   123152863.282        2413.013          45.000    23435208.865    95963299.243        1880.316          41.000  
G22  23959002.707   125905468.669        2791.478          37.000                                                                  
E30  26276499.905   138084020.135        2160.122          41.000    26276509.488   105804724.513        1655.050          45.000  
> 2024 06 08 14 28 00.4990000  0 30                     
E08  23789087.266   125012502.817        -174.632          49.000    23789085.864    95788787.031        -133.816          49.000  
G09  21770096.225   114402647.956       -2252.544          46.000    21770094.578    89144912.346       -1755.029          42.000  
E03  24665608.910   129618643.093       -1740.635          45.000    24665610.983    99318212.449       -1333.755          48.000  
E26  27193700.492   142903832.548         -24.303          39.000    27193706.602   109497778.262         -18.594          44.000  
G30  19913979.666   104648661.971        -783.525          49.000    19913976.889    81544392.022        -610.590          45.000  
R24  23559721.968   125984194.113       -3435.980          46.000    23559724.780    97987681.786       -2672.748          40.000  
R12  21538619.037   115055449.138        3184.676          46.000    21538624.116    89487833.526        2476.944          46.000  
R17  23787714.239   127292846.150       -1355.714          45.000    23787712.902    99005554.297       -1054.585          42.000  
R11  18815871.929   100546395.527        -567.251          49.000    18815867.286    78202774.330        -441.199          49.000  
R07  23259425.358   124509430.958       -3520.692          46.000    23259425.481    96840703.739       -2738.394          43.000  
E25  25554624.242   134290489.115       -1991.483          42.000    25554629.103   102897934.559       -1525.994          47.000  
G06  23434198.374   123147381.927       -3882.605          44.000    23434206.766    95958990.021       -3025.293          45.000  
S31  38330025.973   201425639.711        -807.852          46.000  
S33  39317989.672   206617401.383        -807.651          41.000  
E02  23948402.455   125849785.117         568.730          47.000    23948404.385    96430392.795         435.860          50.000  
R02  23921725.171   127650894.953        2364.657          42.000    23921728.595    99284035.385        1839.408          42.000  
R10  21391505.755   114028744.842       -4273.429          43.000                                                                  
R08  20042543.545   107326904.139       -1666.722          50.000    20042537.416    83476774.916       -1296.372          48.000  
R01  20309110.537   108563861.938        1555.797          50.000    20309106.797    84438682.103        1210.020          40.000  
G07  20257208.661   106452313.070       -2909.572          46.000    20257204.435    82949778.668       -2267.128          44.000  
E13  25561168.607   134324740.343       -2284.158          44.000    25561172.695   102924166.713       -1750.106          46.000  
E15  26619147.775   139884435.734       -3586.089          42.000    26619159.727   107184137.445       -2747.817          46.000  
G13  23870123.909   125438340.776        1313.927          43.000                                                                  
G20  21007345.122   110394326.699         959.542          46.000                                                                  
E07  26673097.098   140168083.736         885.508          42.000    26673103.201   107401522.236         678.502          46.000  
G11  22781327.646   119716606.015       -2532.887          43.000    22781329.099    93285711.776       -1973.631          45.000  
G14  21678566.305   113921751.364        2270.728          47.000    21678563.943    88770215.667        1769.429          42.000  
G05  23421451.924   123080560.174        2407.727          46.000    23421450.390    95906959.245        1876.306          42.000  
G22  23943061.485   125821694.142        2793.237          38.000                                                                  
E30  26264171.501   138019234.148        2159.369          41.000    26264180.573   105755083.554        1654.498          45.000  
> 2024 06 08 14 28 30.4990000  0 30                     
E08  23790081.719   125017727.990        -173.811          49.000    23790079.813    95792790.733        -133.146          49.000  
G09  21782964.822   114470273.127       -2255.788          46.000    21782963.517    89197607.205       -1757.674          43.000  
E03  24675545.869   129670864.808       -1740.853          45.000    24675548.387    99358226.425       -1333.986          48.000  
E26  27193874.380   142904737.643         -35.802          41.000    27193878.824   109498471.699         -27.331          44.000  
G30  19918486.514   104672345.644        -795.421          49.000    19918484.343    81562846.845        -619.853          45.000  
R24  23579015.071   126087361.142       -3441.827          45.000    23579017.252    98067922.267       -2676.898          41.000  
R12  21520757.224   114960037.182        3175.929          46.000    21520762.315    89413624.492        2470.298          47.000  
R17  23795367.752   127333796.526       -1374.522          45.000    23795364.192    99037404.466       -1068.826          42.000  
R11  18819124.896   100563780.634        -591.729          49.000    18819120.425    78216296.078        -460.243          49.000  
R07  23279174.608   124615147.860       -3527.349          46.000    23279174.080    96922927.740       -2743.085          43.000  
E25  25566024.573   134350397.966       -2002.371          41.000    25566029.491   102943838.693       -1534.188          47.000  
G06  23456358.591   123263835.782       -3881.018          44.000    23456367.831    96049732.785       -3024.146          45.000  
S31  38334630.942   201449838.772        -805.421          46.000  
S33  39322595.074   206641601.974        -805.934          41.000  
E02  23945184.696   125832873.299         558.702          47.000    23945186.374    96417434.425         428.129          50.000  
R02  23908410.347   127579840.068        2372.119          44.000    23908412.884    99228770.474        1845.248          41.000  
R10  21415586.612   114157110.646       -4284.267          43.000                                                                  
R08  20051911.943   107377070.869       -1677.795          49.000    20051905.742    83515793.401       -1304.906          48.000  
R01  20300388.083   108517234.250        1552.689          50.000    20300383.610    84402416.110        1207.659          40.000  
G07  20273843.582   106539728.526       -2918.080          47.000    20273839.042    83017894.585       -2273.977          43.000  
E13  25574231.933   134393390.300       -2292.628          44.000    25574236.536   102976768.497       -1756.717          46.000  
E15  26639613.439   139991978.106       -3583.510          43.000    26639624.215   107266539.562       -2745.713          45.000  
G13  23862614.968   125398881.229        1316.485          42.000                                                                  
G20  21001906.485   110365748.356         945.652          46.000                                                                  
E07  26668032.279   140141469.766         888.803          42.000    26668038.929   107381129.800         681.004          46.000  
G11  22795815.837   119792739.171       -2542.779          43.000    22795817.441    93345036.129       -1981.290          45.000  
G14  21665621.234   113853727.420        2264.182          46.000    21665618.994    88717210.086        1764.153          42.000  
G05  23407718.764   123008389.363        2403.638          47.000    23407716.925    95850722.337        1872.821          42.000  
G22  23927105.216   125737841.469        2796.708          38.000                                                                  
E30  26251841.850   137954449.014        2159.672          40.000    26251852.294   105705443.256        1654.755          45.000  
> 2024 06 08 14 29 00.4990000  0 30                     
E08  23791065.090   125022894.677        -170.727          49.000    23791063.505    95796749.635        -130.836          49.000  
G09  21795845.411   114537960.736       -2256.547          46.000    21795844.133    89250350.735       -1758.623          42.000  
E03  24685478.926   129723062.002       -1738.952          45.000    24685481.021    99398221.606       -1332.413          48.000  
E26  27194104.916   142905946.158         -44.860          42.000    27194108.684   109499397.658         -34.293          44.000  
G30  19923055.282   104696356.131        -805.245          49.000    19923054.008    81581556.300        -627.412          46.000  
R24  23598333.646   126190665.919       -3445.233          44.000    23598335.836    98148269.936       -2679.688          40.000  
R12  21502938.753   114864856.778        3169.222          46.000    21502944.182    89339595.594        2465.032          47.000  
R17  23803116.866   127375273.247       -1390.743          44.000    23803114.797    99069664.071       -1081.520          43.000  
R11  18822510.155   100581869.758        -614.181          49.000    18822505.434    78230365.385        -477.739          49.000  
R07  23298953.544   124721023.549       -3531.379          45.000    23298952.168    97005275.237       -2746.619          43.000  
E25  25577478.787   134410593.022       -2010.649          41.000    25577484.207   102989962.144       -1540.779          47.000  
G06  23478505.222   123380212.796       -3877.179          45.000    23478513.886    96140415.686       -3021.332          44.000  
S31  38339218.145   201473944.038        -801.474          46.000  
S33  39327182.303   206665709.061        -801.389          41.000  
E02  23942017.729   125816230.989         550.745          47.000    23942019.694    96404682.593         421.990          50.000  
R02  23895048.772   127508533.456        2381.810          44.000    23895049.790    99173309.799        1852.231          40.000  
R10  21439721.854   114285765.457       -4292.738          44.000                                                                  
R08  20061336.219   107427537.574       -1686.752          49.000    20061329.735    83555045.245       -1311.992          48.000  
R01  20291676.275   108470667.183        1551.788          49.000    20291672.782    84366197.288        1206.674          41.000  
G07  20290521.370   106627371.341       -2924.844          47.000    20290517.259    83086187.674       -2278.918          43.000  
E13  25587338.205   134462262.816       -2298.878          44.000    25587342.510   103029540.819       -1761.571          46.000  
E15  26660055.770   140099406.176       -3578.488          42.000    26660068.259   107348854.096       -2741.923          46.000  
G13  23855083.639   125359305.568        1321.655          41.000                                                                  
G20  20996541.438   110337554.816         933.865          45.000                                                                  
E07  26662942.407   140114723.878         894.219          41.000    26662949.794   107360636.289         685.192          47.000  
G11  22810354.781   119869137.876       -2550.447          44.000    22810355.519    93404567.395       -1987.385          45.000  
G14  21652708.753   113785875.051        2259.346          46.000    21652707.937    88664338.217        1760.545          43.000  
G05  23394001.556   122936306.363        2401.807          46.000    23393999.865    95794553.870        1871.545          42.000  
G22  23911124.129   125653865.004        2801.801          39.000                                                                  
E30  26239504.439   137889618.299        2162.320          39.000    26239515.081   105655768.038        1656.841          45.000  
> 2024 06 08 14 29 30.4990000  0 30                     
E08  23792029.973   125027966.373        -167.547          49.000    23792029.449    95800635.740        -128.465          50.000  
G09  21808731.327   114605674.479       -2257.607          46.000    21808729.458    89303114.604       -1758.973          42.000  
E03  24695400.275   129775198.367       -1736.854          45.000    24695402.322    99438170.196       -1330.791          47.000  
E26  27194386.267   142907421.566         -53.758          42.000    27194389.324   109500528.135         -41.092          44.000  
G30  19927679.491   104720655.408        -814.784          49.000    19927677.769    81600490.775        -634.864          46.000  
R24  23617670.511   126294066.259       -3448.096          45.000    23617672.965    98228691.924       -2681.726          39.000  
R12  21485157.858   114769874.013        3162.801          46.000    21485162.586    89265720.405        2459.863          46.000  
R17  23810959.517   127417237.065       -1406.754          47.000    23810958.784    99102302.520       -1094.232          44.000  
R11  18826020.035   100600625.298        -636.310          50.000    18826015.298    78244953.004        -494.808          49.000  
R07  23318754.515   124827020.296       -3535.199          44.000    23318752.749    97087716.848       -2749.494          43.000  
E25  25588981.558   134471036.481       -2019.098          41.000    25588986.035   103036275.874       -1546.987          47.000  
G06  23500628.829   123496472.984       -3873.352          44.000    23500638.031    96231007.537       -3018.262          44.000  
S31  38343780.046   201497917.762        -796.962          46.000  
S33  39331745.001   206689685.777        -796.700          41.000  
E02  23938894.927   125799822.540         543.013          47.000    23938897.335    96392109.981         416.001          50.000  
R02  23881631.190   127436938.992        2391.139          43.000    23881633.334    99117625.329        1859.975          41.000  
R10  21463903.591   114414667.400       -4300.868          43.000                                                                  
R08  20070809.169   107478267.773       -1695.423          48.000    20070803.264    83594502.010       -1318.709          47.000  
R01  20282969.716   108424125.787        1550.909          49.000    20282966.804    84329998.402        1206.478          41.000  
G07  20307234.688   106715202.043       -2930.805          46.000    20307230.899    83154627.167       -2283.667          43.000  
E13  25600478.778   134531319.309       -2304.989          43.000    25600483.745   103082454.108       -1766.158          46.000  
E15  26680469.647   140206681.024       -3573.310          42.000    26680481.877   107431051.201       -2738.082          45.000  
G13  23847522.575   125319576.365        1326.936          40.000                                                                  
G20  20991242.679   110309711.163         922.289          45.000                                                                  
E07  26657821.677   140087809.068         899.903          42.000    26657828.253   107340013.329         689.574          46.000  
G11  22824935.754   119945762.438       -2557.876          44.000    22824936.638    93464274.668       -1993.116          45.000  
G14  21639823.043   113718160.473        2254.724          46.000    21639822.875    88611573.707        1757.044          43.000  
G05  23380295.045   122864277.056        2400.067          46.000    23380292.826    95738390.2741       1870.092          42.000  
G22  23895113.435   125569730.139        2807.042          37.000                                                                  
E30  26227152.272   137824707.082        2164.960          40.000    26227162.682   105606031.154        1658.911          45.000  
