     3.00           OBSERVATION DATA    M: Mixed            RINEX VERSION / TYPE
CONVBIN demo5 b34j                      20240609 013619 UTC PGM / RUN BY / DATE 
log: SAUC00CHL_R_20241600600_15M_30S_MO.ubx                 COMMENT             
format: u-blox UBX                                          COMMENT             
format: u-blox UBX                                          COMMENT             
log: SAUC00CHL_R_20241600600_15M_30S_MO.ubx                 COMMENT             
SAUC00CHL                                                   MARKER NAME         
                                                            MARKER NUMBER       
GEODETIC                                                    MARKER TYPE         
El Sauce            Obstech                                 OBSERVER / AGENCY   
UNKNOWN             UBLOX-ZED-F9P                           REC # / TYPE / VERS 
UNKNWOWN            TWIVSP6037L                             ANT # / TYPE        
  1813185.0000 -5195981.0000 -3216438.0000                  APPROX POSITION XYZ 
        0.0000        0.0000        0.0000                  ANTENNA: DELTA H/E/N
G    8 C1C L1C D1C S1C C2X L2X D2X S2X                      SYS / # / OBS TYPES 
R    8 C1C L1C D1C S1C C2C L2C D2C S2C                      SYS / # / OBS TYPES 
E    8 C1X L1X D1X S1X C7X L7X D7X S7X                      SYS / # / OBS TYPES 
S    4 C1C L1C D1C S1C                                      SYS / # / OBS TYPES 
  2024    06    08    06    00   00.0050000     GPS         TIME OF FIRST OBS   
  2024    06    08    06    14   30.0050000     GPS         TIME OF LAST OBS    
                                                            END OF HEADER       
> 2024 06 08 06 00 00.0050000  0 31                     
E04  27521227.707   144625137.6541      -1425.269          44.000    27521226.208   110816648.2781      -1092.212          48.000  
G16  24471735.230   128599841.6541      -3855.674          44.000                                                                  
G32  23117947.519   121485697.6821        106.614          48.000    23117943.864    94664264.1341         82.859          43.000  
E06  26147128.298   137404171.3921       1256.373          45.000                                                                  
R04  21673963.642   116063238.8601      -2801.447          51.000    21673955.033    90271411.1571      -2178.894          46.000  
R20  22683532.080   121299039.4691       1352.641          40.000    22683529.431    94343754.0671       1052.126          41.000  
R19  22390465.315   119773889.6701      -1518.396          41.000    22390457.885    93157726.4371      -1180.951          43.000  
R18  24815985.245   132469408.9861      -3068.077          45.000    24815982.056   103032001.7191      -2386.357          46.000  
R11  25531805.655   136434228.2921       -459.360          41.000                                                                  
E30  29282616.258   153881189.1181        476.165          42.000    29282617.680   117908959.6181        364.666          44.000  
E02  26871822.101   141212392.2171      -1795.890          44.000    26871820.810   108201697.1121      -1375.968          44.000  
S31  40163994.852   211063279.0481       -764.654          45.000  
S33  41156543.550   216279134.6811       -763.794          40.000  
E05  27101879.717   142421359.6821       2185.262          37.000    27101880.666   109128076.8611       1674.687          40.000  
E36  25773030.838   135438423.8141       -278.930          46.000    25773031.092   103777558.7151       -213.753          49.000  
R05  21078118.237   112674693.7521       1306.545          52.000    21078111.482    87635875.0351       1016.190          45.000  
R10  24761961.729   131995171.4761      -3000.955          42.000                                                                  
R09  25565755.625   136519690.8161      -3952.344          44.000    25565756.089   106181890.1751      -3074.021          42.000  
R06  25495805.999   136050495.3821       3681.885          27.000                                                                  
G27  21681050.952   113934798.5511      -1332.635          49.000    21681046.415    88780262.9961      -1038.476          46.000  
E34  28562681.944   150097939.1071        739.470          42.000    28562682.349   115010121.3071        566.695          46.000  
E25  27699919.658   145564100.6631      -3454.220          44.000    27699921.117   111536142.3451      -2646.824          45.000  
E09  26401942.499   138743244.6571        953.962          45.000    26401941.950   106309808.4201        730.874          46.000  
G21  23974414.564   125986528.5991       1725.734          43.000                                                                  
E10  28626089.216   150431413.1931      -2167.973          43.000    28626089.047   115265760.3881      -1661.234          47.000  
G10  23174331.579   121782080.8431      -3541.290          48.000    23174327.889    94895223.5391      -2759.587          45.000  
G02  25049954.723   131638441.8161       1817.855          45.000                                                                  
G08  21997311.564   115596692.6691        847.753          47.000    21997309.898    90075322.4041        660.515          47.000  
E11  25756474.079   135351384.2911      -1678.490          45.000    25756469.714   103710916.0031      -1286.243          44.000  
G03  26203003.439   137697710.7961       2263.252          43.000                                                                  
G23                                                                  26224647.778                       -3202.083          16.000  
> 2024 06 08 06 00 30.0050000  0 30                     
E04  27529391.072   144668038.251       -1434.895          43.000    27529389.769   110849520.162       -1099.394          48.000  
G16  24493748.701   128715519.060       -3856.502          44.000                                                                  
G32  23117383.455   121482731.218          91.016          48.000    23117380.146    94661952.599          71.027          44.000  
E06  26139969.742   137366556.728        1251.008          44.000                                                                  
R04  21689712.267   116147573.039       -2821.097          51.000    21689703.939    90337004.430       -2194.282          47.000  
R20  22675935.526   121258417.939        1355.083          40.000    22675932.833    94312159.580        1054.152          40.000  
R19  22398995.373   119819518.357       -1523.810          42.000    22398988.192    93193215.431       -1185.297          44.000  
R18  24833238.752   132561507.657       -3072.006          46.000    24833235.281   103103634.029       -2389.515          46.000  
R11  25534432.572   136448264.895        -477.132          41.000                                                                  
E30  29279921.744   153867026.779         467.799          42.000    29279922.494   117898107.956         358.419          44.000  
E02  26882096.609   141266388.885       -1804.115          44.000    26882096.232   108243071.172       -1382.179          44.000  
S31  40168348.771   211086159.581        -760.873          45.000  
S33  41160892.267   216301986.432        -759.994          40.000  
E05  27089389.260   142355723.382        2190.333          37.000    27089390.769   109077784.293        1678.036          41.000  
E36  25774612.825   135446737.472        -275.486          46.000    25774612.768   103783928.966        -211.154          48.000  
R05  21070841.611   112635798.570        1286.204          51.000    21070835.236    87605623.248        1000.346          45.000  
R10  24778877.354   132085337.733       -3010.247          42.000                                                                  
R09  25587941.018   136638160.955       -3945.860          42.000    25587942.540   106274033.461       -3069.095          44.000  
R06  25475104.370   135940028.1871       3684.924          26.000                                                                  
G27  21688697.868   113974986.007       -1346.812          49.000    21688693.261    88811577.889       -1049.461          46.000  
E34  28558444.259   150075680.059         744.013          41.000    28558447.030   114993065.763         570.033          46.000  
E25  27719633.271   145667697.182       -3452.284          43.000    27719634.934   111615521.471       -2645.415          45.000  
E09  26396513.605   138714720.361         947.333          44.000    26396513.644   106287952.142         725.854          47.000  
G21  23964553.062   125934707.586        1728.902          43.000                                                                  
E10  28638456.144   150496401.163       -2164.731          43.000    28638455.712   115315556.374       -1658.644          47.000  
G10  23194556.147   121888362.492       -3544.508          47.000    23194552.603    94978040.405       -2761.932          45.000  
G02  25039564.311   131583840.810        1821.708          46.000                                                                  
G08  21992504.543   115571431.734         836.063          47.000    21992503.004    90055638.581         651.642          47.000  
E11  25766046.272   135401685.079       -1675.381          45.000    25766041.661   103749458.169       -1283.743          44.000  
G03  26190085.967   137629830.845        2261.748          38.000                                                                  
> 2024 06 08 06 01 00.0050000  0 29                     
E04  27537609.353   144711226.641       -1444.542          44.000    27537608.194   110882612.580       -1106.933          48.000  
G16  24515767.041   128831221.091       -3857.247          45.000                                                                  
G32  23116906.940   121480227.735          75.536          47.000    23116904.456    94660001.843          59.072          45.000  
E06  26132842.143   137329103.842        1245.520          44.000                                                                  
R04  21705571.504   116232495.757       -2840.652          51.000    21705562.769    90403055.438       -2209.376          47.000  
R20  22668326.088   121217724.449        1357.416          40.000    22668322.171    94280509.137        1056.020          40.000  
R19  22407554.912   119865306.531       -1528.687          41.000    22407547.795    93228828.481       -1189.301          44.000  
R18  24850513.927   132653724.906       -3076.053          45.000    24850510.345   103175358.574       -2392.371          45.000  
R11  25537159.889   136462841.500        -494.806          42.000                                                                  
E30  29277273.446   153853110.735         459.674          42.000    29277274.090   117887444.996         352.286          44.000  
E02  26892418.535   141320628.499       -1812.170          43.000    26892418.202   108284631.376       -1388.603          45.000  
S31  40172680.855   211108923.794        -756.951          45.000  
S33  41165219.274   216324722.515        -755.972          40.000  
E05  27076871.966   142289951.210        2194.306          37.000    27076875.216   109027387.593        1681.426          42.000  
E36  25776175.538   135454951.328        -272.251          46.000    25776176.016   103790222.740        -208.585          48.000  
R05  21063679.725   112597515.824        1265.715          51.000    21063673.701    87575847.803         984.569          45.000  
R10  24795842.987   132175776.066       -3019.189          40.000                                                                  
R09  25610089.576   136756430.960       -3939.047          45.000    25610091.498   106366021.203       -3063.694          45.000  
G27  21696427.324   114015601.929       -1361.254          49.000    21696422.282    88843226.678       -1060.798          46.000  
E34  28554180.317   150053282.262         748.807          40.000    28554184.699   114975903.882         573.614          46.000  
E25  27739336.122   145771239.034       -3450.500          42.000    27739338.469   111694858.720       -2644.069          45.000  
E09  26391123.139   138686394.545         940.576          43.000    26391123.406   106266247.947         720.732          47.000  
G21  23954674.270   125882791.782        1732.065          44.000                                                                  
E10  28650804.074   150561292.606       -2161.734          43.000    28650804.068   115365278.421       -1656.290          46.000  
G10  23214799.201   121994744.245       -3548.043          46.000    23214795.988    95060935.286       -2764.734          43.000  
G02  25029152.149   131529128.175        1825.377          45.000                                                                  
G08  21987763.624   115546519.199         824.401          47.000    21987762.197    90036226.235         642.511          47.000  
E11  25775600.993   135451897.550       -1672.610          45.000    25775596.873   103787932.676       -1281.627          44.000  
G03  26177180.199   137562014.342        2259.322          36.000    26177183.674   107191222.6561       1760.426          35.000  
> 2024 06 08 06 01 30.0050000  0 30                     
E04  27545884.812   144754714.007       -1454.568          42.000    27545883.522   110915934.070       -1114.510          47.000  
G16  24537790.641   128946956.262       -3858.511          43.000                                                                  
G32  23116520.801   121478200.384          59.537          46.000    23116518.440    94658422.106          46.372          42.000  
E06  26125748.023   137291826.127        1239.472          42.000                                                                  
R04  21721541.369   116318015.727       -2860.650          45.000    21721533.081    90469570.984       -2224.949          47.000  
R20  22660704.531   121176971.1681       1359.503          35.000    22660700.674    94248812.218        1057.222          39.000  
R19  22416146.682   119911267.813       -1534.778          36.000    22416140.454    93264576.143       -1193.823          44.000  
R18  24867813.485   132746072.876       -3080.401          39.000    24867809.997   103247184.773       -2396.144          45.000  
R11  25539991.277   136477969.731        -513.706          38.000                                                                  
E30  29274674.456   153839453.437         450.811          40.000    29274674.924   117876980.299         345.586          44.000  
E02  26902788.519   141375121.398       -1820.653          43.000    26902788.169   108326385.651       -1394.902          45.000  
S31  40176992.810   211131584.513        -753.403          44.000  
S33  41169525.606   216347354.822        -752.803          39.000  
E05  27064332.880   142224056.644        2197.759          36.000    27064336.135   108976897.084        1684.557          42.000  
E36  25777722.381   135463077.031        -269.570          46.000    25777722.821   103796448.949        -206.402          49.000  
R05  21056636.065   112559859.854        1244.784          48.000    21056630.069    87546559.849         968.104          46.000  
R10  24812861.788   132266494.478       -3028.871          36.000                                                                  
R09  25632202.043   136874508.722       -3932.675          40.000    25632204.289   106457859.340       -3058.729          44.000  
R06  25433648.080                1       3684.075          20.000                                                                  
G27  21704240.179   114056658.276       -1375.813          48.000    21704235.370    88875218.643       -1072.284          45.000  
E34  28549894.563   150030756.928         753.021          37.000    28549897.850   114958644.251         576.958          46.000  
E25  27759030.896   145874735.764       -3449.133          40.000    27759033.266   111774161.375       -2642.927          45.000  
E09  26385773.735   138658280.356         933.802          42.000    26385773.244   106244705.924         715.379          47.000  
G21  23944780.582   125830794.208        1734.396          43.000                                                                  
E10  28663136.477   150626099.705       -2158.872          41.000    28663136.327   115414935.828       -1654.165          46.000  
G10  23235063.965   122101235.119       -3551.681          45.000    23235060.487    95143915.167       -2767.344          40.000  
G02  25018720.764   131474315.718        1828.506          43.000                                                                  
G08  21983092.045   115521968.903         812.187          46.000    21983090.529    90017096.163         632.804          45.000  
E11  25785142.049   135502033.766       -1669.782          44.000    25785137.490   103826348.745       -1279.648          44.000  
G03  26164288.412   137494274.016        2256.530          40.000    26164289.185   107138438.191        1758.265          34.000  
> 2024 06 08 06 02 00.0050000  0 30                     
E04  27554218.958   144798507.418       -1464.690          45.000    27554217.101   110949490.073       -1122.211          47.000  
G16  24559822.013   129062729.393       -3859.483          45.000                                                                  
G32  23116226.776   121476658.153          43.395          47.000    23116225.097    94657220.367          33.977          44.000  
E06  26118689.825   137254732.858        1233.489          44.000                                                                  
R04  21737623.472   116404137.467       -2880.655          51.000    21737616.036    90536554.550       -2240.494          47.000  
R20  22653074.038   121136168.420        1361.171          39.000    22653070.443    94217076.774        1058.482          39.000  
R19  22424773.265   119957411.711       -1541.150          40.000    22424766.118    93300465.854       -1198.627          44.000  
R18  24885139.312   132838559.580       -3085.003          46.000    24885135.729   103319118.877       -2399.519          44.000  
R11  25542925.912   136493656.566        -532.158          43.000                                                                  
E30  29272125.624   153826063.092         442.090          42.000    29272127.096   117866720.167         338.814          44.000  
E02  26913208.110   141429873.747       -1829.421          44.000    26913207.452   108368338.741       -1401.573          46.000  
S31  40181286.509   211154148.207        -750.273          45.000  
S33  41173813.922   216369889.591        -749.487          41.000  
E05  27051773.396   142158048.890        2202.465          38.000    27051775.242   108926319.894        1687.601          42.000  
E36  25779253.704   135471122.093        -266.683          47.000    25779254.067   103802613.390        -204.344          49.000  
R05  21049710.913   112522840.486        1223.539          52.000    21049705.560    87517767.040         951.390          46.000  
R10  24829933.400   132357496.680       -3037.997          42.000                                                                  
R09  25654278.353   136992398.311       -3926.416          44.000    25654281.610   106549551.192       -3053.719          44.000  
R06  25412918.067                        3688.290          26.000                                                                  
G27  21712138.497   114098162.910       -1390.771          50.000    21712133.773    88907559.927       -1083.753          47.000  
E34  28545586.534   150008111.123         757.139          40.000    28545588.271   114941292.311         580.013          46.000  
E25  27778718.371   145978192.815       -3447.677          42.000    27778720.781   111853433.619       -2641.811          45.000  
E09  26380466.486   138630386.936         926.267          45.000    26380465.475   106223333.042         709.827          47.000  
G21  23934871.211   125778722.675        1737.182          44.000                                                                  
E10  28675454.888   150690830.489       -2156.241          43.000    28675454.146   115464534.756       -1652.190          46.000  
G10  23255350.215   122207839.945       -3555.145          46.000    23255346.385    95226983.874       -2770.408          42.000  
G02  25008272.984   131419411.225        1831.904          45.000                                                                  
G08  21978491.232   115497790.625         799.798          48.000    21978489.351    89998255.958         623.242          47.000  
E11  25794669.670   135552101.729       -1667.696          45.000    25794664.899   103864712.509       -1277.876          44.000  
G03  26151413.814   137426618.635        2253.865          40.000    26151415.670   107085719.951        1755.793          39.000  
> 2024 06 08 06 02 30.0050000  0 29                     
E04  27562610.821   144842608.634       -1475.161          44.000    27562609.294   110983281.929       -1130.350          47.000  
G16  24581860.743   129178539.236       -3860.793          45.000                                                                  
G32  23116026.954   121475604.738          27.194          47.000    23116023.818    94656399.538          21.264          43.000  
E06  26111667.437   137217828.096        1227.081          44.000                                                                  
R04  21753818.586   116490859.639       -2900.501          51.000    21753810.248    90604005.127       -2255.896          48.000  
R20  22645435.269   121095319.643        1362.406          39.000    22645432.080    94185305.531        1059.587          40.000  
R19  22433433.470   120003741.180       -1547.077          40.000    22433427.399    93336499.886       -1203.180          44.000  
R18  24902491.754   132931187.517       -3089.887          45.000    24902488.639   103391162.836       -2403.125          46.000  
R11  25545968.201   136509903.627        -550.816          45.000                                                                  
E30  29269628.449   153812942.754         433.040          41.000    29269630.659   117856666.924         331.681          44.000  
E02  26923676.784   141484886.460       -1837.919          44.000    26923676.529   108410491.342       -1408.277          47.000  
S31  40185562.672   211176617.320        -747.286          45.000  
S33  41178084.017   216392330.296        -746.199          40.000  
E05  27039190.325   142091932.088        2206.060          37.000    27039193.432   108875659.113        1690.353          42.000  
E36  25780769.706   135479088.857        -264.152          47.000    25780769.855   103808717.822        -202.427          49.000  
R05  21042905.224   112486462.870        1202.020          51.000    21042900.259    87489473.333         934.782          47.000  
R10  24847058.576   132448780.239       -3047.309          41.000                                                                  
R09  25676319.943   137110098.200       -3920.081          43.000    25676323.220   106641095.418       -3048.768          44.000  
G27  21720122.439   114140118.351       -1405.878          50.000    21720117.834    88940252.470       -1095.534          47.000  
E34  28541256.277   149985346.572         760.881          41.000    28541256.327   114923849.405         583.193          45.000  
E25  27798399.225   146081610.328       -3446.510          43.000    27798400.819   111932675.559       -2640.798          45.000  
E09  26375201.370   138602718.047         918.612          45.000    26375200.409   106202132.231         703.983          47.000  
G21  23924947.717   125726580.172        1739.398          43.000                                                                  
E10  28687758.890   150755487.766       -2153.868          43.000    28687757.937   115514077.342       -1650.328          46.000  
G10  23275658.846   122314558.352       -3558.996          46.000    23275654.260    95310141.063       -2773.163          42.000  
G02  24997808.721   131364417.602        1834.785          45.000                                                                  
G08  21973962.161   115473988.819         787.207          47.000    21973959.514    89979709.111         613.416          46.000  
E11  25804184.638   135602104.083       -1665.493          45.000    25804180.159   103903025.995       -1276.003          44.000  
G03  26138555.503   137359051.363        2250.571          41.000    26138557.461   107033070.313        1753.937          37.000  
> 2024 06 08 06 03 00.0050000  0 30                     
E04  27571063.351   144887024.633       -1485.827          45.000    27571061.101   111017314.993       -1138.540          47.000  
G16  24603905.720   129294389.466       -3862.311          45.000                                                                  
G32  23115921.286   121475049.026          10.227          48.000    23115917.551    94655966.541           7.802          43.000  
E06  26104683.192   137181121.111        1220.281          45.000                                                                  
R04  21770126.633   116578186.814       -2920.918          51.000    21770118.080    90671926.265       -2271.841          48.000  
R20  22637789.577   121054434.908        1363.384          39.000    22637786.674    94153506.334        1060.389          40.000  
R19  22442131.882   120050265.702       -1554.016          40.000    22442124.138    93372685.665       -1208.893          43.000  
R18  24919872.285   133023964.449       -3095.290          45.000    24919869.039   103463322.693       -2407.338          47.000  
R11  25549114.927   136526718.247        -569.977          43.000                                                                  
E30  29267185.101   153800100.667         423.356          41.000    29267186.908   117846826.870         324.356          44.000  
E02  26934196.219   141540165.696       -1847.105          44.000    26934195.962   108452848.158       -1415.411          47.000  
S31  40189821.585   211198999.849        -744.829          45.000  
S33  41182337.976   216414684.154        -743.845          40.000  
E05  27026588.546   142025715.503        2208.984          35.000    27026592.831   108824921.892        1692.309          42.000  
E36  25782272.133   135486984.823        -262.044          47.000    25782272.113   103814768.006        -200.881          49.000  
R05  21036221.729   112450736.943        1180.016          51.000    21036217.262    87461686.511         917.675          47.000  
R10  24864236.416   132540348.579       -3057.029          41.000                                                                  
R09  25698327.272   137227612.069       -3914.007          40.000    25698329.073   106732495.063       -3044.360          43.000  
R06  25371441.618   135387081.6791       3690.527          30.000                                                                  
G27  21728193.216   114182532.379       -1421.567          49.000    21728188.402    88973302.367       -1107.781          47.000  
E34  28536903.179   149962470.390         764.336          41.000    28536902.872   114906320.997         585.728          46.000  
E25  27818072.161   146184993.658       -3445.582          43.000    27818073.863   112011891.325       -2640.081          45.000  
E09  26369980.882   138575282.699         910.592          45.000    26369979.556   106181110.392         697.630          47.000  
G21  23915012.885   125674375.029        1741.140          44.000                                                                  
E10  28700050.160   150820079.550       -2151.921          43.000    28700049.196   115563569.788       -1649.020          46.000  
G10  23295989.357   122421395.220       -3563.238          47.000    23295984.563    95393390.612       -2776.574          42.000  
G02  24987328.844   131309342.720        1837.084          46.000                                                                  
G08  21969506.184   115450573.194         773.992          47.000    21969503.612    89961463.183         603.198          46.000  
E11  25813688.964   135652048.874       -1663.755          45.000    25813684.380   103941295.395       -1274.854          44.000  
G03  26125716.250   137291580.937        2247.228          39.000    26125717.664   106980496.135        1751.102          40.000  
> 2024 06 08 06 03 30.0050000  0 31                     
E04  27579577.242   144931766.588       -1496.882          43.000    27579575.401   111051597.801       -1146.957          46.000  
G16  24625960.345   129410289.011       -3864.141          41.000                                                                  
G32  23115912.869   121475004.055          -6.981          46.000    23115908.759    94655931.539          -5.565          42.000  
E06  26097738.948   137144625.324        1212.897          44.000                                                                  
R04  21786548.309   116666127.482       -2941.558          48.000    21786540.391    90740324.575       -2287.940          46.000  
R20  22630140.183   121013526.847        1364.015          37.000    22630136.825    94121689.006        1060.750          38.000  
R19  22450867.896   120096998.941       -1561.151          38.000    22450860.019    93409033.719       -1214.246          41.000  
R18  24937282.788   133116902.667       -3100.670          42.000    24937280.045   103535607.945       -2411.621          45.000  
R11  25552367.763   136544111.436        -589.380          38.000                                                                  
E30  29264796.750   153787549.187         413.476          39.000    29264798.387   117837209.491         316.863          43.000  
E02  26944767.828   141595721.749       -1856.458          42.000    26944767.739   108495417.055       -1422.463          46.000  
S31  40194066.292   211221306.377        -742.442          42.000  
S33  41186577.350   216436962.546        -741.494          38.000  
E05  27013971.739   141959412.562        2211.399          34.000    27013975.418   108774118.501        1694.623          41.000  
E36  25783763.198   135494821.729        -260.243          46.000    25783763.126   103820772.944        -199.478          48.000  
R05  21029663.320   112415676.685        1157.470          48.000    21029657.804    87434417.425         900.359          45.000  
R10  24881469.551   132632209.595       -3066.691          38.000                                                                  
R09  25720300.708   137344947.756       -3908.217          40.000    25720302.699   106823756.125       -3039.559          43.000  
R06  25350692.756                        3694.365          26.000                                                                  
G27  21736353.630   114225416.896       -1437.470          47.000    21736349.061    89006718.874       -1120.157          45.000  
E34  28532529.146   149939493.725         767.412          39.000    28532530.669   114888715.593         588.065          45.000  
E18  28091488.931   147621768.1511       -917.064          37.000                                                                  
E25  27837740.972   146288352.429       -3444.919          42.000    27837742.415   112091088.286       -2639.744          44.000  
E09  26364806.991   138548094.115         901.942          44.000    26364805.378   106160277.596         691.223          46.000  
G21  23905070.005   125622119.648        1742.644          42.000                                                                  
E10  28712330.918   150884618.054       -2150.600          41.000    28712330.395   115613021.365       -1647.772          45.000  
G10  23316343.954   122528359.589       -3567.577          44.000    23316339.831    95476739.477       -2779.974          42.000  
G02  24976834.294   131254198.598        1839.098          42.000                                                                  
G08  21965126.166   115427557.609         760.449          45.000    21965123.649    89943528.989         592.547          45.000  
E11  25823184.381   135701948.110       -1662.430          43.000    25823179.809   103979529.898       -1273.878          43.000  
G03  26112898.208   137224220.009        2243.594          37.000    26112899.100   106928007.310        1747.670          38.000  
> 2024 06 08 06 04 00.0050000  0 31                     
E04  27588154.708   144976842.665       -1508.439          44.000    27588153.210   111086136.628       -1155.818          47.000  
G16  24648025.488   129526243.361       -3866.398          44.000                                                                  
G32  23116003.791   121475479.874         -24.880          48.000    23115998.983    94656302.314         -19.276          43.000  
E06  26090835.878   137108351.123        1205.022          46.000                                                                  
R04  21803086.293   116754687.139       -2962.612          51.000    21803078.094    90809204.318       -2304.189          47.000  
R20  22622487.745   120972605.994        1363.790          39.000    22622484.631    94089861.703        1060.896          40.000  
R19  22459644.642   120143950.566       -1569.165          40.000    22459636.920    93445551.646       -1220.435          43.000  
R18  24954724.913   133210011.0941      -3106.881          46.000    24954722.223   103608025.613       -2416.438          45.000  
R11  25555735.174   136562091.450        -609.607          45.000                                                                  
E30  29262466.284   153775297.657         403.168          42.000    29262466.450   117827821.947         309.028          44.000  
E02  26955393.245   141651561.897       -1866.306          43.000    26955393.683   108538203.673       -1430.126          47.000  
S31  40198298.613   211243546.510        -740.591          45.000  
S33  41190803.968   216459173.925        -739.460          40.000  
E05  27001340.246   141893033.837        2213.407          35.000    27001343.654   108723257.014        1696.075          42.000  
E36  25785245.320   135502608.295        -259.055          47.000    25785244.942   103826739.305        -198.507          49.000  
R05  21023231.432   112381293.060        1134.563          52.000    21023225.141    87407674.630         882.368          46.000  
R10  24898758.811   132724368.087       -3077.217          41.000                                                                  
R09  25742241.297   137462110.007       -3902.886          44.000    25742243.230   106914882.289       -3035.619          45.000  
R06  25329944.461   135165445.2911       3689.911          32.000                                                                  
G27  21744605.527   114268780.786       -1453.866          50.000    21744600.951    89040508.916       -1132.727          46.000  
E34  28528138.476   149916424.827         770.081          40.000    28528141.039   114871039.506         590.104          46.000  
E18  28096730.744   147649314.187        -919.782          38.000                                                                  
E25  27857406.069   146391693.173       -3444.572          43.000    27857407.516   112170271.416       -2639.553          45.000  
E09  26359681.554   138521162.426         893.181          44.000    26359680.512   106139641.668         684.427          47.000  
G21  23895118.593   125569823.524        1743.528          45.000                                                                  
E10  28724603.848   150949112.475       -2149.307          42.000    28724603.124   115662439.174       -1646.771          45.000  
G10  23336724.263   122635457.495       -3572.468          47.000    23336719.710    95560192.403       -2783.744          43.000  
G02  24966328.543   131198994.006        1840.708          43.000                                                                  
G08  21960825.007   115404952.925         746.400          48.000    21960822.277    89925914.959         581.580          46.000  
E11  25832672.679   135751810.965       -1661.548          43.000    25832668.418   104017736.513       -1273.231          44.000  
G03  26100103.269   137156978.461        2239.179          42.000    26100103.885   106875611.480        1744.472          40.000  
> 2024 06 08 06 04 30.0050000  0 31                     
E04  27596800.432   145022277.539       -1520.960          45.000    27596799.153   111120950.383       -1165.440          47.000  
G16  24670105.496   129642274.199       -3869.608          44.000                                                                  
G32  23116197.802   121476503.004         -43.767          47.000    23116194.179    94657099.592         -34.235          44.000  
E06  26083980.204   137072325.495        1196.120          46.000                                                                  
R04  21819744.281   116843888.124       -2984.600          51.000    21819736.221    90878582.884       -2321.374          47.000  
R20  22614837.597   120931700.160        1362.588          38.000    22614834.403    94058046.099        1059.610          39.000  
R19  22468467.367   120191148.209       -1577.869          40.000    22468460.560    93482260.899       -1227.100          44.000  
R18  24972203.870   133303315.310       -3113.996          46.000    24972201.394   103680595.574       -2422.116          45.000  
R11  25559213.931   136580683.060        -630.416          43.000                                                                  
E30  29260197.314   153763372.046         391.673          42.000    29260196.771   117818684.145         300.028          43.000  
E02  26966077.547   141707710.010       -1877.348          44.000    26966078.132   108581226.237       -1438.426          47.000  
S31  40202522.746   211265745.326        -740.004          45.000  
S33  41195022.754   216481343.411        -738.869          40.000  
E05  26988700.778   141826606.294        2214.178          37.000    26988703.025   108672358.123        1696.808          42.000  
E36  25786722.470   135510369.800        -258.936          48.000    25786722.264   103832686.465        -198.456          49.000  
R05  21016930.624   112347613.991        1110.227          51.000    21016924.298    87381479.821         863.625          46.000  
R10  24916106.293   132816845.024       -3088.330          41.000                                                                  
R09  25764153.208   137579121.526       -3898.690          43.000    25764155.154   107005891.232       -3031.951          42.000  
R06  25309206.334   135054778.729        3688.348          33.000                                                                  
G27  21752953.214   114312649.501       -1471.391          50.000    21752948.628    89074692.344       -1146.556          47.000  
E34  28523734.815   149893288.515         771.332          39.000    28523738.564   114853311.736         591.294          46.000  
E18  28101991.184   147676954.738        -923.513          39.000                                                                  
E25  27877071.380   146495039.048       -3445.578          42.000    27877073.434   112249458.477       -2640.189          45.000  
E09  26354610.809   138494514.411         882.979          45.000    26354609.438   106119223.101         676.468          47.000  
G21  23885163.735   125517512.389        1743.162          44.000                                                                  
E10  28736873.274   151013588.576       -2149.423          43.000    28736872.646   115711842.967       -1647.003          45.000  
G10  23357133.845   122742711.544       -3578.216          47.000    23357129.421    95643766.979       -2788.169          43.000  
G02  24955817.375   131143754.740        1841.332          44.000                                                                  
G08  21956606.977   115382786.526         730.907          48.000    21956603.786    89908642.441         569.547          46.000  
E11  25842159.041   135801663.110       -1661.954          43.000    25842155.027   104055934.930       -1273.390          44.000  
G03  26087335.272   137089882.510        2233.617          41.000    26087336.135   106823329.089        1740.405          42.000  
> 2024 06 08 06 05 00.0050000  0 31                     
E04  27605520.798   145068102.370       -1534.143          45.000    27605519.585   111156062.938       -1175.544          48.000  
G16  24692205.546   129758410.323       -3873.219          43.000                                                                  
G32  23116502.304   121478106.506         -63.245          46.000    23116500.004    94658349.061         -49.313          45.000  
E06  26077178.862   137036581.955        1186.659          46.000                                                                  
R04  21836527.074   116933759.333       -3006.763          51.000    21836518.884    90948482.729       -2338.631          47.000  
R20  22607196.202   120890846.9231       1360.783          39.000    22607193.969    94026268.284        1058.271          40.000  
R19  22477342.693   120238625.307       -1587.305          41.000    22477336.338    93519187.551       -1234.418          45.000  
R18  24989725.378   133396848.049       -3121.693          46.000    24989722.956   103753343.252       -2427.838          45.000  
R11  25562810.748   136599917.921        -651.900          42.000                                                                  
E30  29257995.785   153751804.753         379.458          42.000    29257995.295   117809820.891         290.935          43.000  
E02  26976826.449   141764196.393       -1888.424          43.000    26976827.125   108624508.020       -1447.101          47.000  
S31  40206744.895   211287933.369        -739.486          45.000  
S33  41199239.573   216503503.060        -738.476          40.000  
E05  26976056.136   141760163.526        2214.676          36.000    26976059.330   108621447.551        1697.218          43.000  
E36  25788200.279   135518138.010        -259.125          47.000    25788200.834   103838638.737        -198.385          50.000  
R05  21010769.341   112314674.508        1085.610          52.000    21010763.374    87355860.264         844.401          47.000  
R10  24933519.152   132909668.679       -3100.082          39.000                                                                  
R09  25786042.991   137696010.290       -3894.178          43.000    25786044.801   107096804.670       -3028.840          43.000  
R06  25288479.049   134944191.6111       3684.888          33.000                                                                  
G27  21761403.634   114357054.930       -1489.082          50.000    21761399.105    89109293.981       -1160.241          47.000  
E34  28519325.804   149870116.021         772.879          40.000    28519329.069   114835556.266         592.320          46.000  
E18  28107275.362   147704720.925        -927.610          39.000                                                                  
E25  27896744.303   146598419.673       -3446.357          42.000    27896746.099   112328672.185       -2641.018          44.000  
E09  26349599.698   138468183.282         872.345          44.000    26349599.013   106099047.323         668.396          47.000  
G21  23875212.519   125465218.669        1742.733          44.000                                                                  
E10  28749145.459   151078078.647       -2149.827          43.000    28749144.764   115761257.458       -1647.425          46.000  
G10  23377578.797   122850150.905       -3584.457          47.000    23377574.659    95727485.961       -2793.042          43.000  
G02  24945306.677   131088512.887        1841.393          45.000                                                                  
G08  21952478.799   115361092.296         715.154          48.000    21952475.482    89891737.862         557.330          46.000  
E11  25851649.542   135851536.733       -1662.700          42.000    25851645.577   104094149.785       -1273.880          44.000  
G03  26074600.479   137022964.884        2227.223          38.000    26074601.390   106771185.761        1735.609          41.000  
> 2024 06 08 06 05 30.0050000  0 31                     
E04  27614318.545   145114331.251       -1547.967          45.000    27614316.648   111191485.079       -1186.109          48.000  
G16  24714326.876   129874662.798       -3877.292          42.000                                                                  
G32  23116920.858   121480306.294         -83.513          46.000    23116918.780    94660063.168         -65.249          45.000  
E06  26070433.286   137001136.864        1176.219          46.000                                                                  
R04  21853437.218   117024312.279       -3030.022          51.000    21853428.707    91018912.800       -2356.631          46.000  
R20  22599568.374   120850055.201        1358.140          39.000    22599566.056    93994541.407        1056.330          40.000  
R19  22486272.955   120286398.354       -1597.660          40.000    22486267.323    93556344.369       -1242.754          46.000  
R18  25007293.046   133490624.253       -3130.053          45.000    25007290.385   103826280.335       -2434.738          44.000  
R11  25566535.567   136619810.252        -674.280          44.000                                                                  
E30  29255865.330   153740611.104         366.573          42.000    29255865.217   117801243.935         280.920          43.000  
E02  26987641.618   141821034.294       -1900.560          42.000    26987642.908   108668059.146       -1456.447          47.000  
S31  40210968.203   211310126.147        -740.177          45.000  
S33  41203457.020   216525667.707        -738.994          40.000  
E05  26963410.290   141693721.902        2214.030          35.000    26963415.955   108570537.893        1696.761          43.000  
E36  25789682.638   135525927.721        -260.367          47.000    25789683.367   103844607.508        -199.549          50.000  
R05  21004747.946   112282491.262        1059.778          51.000    21004743.222    87330828.861         824.406          48.000  
R10  24950999.301   133002849.992       -3112.226          39.000                                                                  
R09  25807911.309   137812787.702       -3890.785          41.000    25807912.825   107187631.488       -3026.372          41.000  
R06  25267770.474   134833682.279        3681.952          35.000                                                                  
G27  21769958.796   114402011.918       -1507.994          50.000    21769954.267    89144325.400       -1175.075          47.000  
E34  28514913.138   149846921.627         773.072          41.000    28514915.057   114817783.992         592.538          46.000  
E18  28112584.576   147732626.685        -932.521          38.000                                                                  
E25  27916424.891   146701847.652       -3448.642          42.000    27916428.012   112407922.156       -2642.596          44.000  
E09  26344651.978   138442185.178         860.789          44.000    26344652.036   106079126.713         659.493          47.000  
G21  23865268.347   125412958.096        1741.103          45.000                                                                  
E10  28761423.079   151142597.889       -2151.415          43.000    28761422.287   115810694.284       -1648.487          45.000  
G10  23398061.368   122957787.645       -3591.645          48.000    23398057.477    95811358.735       -2798.474          43.000  
G02  24934796.184   131033283.349        1840.483          45.000                                                                  
G08  21948443.850   115339887.057         698.369          48.000    21948440.119    89875214.321         544.207          46.000  
E11  25861147.128   135901446.946       -1664.427          42.000    25861143.123   104132392.686       -1275.355          44.000  
G03  26061903.879   136956241.423        2220.460          41.000    26061903.950   106719193.633        1730.377          40.000  
> 2024 06 08 06 06 00.0050000  0 30                     
E04  27623195.820   145160984.764       -1562.522          45.000    27623194.517   111227232.578       -1197.277          48.000  
G16  24736475.275   129991049.745       -3882.144          43.000                                                                  
G32  23117457.879   121483124.750        -104.478          47.000    23117455.372    94662259.347         -81.418          45.000  
E06  26063748.046   136966013.087        1165.194          44.000                                                                  
R04  21870477.518   117115564.979       -3053.626          51.000    21870468.980    91089887.132       -2374.956          46.000  
R20  22591957.670   120809352.803        1354.689          39.000    22591954.839    93962883.999        1053.958          40.000  
R19  22495261.693   120334489.0801      -1608.505          40.000    22495257.891    93593749.055       -1250.985          46.000  
R18  25024909.860   133584665.728       -3139.324          45.000    25024907.007   103899423.719       -2441.718          43.000  
R11  25570385.348   136640380.762        -697.283          43.000                                                                  
E30  29253810.874   153729812.919         353.020          42.000    29253810.748   117792969.992         270.628          43.000  
E02  26998527.255   141878243.488       -1913.302          41.000    26998528.973   108711894.739       -1466.048          46.000  
S31  40215196.402   211332345.376        -741.475          45.000  
S33  41207679.954   216547857.238        -740.313          41.000  
E05  26950772.238   141627304.460        2212.924          35.000    26950776.702   108519646.755        1695.843          42.000  
E36  25791172.912   135533760.120        -262.121          47.000    25791173.482   103850608.967        -200.718          50.000  
R05  20998873.132   112251088.242        1033.450          51.000    20998868.574    87306404.304         803.741          48.000  
R10  24968545.181   133096423.9433      -3125.198          36.000                                                                  
R09  25829762.727   137929491.2461      -3887.936          44.000    25829763.597   107278385.337       -3024.137          41.000  
G27  21778622.939   114447541.682       -1527.416          51.000    21778618.556    89179803.141       -1190.173          48.000  
E34  28510499.035   149823725.996         772.851          41.000    28510500.763   114800010.796         592.231          46.000  
E18  28117924.431   147760692.572        -938.327          37.000                                                                  
E25  27936119.223   146805342.035       -3450.910          42.000    27936121.445   112487223.027       -2644.453          43.000  
E09  26339772.515   138416542.733         848.438          44.000    26339772.535   106059478.599         650.142          48.000  
G21  23855334.104   125360752.654        1739.009          45.000                                                                  
E10  28773710.325   151207167.977       -2153.458          43.000    28773709.356   115860170.060       -1649.998          45.000  
G10  23418585.231   123065640.305       -3598.934          48.000    23418581.141    95895399.788       -2804.266          43.000  
G02  24924291.871   130978087.829        1839.019          44.000                                                                  
G08  21944506.168   115319194.079         681.000          49.000    21944502.726    89859089.941         530.559          47.000  
E11  25870656.202   135951415.356       -1666.786          42.000    25870651.824   104170680.169       -1277.039          43.000  
G03  26049248.057   136889734.145        2213.118          40.000    26049248.217   106667370.043        1724.469          42.000  
> 2024 06 08 06 06 30.0050000  0 31                     
E04  27632158.776   145208084.518       -1577.752          45.000    27632157.221   111263321.992       -1208.759          48.000  
G16  24758651.393   130107589.746       -3887.210          42.000                                                                  
G32  23118117.072   121486585.343        -126.128          48.000    23118113.670    94664955.928         -98.294          44.000  
E06  26057130.159   136931234.579        1153.376          45.000                                                                  
R04  21887652.658   117207536.855       -3077.772          50.000    21887644.090    91161420.814       -2393.799          47.000  
R20  22584366.499   120768763.304        1350.505          38.000    22584364.539    93931314.406        1051.088          40.000  
R19  22504316.992   120382922.735       -1620.654          39.000    22504312.028    93631419.658       -1260.198          46.000  
R18  25042581.474   133678994.999       -3149.298          46.000    25042578.185   103972790.928       -2449.476          43.000  
R11  25574364.261   136661651.258        -720.792          42.000                                                                  
E30  29251835.251   153719433.069         338.869          42.000    29251836.176   117785016.614         259.591          44.000  
E02  27009488.944   141935844.730       -1926.799          41.000    27009489.825   108756030.736       -1476.283          46.000  
S31  40219433.612   211354612.261        -743.108          45.000  
S33  41211911.613   216570095.448        -742.536          40.000  
E05  26938143.379   141560935.166        2211.443          35.000    26938146.886   108468792.504        1694.466          42.000  
E36  25792676.370   135541657.524        -264.456          47.000    25792675.934   103856660.254        -202.681          50.000  
R05  20993149.399   112220489.919        1006.497          52.000    20993144.188    87282605.637         782.814          48.000  
R10  24986171.269   133190372.0611      -3138.262          38.000                                                                  
R09  25851600.795   138046100.008       -3886.006          42.000    25851600.999   107369081.026       -3022.114          40.000  
R06  25226403.244   134612352.4371       3672.485          34.000                                                                  
G27  21787399.456   114493666.556       -1547.441          49.000    21787395.632    89215744.611       -1205.930          47.000  
E34  28506088.775   149800550.947         771.782          41.000    28506090.449   114782253.362         591.486          45.000  
E18  28123299.520   147788940.104        -944.646          38.000                                                                  
E25  27955829.779   146908922.916       -3454.213          42.000    27955832.669   112566590.188       -2646.909          44.000  
E09  26334965.428   138391279.606         835.598          45.000    26334965.401   106040121.145         640.293          48.000  
G21  23845414.595   125308625.258        1736.237          45.000                                                                  
E10  28786012.107   151271811.637       -2156.207          44.000    28786010.688   115909702.221       -1652.156          45.000  
G10  23439153.537   123173728.550       -3606.807          48.000    23439149.656    95979624.402       -2810.344          43.000  
G02  24913799.329   130922949.023        1836.977          44.000                                                                  
G08  21940670.274   115299037.676         663.002          48.000    21940667.049    89843383.666         516.498          46.000  
E11  25880179.632   136001464.638       -1669.798          42.000    25880175.738   104209029.631       -1279.280          43.000  
G03  26036637.319   136823466.448        2204.803          38.000    26036637.803   106615733.144        1718.304          40.000  
> 2024 06 08 06 07 00.0050000  0 31                     
E04  27641211.856   145255659.859       -1593.958          45.000    27641210.400   111299775.835       -1221.266          48.000  
G16  24780862.247   130224310.198       -3893.735          42.000                                                                  
G32  23118903.641   121490719.192        -149.311          48.000    23118900.073    94668177.139        -116.356          44.000  
E06  26050584.606   136896832.957        1140.192          45.000                                                                  
R04  21904967.107   117300254.681       -3103.150          50.000    21904958.841    91233534.690       -2413.508          47.000  
R20  22576802.774   120728318.979        1345.512          37.000    22576800.152    93899857.764        1046.453          39.000  
R19  22513442.486   120431731.509       -1633.590          40.000    22513435.846    93669382.026       -1270.309          46.000  
R18  25060311.636   133773642.822       -3160.461          46.000    25060309.543   104046405.887       -2458.130          44.000  
R11  25578481.187   136683650.820        -745.656          42.000                                                                  
E30  29249945.035   153709502.155         323.414          42.000    29249946.630   117777407.212         247.756          45.000  
E02  27020530.944   141993866.494       -1941.222          42.000    27020531.048   108800488.963       -1487.361          46.000  
S31  40223685.618   211376956.978        -746.444          45.000  
S33  41216158.089   216592411.213        -745.639          40.000  
E05  26925529.157   141494645.843        2207.939          36.000    26925531.913   108417999.511        1691.958          42.000  
E36  25794197.107   135549649.945        -268.215          47.000    25794196.840   103862784.352        -205.524          49.000  
R05  20987582.199   112190728.674         977.903          52.000    20987576.715    87259458.006         760.555          48.000  
R10  25003877.100   133284739.844       -3152.717          40.000                                                                  
R09  25873428.723   138162660.368       -3884.784          43.000    25873429.539   107459739.106       -3021.423          42.000  
R06  25205781.676   134502266.911        3666.583          32.000                                                                  
G27  21796295.513   114540416.597       -1568.940          49.000    21796291.652    89252173.220       -1222.615          47.000  
E34  28501687.626   149777425.948         769.767          41.000    28501690.028   114764534.290         589.755          46.000  
E18  28128715.869   147817398.632        -952.392          38.000                                                                  
E25  27975561.220   147012618.209       -3458.647          41.000    27975565.278   112646044.963       -2650.025          43.000  
E09  26330236.368   138366427.209         821.227          45.000    26330236.220   106021078.402         629.308          48.000  
G21  23835515.071   125256606.817        1732.036          45.000                                                                  
E10  28798332.934   151336559.391       -2160.253          43.000    28798331.593   115959314.138       -1655.256          45.000  
G10  23459772.044   123282079.724       -3616.248          47.000    23459768.371    96064053.890       -2817.703          43.000  
G02  24903323.327   130867897.217        1833.294          44.000                                                                  
G08  21936943.067   115279449.922         643.236          48.000    21936939.616    89828120.484         501.350          46.000  
E11  25889724.844   136051625.261       -1673.944          42.000    25889720.852   104247464.415       -1282.786          42.000  
G03  26024078.577   136757469.235        2195.189          42.000    26024078.231   106564307.006        1710.272          39.000  
> 2024 06 08 06 07 30.0050000  0 31                     
E04  27650359.723   145303732.176       -1610.778          45.000    27650358.263   111336610.471       -1234.209          48.000  
G16  24803111.549   130341229.525       -3900.810          43.000                                                                  
G32  23119822.064   121495549.441        -172.687          48.000    23119819.379    94671941.011        -134.698          44.000  
E06  26044113.850   136862831.901        1126.533          45.000                                                                  
R04  21922424.982   117393737.443       -3128.896          49.000    21922416.151    91306243.520       -2433.639          47.000  
R20  22569270.748   120688044.059        1339.010          35.000    22569267.893    93868532.880        1041.449          38.000  
R19  22522641.578   120480939.056       -1646.879          40.000    22522634.730    93707654.582       -1281.178          45.000  
R18  25078106.866   133868631.432       -3171.923          46.000    25078104.242   104120285.907       -2467.059          43.000  
R11  25582739.674   136706398.5561       -770.837          42.000                                                                  
E30  29248145.417   153700042.727         307.440          43.000    29248146.741   117770159.082         235.468          45.000  
E02  27031657.109   142052329.333       -1956.038          44.000    27031656.363   108845285.153       -1498.928          46.000  
S31  40227956.579   211399401.524        -749.748          45.000  
S33  41220423.660   216614826.500        -749.039          41.000  
E05  26912935.541   141428460.247        2204.572          39.000    26912937.258   108367286.015        1688.824          43.000  
E36  25795739.818   135557759.467        -272.372          48.000    25795740.108   103868998.167        -208.689          49.000  
R05  20982176.115   112161829.196         948.811          51.000    20982169.790    87236980.658         738.013          47.000  
R10  25021664.083   133379512.8011      -3167.499          39.000                                                                  
R09  25895251.074   138279193.0151      -3883.878          43.000    25895251.801   107550374.049       -3020.877          43.000  
R06  25185197.502   134393005.8451       3659.027          32.000                                                                  
G27  21805315.197   114587813.825       -1590.755          50.000    21805311.134    89289106.132       -1239.646          46.000  
E34  28497301.415   149754372.606         767.021          43.000    28497302.939   114746870.112         587.764          46.000  
E18  28134176.081   147846089.426        -960.437          39.000                                                                  
E25  27995320.647   147116447.761       -3463.351          43.000    27995323.047   112725602.637       -2653.698          43.000  
E09  26325590.410   138342008.923         806.558          46.000    26325589.456   106002368.297         618.004          48.000  
G21  23825641.773   125204719.893        1727.207          47.000                                                                  
E10  28810677.399   151401433.730       -2164.558          44.000    28810676.669   116009023.069       -1658.725          45.000  
G10  23480444.087   123390713.257       -3625.923          48.000    23480440.442    96148703.397       -2825.426          43.000  
G02  24892867.825   130812954.713        1829.343          45.000                                                                  
G08  21933328.122   115260454.860         623.136          49.000    21933325.466    89813319.159         485.594          46.000  
E11  25899295.918   136101919.645       -1678.847          43.000    25899291.153   104286001.667       -1286.253          42.000  
G03  26011575.787   136691765.502        2185.144          41.000    26011574.059   106513109.471        1702.869          37.000  
> 2024 06 08 06 08 00.0050000  0 31                     
E04  27659602.344   145352305.556       -1627.467          44.000    27659601.279   111373829.059       -1247.077          47.000  
G16  24825398.221   130458348.881       -3907.356          41.000                                                                  
G32  23120874.347   121501081.933        -195.974          46.000    23120871.796    94676252.069        -152.724          44.000  
E06  26037721.257   136829237.835        1112.958          45.000                                                                  
R04  21940024.527   117487986.118       -3154.371          49.000    21940016.578    91379548.022       -2453.450          47.000  
R20  22561771.275   120647944.995        1333.552          36.000    22561768.402    93837344.772        1037.403          38.000  
R19  22531916.219   120530551.393       -1660.589          41.000    22531908.975    93746241.930       -1291.456          45.000  
R18  25095966.157   133963965.903       -3183.656          47.000    25095963.787   104194434.963       -2476.277          43.000  
R11  25587137.678   136729903.743        -796.139          42.000                                                                  
E30  29246435.671   153691060.170         291.574          41.000    29246437.150   117763276.342         223.199          45.000  
E02  27042867.344   142111236.466       -1970.882          44.000    27042866.049   108890421.782       -1510.208          46.000  
S31  40232247.116   211421950.145        -753.270          45.000  
S33  41224709.002   216637346.238        -752.636          40.000  
E05  26900362.098   141362384.975        2200.543          38.000    26900363.257   108316657.025        1685.933          43.000  
E36  25797306.105   135565990.935        -276.559          47.000    25797306.728   103875305.415        -211.888          50.000  
R05  20976931.372   112133798.229         919.853          51.000    20976925.832    87215178.813         715.372          47.000  
R10  25039531.590   133474755.410       -3181.844          39.000                                                                  
R09  25917067.352   138395695.066       -3882.703          43.000    25917069.322   107640986.718       -3019.905          45.000  
R06  25164642.897   134283325.360        3652.707          34.000                                                                  
G27  21814458.772   114635862.988       -1612.418          50.000    21814454.793    89326547.038       -1256.380          47.000  
E34  28492927.809   149731395.196         764.700          41.000    28492930.687   114729264.127         585.837          46.000  
E18  28139680.049   147875016.563        -968.059          39.000                                                                  
E25  28015103.900   147220414.194       -3467.923          41.000    28015107.219   112805265.230       -2657.197          43.000  
E09  26321026.774   138318030.927         791.885          45.000    26321026.445   105983995.563         606.718          48.000  
G21  23815794.246   125152970.239        1722.626          46.000                                                                  
E10  28823047.366   151466439.980       -2169.057          42.000    28823047.252   116058833.051       -1662.032          45.000  
G10  23501170.200   123499631.305       -3635.364          47.000    23501166.868    96233574.595       -2832.730          44.000  
G02  24882435.164   130758126.990        1825.592          46.000                                                                  
G08  21929827.621   115242059.290         603.137          48.000    21929824.909    89798984.974         470.020          46.000  
E11  25908893.573   136152352.920       -1683.504          43.000    25908888.130   104324645.354       -1289.934          41.000  
G03  25999128.554   136626360.868        2175.139          37.000    25999127.811   106462145.092        1694.963          40.000  
> 2024 06 08 06 08 30.0050000  0 31                     
E04  27668943.120   145401392.809       -1645.033          43.000    27668942.355   111411441.378       -1260.497          47.000  
G16  24847725.249   130575679.081       -3914.666          41.000                                                                  
G32  23122063.580   121507331.289        -220.546          46.000    23122060.875    94681121.682        -171.988          45.000  
E06  26031409.115   136796065.901        1098.363          46.000                                                                  
R04  21957768.940   117583011.090       -3180.734          49.000    21957761.928    91453456.315       -2473.983          47.000  
R20  22554307.997   120608037.585        1326.517          36.000    22554305.968    93806305.707        1031.718          39.000  
R19  22541269.603   120580583.015       -1675.237          41.000    22541262.036    93785155.406       -1302.704          45.000  
R18  25113892.626   134059663.9591      -3196.095          46.000    25113890.666   104268863.657       -2485.835          43.000  
R11  25591681.121   136754176.495        -822.271          44.000                                                                  
E30  29244818.982   153682568.523         274.593          41.000    29244821.228   117756769.749         210.198          44.000  
E02  27054164.458   142170599.938       -1986.659          45.000    27054162.646   108935908.079       -1522.281          46.000  
S31  40236560.777   211444616.804        -757.959          45.000  
S33  41229016.530   216659984.160        -756.802          40.000  
E05  26887812.623   141296435.272        2195.750          38.000    26887813.534   108266124.223        1682.595          43.000  
E36  25798897.851   135574357.912        -281.582          45.000    25798898.964   103881716.481        -215.670          50.000  
R05  20971853.316   112106651.688         889.740          51.000    20971848.208    87194064.867         692.063          48.000  
R10  25057483.107   133570454.1161      -3197.395          40.000                                                                  
R09  25938881.275   138512178.8811      -3882.868          42.000    25938883.069   107731585.183       -3019.885          46.000  
R06  25144133.520   134173902.5431       3645.548          34.000                                                                  
G27  21823729.007   114684577.620       -1635.295          50.000    21823724.861    89364506.478       -1274.214          47.000  
E34  28488572.084   149708506.803         761.318          41.000    28488575.592   114711726.337         583.151          46.000  
E18  28145231.186   147904192.901        -977.284          38.000                                                                  
E25  28034917.280   147324528.953       -3473.103          42.000    28034919.522   112885041.440       -2661.589          43.000  
E09  26316550.446   138294508.135         776.176          45.000    26316550.041   105965971.626         594.719          48.000  
G21  23805975.385   125101372.119        1716.901          46.000                                                                  
E10  28835445.428   151531592.125       -2174.286          41.000    28835445.454   116108754.821       -1666.149          45.000  
G10  23521952.792   123608844.735       -3645.615          47.000    23521949.463    96318675.953       -2840.904          44.000  
G02  24872026.480   130703427.657        1820.728          46.000                                                                  
G08  21926443.978   115224278.756         581.998          48.000    21926441.496    89785130.023         453.594          47.000  
E11  25918519.658   136202939.182       -1688.972          43.000    25918514.269   104363406.241       -1294.179          41.000  
G03  25986742.197   136561269.937        2163.916          41.000    25986741.779   106411425.132        1686.151          41.000  
> 2024 06 08 06 09 00.0050000  0 31                     
E04  27678387.184   145451018.851       -1663.291          44.000    27678385.874   111449466.513       -1274.389          47.000  
G16  24870096.894   130693242.420       -3922.702          41.000                                                                  
G32  23123394.867   121514324.111        -245.828          46.000    23123391.987    94686570.604        -191.480          45.000  
E06  26025183.233   136763343.386        1083.077          46.000                                                                  
R04  21975663.455   117678834.719       -3207.495          50.000    21975656.481    91527985.802       -2494.869          47.000  
R20  22546885.918   120568349.591        1319.327          35.000    22546884.464    93775437.324        1025.884          39.000  
R19  22550705.672   120631061.986       -1690.312          41.000    22550698.456    93824416.831       -1314.619          45.000  
R18  25131891.654   134155743.803       -3209.228          47.000    25131890.002   104343592.409       -2495.964          43.000  
R11  25596370.834   136779241.361        -848.791          41.000                                                                  
E30  29243301.541   153674593.928         257.154          42.000    29243303.528   117750659.335         196.964          45.000  
E02  27065551.640   142230443.765       -2002.778          45.000    27065550.499   108981762.447       -1534.732          46.000  
S31  40240901.473   211467426.816        -762.952          45.000  
S33  41233351.837   216682765.121        -761.802          40.000  
E05  26875290.931   141230638.528        2190.644          38.000    26875292.644   108215708.665        1678.479          43.000  
E36  25800520.682   135582886.093        -287.182          45.000    25800521.583   103888251.063        -220.039          50.000  
R05  20966945.675   112080416.616         859.225          52.000    20966940.557    87173659.815         668.337          49.000  
R10  25075521.539   133666612.636       -3213.374          40.000                                                                  
R09  25960695.411   138628666.511       -3883.045          43.000    25960697.753   107822186.609       -3020.143          47.000  
R06  25123664.837   134064707.970        3635.430          34.000                                                                  
G27  21833130.902   114733983.225       -1658.396          50.000    21833126.013    89403004.348       -1292.266          46.000  
E34  28484238.204   149685732.523         757.167          41.000    28484241.689   114694275.981         580.165          46.000  
E18  28150835.233   147933643.273        -986.564          39.000                                                                  
E25  28054762.200   147428815.495       -3479.356          41.000    28054764.722   112964949.260       -2665.896          43.000  
E09  26312166.103   138271467.503         759.787          45.000    26312165.019   105948317.124         582.203          47.000  
G21  23796189.667   125049951.737        1710.991          45.000                                                                  
E10  28847876.556   151596916.248       -2180.448          42.000    28847876.186   116158808.384       -1670.643          45.000  
G10  23542796.416   123718376.618       -3656.301          48.000    23542792.926    96404025.449       -2849.087          44.000  
G02  24861645.944   130648882.688        1815.507          46.000                                                                  
G08  21923183.331   115207140.854         560.369          48.000    21923180.106    89771775.828         436.651          46.000  
E11  25928180.030   136253704.397       -1695.408          43.000    25928174.586   104402304.252       -1298.975          41.000  
G03  25974421.223   136496519.121        2152.565          41.000    25974420.601   106360970.186        1677.461          40.000  
> 2024 06 08 06 09 30.0050000  0 31                     
E04  27687934.361   145501189.282       -1681.874          44.000    27687933.171   111487908.783       -1288.561          46.000  
G16  24892514.000   130811041.446       -3930.971          42.000                                                                  
G32  23124869.431   121522067.725        -271.116          48.000    23124865.838    94692604.601        -211.449          45.000  
E06  26019042.770   136731078.128        1067.511          45.000                                                                  
R04  21993707.759   117775459.794       -3234.554          49.000    21993700.493    91603138.634       -2515.625          45.000  
R20  22539507.701   120528889.857        1310.624          34.000    22539506.455    93744746.391        1020.091          39.000  
R19  22560226.317   120681996.012       -1705.671          40.000    22560219.861    93864032.199       -1327.089          44.000  
R18  25149964.281   134252215.762       -3222.639          46.000    25149961.653   104418626.150       -2506.735          41.000  
R11  25601209.840   136805103.922        -876.016          41.000                                                                  
E30  29241884.657   153667143.298         239.131          43.000    29241885.927   117744950.401         183.161          44.000  
E02  27077030.806   142290772.808       -2019.407          44.000    27077030.651   109027988.597       -1547.401          46.000  
S31  40245270.274   211490385.950        -768.370          45.000  
S33  41237715.396   216705695.984        -767.542          40.000  
E05  26862800.249   141165002.860        2184.712          37.000    26862802.884   108165416.524        1673.919          43.000  
E36  25802175.490   135591581.862        -293.155          45.000    25802176.078   103894914.067        -224.546          48.000  
R05  20962209.862   112055102.120         828.089          51.000    20962205.679    87153970.772         644.146          48.000  
R10  25093649.451   133763242.226       -3229.169          41.000                                                                  
R09  25982510.761   138745160.949       -3883.697          39.000    25982512.801   107912793.388       -3020.869          45.000  
R06  25103249.866   133955767.474        3625.897          35.000                                                                  
G27  21842664.907   114784086.027       -1682.090          49.000    21842660.500    89442045.495       -1310.796          46.000  
E34  28479926.349   149663078.273         752.603          40.000    28479930.717   114676917.585         576.759          46.000  
E18  28156493.702   147963373.388        -996.061          39.000                                                                  
E25  28074640.895   147533278.022       -3485.238          42.000    28074644.117   113044991.959       -2670.629          43.000  
E09  26307874.078   138248916.738         743.134          44.000    26307873.251   105931037.980         569.349          46.000  
G21  23786439.580   124998716.461        1704.277          45.000                                                                  
E10  28860341.254   151662419.221       -2186.868          42.000    28860341.226   116208999.000       -1675.612          45.000  
G10  23563700.817   123828230.718       -3667.480          48.000    23563697.585    96489626.047       -2857.967          43.000  
G02  24851296.491   130594499.084        1809.679          44.000                                                                  
G08  21920046.152   115190653.910         538.298          48.000    21920042.310    89758928.869         419.469          45.000  
E11  25937875.613   136304655.407       -1702.078          43.000    25937870.223   104441344.648       -1304.239          40.000  
G03  25962165.161   136432115.834        2140.511          41.000    25962164.600   106310786.001        1667.860          39.000  
> 2024 06 08 06 10 00.0050000  0 31                     
E04  27697586.789   145551910.432       -1699.898          45.000    27697585.192   111526773.056       -1302.615          47.000  
G16  24914976.444   130929080.190       -3938.521          42.000                                                                  
G32  23126487.291   121530570.229        -296.347          48.000    23126483.711    94699229.930        -230.666          45.000  
E06  26012991.461   136699278.873        1052.211          46.000                                                                  
R04  22011902.381   117872889.681       -3261.001          51.000    22011894.733    91678917.451       -2536.325          46.000  
R20  22532170.093   120489649.4681       1303.031          34.000    22532171.391    93714239.339        1013.668          39.000  
R19  22569834.788   120733393.376       -1720.977          40.000    22569828.392    93904007.910       -1338.400          46.000  
R18  25168111.092   134349086.997       -3235.572          47.000    25168108.251   104493970.449       -2516.424          41.000  
R11  25606201.198   136831770.277        -902.321          44.000                                                                  
E30  29240568.299   153660224.161         221.604          43.000    29240569.172   117739648.700         169.906          45.000  
E02  27088604.496   142351592.511       -2035.451          44.000    27088604.669   109074590.703       -1559.605          47.000  
S31  40249669.062   211513502.856        -773.220          45.000  
S33  41242108.620   216728782.845        -772.380          40.000  
E05  26850342.110   141099537.106        2179.290          37.000    26850345.034   108115254.572        1669.952          44.000  
E36  25803863.860   135600452.390        -298.680          46.000    25803863.670   103901710.985        -228.762          48.000  
R05  20957647.738   112030716.780         797.371          51.000    20957643.241    87135004.408         620.213          48.000  
R10  25111865.835   133860345.637       -3244.711          42.000                                                                  
R09  26004326.553   138861648.3221      -3883.324          40.000    26004330.477   108003407.833       -3020.714          46.000  
R06  25082886.384   133847068.7431       3617.814          35.000                                                                  
G27  21852332.783   114834893.008       -1705.228          49.000    21852329.176    89481635.363       -1328.795          47.000  
E34  28475640.957   149640550.669         748.953          41.000    28475643.513   114659656.220         573.731          46.000  
E18  28162206.244   147993389.567       -1005.239          39.000                                                                  
E25  28094555.090   147637921.459       -3491.123          42.000    28094557.246   113125173.237       -2675.006          44.000  
E09  26303677.361   138226864.209         726.772          44.000    26303676.399   105914140.626         556.803          46.000  
G21  23776727.342   124947674.018        1698.342          47.000                                                                  
E10  28872841.750   151728108.573       -2192.734          42.000    28872841.511   116259332.413       -1680.273          46.000  
G10  23584667.819   123938411.501       -3678.266          48.000    23584663.633    96575481.197       -2865.932          43.000  
G02  24840980.023   130540284.199        1804.343          46.000                                                                  
G08  21917034.167   115174826.943         516.618          48.000    21917030.874    89746596.202         402.563          46.000  
E11  25947607.852   136355799.649       -1708.230          43.000    25947602.853   104480533.088       -1308.782          41.000  
G03  25949976.305   136368067.877        2128.910          39.000    25949976.139   106260878.654        1659.185          37.000  
> 2024 06 08 06 10 30.0050000  0 31                     
E04  27707342.975   145603180.278       -1718.377          45.000    27707341.337   111566057.746       -1316.590          47.000  
G16  24937483.491   131047354.105       -3946.701          42.000                                                                  
G32  23128249.456   121539831.223        -321.712          49.000    23128246.001    94706446.323        -250.655          45.000  
E06  26007029.122   136667945.987        1036.437          45.000                                                                  
R04  22030246.525   117971119.538       -3287.905          51.000    22030238.369    91755318.480       -2557.161          46.000  
R20  22524879.958   120450663.373        1295.529          35.000    22524880.157    93683916.862        1007.623          38.000  
R19  22579529.348   120785253.788       -1736.868          40.000    22579523.208    93944343.810       -1350.655          46.000  
R18  25186333.026   134446356.297       -3249.054          46.000    25186329.680   104569624.330       -2527.087          41.000  
R11  25611341.821   136859238.038        -929.172          43.000                                                                  
E30  29239352.901   153653835.769         203.898          43.000    29239353.421   117734753.698         156.303          45.000  
E02  27100271.518   142412900.062       -2051.829          44.000    27100271.169   109121566.610       -1572.137          47.000  
S31  40254097.436   211536773.822        -778.547          45.000  
S33  41246531.397   216752025.313        -777.641          40.000  
E05  26837916.512   141034241.728        2173.570          37.000    26837920.078   108065223.183        1665.294          45.000  
E36  25805584.775   135609496.458        -304.642          46.000    25805584.385   103908640.884        -233.361          48.000  
R05  20953260.281   112007261.025         766.090          51.000    20953255.032    87116761.052         595.881          48.000  
R10  25130169.247   133957917.120       -3260.488          42.000                                                                  
R09  26026145.790   138978158.019       -3883.958          39.000    26026148.999   108094026.446       -3020.943          44.000  
R06  25062572.326   133738677.746        3607.629          34.000                                                                  
G27  21862134.395   114886402.724       -1728.803          49.000    21862131.537    89521772.824       -1347.237          47.000  
E34  28471378.490   149618147.985         744.497          42.000    28471380.198   114642490.593         570.422          46.000  
E18  28167971.584   148023689.853       -1014.800          39.000                                                                  
E25  28114501.163   147742742.428       -3497.432          42.000    28114503.749   113205490.551       -2679.624          44.000  
E09  26299576.515   138205310.018         709.917          45.000    26299574.844   105897625.089         543.947          46.000  
G21  23767052.025   124896823.949        1691.743          47.000                                                                  
E10  28885377.318   151793983.570       -2199.151          42.000    28885377.107   116309808.067       -1685.151          45.000  
G10  23605695.981   124048915.152       -3689.078          47.000    23605691.954    96661587.934       -2874.610          43.000  
G02  24830696.010   130486237.203        1798.571          46.000                                                                  
G08  21914147.872   115159660.636         494.150          48.000    21914144.751    89734778.304         385.038          46.000  
E11  25957377.052   136407136.321       -1714.960          43.000    25957371.948   104519868.992       -1314.008          42.000  
G03  25937856.028   136304374.960        2116.722          41.000    25937855.010   106211248.003        1649.724          38.000  
> 2024 06 08 06 11 00.0050000  0 30                     
E04  27717205.177   145655004.544       -1736.737          43.000    27717203.128   111605767.258       -1330.681          46.000  
G16  24960035.742   131165867.037       -3954.496          39.000                                                                  
G32  23130157.165   121549858.127        -346.815          46.000    23130153.634    94714259.524        -270.537          44.000  
E06  26001155.997   136637087.454        1020.723          43.000                                                                  
R04  22048740.434   118070151.995       -3314.301          46.000    22048732.193    91832343.773       -2577.895          46.000  
R20  22517636.921   120411922.921        1287.520          31.000    22517634.962    93653785.468        1001.165          38.000  
R18  25204630.507   134544030.307       -3261.969          37.000    25204627.536   104645593.008       -2537.390          42.000  
R11  25616632.803   136887512.532        -955.980          38.000                                                                  
E30  29238239.098   153647985.057         186.148          40.000    29238239.938   117730270.700         142.415          43.000  
E02  27112031.919   142474700.352       -2068.181          42.000    27112031.605   109168920.069       -1584.678          47.000  
S31  40258556.581   211560206.467        -783.687          43.000  
S33  41250984.947   216775429.077        -783.008          39.000  
E05  26825524.609   140969125.036        2167.552          35.000    26825528.642   108015328.698        1661.012          44.000  
E36  25807339.140   135618720.624        -310.504          43.000    25807339.794   103915708.769        -237.719          48.000  
R05  20949047.886   111984743.195         734.971          46.000    20949041.965    87099247.199         571.792          47.000  
R10  25148561.919   134055985.4311      -3275.509          33.000                                                                  
R09  26047966.749   139094675.676       -3884.509          36.000    26047969.048   108184651.282       -3020.724          44.000  
G27  21872071.653   114938621.545       -1752.519          48.000    21872068.109    89562462.809       -1365.598          46.000  
E34  28467140.569   149595876.194         740.176          40.000    28467141.968   114625425.265         567.323          46.000  
E18  28173792.492   148054280.040       -1024.370          38.000                                                                  
E25  28134483.205   147847745.256       -3503.016          40.000    28134485.258   113285947.205       -2684.137          44.000  
E09  26295571.304   138184261.910         692.955          44.000    26295569.678   105881497.317         531.134          45.000  
G21  23757412.588   124846173.783        1685.033          44.000                                                                  
E10  28897949.329   151860051.127       -2205.353          41.000    28897949.443   116360431.276       -1689.961          45.000  
G10  23626786.315   124159745.539       -3699.685          45.000    23626782.314    96747949.291       -2883.107          42.000  
G02  24820444.429   130432365.114        1792.558          43.000                                                                  
G08  21911389.433   115145163.353         472.100          46.000    21911385.705    89723481.714         367.981          45.000  
E11  25967183.737   136458672.259       -1721.098          41.000    25967178.924   104559357.579       -1318.877          41.000  
G03  25925805.245   136241044.417        2105.021          40.000    25925803.402   106161899.704        1640.134          37.000  
R19                                                                  22589306.237    93985046.531       -1362.814          46.000  
> 2024 06 08 06 11 30.0050000  0 31                     
E04  27727170.522   145707374.210       -1754.529          45.000    27727168.479   111645894.691       -1344.345          46.000  
G16  24982631.385   131284606.641       -3961.451          41.000                                                                  
G32  23132208.651   121560643.653        -371.886          47.000    23132206.210    94722663.829        -289.707          45.000  
E06  25995372.796   136606696.602        1005.471          45.000                                                                  
R04  22067381.695   118169975.100       -3340.175          50.000    22067373.388    91909983.952       -2597.981          46.000  
R20  22510437.609   120373422.067        1279.890          35.000    22510435.533    93623840.394         995.302          39.000  
R19  22599180.919   120890379.5701      -1767.188          39.000    22599175.671    94026109.916       -1374.601          45.000  
R18  25223002.352   134642100.533       -3275.403          45.000    25223000.078   104721869.810       -2547.498          43.000  
R11  25622072.940   136916583.957        -981.999          43.000                                                                  
E30  29237225.718   153642664.319         168.938          42.000    29237227.129   117726193.776         129.460          43.000  
E02  27123884.301   142536983.555       -2083.823          44.000    27123883.994   109216643.547       -1596.768          48.000  
S31  40263044.977   211583792.434        -788.311          45.000  
S33  41255467.850   216798986.011        -787.056          40.000  
E05  26813165.837   140904180.518        2162.314          37.000    26813169.846   107965566.157        1656.871          44.000  
E36  25809127.224   135628116.796        -315.721          45.000    25809128.325   103922908.452        -242.001          49.000  
R05  20945009.366   111963156.650         704.356          50.000    20945003.862    87082457.682         547.874          48.000  
R10  25167039.887   134154484.524       -3290.547          39.000                                                                  
R09  26069786.255   139211189.664       -3883.560          41.000    26069787.715   108275273.318       -3020.283          41.000  
R06  25022106.792   133522746.3261       3590.117          33.000                                                                  
G27  21882142.032   114991541.012       -1775.233          50.000    21882137.955    89603698.760       -1383.358          46.000  
E34  28462924.321   149573726.631         736.672          42.000    28462926.609   114608453.611         564.520          46.000  
E18  28179667.416   148085151.157       -1033.454          40.000                                                                  
E25  28154497.785   147952919.609       -3508.451          43.000    28154498.856   113366535.299       -2688.197          44.000  
E09  26291661.618   138163712.939         676.828          47.000    26291659.503   105865752.012         518.782          47.000  
G21  23747809.662   124795716.117        1679.033          45.000                                                                  
E10  28910557.138   151926303.516       -2211.162          43.000    28910556.613   116411196.086       -1694.151          45.000  
G10  23647937.210   124270891.919       -3709.930          48.000    23647932.694    96834556.832       -2890.794          43.000  
G02  24810223.405   130378659.875        1787.718          45.000                                                                  
G08  21908757.014   115131328.812         450.444          48.000    21908753.284    89712701.585         350.932          46.000  
E11  25977026.994   136510399.789       -1727.226          43.000    25977022.479   104598992.940       -1323.350          42.000  
G03  25913821.484   136178068.951        2093.787          40.000    25913818.939   106112828.063        1631.600          39.000  
> 2024 06 08 06 12 00.0050000  0 31                     
E04  27737230.852   145760243.100       -1769.676          45.000    27737228.860   111686404.650       -1356.117          46.000  
G16  25005260.325   131403524.370       -3966.004          41.000                                                                  
G32  23134396.559   121572143.233        -394.349          46.000    23134393.676    94731624.533        -307.063          45.000  
E06  25989670.338   136576729.677         992.595          45.000                                                                  
R04  22086160.725   118270538.788       -3363.618          51.000    22086153.005    91988200.147       -2616.226          46.000  
R19  22609129.301   120943594.843       -1779.816          41.000    22609123.522    94067499.572       -1384.434          44.000  
R18  25241439.893   134740520.826       -3285.638          44.000    25241437.410   104798418.893       -2555.579          43.000  
R11  25627653.805   136946405.042       -1005.636          44.000                                                                  
E30  29236306.794   153637828.606         153.886          42.000    29236306.579   117722488.493         117.736          43.000  
E02  27135819.395   142599702.665       -2096.968          44.000    27135819.042   109264701.019       -1606.754          49.000  
S31  40267553.574   211607486.387        -790.922          45.000  
S33  41259970.979   216822650.159        -789.397          41.000  
E05  26800832.447   140839364.583        2159.401          38.000    26800835.486   107915902.121        1654.424          44.000  
E36  25810939.903   135637639.651        -318.581          46.000    25810940.706   103930205.186        -244.183          49.000  
R05  20941136.745   111942457.037         676.133          53.000    20941131.283    87066358.019         525.760          47.000  
R10  25185594.185   134253388.9581      -3302.740          41.000                                                                  
R09  26091594.999   139327662.0461      -3880.147          41.000    26091596.965   108365853.710       -3017.802          44.000  
R06  25001948.235   133415188.7973       3582.941          34.000                                                                  
G27  21892337.231   115045115.570       -1795.869          51.000    21892332.854    89645445.162       -1399.243          47.000  
E34  28458723.647   149551653.476         735.307          42.000    28458726.019   114591540.500         563.370          45.000  
E18  28185586.852   148116257.167       -1039.914          40.000                                                                  
E25  28174536.178   148058217.971       -3511.160          43.000    28174536.911   113447218.408       -2690.323          44.000  
E09  26287837.935   138143619.065         663.038          47.000    26287836.416   105850355.424         507.939          48.000  
G21  23738236.053   124745406.336        1675.409          47.000                                                                  
E10  28923190.862   151992695.852       -2214.528          43.000    28923190.476   116462068.158       -1696.888          45.000  
G10  23669138.398   124382306.329       -3717.435          48.000    23669134.183    96921373.257       -2896.762          44.000  
G02  24800028.091   130325076.362        1785.011          47.000                                                                  
G08  21906241.607   115118113.514         431.030          48.000    21906238.586    89702403.972         335.808          47.000  
E11  25986898.723   136562273.878       -1730.839          43.000    25986893.863   104638740.638       -1326.410          42.000  
G03  25901895.592   136115404.000        2084.542          39.000    25901893.913   106063998.340        1624.166          40.000  
R20                                                                  22503272.701    93594046.357         991.257          40.000  
> 2024 06 08 06 12 30.0050000  0 31                     
E04  27747371.889   145813533.914       -1782.870          44.000    27747369.969   111727237.871       -1365.993          46.000  
G16  25027908.491   131522541.234       -3968.220          40.000                                                                  
G32  23136706.816   121584281.166        -414.513          46.000    23136703.574    94741082.678        -323.168          45.000  
E06  25984035.006   136547111.710         981.987          45.000                                                                  
R04  22105062.785   118371761.234       -3384.427          50.000    22105055.403    92066928.699       -2632.345          46.000  
R20  22496136.939   120296957.6391       1271.710          37.000    22496131.717    93564344.701         989.247          40.000  
R19  22619141.533   120997153.086       -1790.319          41.000    22619135.079    94109155.949       -1392.531          43.000  
R18  25259928.085   134839213.510       -3293.512          45.000    25259926.126   104875179.843       -2561.652          44.000  
R11  25633358.997   136976896.258       -1027.028          43.000                                                                  
E30  29235465.378   153633401.825         141.265          42.000    29235464.585   117719096.518         108.172          43.000  
E02  27147822.380   142662779.517       -2107.872          44.000    27147822.023   109313032.625       -1615.161          48.000  
S31  40272068.605   211631211.145        -790.723          45.000  
S33  41264480.097   216846346.152        -789.956          40.000  
E05  26788509.609   140774602.550        2158.397          39.000    26788511.856   107866279.377        1653.705          44.000  
E36  25812763.111   135647212.768        -319.340          46.000    25812762.489   103937540.438        -244.759          49.000  
R05  20937416.440   111922567.697         649.967          52.000    20937410.852    87050888.546         505.653          48.000  
R10  25204209.761   134352620.856       -3312.769          39.000                                                                  
R09  26113379.147   139443987.638       -3874.848          40.000    26113381.420   108456329.176       -3013.454          42.000  
R06  24981816.309   133307766.4501       3578.403          36.000                                                                  
G27  21902641.913   115099268.421       -1814.243          50.000    21902637.918    89687642.185       -1413.644          46.000  
E34  28454524.729   149529579.826         736.258          42.000    28454525.240   114574626.954         564.360          45.000  
E18  28191536.429   148147520.819       -1044.070          40.000                                                                  
E25  28194582.266   148163561.650       -3511.734          43.000    28194583.168   113527936.273       -2690.728          44.000  
E09  26284086.638   138123904.998         651.381          47.000    26284085.472   105835249.859         499.072          48.000  
G21  23728677.270   124695168.750        1673.922          47.000                                                                  
E10  28935836.675   152059152.121       -2215.825          42.000    28935836.755   116512989.210       -1697.837          45.000  
G10  23690376.214   124493909.738       -3722.571          47.000    23690371.680    97008336.954       -2900.752          44.000  
G02  24789840.345   130271539.118        1784.297          47.000                                                                  
G08  21903830.379   115105442.800         413.784          47.000    21903827.857    89692530.710         322.434          47.000  
E11  25996783.536   136614218.590       -1732.178          43.000    25996778.794   104678542.424       -1327.189          43.000  
G03  25890016.214   136052973.890        2077.557          41.000    25890013.745   106015351.685        1619.021          39.000  
> 2024 06 08 06 13 00.0050000  0 31                     
E04  27757580.510   145867179.712       -1793.627          44.000    27757578.432   111768343.102       -1374.286          46.000  
G16  25050561.905   131641587.351       -3968.103          39.000                                                                  
G32  23139126.467   121596992.203        -432.822          47.000    23139122.630    94750987.373        -337.185          45.000  
E06  25978453.065   136517778.075         973.618          45.000                                                                  
R04  22124075.346   118473571.153       -3402.814          50.000    22124067.494    92146114.183       -2646.577          46.000  
R20  22489003.499   120258822.787        1270.760          37.000    22489000.036    93534684.293         988.584          40.000  
R19  22629205.502   121050987.725       -1798.367          41.000    22629198.965    94151027.301       -1398.954          43.000  
R18  25278455.043   134938111.229       -3299.383          44.000    25278453.113   104952100.287       -2566.290          43.000  
R11  25639178.591   137007989.366       -1045.846          44.000                                                                  
E30  29234687.640   153629318.333         130.816          41.000    29234687.904   117715967.580         100.390          44.000  
E02  27159880.303   142726146.465       -2116.305          44.000    27159880.402   109361586.501       -1621.724          48.000  
S31  40276576.415   211654900.650        -788.463          45.000  
S33  41268982.330   216870006.575        -787.643          40.000  
E05  26776183.619   140709830.043        2159.779          39.000    26776186.096   107816648.591        1655.011          45.000  
E36  25814581.899   135656770.151        -317.772          47.000    25814580.813   103944863.646        -243.413          49.000  
R05  20933835.559   111903423.034         626.348          52.000    20933829.576    87035998.262         487.045          48.000  
R10  25222872.702   134452106.194       -3319.629          39.000                                                                  
R09  26135124.723   139560107.539       -3866.592          41.000    26135127.091   108546644.740       -3007.322          44.000  
R06  24961702.657   133200444.882        3576.812          36.000                                                                  
G27  21913044.299   115153933.212       -1830.011          49.000    21913040.630    89730238.118       -1425.939          46.000  
E34  28450311.251   149507439.081         739.682          42.000    28450312.039   114557662.039         566.772          45.000  
E18  28197502.997   148178875.353       -1046.310          40.000                                                                  
E25  28214624.228   148268882.493       -3509.747          43.000    28214625.242   113608636.627       -2689.374          44.000  
E09  26280394.818   138104505.950         641.860          47.000    26280393.909   105820385.658         491.977          49.000  
G21  23719118.771   124644938.278        1674.863          47.000                                                                  
E10  28948482.716   152125606.704       -2214.465          41.000    28948482.697   116563908.956       -1696.995          45.000  
G10  23711636.043   124605633.495       -3725.449          47.000    23711632.003    97095394.418       -2902.989          44.000  
G02  24779648.198   130217982.230        1786.227          45.000                                                                  
G08  21901510.506   115093252.483         398.740          47.000    21901507.630    89683031.773         310.778          47.000  
E11  26006668.745   136666168.215       -1731.377          43.000    26006664.438   104718347.985       -1326.574          43.000  
G03  25878168.867   135990713.485        2072.758          40.000    25878166.473   105966837.219        1615.261          40.000  
> 2024 06 08 06 13 30.0050000  0 31                     
E04  27767847.342   145921133.919       -1803.313          44.000    27767845.692   111809684.635       -1381.811          47.000  
G16  25073211.673   131760613.491       -3967.246          39.000                                                                  
G32  23141645.935   121610231.289        -450.049          48.000    23141641.990    94761303.572        -350.593          46.000  
E06  25972916.740   136488684.615         965.904          45.000                                                                  
R04  22143187.817   118575918.258       -3420.388          49.000    22143180.212    92225717.483       -2660.164          47.000  
R20  22481873.297   120220697.161        1270.978          36.000    22481870.192    93505031.078         988.238          40.000  
R19  22639312.750   121105053.658       -1805.990          38.000    22639306.474    94193078.574       -1404.564          43.000  
R18  25297011.532   135037167.415       -3304.437          41.000    25297009.335   105029143.978       -2570.007          42.000  
R11  25645100.382   137039636.494       -1064.013          42.000                                                                  
E30  29233965.230   153625532.721         121.460          39.000    29233967.969   117713066.940          92.884          44.000  
E02  27171984.195   142789756.066       -2124.201          43.000    27171984.581   109410326.301       -1627.635          48.000  
S31  40281069.230   211678509.837        -785.519          44.000  
S33  41273469.600   216893586.005        -784.646          40.000  
E05  26763846.919   140645003.060        2161.829          38.000    26763849.899   107766976.087        1656.664          45.000  
E36  25816388.293   135666266.190        -315.469          46.000    25816387.481   103952139.851        -241.634          48.000  
R05  20930384.557   111884977.671         603.278          50.000    20930379.053    87021651.883         469.086          48.000  
R10  25241572.861   134551789.9681      -3326.300          37.000                                                                  
R09  26156822.042   139675971.621       -3857.601          38.000    26156824.700   108636761.361       -3000.462          44.000  
R06  24941598.687   133093134.5721       3574.534          35.000                                                                  
G27  21923534.894   115209063.912       -1845.302          49.000    21923531.542    89773197.097       -1437.892          46.000  
E34  28446076.711   149485185.062         743.898          42.000    28446077.655   114540610.337         570.124          46.000  
E18  28203477.851   148210274.314       -1047.154          40.000                                                                  
E25  28234652.452   148374132.626       -3506.993          43.000    28234653.862   113689282.771       -2687.194          44.000  
E09  26276753.947   138085377.415         633.252          46.000    26276754.037   105805728.746         485.208          49.000  
G21  23709552.481   124594669.882        1676.424          45.000                                                                  
E10  28961119.210   152192014.335       -2212.727          41.000    28961119.478   116614792.722       -1695.290          44.000  
G10  23732910.398   124717429.285       -3727.643          46.000    23732906.224    97182508.007       -2904.581          43.000  
G02  24769444.350   130164360.546        1788.558          44.000                                                                  
G08  21899274.165   115081498.635         384.574          46.000    21899271.005    89673872.940         299.737          47.000  
E11  26016546.019   136718077.452       -1729.550          41.000    26016542.607   104758122.609       -1325.254          43.000  
G03  25866343.611   135928577.771        2069.021          40.000    25866342.285   105918419.975        1612.239          39.000  
> 2024 06 08 06 14 00.0050000  0 31                     
E04  27778167.985   145975372.089       -1812.206          43.000    27778167.024   111851243.741       -1388.555          47.000  
G16  25095852.404   131879593.039       -3964.678          39.000                                                                  
G32  23144261.190   121623975.594        -466.240          49.000    23144258.266    94772013.445        -363.218          45.000  
E06  25967422.078   136459809.241         959.332          46.000                                                                  
R04  22162395.951   118678774.301       -3436.586          51.000    22162388.463    92305716.615       -2672.766          47.000  
R20  22474741.014   120182558.009        1272.040          37.000    22474737.382    93475367.300         989.532          39.000  
R19  22649455.580   121159318.9881      -1812.165          38.000    22649452.878    94235291.930       -1409.252          44.000  
R18  25315590.089   135136339.2961      -3307.941          43.000    25315591.079   105106292.423       -2573.029          42.000  
R11  25651121.075   137071812.312       -1080.799          44.000    25651116.096   106611344.8793       -840.743          44.000  
E30  29233295.990   153622021.866         112.910          40.000    29233299.688   117710376.805          86.484          45.000  
E02  27184129.979   142853583.074       -2130.585          43.000    27184130.043   109459232.683       -1632.564          48.000  
S31  40285541.483   211702013.518        -781.296          45.000  
S33  41277936.652   216917060.835        -780.066          40.000  
E05  26751495.661   140580099.793        2165.247          39.000    26751498.802   107717245.135        1658.927          45.000  
E36  25818178.165   135675677.402        -311.802          46.000    25818177.955   103959351.061        -238.799          48.000  
R05  20927060.884   111867209.625         581.420          52.000    20927054.529    87007832.288         452.324          47.000  
R10  25260307.135   134651652.0601      -3331.158          38.000                                                                  
R09  26178466.426   139791550.7271      -3847.507          38.000    26178469.242   108726657.790       -2992.412          44.000  
R06  24921507.217   132985932.1001       3573.892          37.000                                                                  
G27  21934110.338   115264636.586       -1859.258          49.000    21934106.655    89816500.477       -1448.810          46.000  
E34  28441816.787   149462793.767         749.152          44.000    28441816.763   114523453.461         573.956          46.000  
E18  28209456.757   148241693.425       -1047.200          41.000                                                                  
E25  28254662.730   148479286.270       -3502.959          43.000    28254663.632   113769855.021       -2684.137          43.000  
E09  26273160.980   138066497.000         625.587          46.000    26273161.102   105791261.937         479.395          49.000  
G21  23699974.740   124544340.964        1679.117          46.000                                                                  
E10  28973743.381   152258351.910       -2209.445          41.000    28973743.053   116665622.831       -1693.025          44.000  
G10  23754192.883   124829271.061       -3728.506          47.000    23754188.678    97269657.429       -2905.294          42.000  
G02  24759223.933   130110650.716        1792.194          45.000                                                                  
G08  21897116.705   115070159.443         371.552          47.000    21897113.417    89665037.222         289.576          46.000  
E11  26026411.918   136769923.175       -1726.986          41.000    26026408.611   104797848.553       -1323.312          44.000  
G03  25854539.928   135866544.015        2066.606          42.000    25854537.267   105870082.183        1610.230          40.000  
> 2024 06 08 06 14 30.0050000  0 31                     
E04  27788541.239   146029880.118       -1821.164          43.000    27788539.409   111893009.639       -1395.529          47.000  
G16  25118482.177   131998509.952       -3962.476          38.000                                                                  
G32  23146969.950   121638212.593        -482.697          48.000    23146967.167    94783107.245        -376.233          45.000  
E06  25961966.476   136431140.209         952.270          45.000                                                                  
R04  22181695.574   118782122.258       -3453.054          52.000    22181687.569    92386098.358       -2685.609          46.000  
R20  22467603.339   120144393.695        1272.864          36.000    22467600.438    93445683.968         989.978          39.000  
R19  22659639.494   121213789.476       -1818.848          39.000    22659635.840    94277657.896       -1414.766          44.000  
R18  25334197.351   135235650.950       -3312.121          43.000    25334195.444   105183534.809       -2576.202          42.000  
R11  25657238.417   137104501.719       -1098.230          43.000    25657234.811   106636769.3641       -854.073          44.000  
E30  29232679.695   153618772.871         104.104          41.000    29232681.081   117707887.302          79.826          44.000  
E02  27196314.652   142917612.583       -2137.666          43.000    27196314.407   109508294.243       -1637.938          48.000  
S31  40289991.768   211725399.516        -777.440          45.000  
S33  41282381.329   216940417.662        -776.737          40.000  
E05  26739128.374   140515108.770        2167.884          39.000    26739131.011   107667446.918        1661.131          44.000  
E36  25819949.508   135684990.700        -308.663          44.000    25819950.333   103966487.240        -236.484          48.000  
R05  20923860.912   111850106.419         559.003          52.000    20923854.940    86994529.831         434.823          47.000  
R10  25279070.721   134751672.283       -3336.304          38.000                                                                  
R09  26200055.182   139906831.670       -3837.422          40.000    26200057.770   108816320.807       -2984.559          45.000  
R06  24901417.076   132878731.282        3572.921          36.000                                                                  
G27  21944767.063   115320637.678       -1873.831          49.000    21944763.595    89860137.708       -1460.042          46.000  
E34  28437527.055   149440251.502         754.118          44.000    28437527.224   114506180.901         577.823          46.000  
E18  28215437.037   148273118.698       -1047.590          40.000                                                                  
E25  28274650.926   148584328.120       -3499.385          42.000    28274652.745   113850341.599       -2681.217          44.000  
E09  26269612.941   138047852.730         617.776          46.000    26269612.545   105776976.075         473.227          48.000  
G21  23690384.296   124493939.206        1681.390          46.000                                                                  
E10  28986350.944   152324606.694       -2206.933          41.000    28986351.007   116716389.492       -1691.161          45.000  
G10  23775481.091   124941142.995       -3729.424          46.000    23775477.809    97356830.355       -2905.859          43.000  
G02  24748983.768   130056840.184        1795.386          45.000                                                                  
G08  21895035.174   115059223.495         357.741          47.000    21895032.425    89656515.725         278.701          47.000  
E11  26036263.406   136821692.580       -1724.447          41.000    26036260.043   104837516.017       -1321.145          44.000  
G03  25842752.378   135804599.879        2063.550          42.000    25842748.329   105821814.071        1607.928          38.000  
