     3.00           OBSERVATION DATA    M: Mixed            RINEX VERSION / TYPE
CONVBIN demo5 b34j                      20240609 013620 UTC PGM / RUN BY / DATE 
log: SAUC00CHL_R_20241601315_15M_30S_MO.ubx                 COMMENT             
format: u-blox UBX                                          COMMENT             
format: u-blox UBX                                          COMMENT             
log: SAUC00CHL_R_20241601315_15M_30S_MO.ubx                 COMMENT             
SAUC00CHL                                                   MARKER NAME         
                                                            MARKER NUMBER       
GEODETIC                                                    MARKER TYPE         
El Sauce            Obstech                                 OBSERVER / AGENCY   
UNKNOWN             UBLOX-ZED-F9P                           REC # / TYPE / VERS 
UNKNWOWN            TWIVSP6037L                             ANT # / TYPE        
  1813185.0000 -5195981.0000 -3216438.0000                  APPROX POSITION XYZ 
        0.0000        0.0000        0.0000                  ANTENNA: DELTA H/E/N
G    8 C1C L1C D1C S1C C2X L2X D2X S2X                      SYS / # / OBS TYPES 
R    8 C1C L1C D1C S1C C2C L2C D2C S2C                      SYS / # / OBS TYPES 
E    8 C1X L1X D1X S1X C7X L7X D7X S7X                      SYS / # / OBS TYPES 
S    4 C1C L1C D1C S1C                                      SYS / # / OBS TYPES 
  2024    06    08    13    15   00.4970000     GPS         TIME OF FIRST OBS   
  2024    06    08    13    29   30.4970000     GPS         TIME OF LAST OBS    
                                                            END OF HEADER       
> 2024 06 08 13 15 00.4970000  0 30                     
E08  23727785.386   124690362.7261         12.491          45.000    23727785.605    95541951.3441          9.529          48.000  
G09  20191742.031   106108361.1421      -1595.122          48.000    20191738.782    82681836.7601      -1242.861          43.000  
E03  23337172.709   122637680.3071      -1506.207          47.000    23337174.478    93969167.1381      -1153.985          50.000  
G30  20209839.704   106203413.9861       1479.204          45.000    20209840.370    82755884.6841       1152.671          46.000  
R24  21628971.436   115659741.9761       -910.002          48.000    21628968.017    89957586.2921       -707.937          42.000  
R22  23413881.444   124984878.5881      -4559.491          40.000    23413890.013    97210178.8421      -3546.224          40.000  
R11  19861577.667   106134307.2491       2798.865          50.000    19861574.133    82548922.6491       2176.819          47.000  
R07  20901553.815   111887640.0521      -2325.962          49.000    20901550.637    87023774.6001      -1809.052          47.000  
E25  24740245.442   130010895.9411          9.453          44.000    24740248.899    99618765.7191          7.119          47.000  
G06  20588004.691   108190670.9791      -2587.688          46.000    20588004.367    84304442.4971      -2016.517          43.000  
S31  37684302.213   198032365.6351       -763.569          46.000  
S33  38672461.077   203225085.5311       -762.812          41.000  
E05  25167166.411   132254327.0611      -2415.782          37.000    25167171.046   101337741.4201      -1851.157          40.000  
E02  25028293.552   131524610.3761       1782.733          45.000    25028296.067   100778627.2011       1365.992          48.000  
R09  21423969.996   114402778.1811      -4093.582          46.000    21423968.411    88979909.3971      -3184.049          47.000  
R10  19043705.238   101513668.8831      -1112.139          46.000                                                                  
R08  19338553.989   103557084.2781       -275.578          50.000    19338546.229    80544695.7271       -214.255          47.000  
R01  21718477.113   116097716.8431       1683.798          43.000    21718477.642    90298340.3821       1309.589          41.000  
R23  21375996.502   114347081.7071      -3903.380          46.000                                                                  
G07  18745977.795    98510744.9701       -507.214          49.000    18745972.000    76761545.6701       -395.397          45.000  
E34  26587757.851   139719526.8741      -3835.901          41.000    26587767.469   107057798.7071      -2939.419          40.000  
E13  24458453.788   128529969.9881       -288.879          45.000    24458455.916    98484027.5881       -221.307          49.000  
E15  23832351.538   125239854.1621      -2870.285          44.000    23832355.659    95962998.7651      -2199.346          48.000  
G16  24111770.883   126708209.1201      -1938.603          40.000                                                                  
G20  22571147.261   118612140.5251       2477.448          42.000                                                                  
E07  27393041.233   143951361.8041        868.193          41.000    27393047.102   110300387.1431        665.394          42.000  
G11  21643053.717   113734978.7951        -54.855          44.000    21643051.526    88624714.4751        -42.821          43.000  
G14  23832502.224   125240635.2341       2533.582          39.000    23832509.411    97590093.1051       1974.177          38.000  
G03  22729867.265   119446219.4771      -3781.572          44.000    22729869.592    93074919.2051      -2947.317          34.000  
G04  22383418.703   117625654.5831      -2901.104          42.000    22383417.820    91656268.9221      -2260.476          42.000  
> 2024 06 08 13 15 30.4970000  0 30                     
E08  23727728.028   124690058.300           7.606          45.000    23727727.931    95541718.086           5.903          48.000  
G09  20200867.265   106156315.056       -1602.020          48.000    20200864.795    82719203.399       -1248.356          44.000  
E03  23345782.661   122682923.378       -1510.247          47.000    23345783.883    94003833.850       -1157.164          50.000  
G30  20201445.485   106159298.740        1461.611          45.000    20201445.079    82721509.106        1138.947          46.000  
R24  21634152.809   115687443.423        -936.924          48.000    21634148.196    89979131.737        -728.627          43.000  
R22  23439495.389   125121605.350       -4555.642          40.000    23439504.437    97316521.831       -3543.040          40.000  
R11  19845915.677   106050614.481        2780.615          49.000    19845912.441    82483828.298        2162.640          47.000  
R07  20914615.872   111957558.952       -2335.415          49.000    20914611.983    87078155.904       -1816.370          47.000  
E25  24740236.550   130010850.209          -6.404          44.000    24740240.451    99618730.726          -5.080          47.000  
G06  20602832.727   108268591.631       -2606.981          47.000    20602832.893    84365159.786       -2031.407          44.000  
S31  37688670.487   198055320.290        -766.925          46.000  
S33  38676826.606   203248024.145        -766.240          41.000  
E05  25180964.225   132326833.243       -2418.344          37.000    25180968.477   101393298.023       -1852.952          38.000  
E02  25018135.659   131471228.966        1776.127          45.000    25018138.066   100737724.604        1360.849          48.000  
R09  21447021.985   114525872.573       -4112.799          46.000    21447019.761    89075649.401       -3198.789          47.000  
R10  19050049.481   101547484.886       -1142.167          46.000                                                                  
R08  19340121.402   103565479.365        -284.222          49.000    19340113.921    80551225.231        -221.232          47.000  
R01  21709031.814   116047214.212        1682.738          45.000    21709031.124    90259060.602        1308.644          42.000  
R23  21397925.239   114464385.666       -3917.214          46.000                                                                  
G07  18748940.318    98526310.166        -530.576          50.000    18748933.088    76773674.365        -413.406          44.000  
E34  26609661.061   139834626.512       -3837.369          41.000    26609670.974   107145991.426       -2940.589          40.000  
E13  24460152.208   128538900.183        -306.562          45.000    24460154.891    98490870.177        -235.006          48.000  
E15  23848774.655   125326159.268       -2883.291          44.000    23848779.113    96029128.572       -2209.339          47.000  
G16  24122887.498   126766629.595       -1956.018          41.000                                                                  
G20  22557026.830   118537936.126        2470.054          42.000                                                                  
E07  27388094.874   143925372.302         864.091          41.000    27388101.545   110280473.114         662.080          41.000  
G11  21643429.603   113736954.221         -76.938          44.000    21643428.096    88626253.728         -59.967          44.000  
G14  23818033.540   125164599.454        2535.385          40.000    23818040.511    97530844.611        1975.531          39.000  
G03  22751489.141   119559842.997       -3793.202          45.000    22751491.846    93163456.680       -2955.581          34.000  
G04  22399990.176   117712738.899       -2904.611          42.000    22399989.282    91724126.786       -2263.441          42.000  
> 2024 06 08 13 16 00.4970000  0 30                     
E08  23727699.130   124689907.207           2.191          45.000    23727699.356    95541602.320           1.639          48.000  
G09  20210034.847   106204491.101       -1609.785          48.000    20210032.629    82756743.118       -1254.397          44.000  
E03  23354417.907   122728301.789       -1515.119          47.000    23354419.122    94038604.289       -1160.974          50.000  
G30  20193154.528   106115725.537        1443.230          46.000    20193153.006    82687555.931        1124.566          46.000  
R24  21639484.148   115715961.105        -964.476          46.000    21639479.956    90001312.079        -750.256          41.000  
R22  23465088.469   125258220.412       -4552.468          39.000    23465097.752    97422777.984       -3540.796          40.000  
R11  19830359.462   105967485.894        2761.126          49.000    19830355.773    82419172.793        2147.442          47.000  
R07  20927732.437   112027775.589       -2345.881          48.000    20927728.853    87132768.773       -1824.682          46.000  
E25  24740320.052   130011289.520         -22.973          44.000    24740323.685    99619067.364         -17.644          47.000  
G06  20617773.999   108347102.168       -2627.172          48.000    20617773.112    84426336.722       -2047.022          44.000  
S31  37693059.470   198078385.296        -771.052          46.000  
S33  38681212.828   203271073.522        -770.564          41.000  
E05  25194777.693   132399425.325       -2421.679          36.000    25194782.339   101448920.441       -1855.420          38.000  
E02  25008017.654   131418058.353        1768.494          45.000    25008019.899   100696983.497        1355.159          49.000  
R09  21470181.620   114649547.175       -4132.374          46.000    21470180.110    89171840.675       -3214.171          47.000  
R10  19056564.613   101582216.378       -1173.522          46.000                                                                  
R08  19341738.978   103574146.471        -293.775          48.000    19341732.809    80557966.296        -228.586          48.000  
R01  21699592.905   115996758.981        1680.571          45.000    21699593.313    90219817.673        1307.181          42.000  
R23  21419932.275   114582115.449       -3931.677          41.000                                                                  
G07  18752037.340    98542584.652        -554.847          50.000    18752029.495    76786355.781        -432.155          43.000  
E34  26631574.644   139949783.251       -3839.898          41.000    26631584.982   107234227.898       -2942.427          41.000  
E13  24461955.119   128548374.744        -325.233          44.000    24461957.592    98498129.858        -249.211          48.000  
E15  23865274.183   125412862.472       -2897.031          44.000    23865277.947    96095563.412       -2219.885          48.000  
G16  24134107.780   126825591.367       -1974.750          41.000                                                                  
G20  22542951.076   118463966.967        2461.339          43.000                                                                  
E07  27383174.218   143899513.052         859.721          41.000    27383180.549   110260658.866         658.618          41.000  
G11  21643933.454   113739601.762         -99.859          44.000    21643932.552    88628316.708         -77.674          44.000  
G14  23803556.610   125088522.052        2536.149          40.000    23803563.285    97471563.703        1976.389          39.000  
G03  22773178.144   119673817.207       -3805.471          44.000    22773180.882    93252267.493       -2965.243          35.000  
G04  22416585.872   117799948.746       -2909.514          42.000    22416584.965    91792082.444       -2267.166          42.000  
> 2024 06 08 13 16 30.4970000  0 30                     
E08  23727702.080   124689930.368          -4.038          45.000    23727703.780    95541620.065          -3.124          48.000  
G09  20219248.719   106252910.449       -1618.408          49.000    20219246.518    82794472.430       -1261.004          44.000  
E03  23363082.793   122773836.815       -1520.727          47.000    23363084.136    94073494.724       -1165.299          50.000  
G30  20184970.581   106072716.876        1423.896          47.000    20184968.831    82654042.682        1109.480          46.000  
R24  21644971.841   115745315.323        -992.950          47.000    21644970.231    90024143.019        -772.301          42.000  
R22  23490658.925   125394738.0941      -4549.477          38.000    23490672.957    97528961.495       -3538.738          38.000  
R11  19814912.683   105884947.761        2740.979          50.000    19814909.884    82354976.484        2132.153          47.000  
R07  20940909.024   112098312.806       -2357.098          50.000    20940906.110    87187630.923       -1833.166          46.000  
E25  24740500.138   130012236.211         -40.340          45.000    24740503.923    99619792.774         -30.824          47.000  
G06  20632829.461   108426221.147       -2647.838          48.000    20632828.600    84487987.781       -2063.430          43.000  
S31  37697473.767   198101581.611        -775.914          47.000  
S33  38685624.055   203294254.971        -775.437          42.000  
E05  25208612.375   132472125.031       -2425.504          36.000    25208616.703   101504625.307       -1858.580          39.000  
E02  24997943.800   131365121.898        1760.228          46.000    24997946.510   100656421.797        1348.814          48.000  
R09  21493454.208   114773819.446       -4152.850          48.000    21493452.574    89268496.785       -3229.924          46.000  
R10  19063255.371   101617884.234       -1205.003          48.000                                                                  
R08  19343413.432   103583108.580        -304.212          51.000    19343406.847    80564936.804        -236.415          48.000  
R01  21690166.217   115946373.243        1678.074          46.000    21690166.746    90180628.798        1305.129          42.000  
R23  21442023.901   114700287.667       -3946.810          44.000                                                                  
G07  18755272.522    98559588.877        -579.315          51.000    18755266.487    76799605.862        -451.417          44.000  
E34  26653502.607   140065016.505       -3842.835          40.000    26653513.705   107322522.982       -2944.345          41.000  
E13  24463865.739   128558415.209        -344.562          45.000    24463868.137    98505823.151        -263.813          48.000  
E15  23881853.999   125499983.183       -2911.263          45.000    23881856.689    96162318.161       -2230.725          47.000  
G16  24145434.592   126885114.627       -1993.736          43.000                                                                  
G20  22528924.624   118390256.485        2452.256          44.000                                                                  
E07  27378281.639   143873804.925         854.184          41.000    27378287.888   110240960.437         654.498          41.000  
G11  21644568.919   113742943.058        -123.309          43.000    21644568.164    88630920.292         -96.045          44.000  
G14  23789075.968   125012426.644        2536.431          41.000    23789082.908    97412268.819        1976.247          40.000  
G03  22794937.500   119788162.075       -3818.219          45.000    22794940.802    93341367.113       -2975.305          36.000  
G04  22433209.269   117887305.460       -2914.603          43.000    22433208.434    91860152.558       -2271.063          42.000  
> 2024 06 08 13 17 00.4970000  0 30                     
E08  23727741.132   124690139.241         -10.293          43.000    23727743.363    95541780.104          -7.896          48.000  
G09  20228510.962   106301584.926       -1627.078          47.000    20228509.147    82832400.536       -1267.794          44.000  
E03  23371779.861   122819540.310       -1526.661          47.000    23371781.216    94108514.261       -1169.778          50.000  
G30  20176896.588   106030285.733        1404.512          48.000    20176894.282    82620979.479        1094.539          45.000  
R24  21650621.682   115775517.393       -1021.193          47.000    21650619.482    90047633.429        -794.293          44.000  
R22  23516222.179   125531175.272       -4546.765          41.000    23516231.953    97635079.335       -3536.342          38.000  
R11  19799579.904   105803016.333        2720.520          48.000    19799576.993    82291252.152        2115.936          47.000  
R07  20954148.349   112169183.471       -2368.198          48.000    20954144.728    87242752.462       -1842.065          44.000  
E25  24740778.860   130013703.215         -57.885          44.000    24740783.044    99620916.887         -44.422          47.000  
G06  20648002.686   108505957.798       -2668.406          46.000    20648002.394    84550120.113       -2079.417          44.000  
S31  37701915.601   198124923.271        -780.788          46.000  
S33  38690062.424   203317580.268        -779.938          41.000  
E05  25222469.513   132544944.611       -2429.899          36.000    25222474.247   101560422.019       -1861.725          40.000  
E02  24987917.363   131312433.602        1751.868          46.000    24987920.030   100616050.246        1342.268          48.000  
R09  21516840.133   114898698.028       -4172.983          48.000    21516838.488    89365624.467       -3245.666          46.000  
R10  19070124.359   101654500.788       -1236.667          46.000                                                                  
R08  19345144.254   103592379.417        -314.540          49.000    19345138.106    80572147.475        -244.550          48.000  
R01  21680755.072   115896069.336        1675.032          43.000    21680754.661    90141503.562        1302.921          39.000  
R23  21464199.476   114818910.202       -3961.913          42.000                                                                  
G07  18758649.001    98577334.282        -604.085          50.000    18758644.534    76813433.426        -470.748          45.000  
E34  26675447.705   140180336.308       -3845.642          40.000    26675459.043   107410884.386       -2946.789          42.000  
E13  24465886.681   128569033.714        -364.072          44.000    24465889.110    98513959.365        -278.819          48.000  
E15  23898514.279   125587531.397       -2925.597          46.000    23898516.462    96229400.475       -2241.801          47.000  
G16  24156870.718   126945210.720       -2013.228          41.000                                                                  
G20  22514950.184   118316819.717        2443.098          43.000                                                                  
E07  27373421.757   143848259.314         848.515          43.000    27373427.249   110221386.550         650.064          42.000  
G11  21645339.356   113746990.243        -146.905          43.000    21645338.521    88634073.913        -114.570          44.000  
G14  23774594.956   124936327.530        2536.508          41.000    23774601.866    97352971.052        1976.403          39.000  
G03  22816769.639   119902888.191       -3830.743          44.000    22816773.499    93430763.776       -2984.875          37.000  
G04  22449863.222   117974820.973       -2920.249          44.000    22449861.758    91928346.405       -2275.503          41.000  
> 2024 06 08 13 17 30.4970000  0 30                     
E08  23727820.222   124690545.152         -16.885          45.000    23727820.289    95542091.094         -12.944          48.000  
G09  20237824.513   106350526.210       -1635.802          48.000    20237821.890    82870536.574       -1274.764          44.000  
E03  23380511.309   122865423.966       -1532.694          47.000    23380512.582    94143671.847       -1174.377          50.000  
G30  20168934.307   105988445.076        1384.793          47.000    20168931.962    82588376.386        1078.992          45.000  
R24  21656431.925   115806577.702       -1049.587          48.000    21656429.034    90071791.355        -816.365          43.000  
R22  23541768.831   125667536.615       -4543.930          42.000    23541777.512    97741138.237       -3534.429          39.000  
R11  19784364.166   105721707.858        2699.787          48.000    19784360.374    82228012.294        2099.810          46.000  
R07  20967452.314   112240400.681       -2379.754          48.000    20967448.421    87298143.536       -1850.967          43.000  
E25  24741159.621   130015703.261         -75.649          45.000    24741163.297    99622449.420         -57.930          47.000  
G06  20663295.482   108586321.221       -2689.297          46.000    20663295.822    84612740.833       -2095.530          44.000  
S31  37706386.735   198148419.508        -785.940          46.000  
S33  38694530.628   203341061.605        -785.441          41.000  
E05  25236351.302   132617896.185       -2434.163          36.000    25236356.720   101616319.872       -1864.726          39.000  
E02  24977940.804   131260007.302        1743.088          46.000    24977943.772   100575879.437        1335.614          48.000  
R09  21540340.850   115024190.738       -4193.360          47.000    21540339.204    89463229.809       -3261.349          46.000  
R10  19077173.168   101692076.867       -1268.723          45.000                                                                  
R08  19346935.549   103601972.151        -325.183          49.000    19346929.425    80579608.504        -252.930          48.000  
R01  21671362.844   115845859.959        1672.189          45.000    21671361.393    90102451.862        1300.171          39.000  
R23  21486459.950   114937989.963       -3977.136          44.000                                                                  
G07  18762169.119    98595831.999        -629.148          49.000    18762165.309    76827847.158        -490.245          46.000  
E34  26697410.574   140295752.579       -3848.698          39.000    26697422.767   107499319.676       -2949.100          42.000  
E13  24468019.258   128580242.241        -383.591          44.000    24468022.379    98522547.685        -293.895          48.000  
E15  23915256.994   125675516.961       -2940.074          46.000    23915259.754    96296817.901       -2252.833          47.000  
G16  24168417.929   127005890.839       -2032.386          40.000                                                                  
G20  22501029.740   118243670.257        2433.294          42.000                                                                  
E07  27368592.916   143822887.446         842.664          42.000    27368599.449   110201945.784         645.786          43.000  
G11  21646245.928   113751755.304        -170.869          44.000    21646245.080    88637786.928        -133.098          44.000  
G14  23760115.498   124860238.940        2535.997          40.000    23760122.615    97293681.478        1976.107          40.000  
G03  22838675.830   120018005.987       -3843.805          43.000    22838680.893    93520465.662       -2995.184          38.000  
G04  22466548.792   118062507.058       -2925.656          43.000    22466548.267    91996673.152       -2279.866          41.000  
> 2024 06 08 13 18 00.4970000  0 30                     
E08  23727935.281   124691146.692         -23.090          45.000    23727934.847    95542551.991         -17.767          48.000  
G09  20247188.855   106399733.271       -1644.350          48.000    20247185.374    82908879.728       -1281.293          43.000  
E03  23389277.106   122911486.724       -1538.123          47.000    23389278.062    94178966.691       -1178.660          50.000  
G30  20161083.390   105947194.965        1365.238          46.000    20161082.535    82556233.443        1063.929          45.000  
R24  21662399.438   115838493.860       -1077.952          48.000    21662397.005    90096614.926        -838.584          43.000  
R22  23567298.506   125803817.923       -4541.029          41.000    23567307.040    97847134.780       -3531.967          36.000  
R11  19769265.664   105641025.586        2678.977          49.000    19769262.009    82165259.487        2083.770          47.000  
R07  20980821.180   112311964.528       -2390.926          48.000    20980817.461    87353804.213       -1859.654          44.000  
E25  24741642.177   130018236.304         -93.127          45.000    24741645.467    99624390.331         -71.333          47.000  
G06  20678706.184   108667307.713       -2709.551          45.000    20678706.758    84675847.087       -2111.255          44.000  
S31  37710887.708   198172071.143        -790.819          46.000  
S33  38699028.429   203364697.468        -790.221          41.000  
E05  25250258.928   132690979.176       -2438.117          35.000    25250263.476   101672318.393       -1868.073          40.000  
E02  24968014.924   131207844.094        1734.577          46.000    24968017.116   100535910.223        1329.084          48.000  
R09  21563956.020   115150292.691       -4213.266          48.000    21563953.895    89561309.001       -3277.062          45.000  
R10  19084402.228   101730610.731       -1300.236          46.000                                                                  
R08  19348787.170   103611887.268        -335.690          48.000    19348780.673    80587320.283        -261.154          47.000  
R01  21661988.887   115795744.594        1669.055          45.000    21661987.241    90063473.269        1298.294          39.000  
R23  21508806.293   115057521.671       -3991.645          43.000                                                                  
G07  18765831.763    98615080.197        -654.019          49.000    18765828.040    76842845.683        -509.479          46.000  
E34  26719391.346   140411262.510       -3851.770          39.000    26719404.044   107587826.708       -2951.160          42.000  
E13  24470264.232   128592040.056        -402.916          43.000    24470267.732    98531587.517        -308.599          49.000  
E15  23932082.805   125763937.010       -2954.381          45.000    23932085.814    96364568.226       -2263.678          47.000  
G16  24180075.619   127067153.506       -2051.644          42.000                                                                  
G20  22487164.525   118170809.506        2424.213          42.000                                                                  
E07  27363797.043   143797687.793         837.205          41.000    27363804.604   110182637.024         641.591          43.000  
G11  21647289.044   113757237.523        -194.437          44.000    21647287.687    88642058.772        -151.635          43.000  
G14  23745637.788   124784162.144        2535.904          39.000    23745645.642    97234401.174        1976.092          40.000  
G03  22860656.309   120133513.159       -3856.580          43.000    22860661.869    93610470.966       -3005.115          39.000  
G04  22483267.436   118150362.890       -2930.985          44.000    22483267.221    92065132.152       -2283.959          41.000  
> 2024 06 08 13 18 30.4970000  0 30                     
E08  23728085.199   124691934.283         -29.584          45.000    23728085.012    95543155.447         -22.634          48.000  
G09  20256601.599   106449196.786       -1653.291          48.000    20256598.127    82947422.728       -1288.445          44.000  
E03  23398074.915   122957719.361       -1543.999          47.000    23398075.872    94214391.686       -1183.104          50.000  
G30  20153344.035   105906527.205        1345.924          44.000    20153344.051    82524544.286        1048.511          46.000  
R24  21668525.442   115871255.225       -1106.307          48.000    21668522.239    90122095.884        -860.574          43.000  
R22  23592811.629   125940006.805       -4538.466          39.000    23592818.493    97953059.547       -3530.297          33.000  
R11  19754282.769   105560964.241        2658.116          48.000    19754279.550    82102989.639        2067.554          46.000  
R07  20994253.722   112383866.354       -2402.544          49.000    20994249.971    87409727.752       -1868.495          44.000  
E25  24742223.968   130021294.204        -110.656          45.000    24742227.388    99626733.393         -84.873          47.000  
G06  20694233.629   108748905.433       -2730.094          45.000    20694234.947    84739429.642       -2127.404          45.000  
S31  37715416.168   198195868.003        -795.889          46.000  
S33  38703554.560   203388478.957        -795.518          40.000  
E05  25264188.751   132764184.734       -2442.396          36.000    25264193.961   101728410.886       -1871.203          37.000  
E02  24958136.608   131155936.891        1725.778          45.000    24958139.339   100496137.197        1322.303          47.000  
R09  21587682.775   115276990.607       -4233.306          49.000    21587680.630    89659851.734       -3292.518          45.000  
R10  19091809.734   101770092.681       -1332.137          46.000                                                                  
R08  19350697.252   103622116.830        -346.351          49.000    19350691.122    80595276.626        -269.393          48.000  
R01  21652628.522   115745714.218        1666.429          43.000    21652628.951    90024560.843        1295.725          41.000  
R23  21531232.343   115177491.457       -4006.440          42.000                                                                  
G07  18769635.074    98635068.746        -678.868          49.000    18769631.475    76858421.123        -529.020          46.000  
E34  26741389.860   140526855.046       -3854.779          39.000    26741401.097   107676397.037       -2953.547          42.000  
E13  24472619.332   128604418.156        -422.580          42.000    24472623.558    98541071.993        -323.637          49.000  
E15  23948988.421   125852780.422       -2968.597          44.000    23948992.475    96432642.945       -2274.724          48.000  
G16  24191842.843   127128987.869       -2070.996          40.000                                                                  
G20  22473353.268   118098230.510        2414.339          43.000                                                                  
E07  27359031.978   143772650.677         831.476          41.000    27359039.512   110163452.791         637.332          42.000  
G11  21648467.464   113763427.940        -218.331          45.000    21648465.589    88646882.429        -170.295          43.000  
G14  23731161.307   124708090.471        2535.257          40.000    23731169.384    97175124.827        1975.420          40.000  
G03  22882708.359   120249399.151       -3869.263          42.000    22882714.510    93700771.425       -3015.015          39.000  
G04  22500016.746   118238379.371       -2936.782          44.000    22500016.081    92133716.300       -2288.084          41.000  
> 2024 06 08 13 19 00.4970000  0 30                     
E08  23728270.147   124692907.961         -35.304          45.000    23728270.665    95543901.493         -27.159          49.000  
G09  20266063.183   106498917.186       -1661.393          49.000    20266059.062    82986165.896       -1294.747          43.000  
E03  23406904.579   123004122.326       -1549.396          47.000    23406906.102    94249947.203       -1187.154          50.000  
G30  20145716.224   105866443.508        1326.448          45.000    20145716.506    82493310.249        1033.592          46.000  
R24  21674810.061   115904860.716       -1134.066          47.000    21674807.024    90148233.413        -882.141          44.000  
R22  23618306.785   126076100.810       -4534.860          29.000    23618315.687                       -3527.456          24.000  
R11  19739418.293   105481528.669        2637.320          49.000    19739414.286    82041206.512        2051.496          47.000  
R07  21007749.531   112456107.962       -2413.600          50.000    21007745.557    87465915.590       -1877.346          45.000  
E25  24742906.084   130024878.428        -128.095          44.000    24742909.088    99629479.777         -98.190          47.000  
G06  20709877.100   108831112.150       -2750.296          45.000    20709878.476    84803486.716       -2143.051          44.000  
S31  37719972.376   198219810.655        -800.526          46.000  
S33  38708107.706   203412406.428        -800.119          41.000  
E05  25278143.341   132837513.735       -2446.537          35.000    25278148.070   101784597.981       -1874.508          37.000  
E02  24948308.012   131104288.248        1717.328          45.000    24948310.723   100456562.317        1315.991          47.000  
R09  21611520.530   115404280.938       -4252.695          48.000    21611518.227    89758855.273       -3307.684          45.000  
R10  19099393.985   101810521.926       -1363.274          46.000                                                                  
R08  19352666.675   103632662.810        -356.679          48.000    19352660.680    80603479.054        -277.469          48.000  
R01  21643284.885   115695769.875        1663.545          43.000    21643285.711    89985715.282        1293.834          40.000  
R23  21553741.055   115297894.476       -4020.446          44.000                                                                  
G07  18773579.805    98655797.404        -703.210          49.000    18773575.769    76874573.264        -548.000          46.000  
E34  26763402.284   140642528.747       -3857.035          40.000    26763413.842   107765029.581       -2955.345          42.000  
E13  24475085.178   128617377.181        -441.259          42.000    24475089.534    98551001.592        -338.303          49.000  
E15  23965975.694   125942045.753       -2982.413          45.000    23965978.838    96501040.932       -2285.211          48.000  
G16  24203718.319   127191393.990       -2089.641          35.000                                                                  
G20  22459596.254   118025936.181        2405.074          43.000                                                                  
E07  27354300.242   143747776.095         826.614          41.000    27354305.705   110144393.089         633.361          42.000  
G11  21649780.900   113770327.191        -241.584          45.000    21649777.931    88652258.396        -188.399          42.000  
G14  23716687.172   124632026.622        2535.409          39.000    23716694.380    97115854.588        1975.578          39.000  
G03  22904833.021   120365663.021       -3881.494          41.000    22904838.999    93791366.334       -3024.335          39.000  
G04  22516796.940   118326557.036       -2942.020          44.000    22516795.716    92202426.090       -2292.373          41.000  
> 2024 06 08 13 19 30.4970000  0 30                     
E08  23728490.353   124694063.433         -41.320          46.000    23728490.761    95544786.827         -31.654          49.000  
G09  20275572.627   106548890.570       -1669.811          48.000    20275568.933    83025106.196       -1301.213          43.000  
E03  23415766.267   123050691.713       -1554.803          46.000    23415768.098    94285630.250       -1191.422          51.000  
G30  20138199.978   105826940.936        1307.213          46.000    20138198.922    82462529.026        1018.646          45.000  
R24  21681251.657   115939305.101       -1162.087          47.000    21681249.934    90175023.338        -903.524          45.000  
R22  23643782.155                       -4535.358          20.000    23643789.514                       -3527.401          18.000  
R11  19724670.641   105402718.791        2616.697          49.000    19724666.276    81979910.039        2035.301          47.000  
R07  21021307.559   112528686.598       -2424.736          50.000    21021304.032    87522365.564       -1885.908          45.000  
E25  24743687.226   130028986.046        -145.626          44.000    24743690.677    99632627.201        -111.428          47.000  
G06  20725636.178   108913921.228       -2770.203          45.000    20725635.391    84868013.163       -2158.647          44.000  
S31  37724555.585   198243895.256        -804.930          46.000  
S33  38712687.941   203436476.400        -804.573          41.000  
E05  25292121.314   132910962.614       -2450.347          34.000    25292125.458   101840876.894       -1877.225          39.000  
E02  24938528.182   131052896.286        1708.901          44.000    24938531.065   100417184.148        1309.435          46.000  
R09  21635467.432   115532155.745       -4272.094          49.000    21635465.424    89858313.379       -3322.590          45.000  
R10  19107155.324   101851894.184       -1394.560          46.000                                                                  
R08  19354695.740   103643522.627        -367.031          49.000    19354688.292    80611925.593        -285.433          47.000  
R01  21633957.993   115645908.058        1660.790          44.000    21633957.203    89946933.928        1291.655          40.000  
R23  21576327.854   115418722.441       -4034.555          42.000                                                                  
G07  18777665.190    98677261.519        -727.476          49.000    18777660.389    76891298.495        -567.096          46.000  
E34  26785428.292   140758277.979       -3859.452          40.000    26785440.623   107853719.948       -2957.056          42.000  
E13  24477660.880   128630913.413        -460.582          42.000    24477665.445    98561373.452        -352.994          49.000  
E15  23983041.674   126031727.135       -2996.164          45.000    23983044.546    96569757.721       -2295.607          47.000  
G16  24215700.397   127254367.340       -2108.173          32.000                                                                  
G20  22445893.050   117953924.929        2395.690          43.000                                                                  
E07  27349595.218   143723059.620         821.522          40.000    27349601.930   110125454.528         629.438          41.000  
G11  21651227.849   113777931.527        -265.067          45.000    21651224.512    88658183.766        -206.504          42.000  
G14  23702213.564   124555969.209        2535.252          39.000    23702221.107    97056589.359        1975.566          40.000  
G03  22927028.781   120482299.538       -3893.909          42.000    22927034.278    93882251.648       -3034.412          38.000  
G04  22533606.394   118414892.088       -2946.999          45.000    22533605.083    92271258.540       -2296.191          40.000  
> 2024 06 08 13 20 00.4970000  0 30                     
E08  23728737.237   124695360.332         -45.021          46.000    23728737.448    95545780.527         -34.410          49.000  
G09  20285122.649   106599076.897       -1675.892          48.000    20285119.224    83064212.426       -1305.808          43.000  
E03  23424651.245   123097387.538       -1558.152          45.000    23424654.074    94321410.168       -1193.903          51.000  
G30  20130787.059   105787980.494        1290.177          47.000    20130785.254    82432170.249        1005.407          46.000  
R24  21687841.658   115974546.219       -1187.528          47.000    21687840.612    90202432.986        -923.438          45.000  
R11  19710032.556   105324498.524        2597.878          49.000    19710028.597    81919072.155        2020.794          47.000  
R07  21034921.339   112601561.974       -2433.568          50.000    21034917.820    87579046.337       -1892.762          45.000  
E25  24744561.290   130033577.977        -160.523          44.000    24744564.399    99636145.749        -123.037          47.000  
G06  20741501.394   108997289.940       -2787.722          46.000    20741499.833    84932975.710       -2172.315          44.000  
S31  37729158.092   198268081.734        -807.241          46.000  
S33  38717287.761   203460648.077        -806.691          41.000  
E05  25306111.885   132984491.754       -2451.985          36.000    25306117.624   101897217.291       -1878.558          40.000  
E02  24928789.958   131001723.114        1702.726          43.000    24928793.092   100377973.640        1304.622          47.000  
R09  21659515.449   115660570.629       -4288.937          49.000    21659513.215    89958191.545       -3335.676          45.000  
R10  19115085.457   101894167.283       -1423.496          46.000                                                                  
R08  19356774.449   103654656.909        -375.198          49.000    19356767.594    80620585.611        -291.851          47.000  
R01  21624637.906   115596088.825        1660.607          44.000    21624637.595    89908185.688        1291.477          41.000  
R23  21598987.028   115539929.715       -4046.017          45.000                                                                  
G07  18781882.522    98699420.364        -749.576          50.000    18781876.909    76908565.061        -584.157          46.000  
E34  26807462.022   140874060.881       -3859.528          40.000    26807473.894   107942436.132       -2957.059          42.000  
E13  24480338.938   128644987.034        -477.625          42.000    24480343.292    98572157.064        -365.867          48.000  
E15  24000178.573   126121782.681       -3007.580          45.000    24000181.390    96638761.226       -2304.539          47.000  
G16  24227785.344   127317867.115       -2124.879          28.000                                                                  
G20  22432236.900   117882159.301        2388.864          43.000                                                                  
E07  27344915.269   143698460.786         818.567          41.000    27344920.031   110106606.106         627.133          40.000  
G11  21652801.796   113786201.095        -286.163          44.000    21652798.347    88664627.492        -222.978          42.000  
G14  23687734.244   124479880.665        2537.269          39.000    23687741.810    96997299.889        1977.057          40.000  
G03  22949286.906   120599267.328       -3903.967          42.000    22949292.825    93973395.071       -3041.803          38.000  
G04  22550438.526   118503344.639       -2949.817          45.000    22550437.275    92340182.565       -2298.555          41.000  
E30  27904744.432   146640442.3531       1823.628          31.000                                                                  
> 2024 06 08 13 20 30.4970000  0 30                     
E08  23728998.180   124696734.560         -46.657          46.000    23728998.868    95546833.512         -35.670          49.000  
G09  20294701.280   106649412.381       -1679.849          48.000    20294697.766    83103434.880       -1309.025          43.000  
E03  23433548.613   123144146.053       -1559.156          45.000    23433551.941    94357238.121       -1194.772          51.000  
G30  20123465.277   105749499.553        1275.169          48.000    20123462.436    82402185.134         993.569          46.000  
R24  21694567.484   116010517.704       -1210.737          46.000    21694566.937    90230410.742        -941.646          43.000  
R11  19695493.693   105246807.186        2581.297          49.000    19695489.458    81858645.664        2007.708          47.000  
R07  21048577.956   112674670.330       -2440.362          49.000    21048574.744    87635908.315       -1898.198          44.000  
E25  24745515.809   130038591.504        -173.606          45.000    24745518.485    99639987.319        -133.102          47.000  
G06  20757459.522   109081151.816       -2803.120          45.000    20757458.632    84998322.518       -2184.402          44.000  
S31  37733768.264   198292307.479        -807.758          46.000  
S33  38721895.056   203484859.367        -806.995          40.000  
E05  25320108.384   133058037.789       -2451.440          36.000    25320113.410   101953570.639       -1878.347          40.000  
E02  24919081.553   130950707.105        1698.501          43.000    24919084.857   100338883.571        1301.283          46.000  
R09  21683651.652   115789456.786       -4303.585          49.000    21683649.865    90058436.256       -3347.379          45.000  
R10  19123172.517   101937276.092       -1450.459          46.000                                                                  
R08  19358892.581   103666002.415        -381.284          48.000    19358886.351    80629409.891        -296.554          48.000  
R01  21615313.314   115546247.463        1661.984          44.000    21615313.577    89869420.215        1292.430          41.000  
R23  21621704.830   115661446.874       -4055.209          44.000                                                                  
G07  18786219.187    98722209.332        -769.722          50.000    18786212.569    76926322.673        -600.002          45.000  
E34  26829488.777   140989811.933       -3857.064          40.000    26829500.910   108031127.931       -2955.657          42.000  
E13  24483107.925   128659534.423        -492.309          43.000    24483111.531    98583303.722        -377.244          48.000  
E15  24017374.237   126212146.773       -3016.761          45.000    24017377.099    96708001.134       -2311.563          47.000  
G16  24239958.071                1      -2138.898          25.000                                                                  
G20  22418614.602   117810577.621        2383.465          43.000                                                                  
E07  27340243.513   143673915.360         817.584          40.000    27340248.690   110087798.601         626.275          39.000  
G11  21654490.564   113795072.266        -305.354          45.000    21654486.597    88671540.027        -238.055          42.000  
G14  23673236.973   124403699.709        2541.158          38.000    23673245.053    96937938.400        1980.247          41.000  
G03  22971596.197   120716501.325       -3911.908          43.000    22971601.961    94064745.961       -3048.096          37.000  
G04  22567280.677   118591851.076       -2950.716          44.000    22567279.506    92409148.548       -2298.943          41.000  
E30  27894316.382   146585640.825        1828.991          32.000                                                                  
> 2024 06 08 13 21 00.4970000  0 29                     
E08  23729262.015   124698120.517         -45.714          46.000    23729262.500    95547895.484         -35.000          49.000  
G09  20304295.813   106699831.858       -1681.256          48.000    20304292.406    83142722.807       -1310.317          44.000  
E03  23442445.973   123190902.103       -1557.832          44.000    23442449.244    94393064.176       -1193.600          51.000  
G30  20116221.493   105711433.932        1262.584          48.000    20116218.835    82372523.620         983.965          46.000  
R24  21701418.570   116047151.545       -1231.425          46.000    21701417.017    90258903.597        -957.780          41.000  
R11  19681042.210   105169582.378        2566.984          49.000    19681037.947    81798582.020        1996.828          47.000  
R07  21062266.851   112747945.971       -2444.629          49.000    21062262.978    87692900.428       -1901.402          44.000  
E25  24746537.527   130043962.319        -184.263          44.000    24746540.874    99644102.639        -141.162          48.000  
G06  20773498.930   109165438.943       -2815.828          45.000    20773497.809    85064000.699       -2194.455          44.000  
S31  37738372.974   198316505.120        -805.611          46.000  
S33  38726497.167   203509042.179        -805.019          40.000  
E05  25334094.276   133131536.007       -2448.435          34.000    25334099.787   102009887.331       -1876.133          38.000  
E02  24909391.430   130899785.130        1696.473          43.000    24909394.598   100299865.560        1299.910          47.000  
R09  21707862.810   115918743.897       -4315.492          49.000    21707861.062    90158992.792       -3356.561          44.000  
R10  19131404.493   101981154.016       -1474.678          46.000                                                                  
R08  19361038.681   103677493.963        -384.667          49.000    19361032.495    80638347.753        -299.237          48.000  
R01  21605973.662   115496318.437        1666.509          45.000    21605972.503    89830586.523        1296.041          40.000  
R23  21644463.863   115783202.977       -4061.725          43.000                                                                  
G07  18790662.936    98745562.323        -787.223          50.000    18790655.514    76944519.801        -613.300          44.000  
E34  26851495.542   141105464.150       -3852.292          39.000    26851509.278   108119743.975       -2951.973          42.000  
E13  24485953.956   128674490.577        -504.590          43.000    24485957.357    98594763.582        -386.630          48.000  
E15  24034615.906   126302752.260       -3023.466          45.000    24034618.632    96777426.005       -2316.657          46.000  
G20  22405016.410   117739117.349        2380.628          43.000                                                                  
E07  27335570.004   143649357.602         819.343          40.000    27335575.379   110068981.651         628.138          39.000  
G11  21656280.938   113804479.970        -322.075          45.000    21656278.094    88678870.655        -251.004          43.000  
G14  23658710.184   124327363.619        2547.783          39.000    23658718.235    96878456.031        1985.109          40.000  
G03  22993943.718   120833934.938       -3917.132          43.000    22993949.139    94156252.373       -3052.228          36.000  
G04  22584120.919   118680346.276       -2948.907          44.000    22584119.419    92478105.771       -2297.827          40.000  
E30  27883851.796   146530629.788        1837.612          34.000                                                                  
> 2024 06 08 13 21 30.4970000  0 29                     
E08  23729517.481   124699466.934         -43.955          47.000    23729518.782    95548927.159         -33.701          49.000  
G09  20313896.566   106750284.382       -1682.161          50.000    20313892.858    83182036.476       -1310.863          43.000  
E03  23451333.958   123237604.742       -1555.583          47.000    23451336.496    94428849.304       -1191.901          51.000  
G30  20109046.513   105673733.709        1250.588          49.000    20109044.732    82343146.849         974.760          45.000  
R24  21708384.052   116084394.359       -1251.330          50.000    21708381.291    90287870.107        -973.338          43.000  
R11  19666668.605   105092776.833        2553.368          51.000    19666664.673    81738844.451        1985.850          47.000  
R07  21075977.321   112821338.432       -2448.235          52.000    21075972.901    87749983.362       -1904.200          43.000  
E25  24747617.681   130049640.415        -194.169          46.000    24747621.421    99648453.430        -148.781          48.000  
G06  20789608.419   109250097.600       -2827.992          47.000    20789608.172    85129968.391       -2203.432          44.000  
S31  37742962.977   198340625.571        -802.687          48.000  
S33  38731084.658   203533148.230        -802.255          42.000  
E05  25348060.881   133204936.005       -2444.727          31.000    25348067.532   102066128.717       -1872.510          34.000  
E02  24899710.046   130848908.383        1695.315          46.000    24899712.866   100260882.204        1299.030          47.000  
R09  21732138.969   116048376.726       -4326.611          52.000    21732137.244    90259818.269       -3365.231          44.000  
R10  19139770.167   102025747.667       -1498.093          48.000                                                                  
R08  19363202.544   103689081.335        -387.591          51.000    19363196.770    80647360.134        -301.392          48.000  
R01  21596608.545   115446250.556        1671.438          48.000    21596606.361    89791644.861        1300.174          40.000  
R23  21667260.405   115905141.484       -4067.394          46.000                                                                  
G07  18795204.017    98769427.535        -803.793          52.000    18795196.756    76963116.079        -626.363          44.000  
E34  26873474.700   141220964.832       -3847.103          40.000    26873488.902   108208243.901       -2947.939          42.000  
E13  24488868.128   128689804.699        -516.335          44.000    24488871.529    98606497.741        -395.538          48.000  
E15  24051894.207   126393546.322       -3029.308          47.000    24051896.197    96846995.382       -2321.261          46.000  
G20  22391431.725   117667730.099        2378.643          44.000                                                                  
E07  27330884.415   143624736.133         821.958          43.000    27330889.784   110050115.866         629.698          39.000  
G11  21658163.514   113814373.367        -337.690          47.000    21658162.054    88686579.725        -262.983          44.000  
G14  23644144.889   124250823.993        2554.891          40.000    23644152.578    96818815.093        1990.570          40.000  
G03  23016319.280   120951515.888       -3921.673          46.000    23016324.111    94247873.575       -3055.365          35.000  
G04  22600949.525   118768779.503       -2946.584          47.000    22600948.435    92547014.711       -2296.070          41.000  
E30  27873336.104   146475359.880        1847.065          37.000                                                                  
> 2024 06 08 13 22 00.4970000  0 29                     
E08  23729759.796   124700739.901         -41.224          45.000    23729761.393    95549902.560         -31.754          50.000  
G09  20323496.697   106800736.421       -1682.028          48.000    20323493.736    83221349.774       -1310.792          44.000  
E03  23460205.328   123284220.451       -1552.796          46.000    23460207.109    94464567.830       -1189.696          50.000  
G30  20101934.844   105636366.301        1239.829          47.000    20101933.973    82314029.400         966.076          46.000  
R24  21715456.631   116122210.595       -1270.329          48.000    21715453.488    90317282.571        -987.941          43.000  
R11  19652366.939   105016360.373        2540.372          48.000    19652364.319    81679409.500        1975.926          48.000  
R07  21089703.165   112894814.613       -2450.944          50.000    21089699.441    87807131.412       -1906.315          43.000  
E25  24748750.018   130055593.153        -203.087          43.000    24748754.319    99653014.654        -155.717          48.000  
G06  20805782.336   109335091.476       -2838.947          45.000    20805782.537    85196197.276       -2212.232          44.000  
S31  37747531.989   198364634.828        -798.629          46.000  
S33  38735650.589   203557143.004        -798.346          40.000  
E05  25362006.033   133278204.584       -2440.212          28.000    25362010.300   102122269.561       -1870.406          32.000  
E02  24890031.358   130798045.359        1695.029          45.000    24890034.098   100221909.360        1298.646          47.000  
R09  21756472.749   116178316.895       -4336.659          48.000    21756470.955    90360882.804       -3372.701          44.000  
R10  19148263.315   102071022.590       -1520.685          46.000                                                                  
R08  19365378.172   103700731.657        -389.716          49.000    19365372.429    80656421.493        -303.085          47.000  
R01  21587209.141   115396010.384        1677.365          45.000    21587209.174    89752569.177        1304.435          42.000  
R23  21690082.604   116027223.327       -4072.175          43.000                                                                  
G07  18799836.256    98793770.430        -819.595          49.000    18799830.045    76982084.562        -638.623          45.000  
E34  26895418.741   141336278.599       -3841.004          38.000    26895432.862   108296600.579       -2942.897          41.000  
E13  24491844.200   128705443.338        -527.004          42.000    24491847.582    98618480.561        -403.827          48.000  
E15  24069200.773   126484493.436       -3034.291          45.000    24069203.321    96916682.017       -2325.018          47.000  
G20  22377854.863   117596384.514        2377.306          43.000                                                                  
E07  27326182.050   143600016.936         825.108          41.000    27326186.367   110031175.172         632.438          40.000  
G11  21660131.132   113824718.943        -352.494          44.000    21660130.702    88694641.191        -274.956          44.000  
G14  23629535.361   124174049.716        2562.921          40.000    23629541.906    96758991.308        1997.146          38.000  
G03  23038716.097   121069209.197       -3925.110          44.000    23038719.724    94339582.374       -3058.478          33.000  
G04  22617759.736   118857117.272       -2943.129          45.000    22617758.577    92615849.238       -2293.349          40.000  
E30  27862762.111   146419798.777        1856.582          35.000                                                                  
> 2024 06 08 13 22 30.4970000  0 29                     
E08  23729983.551   124701913.408         -37.367          46.000    23729984.682    95550801.746         -28.785          50.000  
G09  20333091.817   106851162.336       -1680.381          46.000    20333089.440    83260642.704       -1309.402          44.000  
E03  23469054.577   123330723.597       -1548.105          46.000    23469056.162    94500200.137       -1186.295          50.000  
G30  20094882.010   105599307.028        1230.172          47.000    20094881.854    82285152.060         958.709          46.000  
R24  21722630.780   116160572.218       -1287.674          47.000    21722627.205    90347119.281       -1001.608          44.000  
R11  19638135.747   104940310.957        2528.777          49.000    19638132.958    81620260.034        1966.783          48.000  
R07  21103440.682   112968349.052       -2452.099          50.000    21103435.862    87864324.804       -1907.323          42.000  
E25  24749930.315   130061795.787        -210.965          44.000    24749934.813    99657767.330        -161.575          49.000  
G06  20822014.422   109420392.064       -2848.421          45.000    20822015.380    85262665.195       -2219.526          45.000  
S31  37752074.561   198388506.915        -793.409          46.000  
S33  38740190.293   203581001.304        -792.993          40.000  
E05  25375914.060                       -2434.397          23.000    25375923.196   102178290.291       -1865.552          29.000  
E02  24880351.032   130747172.483        1695.926          45.000    24880353.340   100182928.943        1299.446          48.000  
R09  21780858.531   116308534.127       -4345.100          48.000    21780856.105    90462162.824       -3379.471          43.000  
R10  19156879.607   102116951.238       -1541.673          46.000                                                                  
R08  19367561.499   103712420.373        -390.197          49.000    19367554.529    80665512.693        -303.292          47.000  
R01  21577773.459   115345572.451        1684.585          45.000    21577774.212    89713339.651        1310.007          41.000  
R23  21712926.355   116149418.108       -4074.855          44.000                                                                  
G07  18804553.488    98818564.436        -833.872          49.000    18804549.054    77001404.541        -649.755          45.000  
E34  26917322.193   141451377.967       -3832.909          39.000    26917335.900   108384793.022       -2936.984          41.000  
E13  24494877.079   128721380.939        -536.323          42.000    24494880.602    98630692.458        -410.824          48.000  
E15  24086531.204   126575565.996       -3037.774          45.000    24086534.502    96986464.758       -2327.653          47.000  
G20  22364281.891   117525057.331        2377.389          43.000                                                                  
E07  27321453.005   143575173.824         830.300          41.000    27321458.865   110012139.573         636.252          40.000  
G11  21662180.622   113835491.077        -366.170          44.000    21662180.561    88703035.021        -285.342          44.000  
G14  23614876.843   124097017.675        2572.112          41.000    23614883.178    96698966.647        2004.318          39.000  
G03  23061129.118   121186987.850       -3927.331          45.000    23061131.244    94431357.647       -3060.480          32.000  
G04  22634547.007   118945334.123       -2938.525          44.000    22634545.523    92684589.570       -2289.924          40.000  
E30  27852128.185   146363922.157        1867.899          36.000                                                                  
> 2024 06 08 13 23 00.4970000  0 29                     
E08  23730185.432   124702972.467         -33.440          46.000    23730186.206    95551613.253         -25.658          50.000  
G09  20342679.739   106901547.554       -1678.916          45.000    20342677.749    83299903.889       -1308.152          44.000  
E03  23477879.694   123377099.609       -1543.979          46.000    23477881.261    94535734.997       -1182.924          50.000  
G30  20087886.441   105562542.282        1220.297          47.000    20087885.683    82256504.219         950.839          45.000  
R24  21729903.635   116199462.881       -1305.246          47.000    21729900.611    90377367.465       -1015.225          44.000  
R11  19623971.755   104864618.019        2516.986          50.000    19623968.080    81561387.828        1957.678          49.000  
R07  21117185.968   113041927.952       -2453.507          50.000    21117181.543    87921552.761       -1908.287          43.000  
E25  24751155.549   130068234.563        -218.711          44.000    24751159.955    99662700.954        -167.574          49.000  
G06  20838301.354   109505982.033       -2857.805          44.000    20838303.139    85329358.554       -2226.997          45.000  
S31  37756588.564   198412227.813        -788.334          46.000  
S33  38744701.874   203604707.479        -787.790          41.000  
E05  25389797.820                       -2439.703          23.000    25389800.960                       -1857.193          23.000  
E02  24870665.695   130696277.209        1696.747          45.000    24870668.305   100143931.375        1299.986          48.000  
R09  21805292.301   116439010.010       -4353.632          47.000    21805289.973    90563644.016       -3386.240          42.000  
R10  19165615.693   102163518.203       -1562.919          46.000                                                                  
R08  19369749.253   103724134.113        -390.890          49.000    19369741.762    80674623.362        -304.207          46.000  
R01  21568298.421   115294922.042        1691.686          44.000    21568298.934    89673944.921        1315.617          41.000  
R23  21735788.475   116271705.910       -4077.877          45.000                                                                  
G07  18809353.866    98843794.134        -848.355          48.000    18809350.238    77021064.017        -661.014          46.000  
E34  26939181.625   141566246.598       -3825.574          39.000    26939195.316   108472808.648       -2931.307          41.000  
E13  24497963.688   128737602.946        -545.510          41.000    24497967.872    98643122.271        -417.944          48.000  
E15  24103882.496   126666747.451       -3041.338          45.000    24103886.173    97056330.939       -2330.319          48.000  
G20  22350709.975   117453736.582        2377.237          43.000                                                                  
E07  27316700.536   143550191.813         834.659          42.000    27316705.614   109992997.503         639.973          41.000  
G11  21664308.525   113846675.131        -379.792          44.000    21664308.467    88711749.844        -295.874          43.000  
G14  23600166.426   124019715.747        2580.883          41.000    23600173.086    96638731.661        2011.506          39.000  
G03  23083554.885   121304835.785       -3929.315          44.000    23083554.601    94523186.977       -3062.274          30.000  
G04  22651308.431   119033415.549       -2934.122          45.000    22651307.412    92753224.335       -2286.249          40.000  
E30  27841433.679   146307716.861        1879.031          35.000                                                                  
> 2024 06 08 13 23 30.4970000  0 29                     
E08  23730365.780   124703918.240         -29.611          46.000    23730366.076    95552337.968         -22.867          50.000  
G09  20352259.978   106951893.473       -1677.844          46.000    20352258.055    83339134.444       -1307.446          44.000  
E03  23486680.829   123423350.009       -1539.774          46.000    23486682.391    94571173.584       -1179.807          50.000  
G30  20080947.791   105526074.464        1210.248          48.000    20080945.832    82228087.723         943.274          45.000  
R24  21737275.740   116238882.369       -1323.103          47.000    21737272.231    90408026.982       -1029.326          43.000  
R11  19609875.381   104789286.878        2504.525          50.000    19609870.522    81502797.002        1948.101          49.000  
R07  21130939.587   113115553.853       -2455.280          50.000    21130935.558    87978817.294       -1909.719          44.000  
E25  24752426.423   130074911.886        -226.805          44.000    24752430.623    99667817.355        -173.795          49.000  
G06  20854643.922   109591860.000       -2867.566          45.000    20854644.846    85396276.337       -2234.367          44.000  
S31  37761073.976   198435798.344        -783.501          46.000  
S33  38749184.578   203628264.311        -782.838          41.000  
E02  24860977.322   130645363.125        1697.182          46.000    24860979.860   100104919.384        1300.468          49.000  
R09  21829774.199   116569742.254       -4362.314          46.000    21829771.998    90665324.583       -3393.017          42.000  
R10  19174470.670   102210723.502       -1584.546          46.000                                                                  
R08  19371942.049   103735876.051        -392.267          49.000    19371934.558    80683755.966        -305.101          47.000  
R01  21558783.889   115244061.902        1698.434          44.000    21558784.120    89634387.079        1321.116          40.000  
R23  21758664.685   116394083.909       -4081.086          44.000                                                                  
G07  18814238.188    98869459.855        -863.077          47.000    18814234.218    77041063.259        -672.485          46.000  
E34  26960997.379   141680884.135       -3817.661          39.000    26961010.838   108560647.181       -2924.961          41.000  
E13  24501104.838   128754110.979        -555.322          41.000    24501109.407    98655771.239        -425.358          48.000  
E15  24121254.681   126758037.312       -3045.015          46.000    24121258.169    97126280.195       -2333.160          48.000  
G20  22337140.041   117382426.065        2376.522          43.000                                                                  
E07  27311919.326   143525071.832         839.511          42.000    27311925.452   109973749.760         643.168          41.000  
G11  21666516.643   113858272.630        -393.724          44.000    21666514.919    88720786.831        -307.072          43.000  
G14  23585404.713   123942147.856        2589.813          40.000    23585412.981    96578289.491        2017.902          39.000  
G03  23105994.050   121422753.052       -3931.995          44.000    23105993.016    94615070.197       -3063.258          31.000  
G04  22668044.592   119121363.223       -2929.554          44.000    22668043.222    92821754.882       -2282.894          39.000  
E30  27830675.458   146251185.870        1889.544          33.000                                                                  
E05                                                                  25403650.321                       -1852.417          23.000  
> 2024 06 08 13 24 00.4970000  0 29                     
E08  23730525.053   124704753.385         -25.948          46.000    23730524.605    95552977.908         -20.024          49.000  
G09  20361834.032   107002203.227       -1676.630          46.000    20361831.649    83378336.798       -1306.485          44.000  
E03  23495458.850   123469477.838       -1535.675          46.000    23495460.227    94606518.259       -1176.667          50.000  
G30  20074066.524   105489907.462        1200.403          49.000    20074062.779    82199905.648         935.553          44.000  
R24  21744746.408   116278831.942       -1340.526          46.000    21744743.386    90439098.745       -1042.546          44.000  
R11  19595846.629   104714324.852        2492.406          50.000    19595841.776    81444493.256        1938.427          48.000  
R07  21144703.081   113189230.829       -2456.832          49.000    21144700.260    88036121.555       -1911.179          45.000  
E25  24753742.713   130081831.615        -234.705          43.000    24753747.525    99673119.528        -180.030          49.000  
G06  20871040.980   109678026.149       -2877.067          45.000    20871040.858    85463418.700       -2242.093          43.000  
S31  37765531.348   198459221.619        -778.557          46.000  
S33  38753639.345   203651674.029        -777.883          41.000  
E02  24851285.982   130594435.300        1697.638          45.000    24851288.715   100065896.857        1300.882          49.000  
R09  21854303.699   116700729.531       -4370.540          46.000    21854301.697    90767203.500       -3399.391          41.000  
R10  19183446.389   102258569.286       -1605.635          46.000                                                                  
R08  19374140.004   103747650.576        -393.239          49.000    19374133.034    80692913.933        -305.673          46.000  
R01  21549230.209   115192995.625        1705.709          43.000    21549229.973    89594668.881        1326.454          39.000  
R23  21781558.937   116516550.436       -4083.784          46.000                                                                  
G07  18819206.391    98895563.858        -877.551          48.000    18819201.752    77061404.057        -683.808          45.000  
E34  26982768.886   141795291.803       -3809.774          39.000    26982782.233   108648309.633       -2919.269          41.000  
E13  24504300.915   128770908.039        -564.877          42.000    24504305.606    98668641.688        -432.864          48.000  
E15  24138647.592   126849436.618       -3048.459          46.000    24138650.930    97196313.311       -2335.837          48.000  
G20  22323573.192   117311131.174        2376.304          43.000                                                                  
E07  27307112.859   143499816.470         843.837          41.000    27307119.707   109954398.236         646.801          41.000  
G11  21668802.400   113870286.414        -407.631          45.000    21668801.055    88730148.188        -317.583          43.000  
G14  23570594.152   123864319.605        2598.624          40.000    23570602.206    96517644.458        2024.534          39.000  
G03  23128446.232   121540741.284       -3934.219          43.000    23128447.435    94707008.793       -3065.914          33.000  
G04  22684755.385   119209180.377       -2925.381          44.000    22684754.509    92890183.702       -2279.082          39.000  
E30  27819857.370   146194333.556        1900.625          34.000                                                                  
E05                                                                  25417468.079                       -1856.864          22.000  
> 2024 06 08 13 24 30.4970000  0 29                     
E08  23730662.700   124705477.216         -22.491          46.000    23730662.075    95553532.539         -17.114          49.000  
G09  20371401.416   107052476.515       -1675.245          47.000    20371398.625    83417510.771       -1305.558          44.000  
E03  23504213.147   123515482.889       -1531.437          46.000    23504214.824    94641768.850       -1173.421          50.000  
G30  20067240.938   105454041.886        1190.302          48.000    20067237.775    82171958.462         927.625          44.000  
R24  21752315.858   116319309.266       -1358.156          48.000    21752312.610    90470581.029       -1056.421          44.000  
R11  19581887.763   104639735.627        2479.808          49.000    19581884.166    81386479.424        1928.883          49.000  
R07  21158476.161   113262959.257       -2458.580          49.000    21158473.107    88093465.828       -1912.162          45.000  
E25  24755106.137   130088994.309        -242.826          43.000    24755110.323    99678607.876        -186.184          49.000  
G06  20887492.000   109764477.271       -2886.884          45.000    20887491.875    85530783.110       -2249.470          43.000  
S31  37769960.573   198482498.195        -773.585          46.000  
S33  38758066.145   203674936.546        -773.076          41.000  
E02  24841592.204   130543495.477        1698.004          45.000    24841595.137   100026865.136        1301.085          49.000  
R09  21878880.376   116831967.758       -4378.979          45.000    21878878.603    90869277.598       -3405.751          41.000  
R10  19192541.893   102307053.532       -1627.023          46.000                                                                  
R08  19376345.042   103759459.033        -394.337          49.000    19376338.850    80702098.266        -306.710          47.000  
R01  21539638.248   115141723.413        1712.545          44.000    21539637.664    89554790.510        1331.698          38.000  
R23  21804467.746   116639100.333       -4086.410          43.000                                                                  
G07  18824257.105    98922104.475        -891.945          48.000    18824252.685    77082085.061        -695.068          46.000  
E34  27004495.748   141909467.526       -3802.047          39.000    27004510.104   108735794.329       -2913.427          41.000  
E13  24507552.322   128787993.823        -574.383          42.000    24507556.869    98681733.357        -440.176          48.000  
E15  24156059.986   126940943.072       -3052.086          45.000    24156064.083    97266428.532       -2338.658          47.000  
G20  22310009.571   117239854.042        2375.475          43.000                                                                  
E07  27302279.544   143474424.872         848.176          40.000    27302288.450   109934942.358         649.963          43.000  
G11  21671168.238   113882716.170        -421.476          45.000    21671165.959    88739833.662        -328.287          42.000  
G14  23555734.929   123786233.222        2607.156          41.000    23555742.219    96456798.214        2031.521          39.000  
G03  23150911.938   121658798.665       -3936.567          42.000    23150914.676    94799001.211       -3067.755          34.000  
G04  22701441.923   119296866.749       -2920.886          44.000    22701440.414    92958510.664       -2276.026          38.000  
E30  27808977.447   146137161.245        1911.146          35.000                                                                  
E05                                                                  25431252.133                       -1851.960          19.000  
> 2024 06 08 13 25 00.4970000  0 28                     
E08  23730779.889   124706094.008         -19.026          46.000    23730779.234    95554005.179         -14.544          49.000  
G09  20380962.216   107102718.087       -1674.309          48.000    20380959.174    83456660.020       -1304.652          44.000  
E03  23512944.964   123561369.901       -1527.712          46.000    23512946.984    94676929.003       -1170.536          50.000  
G30  20060473.038   105418483.266        1180.164          48.000    20060471.657    82144250.504         919.519          44.000  
R24  21759984.831   116360317.637       -1375.911          48.000    21759981.616    90502476.282       -1070.041          44.000  
R11  19568000.336   104565527.987        2467.151          48.000    19567997.568    81328762.412        1918.755          50.000  
R07  21172259.314   113336745.086       -2460.575          48.000    21172257.046    88150854.750       -1913.748          45.000  
E25  24756517.054   130096405.523        -251.253          43.000    24756520.408    99684286.679        -192.593          48.000  
G06  20903997.914   109851215.151       -2896.103          45.000    20903997.717    85598370.967       -2256.771          43.000  
S31  37774362.921   198505631.901        -768.858          46.000  
S33  38762465.203   203698056.340        -768.306          41.000  
E02  24831897.139   130492550.458        1697.841          44.000    24831900.447    99987829.420        1301.215          49.000  
R09  21903504.227   116963457.428       -4387.320          46.000    21903502.652    90971547.281       -3412.368          41.000  
R10  19201757.855   102356179.886       -1648.466          46.000                                                                  
R08  19378557.755   103771307.630        -395.822          49.000    19378551.353    80711313.828        -307.701          47.000  
R01  21530010.687   115090250.698        1719.044          46.000    21530008.875    89514756.222        1336.874          39.000  
R23  21827392.266   116761733.956       -4089.002          44.000                                                                  
G07  18829390.880    98949085.580        -906.757          47.000    18829387.530    77103109.298        -706.582          46.000  
E34  27026179.047   142023414.197       -3794.613          39.000    27026194.088   108823103.507       -2907.572          42.000  
E13  24510859.473   128805372.999        -584.107          42.000    24510864.128    98695049.853        -447.662          48.000  
E15  24173494.405   127032559.400       -3055.788          45.000    24173497.937    97336627.912       -2341.273          47.000  
G20  22296450.307   117168601.556        2374.506          43.000                                                                  
E07  27297420.098   143448901.204         853.010          38.000    27297431.689   109915385.336         653.560          43.000  
G11  21673614.162   113895566.367        -435.381          46.000    21673611.565    88749846.783        -339.377          43.000  
G14  23540827.881   123707895.878        2615.175          41.000    23540834.136    96395756.458        2037.904          38.000  
G03  23173391.848   121776928.448       -3938.936          42.000    23173395.363    94891050.086       -3069.646          35.000  
G04  22718104.349   119384427.195       -2916.526          43.000    22718101.871    93026739.546       -2272.902          38.000  
E30  27798040.299   146079674.958        1921.380          37.000    27798053.216   111931241.9001       1472.434          40.000  
> 2024 06 08 13 25 30.4970000  0 28                     
E08  23730876.725   124706605.338         -15.557          46.000    23730876.854    95554396.993         -11.790          49.000  
G09  20390517.247   107152929.796       -1673.350          48.000    20390514.193    83495786.003       -1303.881          44.000  
E03  23521655.191   123607140.741       -1523.980          46.000    23521656.766    94712000.140       -1167.717          50.000  
G30  20053765.843   105383234.391        1169.751          49.000    20053764.087    82116783.869         911.523          44.000  
R24  21767752.062   116401856.884       -1393.627          47.000    21767749.734    90534784.455       -1084.106          44.000  
R11  19554186.234   104491708.045        2454.095          49.000    19554183.572    81271346.881        1908.648          50.000  
R07  21186054.947   113410591.175       -2462.692          48.000    21186051.751    88208290.529       -1915.155          45.000  
E25  24757974.450   130104067.777        -259.772          43.000    24757978.263    99690157.836        -198.968          48.000  
G06  20920557.504   109938238.815       -2905.510          45.000    20920558.114    85666181.504       -2264.104          44.000  
S31  37778738.628   198528624.453        -764.198          46.000  
S33  38766838.707   203721035.506        -763.761          41.000  
E02  24822201.466   130441604.134        1698.083          43.000    24822205.393    99948792.716        1300.995          48.000  
R09  21928174.626   117095196.943       -4395.577          46.000    21928172.989    91074011.287       -3418.851          40.000  
R10  19211094.413   102405949.064       -1669.784          46.000    19211862.322                        -889.727          14.000  
R08  19380779.258   103783199.865        -397.216          50.000    19380772.632    80720563.323        -309.086          47.000  
R01  21520344.670   115038580.287        1725.475          45.000    21520343.210    89474568.158        1342.249          40.000  
R23  21850334.079   116884447.872       -4091.963          46.000                                                                  
G07  18834608.619    98976507.852        -921.499          47.000    18834605.489    77124477.287        -717.965          46.000  
E34  27047819.033   142137131.915       -3786.753          39.000    27047834.220   108910237.257       -2901.631          42.000  
E13  24514223.260   128823047.495        -594.175          42.000    24514227.301    98708592.605        -455.255          48.000  
E15  24190949.562   127124285.450       -3059.633          45.000    24190952.296    97406911.380       -2344.191          46.000  
G20  22282897.309   117097378.361        2373.517          44.000                                                                  
E07  27292540.654   143423247.001         857.099          39.000    27292549.626   109895728.221         656.874          43.000  
G11  21676140.715   113908838.835        -449.523          46.000    21676138.055    88760188.905        -350.286          44.000  
G14  23525873.379   123629311.976        2623.391          40.000    23525878.999    96334522.597        2044.083          36.000  
G03  23195885.307   121895131.030       -3941.611          41.000    23195889.459    94983155.675       -3071.337          35.000  
G04  22734742.376   119471863.776       -2912.628          43.000    22734741.409    93094871.841       -2269.494          39.000  
E30  27787041.196   146021877.978        1931.629          36.000    27787055.010   111886955.707        1480.028          40.000  
> 2024 06 08 13 26 00.4970000  0 28                     
E08  23730953.330   124707010.435         -11.688          46.000    23730954.328    95554707.418          -8.979          49.000  
G09  20400065.981   107203111.354       -1672.140          47.000    20400063.694    83534888.494       -1303.228          44.000  
E03  23530343.240   123652795.083       -1519.934          47.000    23530344.407    94746982.009       -1164.604          50.000  
G30  20047117.625   105348295.698        1159.424          49.000    20047116.054    82089558.920         903.381          45.000  
R24  21775618.906   116443924.709       -1410.928          46.000    21775617.519    90567503.795       -1097.427          46.000  
R11  19540444.765   104418279.360        2441.058          49.000    19540442.467    81214235.646        1898.664          50.000  
R07  21199861.705   113484497.906       -2464.541          49.000    21199858.200    88265773.429       -1916.932          45.000  
E25  24759480.436   130111981.504        -267.965          43.000    24759483.912    99696221.649        -205.281          48.000  
G06  20937171.662   110025544.964       -2914.893          45.000    20937172.101    85734212.139       -2271.368          44.000  
S31  37783086.815   198551475.983        -759.420          46.000  
S33  38771184.525   203743873.759        -758.975          41.000  
E02  24812506.466   130390658.247        1698.175          43.000    24812510.606    99909756.312        1301.187          48.000  
R09  21952891.132   117227181.543       -4403.613          46.000    21952889.737    91176665.928       -3425.435          40.000  
R10  19220551.693   102456359.397       -1690.935          46.000                                                                  
R08  19383008.571   103795136.916        -398.744          49.000    19383001.550    80729847.671        -310.027          47.000  
R01  21510640.623   114986712.257        1732.286          45.000    21510640.844    89434226.446        1347.563          40.000  
R23  21873287.308   117007237.715       -4094.434          43.000                                                                  
G07  18839911.949    99004369.613        -935.998          48.000    18839907.151    77146187.741        -729.241          46.000  
E34  27069415.661   142250618.503       -3778.970          39.000    27069430.572   108997193.907       -2895.729          42.000  
E13  24517642.264   128841016.827        -603.832          42.000    24517646.849    98722361.277        -462.709          48.000  
E15  24208424.346   127216118.839       -3062.850          45.000    24208427.290    97477277.088       -2346.984          45.000  
G20  22269350.439   117026186.346        2372.484          44.000                                                                  
E07  27287632.964   143397461.172         861.817          39.000    27287642.617   109875970.322         660.212          43.000  
G11  21678746.009   113922532.936        -463.469          46.000    21678743.609    88770859.601        -361.189          43.000  
G14  23510872.146   123550483.665        2631.522          41.000    23510877.760    96273098.290        2050.627          37.000  
G03  23218391.796   122013404.546       -3944.092          40.000    23218396.958    95075316.500       -3072.503          37.000  
G04  22751357.370   119559176.220       -2908.330          43.000    22751356.729    93162907.418       -2266.235          40.000  
E30  27775984.888   145963771.409        1941.771          36.000    27775997.868   111842432.272        1488.059          40.000  
> 2024 06 08 13 26 30.4970000  0 28                     
E08  23731009.202   124707304.644          -8.012          46.000    23731010.627    95554932.850          -6.199          50.000  
G09  20409608.915   107253258.448       -1671.134          47.000    20409606.244    83573964.110       -1302.206          44.000  
E03  23539007.637   123698328.601       -1515.776          47.000    23539009.104    94781871.296       -1161.527          50.000  
G30  20040527.451   105313663.618        1149.243          50.000    20040525.888    82062572.868         895.624          45.000  
R24  21783582.666   116486514.694       -1428.533          47.000    21783581.954    90600629.256       -1110.958          45.000  
R11  19526777.367   104345241.522        2428.015          51.000    19526773.645    81157428.407        1888.532          50.000  
R07  21213678.866   113558461.781       -2466.539          50.000    21213675.166    88323300.791       -1918.369          45.000  
E25  24761033.759   130120143.139        -276.306          44.000    24761037.074    99702475.423        -211.663          48.000  
G06  20953838.244   110113126.268       -2923.839          45.000    20953838.673    85802457.183       -2278.042          44.000  
S31  37787407.799   198574181.952        -754.351          47.000  
S33  38775502.990   203766566.663        -754.028          42.000  
E02  24802811.520   130339710.479        1698.202          43.000    24802815.222    99870718.481        1301.176          47.000  
R09  21977652.249   117359402.943       -4411.315          48.000    21977650.223    91279504.756       -3431.152          40.000  
R10  19230127.792   102507404.801       -1712.184          47.000                                                                  
R08  19385245.105   103807115.930        -399.992          51.000    19385238.942    80739164.661        -311.120          48.000  
R01  21500899.765   114934643.135        1738.875          46.000    21500900.647    89393728.338        1352.337          40.000  
R23  21896255.319   117130094.183       -4096.358          47.000                                                                  
G07  18845296.945    99032665.429        -950.502          50.000    18845291.239    77168236.430        -740.414          46.000  
E34  27090967.010   142363867.792       -3771.117          39.000    27090981.891   109083968.735       -2889.577          42.000  
E13  24521116.505   128859276.604        -613.713          42.000    24521121.635    98736352.496        -470.201          48.000  
E15  24225920.188   127308053.191       -3066.146          46.000    24225921.953    97547720.148       -2349.540          45.000  
G20  22255808.534   116955023.225        2371.486          45.000                                                                  
E07  27282700.790   143371538.995         866.096          40.000    27282709.436   109856107.938         663.812          43.000  
G11  21681430.712   113936644.104        -477.300          46.000    21681428.712    88781855.298        -371.837          43.000  
G14  23495824.465   123471409.141        2639.924          40.000    23495830.050    96211482.113        2057.190          36.000  
G03  23240911.285   122131743.126       -3945.839          40.000    23240916.812    95167528.085       -3074.425          37.000  
G04  22767948.211   119646360.338       -2904.157          44.000    22767947.615    93230843.002       -2262.736          40.000  
E30  27764867.648   145905352.224        1952.392          36.000    27764881.164   111797669.363        1495.922          41.000  
> 2024 06 08 13 27 00.4970000  0 28                     
E08  23731048.063   124707505.560          -5.631          46.000    23731048.937    95555086.786          -4.357          50.000  
G09  20419148.336   107303389.004       -1671.305          47.000    20419146.124    83613026.827       -1302.080          44.000  
E03  23547652.550   123743759.350       -1513.099          46.000    23547654.180    94816681.831       -1159.420          49.000  
G30  20033998.613   105279356.901        1137.701          48.000    20033997.743    82035840.357         886.542          44.000  
R24  21791648.331   116529643.236       -1447.056          47.000    21791646.941    90634173.574       -1125.499          44.000  
R11  19513186.049   104272616.361        2413.219          49.000    19513182.901    81100942.151        1877.038          50.000  
R07  21227509.402   113632502.263       -2469.939          49.000    21227506.686    88380887.718       -1921.141          45.000  
E25  24762637.800   130128571.397        -285.855          44.000    24762641.117    99708933.499        -219.158          48.000  
G06  20970559.542   110200997.815       -2934.220          43.000    20970560.664    85870928.394       -2286.444          44.000  
S31  37791704.334   198596760.745        -751.125          46.000  
S33  38779797.068   203789131.687        -750.385          41.000  
E02  24793120.059   130288780.874        1696.835          44.000    24793123.498    99831694.585        1300.106          47.000  
R09  22002459.966   117491874.925       -4420.524          46.000    22002458.412    91382538.499       -3438.071          41.000  
R10  19239825.789   102559102.216       -1734.626          46.000                                                                  
R08  19387493.304   103819156.692        -402.954          49.000    19387487.152    80748529.660        -313.272          48.000  
R01  21491125.977   114882391.443        1744.279          45.000    21491126.161    89353088.213        1356.608          41.000  
R23  21919236.881   117253030.803       -4099.683          45.000                                                                  
G07  18850766.607    99061412.443        -966.215          49.000    18850761.772    77190636.719        -752.882          46.000  
E34  27112475.788   142476895.953       -3764.430          39.000    27112491.137   109170574.142       -2884.336          42.000  
E13  24524649.818   128877844.719        -624.692          41.000    24524654.936    98750579.977        -478.623          48.000  
E15  24243437.378   127400104.440       -3070.833          46.000    24243439.073    97618252.774       -2352.848          45.000  
G20  22242276.570   116883910.305        2369.093          45.000                                                                  
E07  27277745.561   143345497.801         869.584          40.000    27277753.895   109836154.390         666.342          42.000  
G11  21684198.186   113951190.098        -492.757          43.000    21684197.214    88793189.827        -383.926          43.000  
G14  23480733.735   123392108.837        2646.422          41.000    23480739.129    96149689.932        2062.684          36.000  
G03  23263446.474   122250163.256       -3949.315          40.000    23263452.596    95259803.184       -3077.412          38.000  
G04  22784517.549   119733434.263       -2900.940          43.000    22784516.826    93298692.715       -2260.382          40.000  
E30  27753695.457   145846639.949        1961.369          37.000    27753708.988   111752681.864        1502.881          41.000  
> 2024 06 08 13 27 30.4970000  0 28                     
E08  23731074.361   124707639.641          -3.202          47.000    23731074.464    95555189.509          -2.620          50.000  
G09  20428690.467   107353530.031       -1671.488          47.000    20428687.728    83652097.730       -1302.612          44.000  
E03  23556283.836   123789114.266       -1510.537          46.000    23556284.732    94851434.284       -1157.406          49.000  
G30  20027536.834   105245403.157        1125.842          47.000    20027535.694    82009382.885         877.295          44.000  
R24  21799820.086   116573335.295       -1465.825          46.000    21799817.030    90668156.182       -1140.057          44.000  
R11  19499678.842   104200435.679        2398.589          49.000    19499675.010    81044801.636        1865.582          50.000  
R07  21241360.842   113706647.447       -2473.226          49.000    21241357.605    88438556.113       -1923.755          46.000  
E25  24764297.468   130137293.847        -295.693          44.000    24764301.288    99715616.981        -226.550          48.000  
G06  20987340.157   110289183.381       -2944.360          44.000    20987342.006    85939644.311       -2294.421          44.000  
S31  37795981.578   198619238.060        -747.466          46.000  
S33  38784071.840   203811595.753        -747.075          41.000  
E02  24783437.852   130237898.359        1695.102          44.000    24783440.789    99792706.777        1298.901          47.000  
R09  22027319.197   117624621.188       -4429.419          46.000    22027317.460    91485785.511       -3444.658          41.000  
R10  19249650.715   102611477.564       -1757.100          46.000                                                                  
R08  19389759.121   103831288.222        -405.859          49.000    19389752.903    80757965.242        -315.731          48.000  
R01  21481321.637   114829985.747        1749.396          45.000    21481321.926    89312328.276        1360.605          41.000  
R23  21942237.009   117376070.302       -4102.858          46.000                                                                  
G07  18856327.189    99090636.165        -982.045          48.000    18856322.861    77213408.439        -765.212          46.000  
E34  27133947.265   142589728.056       -3757.730          39.000    27133963.041   109257029.307       -2879.409          42.000  
E13  24528246.733   128896747.918        -635.659          41.000    24528252.049    98765064.199        -486.905          48.000  
E15  24260980.569   127492297.384       -3075.516          45.000    24260983.224    97688893.967       -2356.599          46.000  
G20  22228759.106   116812876.424        2366.299          45.000                                                                  
E07  27272772.443   143319363.922         872.998          40.000    27272779.930   109816129.828         668.717          42.000  
G11  21687053.429   113966197.478        -508.000          44.000    21687052.381    88804883.872        -395.702          43.000  
G14  23465606.141   123312612.138        2652.959          41.000    23465611.120    96087744.739        2067.383          36.000  
G03  23286002.033   122368690.224       -3952.178          40.000    23286008.107    95352161.550       -3080.016          38.000  
G04  22801071.905   119820424.954       -2898.358          44.000    22801070.476    93366477.601       -2258.600          40.000  
E30  27742473.158   145787662.919        1970.198          38.000    27742486.162   111707491.469        1509.814          41.000  
> 2024 06 08 13 28 00.4970000  0 28                     
E08  23731090.826   124707724.600          -2.523          47.000    23731090.370    95555254.591          -1.928          50.000  
G09  20438237.197   107403699.456       -1673.107          47.000    20438234.542    83691190.774       -1303.910          44.000  
E03  23564903.444   123834411.305       -1509.334          46.000    23564904.358    94886142.390       -1156.700          48.000  
G30  20021145.749   105211821.074        1112.659          48.000    20021144.777    81983215.058         866.962          44.000  
R24  21808098.695   116617607.295       -1485.867          46.000    21808095.918    90702589.837       -1155.627          44.000  
R11  19486258.012   104128721.336        2382.070          49.000    19486254.700    80989023.839        1852.769          50.000  
R07  21255235.602   113780916.608       -2478.171          49.000    21255232.625    88496320.923       -1927.443          46.000  
E25  24766017.017   130146329.179        -306.940          44.000    24766020.688    99722540.223        -235.151          49.000  
G06  21004183.889   110377698.068       -2956.348          43.000    21004185.276    86008616.692       -2303.678          43.000  
S31  37800243.259   198641632.714        -745.704          46.000  
S33  38788330.918   203833977.816        -745.277          41.000  
E02  24773767.853   130187082.855        1692.424          45.000    24773770.910    99753770.370        1296.692          47.000  
R09  22052232.453   117757655.984       -4439.796          45.000    22052230.423    91589256.930       -3453.111          42.000  
R10  19259606.930   102664547.196       -1780.996          46.000                                                                  
R08  19392045.215   103843530.179        -410.334          49.000    19392039.300    80767486.716        -319.185          48.000  
R01  21471492.885   114777444.593        1753.062          45.000    21471492.118    89271462.957        1363.243          39.000  
R23  21965261.882   117499226.184       -4107.718          46.000                                                                  
G07  18861982.999    99120353.218        -999.261          48.000    18861977.690    77236564.583        -778.623          45.000  
E34  27155385.474   142702380.274       -3752.809          39.000    27155400.458   109343346.622       -2875.234          42.000  
E13  24531911.342   128916004.100        -648.238          41.000    24531916.545    98779818.901        -496.677          48.000  
E15  24278554.273   127584647.943       -3081.358          45.000    24278557.258    97759655.914       -2361.039          46.000  
G20  22215260.489   116741941.851        2362.326          45.000                                                                  
E07  27267785.834   143293154.911         874.852          40.000    27267792.610   109796047.676         670.020          41.000  
G11  21690000.940   113981683.920        -524.727          45.000    21689999.292    88816951.235        -408.815          42.000  
G14  23450444.667   123232939.584        2658.320          40.000    23450449.541    96025662.478        2071.488          36.000  
G03  23308580.887   122487340.502       -3957.412          41.000    23308586.193    95444615.972       -3083.783          38.000  
G04  22817613.465   119907350.530       -2896.906          44.000    22817612.412    93434211.703       -2257.605          41.000  
E30  27731203.090   145728440.554        1977.599          39.000    27731216.621   111662113.084        1515.241          41.000  
> 2024 06 08 13 28 30.4970000  0 28                     
E08  23731103.183   124707790.021          -2.124          47.000    23731102.735    95555304.724          -1.579          50.000  
G09  20447795.333   107453927.314       -1675.431          48.000    20447792.662    83730329.313       -1305.421          45.000  
E03  23573517.793   123879680.492       -1508.862          45.000    23573518.924    94920829.118       -1156.022          48.000  
G30  20014833.267   105178641.412        1099.127          50.000    20014830.549    81957360.791         856.336          43.000  
R24  21816492.406   116662487.803       -1506.370          48.000    21816489.445    90737496.740       -1171.474          44.000  
R11  19472932.016   104057507.948        2365.220          49.000    19472928.437    80933635.684        1839.614          51.000  
R07  21269137.940   113855341.113       -2483.541          47.000    21269135.376    88554206.552       -1931.731          46.000  
E25  24767801.785   130155708.060        -318.595          44.000    24767805.363    99729726.709        -244.121          49.000  
G06  21021095.891   110466568.770       -2968.304          44.000    21021097.494    86077866.481       -2313.074          44.000  
S31  37804495.034   198663974.977        -744.042          46.000  
S33  38792580.115   203856306.537        -743.278          41.000  
E02  24764117.951   130136366.418        1688.732          46.000    24764119.699    99714909.882        1293.871          48.000  
R09  22077204.828   117891005.728       -4450.651          45.000    22077202.700    91692973.337       -3461.382          43.000  
R10  19269698.571   102718339.674       -1805.445          46.000                                                                  
R08  19394357.996   103855914.756        -415.489          49.000    19394352.237    80777119.116        -323.181          48.000  
R01  21461644.291   114724799.239        1756.435          45.000    21461643.563    89230516.612        1366.189          40.000  
R23  21988310.582   117622524.264       -4112.326          45.000                                                                  
G07  18867736.137    99150592.094       -1016.815          47.000    18867731.380    77260127.355        -792.443          45.000  
E34  27176794.162   142814880.771       -3747.640          39.000    27176809.077   109429547.730       -2871.749          42.000  
E13  24535648.034   128935643.062        -661.258          41.000    24535653.775    98794866.911        -506.719          47.000  
E15  24296163.318   127677184.018       -3087.780          45.000    24296166.526    97830560.037       -2366.028          46.000  
G20  22201786.837   116671139.095        2357.808          44.000                                                                  
E07  27262790.259   143266900.152         875.777          41.000    27262796.447   109775930.493         671.064          42.000  
G11  21693045.348   113997679.081        -541.650          46.000    21693042.956    88829414.975        -422.205          42.000  
G14  23435255.907   123153123.736        2662.821          41.000    23435260.882    95963468.556        2074.711          36.000  
G03  23331189.034   122606142.461       -3962.841          41.000    23331193.156    95537188.584       -3087.698          38.000  
G04  22834148.159   119994241.142       -2895.984          43.000    22834147.476    93501918.560       -2256.555          41.000  
E30  27719893.334   145669004.174        1984.694          38.000    27719906.458   111616570.734        1520.693          41.000  
> 2024 06 08 13 29 00.4970000  0 28                     
E08  23731118.360   124707870.276          -3.267          47.000    23731118.384    95555366.226          -2.570          50.000  
G09  20457370.736   107504248.424       -1679.379          47.000    20457368.237    83769540.538       -1308.511          44.000  
E03  23582133.262   123924956.653       -1509.748          45.000    23582134.565    94955521.212       -1156.808          48.000  
G30  20008603.944   105145899.583        1083.612          51.000    20008600.575    81931847.698         844.360          43.000  
R24  21825004.315   116708009.637       -1528.579          46.000    21825003.257    90772902.514       -1188.924          45.000  
R11  19459705.761   103986834.655        2346.154          49.000    19459702.877    80878667.636        1824.804          50.000  
R07  21283077.175   113929957.303       -2491.031          47.000    21283074.477    88612241.300       -1937.475          46.000  
E25  24769658.567   130165465.914        -332.008          44.000    24769662.103    99737203.578        -254.344          49.000  
G06  21038081.645   110555827.250       -2982.143          44.000    21038083.151    86147418.419       -2323.851          44.000  
S31  37808743.046   198686298.471        -744.372          46.000  
S33  38796825.784   203878617.426        -743.887          40.000  
E02  24754492.736   130085785.739        1683.393          45.000    24754494.647    99676153.438        1289.767          48.000  
R09  22102242.302   118024701.517       -4462.866          44.000    22102239.907    91796958.854       -3470.901          44.000  
R10  19279930.893   102772888.785       -1831.436          45.000                                                                  
R08  19396703.843   103868479.055        -422.475          48.000    19396698.303    80786891.315        -328.540          48.000  
R01  21451783.368   114672086.025        1757.760          45.000    21451783.044    89189517.485        1367.253          41.000  
R23  22011392.582   117745995.457       -4118.990          46.000                                                                  
G07  18873595.243    99181386.514       -1036.182          46.000    18873591.260    77284123.004        -807.402          44.000  
E34  27198179.983   142927262.556       -3744.655          39.000    27198195.027   109515657.864       -2869.088          42.000  
E13  24539465.211   128955699.401        -675.893          41.000    24539470.272    98810234.702        -517.833          47.000  
E15  24313813.746   127769938.306       -3095.792          45.000    24313817.432    97901631.355       -2372.090          47.000  
G20  22188345.522   116600505.053        2351.211          45.000                                                                  
E07  27257791.835   143240633.852         875.448          41.000    27257798.139   109755804.515         670.653          42.000  
G11  21696192.821   114014217.373        -560.975          47.000    21696189.613    88842301.908        -436.993          42.000  
G14  23420047.011   123073201.901        2665.376          41.000    23420052.078    95901192.040        2076.874          35.000  
G03  23353831.563   122725129.309       -3969.900          41.000    23353835.330    95629905.275       -3093.256          37.000  
G04  22850682.629   120081131.732       -2897.009          43.000    22850682.635    93569625.395       -2257.349          42.000  
E30  27708548.734   145609390.056        1989.610          37.000    27708562.278   111570892.210        1524.405          41.000  
> 2024 06 08 13 29 30.4970000  0 29                     
E08  23731141.367   124707992.237          -5.019          47.000    23731141.376    95555459.660          -3.743          50.000  
G09  20466969.256   107554690.085       -1683.697          46.000    20466967.036    83808845.715       -1311.770          45.000  
E03  23590755.277   123970267.073       -1511.231          44.000    23590756.911    94990239.561       -1157.737          48.000  
G30  20002462.401   105113623.474        1067.889          50.000    20002458.401    81906697.455         832.288          43.000  
R24  21833641.820   116754198.360       -1550.956          46.000    21833641.257    90808826.920       -1206.146          45.000  
R11  19446587.058   103916732.774        2326.895          49.000    19446584.762    80824144.017        1809.967          51.000  
R07  21297058.016   114004793.346       -2498.482          48.000    21297054.480    88670447.078       -1943.103          46.000  
E25  24771592.750   130175630.553        -345.750          44.000    24771596.235    99744992.138        -264.909          48.000  
G06  21055145.911   110645497.671       -2996.123          44.000    21055145.889    86217291.314       -2334.249          42.000  
S31  37812992.947   198708631.065        -744.601          46.000  
S33  38801073.417   203900937.826        -744.082          40.000  
E02  24744899.252   130035370.016        1677.524          45.000    24744900.690    99637523.373        1285.467          48.000  
R09  22127348.084   118158766.953       -4475.231          43.000    22127345.945    91901231.898       -3480.696          44.000  
R10  19290311.027   102828220.772       -1857.550          45.000                                                                  
R08  19399089.126   103881252.254        -429.431          49.000    19399083.657    80796826.017        -334.066          48.000  
R01  21441914.291   114619333.300        1759.013          45.000    21441913.641    89148487.637        1368.091          39.000  
R23  22034511.536   117869662.523       -4125.653          46.000                                                                  
G07  18879566.392    99212762.326       -1055.784          46.000    18879561.878    77308571.667        -822.626          45.000  
E34  27219547.458   143039550.950       -3741.448          39.000    27219563.318   109601696.447       -2866.802          42.000  
E13  24543367.403   128976200.122        -690.850          42.000    24543371.748    98825942.988        -529.363          47.000  
E15  24331509.134   127862935.943       -3104.270          43.000    24331514.682    97972889.098       -2378.445          47.000  
G13  24761153.872   130120741.3042       1383.530          32.000                                                                  
G20  22174942.334   116530069.519        2344.342          45.000                                                                  
E07  27252795.843   143214382.689         874.501          41.000    27252802.797   109735690.116         670.004          42.000  
G11  21699449.315   114031325.514        -579.929          47.000    21699445.679    88855632.874        -452.023          42.000  
G14  23404824.147   122993203.876        2667.526          41.000    23404828.361    95838856.102        2079.049          35.000  
G03  23376514.177   122844326.652       -3976.963          41.000    23376518.072    95722785.997       -3098.769          38.000  
G04  22867222.945   120168049.621       -2898.004          43.000    22867222.185    93637353.541       -2257.922          42.000  
E30  27697176.605   145549626.771        1994.428          38.000    27697189.931   111525099.393        1528.202          41.000  
