     3.00           OBSERVATION DATA    M: Mixed            RINEX VERSION / TYPE
CONVBIN demo5 b34j                      20240609 013620 UTC PGM / RUN BY / DATE 
log: SAUC00CHL_R_20241601030_15M_30S_MO.ubx                 COMMENT             
format: u-blox UBX                                          COMMENT             
format: u-blox UBX                                          COMMENT             
log: SAUC00CHL_R_20241601030_15M_30S_MO.ubx                 COMMENT             
SAUC00CHL                                                   MARKER NAME         
                                                            MARKER NUMBER       
GEODETIC                                                    MARKER TYPE         
El Sauce            Obstech                                 OBSERVER / AGENCY   
UNKNOWN             UBLOX-ZED-F9P                           REC # / TYPE / VERS 
UNKNWOWN            TWIVSP6037L                             ANT # / TYPE        
  1813185.0000 -5195981.0000 -3216438.0000                  APPROX POSITION XYZ 
        0.0000        0.0000        0.0000                  ANTENNA: DELTA H/E/N
G    8 C1C L1C D1C S1C C2X L2X D2X S2X                      SYS / # / OBS TYPES 
R    8 C1C L1C D1C S1C C2C L2C D2C S2C                      SYS / # / OBS TYPES 
E    8 C1X L1X D1X S1X C7X L7X D7X S7X                      SYS / # / OBS TYPES 
S    4 C1C L1C D1C S1C                                      SYS / # / OBS TYPES 
  2024    06    08    10    30   00.4920000     GPS         TIME OF FIRST OBS   
  2024    06    08    10    44   30.4920000     GPS         TIME OF LAST OBS    
                                                            END OF HEADER       
> 2024 06 08 10 30 00.4920000  0 27                     
E08  24811763.851   130386718.3911       1435.654          40.000    24811763.815    99906693.7051       1100.089          43.000  
G09  19015401.305    99926673.0211        888.550          48.000    19015396.887    77864943.7031        692.466          45.000  
E03  21308627.101   111977635.5131       -137.287          46.000    21308627.236    85801089.6821       -105.085          50.000  
G19  21030283.954   110514909.3321       -699.105          44.000                                                                  
R16  20396746.427   108955762.5661        209.307          48.000    20396741.949    84743344.9311        162.824          45.000  
R22  17223663.036    91941083.9661         88.066          50.000    17223658.707    71509640.5911         68.558          49.000  
R06  19105648.560   101951382.2891      -2934.394          38.000                                                                  
R07  17753775.264    95037396.2551       -967.948          49.000    17753768.611    73918045.3591       -752.898          49.000  
G06  21380010.818   112352729.9951       2705.188          41.000    21380008.517    87547812.9381       2107.648          41.000  
S31  36238330.549   190433787.8311       -738.761          45.000  
S33  37228026.628   195634597.8361       -738.258          40.000  
E05  20362812.745   107007369.0701      -2363.504          45.000    20362812.322    81992693.7251      -1811.026          49.000  
E36  23810683.928   125126218.3371      -3382.030          45.000    23810684.639    95875998.1801      -2591.414          46.000  
R09  20503904.545   109489714.3681       2453.082          47.000    20503900.795    85158646.4511       1907.855          44.000  
R08  19931675.024   106733231.3711       1173.525          48.000    19931667.839    83015035.7331        912.585          45.000  
R21  18063120.861    96659437.1721      -4027.962          50.000    18063113.405    75179501.0141      -3132.850          47.000  
R23  20561495.060   109990127.3171       3072.918          47.000                                                                  
G07  22611326.266   118823290.2731       3211.300          36.000    22611318.125    92589585.0401       2503.070          31.000  
E34  20887041.866   109762219.5261      -1313.842          48.000    20887040.531    84103541.1841      -1006.798          49.000  
E18  26054667.724   136918211.0961      -1140.403          44.000    26054666.567   104911336.5821       -873.878          48.000  
E15  22420808.937   117822196.9871       1271.614          44.000    22420810.094    90279352.2561        974.389          49.000  
G21  20358976.054   106987268.5931      -4728.289          44.000                                                                  
G17  20073393.857   105486387.7321      -2385.125          46.000    20073389.071    82197166.4731      -1858.689          42.000  
G02  19513174.990   102542493.4971      -4026.917          48.000                                                                  
G31  21142425.675   111104235.2951      -2577.749          45.000    21142418.247    86574708.0201      -2008.745          39.000  
G03  18542018.026    97439048.8991       -857.611          48.000    18542013.725    75926594.5471       -668.286          44.000  
G04  17723331.181    93136797.4491      -1277.732          46.000    17723325.606    72574059.8371       -995.496          46.000  
> 2024 06 08 10 30 30.4920000  0 27                     
E08  24803578.002   130343699.970        1431.886          40.000    24803578.093    99873731.565        1097.063          44.000  
G09  19010356.814    99900165.254         878.380          47.000    19010353.405    77844288.344         684.365          46.000  
E03  21309429.725   111981855.919        -144.401          45.000    21309430.319    85804323.523        -110.686          50.000  
G19  21034316.141   110536096.997        -713.723          45.000                                                                  
R16  20395625.763   108949773.801         189.762          49.000    20395620.685    84738687.005         147.277          45.000  
R22  17223238.097    91938818.929          62.715          50.000    17223234.149    71507878.905          48.766          49.000  
R06  19122141.145   102039388.923       -2932.764          38.000                                                                  
R07  17759215.424    95066529.395        -974.516          47.000    17759210.094    73940704.449        -758.037          49.000  
G06  21364577.214   112271624.155        2701.556          42.000    21364574.805    87484613.590        2105.316          42.000  
S31  36242543.019   190455924.501        -737.339          45.000  
S33  37232235.232   195656713.884        -736.601          40.000  
E05  20376313.231   107078314.440       -2366.402          46.000    20376312.718    82047054.456       -1813.323          49.000  
E36  23830005.185   125227753.199       -3387.145          45.000    23830005.977    95953797.578       -2595.298          46.000  
R09  20490132.663   109416173.571        2449.322          47.000    20490128.315    85101448.039        1905.076          43.000  
R08  19925118.569   106698118.833        1167.036          49.000    19925110.541    82987726.032         907.532          43.000  
R21  18085747.377    96780521.402       -4044.552          49.000    18085740.834    75273677.614       -3145.785          46.000  
R23  20544288.996   109898082.235        3063.158          47.000                                                                  
G07  22592977.908   118726868.503        3216.239          38.000    22592969.601    92514451.254        2506.606          31.000  
E34  20894574.224   109801804.252       -1325.142          48.000    20894573.045    84133872.337       -1015.509          49.000  
E18  26061162.474   136952340.236       -1135.343          44.000    26061160.888   104937487.449        -869.887          48.000  
E15  22413567.180   117784138.267        1265.272          45.000    22413567.738    90250190.385         969.419          49.000  
G21  20385984.580   107129202.223       -4734.424          43.000                                                                  
G17  20087047.898   105558140.183       -2398.539          46.000    20087043.237    82253077.440       -1868.804          42.000  
G02  19536191.339   102663445.381       -4036.881          48.000                                                                  
G31  21157177.018   111181754.277       -2590.481          45.000    21157169.958    86635112.446       -2018.863          40.000  
G03  18546924.100    97464829.914        -861.243          48.000    18546919.468    75946683.661        -671.271          44.000  
G04  17730656.973    93175299.370       -1289.360          46.000    17730653.157    72604061.348       -1004.772          47.000  
> 2024 06 08 10 31 00.4920000  0 27                     
E08  24795416.241   130300815.531        1426.969          38.000    24795417.530    99840872.100        1093.521          44.000  
G09  19005372.397    99873972.629         867.661          48.000    19005369.485    77823878.538         676.030          46.000  
E03  21310276.881   111986305.037        -152.180          45.000    21310276.937    85807732.584        -116.603          50.000  
G19  21038434.514   110557735.331        -728.905          45.000                                                                  
R16  20394617.677   108944388.588         169.288          49.000    20394612.651    84734498.491         131.735          46.000  
R22  17222958.912    91937324.372          36.814          50.000    17222953.841    71506716.464          28.657          48.000  
R06  19138629.892   102127393.6241      -2932.517          36.000                                                                  
R07  17764696.918    95095870.546        -981.621          50.000    17764691.189    73963525.354        -763.419          49.000  
G06  21349165.874   112190634.368        2697.552          42.000    21349163.368    87421504.692        2102.094          42.000  
S31  36246749.641   190478030.259        -736.530          45.000  
S33  37236438.053   195678798.320        -735.621          40.000  
E05  20389832.796   107149361.233       -2370.047          46.000    20389832.274    82101492.899       -1815.965          49.000  
E36  23849358.504   125329452.676       -3392.719          45.000    23849358.837    96031723.104       -2599.655          46.000  
R09  20476384.297   109342760.116        2444.836          48.000    20476379.445    85044348.683        1901.248          42.000  
R08  19918599.580   106663212.869        1160.017          49.000    19918592.663    82960576.984         902.258          44.000  
R21  18108469.027    96902111.890       -4061.628          49.000    18108462.894    75368247.984       -3158.917          46.000  
R23  20527141.029   109806350.385        3052.311          48.000                                                                  
G07  22574604.393   118630321.106        3219.932          35.000    22574597.474    92439219.541        2509.767          30.000  
E34  20902174.359   109841743.059       -1337.401          48.000    20902173.184    84164474.794       -1024.786          49.000  
E18  26067629.112   136986326.081       -1130.466          43.000    26067628.032   104963528.536        -866.377          47.000  
E15  22406363.656   117746282.981        1258.207          44.000    22406364.250    90221184.383         964.173          49.000  
G21  20413030.530   107271331.514       -4741.006          44.000                                                                  
G17  20100779.900   105630300.448       -2412.235          46.000    20100775.417    82309306.176       -1879.642          42.000  
G02  19559266.024   102784705.975       -4047.203          48.000                                                                  
G31  21172003.780   111259669.479       -2603.856          45.000    21171996.874    86695825.550       -2028.881          40.000  
G03  18551853.440    97490733.600        -865.613          48.000    18551848.849    75966868.342        -674.475          44.000  
G04  17738053.257    93214161.926       -1301.543          46.000    17738048.957    72634343.817       -1014.134          48.000  
> 2024 06 08 10 31 30.4920000  0 27                     
E08  24787285.959   130258089.102        1421.565          39.000    24787286.842    99808133.731        1089.015          43.000  
G09  19000452.677    99848118.736         855.768          47.000    19000449.549    77803732.653         666.867          45.000  
E03  21311170.667   111991005.943        -161.195          45.000    21311171.226    85811334.568        -123.513          50.000  
G19  21042642.546   110579847.274        -745.524          44.000                                                                  
R16  20393727.491   108939633.175         147.706          50.000    20393722.265    84730799.845         114.705          45.000  
R22  17222828.534    91936625.907           9.556          51.000    17222822.580    71506173.183           7.634          48.000  
R06  19155118.492   102215387.3671      -2933.203          37.000                                                                  
R07  17770221.799    95125442.031        -989.897          50.000    17770215.727    73986525.400        -769.826          49.000  
G06  21333780.687   112109786.968        2691.907          41.000    21333778.478    87358506.717        2097.992          42.000  
S31  36250954.592   190500129.313        -736.747          45.000  
S33  37240638.968   195700875.526        -736.115          40.000  
E05  20403375.940   107220531.824       -2374.721          45.000    20403375.568    82156026.211       -1819.622          49.000  
E36  23868747.185   125431339.306       -3399.732          44.000    23868747.847    96109792.020       -2604.778          47.000  
R09  20462666.048   109269502.593        2438.972          49.000    20462661.966    84987370.592        1897.082          42.000  
R08  19912123.944   106628536.822        1151.692          49.000    19912116.129    82933606.767         895.903          44.000  
R21  18131290.629    97024229.027       -4079.721          51.000    18131282.118    75463227.960       -3173.148          45.000  
R23  20510055.980   109714960.407        3040.339          47.000                                                                  
G07  22556211.958   118533673.960        3222.848          38.000    22556207.498    92363910.228        2510.927          32.000  
E34  20909846.312   109882059.883       -1350.463          48.000    20909844.810    84195366.897       -1034.797          49.000  
E18  26074072.938   137020191.798       -1127.134          42.000    26074072.193   104989477.539        -863.543          47.000  
E15  22399203.150   117708656.593        1250.131          44.000    22399204.070    90192353.792         957.946          49.000  
G21  20440118.024   107413677.356       -4748.948          43.000                                                                  
G17  20114593.761   105702889.376       -2427.026          46.000    20114588.386    82365868.939       -1891.228          42.000  
G02  19582403.876   102906296.529       -4058.806          48.000                                                                  
G31  21186910.403   111338003.205       -2618.441          45.000    21186903.419    86756864.815       -2040.192          40.000  
G03  18556810.511    97516784.474        -871.252          48.000    18556806.241    75987167.714        -678.833          45.000  
G04  17745522.482    93253407.122       -1314.917          47.000    17745516.683    72664924.460       -1024.420          48.000  
> 2024 06 08 10 32 00.4920000  0 27                     
E08  24779193.442   130215554.623        1414.144          41.000    24779192.795    99775542.375        1083.580          44.000  
G09  18995603.423    99822636.957         842.933          47.000    18995600.487    77783876.730         656.773          46.000  
E03  21312119.574   111995991.419        -171.139          45.000    21312119.669    85815154.610        -131.308          50.000  
G19  21046947.122   110602466.016        -762.697          45.000                                                                  
R16  20392962.157   108935544.253         124.899          49.000    20392956.650    84727619.560          97.000          45.000  
R22  17222852.984    91936758.995         -18.668          50.000    17222847.126    71506276.677         -14.550          48.000  
R06  19171613.583   102303410.249       -2935.551          36.000                                                                  
R07  17775794.575    95155276.089        -999.144          48.000    17775788.774    74009729.659        -777.164          48.000  
G06  21318429.470   112029118.132        2685.468          41.000    21318427.457    87295647.925        2092.767          42.000  
S31  36255164.769   190522253.261        -738.129          45.000  
S33  37244845.066   195722979.255        -737.545          40.000  
E05  20416949.013   107291858.366       -2380.375          46.000    20416948.408    82210679.020       -1823.874          49.000  
E36  23888177.446   125533445.379       -3407.315          45.000    23888178.255    96188029.092       -2610.833          47.000  
R09  20448982.622   109196439.427        2431.750          46.000    20448979.398    84930543.667        1891.420          43.000  
R08  19905698.146   106594124.185        1142.435          50.000    19905690.213    82906841.426         888.578          45.000  
R21  18154215.514    97146902.735       -4098.763          50.000    18154207.631    75558640.824       -3187.892          46.000  
R23  20493041.786   109623950.622        3026.907          47.000                                                                  
G07  22537809.260   118436963.485        3224.350          38.000    22537804.759    92288551.387        2512.762          32.000  
E34  20917597.020   109922788.472       -1364.771          48.000    20917595.320    84226574.501       -1045.771          49.000  
E18  26080500.653   137053970.235       -1124.580          43.000    26080499.935   105015359.684        -861.765          47.000  
E15  22392093.757   117671294.373        1240.715          44.000    22392094.041    90163725.616         950.641          49.000  
G21  20467252.444   107556270.082       -4757.416          43.000                                                                  
G17  20128494.274   105775937.562       -2442.846          47.000    20128488.867    82422789.569       -1903.533          42.000  
G02  19605609.599   103028247.703       -4071.290          47.000                                                                  
G31  21201902.602   111416787.401       -2633.988          45.000    21201895.405    86818255.096       -2052.363          40.000  
G03  18561801.854    97543016.936        -877.637          47.000    18561797.900    76007608.599        -683.990          44.000  
G04  17753068.850    93293066.851       -1329.191          47.000    17753062.447    72695828.168       -1035.732          47.000  
> 2024 06 08 10 32 30.4920000  0 27                     
E08  24771140.625   130173239.078        1406.936          40.000    24771141.034    99743118.779        1078.064          45.000  
G09  18990830.354    99797553.843         829.386          48.000    18990827.584    77764331.463         646.202          47.000  
E03  21313127.918   112001287.618        -182.106          46.000    21313127.304    85819212.721        -139.350          49.000  
G19  21051352.222   110625617.022        -780.770          45.000                                                                  
R16  20392327.130   108932151.549         101.329          49.000    20392321.753    84724980.775          78.756          45.000  
R22  17223038.791    91937752.111         -47.567          50.000    17223033.472    71507049.107         -36.977          48.000  
R06  19188120.961   102391493.991       -2937.280          36.000                                                                  
R07  17781421.661    95185398.425       -1008.990          49.000    17781414.664    74033158.153        -784.759          47.000  
G06  21303117.549   111948657.292        2678.430          40.000    21303116.039    87232951.217        2087.231          42.000  
S31  36259384.976   190544430.546        -740.218          45.000  
S33  37249060.779   195745134.362        -739.550          40.000  
E05  20430556.662   107363366.238       -2386.720          46.000    20430556.153    82265470.769       -1828.857          49.000  
E36  23907654.386   125635796.476       -3416.025          45.000    23907654.942    96266453.882       -2617.464          47.000  
R09  20435342.454   109123602.226        2423.918          46.000    20435338.495    84873892.508        1885.266          43.000  
R08  19899326.481   106560001.523        1132.457          50.000    19899318.096    82880301.593         880.780          45.000  
R21  18177248.457    97270156.459       -4118.127          50.000    18177241.226    75654504.814       -3203.009          46.000  
R23  20476105.195   109533352.382        3012.784          46.000                                                                  
G07  22519398.459   118340218.681        3225.370          37.000    22519395.009    92213165.934        2512.223          31.000  
E34  20925430.776   109963955.770       -1379.868          48.000    20925429.389    84258118.245       -1057.084          49.000  
E18  26086916.999   137087687.519       -1122.844          43.000    26086916.080   105041194.983        -860.580          47.000  
E15  22385040.017   117634224.846        1230.510          44.000    22385039.810    90135321.695         942.874          49.000  
G21  20494438.415   107699133.599       -4766.704          44.000                                                                  
G17  20142486.128   105849469.589       -2459.230          46.000    20142481.575    82480087.230       -1916.214          42.000  
G02  19628889.699   103150583.542       -4084.304          48.000                                                                  
G31  21216984.878   111496046.903       -2649.969          45.000    21216977.889    86880015.733       -2064.818          41.000  
G03  18566833.603    97569458.547        -884.906          47.000    18566829.741    76028212.429        -689.783          45.000  
G04  17760698.401    93333166.181       -1344.056          46.000    17760691.468    72727074.425       -1047.301          46.000  
> 2024 06 08 10 33 00.4920000  0 27                     
E08  24763132.009   130131161.578        1398.603          37.000    24763134.617    99710877.622        1071.740          46.000  
G09  18986136.981    99772888.078         815.238          48.000    18986133.621    77745111.393         635.206          46.000  
E03  21314198.520   112006912.558        -192.914          46.000    21314197.475    85823522.774        -147.863          49.000  
G19  21055862.282   110649318.274        -799.054          44.000                                                                  
R16  20391826.020   108929476.331          77.185          48.000    20391820.896    84722900.060          59.891          45.000  
R22  17223390.212    91939625.798         -77.058          50.000    17223385.036    71508506.408         -59.858          49.000  
R06  19204642.241   102479656.799       -2940.293          36.000                                                                  
R07  17787106.223    95215826.303       -1019.310          49.000    17787098.796    74056824.288        -792.807          48.000  
G06  21287849.837   111868426.004        2670.544          40.000    21287848.092    87170433.347        2081.219          42.000  
S31  36263618.871   190566679.764        -742.954          45.000  
S33  37253290.860   195767362.951        -742.418          40.000  
E05  20444202.012   107435072.860       -2393.477          45.000    20444201.590    82320414.789       -1833.849          49.000  
E36  23927181.989   125738410.133       -3424.768          46.000    23927181.395    96345079.869       -2624.225          47.000  
R09  20421750.190   109051014.556        2415.444          47.000    20421744.171    84817435.468        1878.723          43.000  
R08  19893012.017   106526187.060        1122.121          50.000    19893004.646    82854001.508         872.771          45.000  
R21  18200392.139    97394005.457       -4138.049          49.000    18200385.432    75750831.783       -3218.494          46.000  
R23  20459249.670   109443189.109        2998.165          46.000                                                                  
G07  22500987.189   118243460.938        3225.740          40.000    22500982.234    92137770.206        2513.762          31.000  
E34  20933351.659   110005580.772       -1395.016          48.000    20933350.557    84290012.722       -1068.911          50.000  
E18  26093324.937   137121361.902       -1121.689          43.000    26093324.138   105066997.395        -859.494          46.000  
E15  22378045.759   117597468.542        1220.028          45.000    22378045.355    90107157.778         934.813          49.000  
G21  20521679.061   107842283.580       -4776.421          45.000                                                                  
G17  20156573.567   105923500.911       -2475.887          45.000    20156569.519    82537773.934       -1929.369          42.000  
G02  19652246.077   103273320.593       -4097.852          49.000                                                                  
G31  21232161.080   111575799.052       -2666.585          45.000    21232154.367    86942160.251       -2077.747          41.000  
G03  18571909.346    97596128.964        -892.749          48.000    18571905.019    76048994.554        -695.630          45.000  
G04  17768416.594    93373722.332       -1359.251          45.000    17768409.828    72758676.629       -1059.323          47.000  
> 2024 06 08 10 33 30.4920000  0 27                     
E08  24755170.288   130089329.328        1390.479          36.000    24755174.422    99678824.454        1065.168          46.000  
G09  18981523.525    99748646.409         800.843          48.000    18981519.573    77726221.776         624.033          45.000  
E03  21315332.650   112012872.593        -204.200          46.000    21315331.481    85828089.577        -156.587          49.000  
G19  21060478.260   110673575.968        -818.061          44.000                                                                  
R16  20391461.334   108927527.886          52.513          48.000    20391455.761    84721384.575          40.758          44.000  
R22  17223907.369    91942388.399        -107.233          50.000    17223902.141    71510655.081         -83.302          49.000  
R06  19221179.324   102567904.526       -2943.057          36.000                                                                  
R07  17792848.412    95246564.914       -1029.950          49.000    17792841.896    74080732.081        -801.157          48.000  
G06  21272627.496   111788433.939        2661.671          39.000    21272626.179    87108101.905        2074.309          42.000  
S31  36267867.541   190589007.347        -745.812          45.000  
S33  37257535.352   195789669.032        -745.178          40.000  
E05  20457886.263   107506983.877       -2400.566          45.000    20457885.879    82375515.430       -1839.422          50.000  
E36  23946759.815   125841292.126       -3434.045          46.000    23946758.725    96423911.456       -2631.278          46.000  
R09  20408206.517   108978688.227        2406.288          47.000    20408200.292    84761181.714        1871.429          45.000  
R08  19886755.804   106492687.299        1111.204          50.000    19886748.443    82827946.189         864.308          45.000  
R21  18223648.521    97518452.990       -4158.356          50.000    18223641.449    75847624.277       -3234.247          46.000  
R23  20442478.371   109353471.910        2982.969          46.000                                                                  
G07  22482573.759   118146699.705        3225.254          39.000    22482568.021    92062371.895        2512.485          32.000  
E34  20941360.863   110047670.636       -1410.989          48.000    20941360.355    84322263.397       -1081.078          50.000  
E18  26099726.508   137154999.734       -1121.112          42.000    26099725.292   105092771.790        -858.718          47.000  
E15  22371112.355   117561034.206        1208.845          45.000    22371112.112    90079240.556         926.310          49.000  
G21  20548975.364   107985724.147       -4786.345          45.000                                                                  
G17  20170757.099   105998035.367       -2492.841          45.000    20170752.944    82595852.710       -1942.779          42.000  
G02  19675679.663   103396463.362       -4111.659          49.000                                                                  
G31  21247432.378   111656049.111       -2683.528          44.000    21247425.750    87004692.749       -2091.041          41.000  
G03  18577029.660    97623036.023        -900.928          48.000    18577025.711    76069961.093        -702.045          45.000  
G04  17776222.383    93414740.464       -1375.103          46.000    17776216.965    72790638.814       -1071.541          48.000  
> 2024 06 08 10 34 00.4920000  0 27                     
E08  24747264.363   130047763.271        1381.334          40.000    24747264.105    99646975.175        1058.422          45.000  
G09  18976995.098    99724849.192         785.978          47.000    18976991.039    77707678.493         612.380          45.000  
E03  21316533.494   112019187.527        -216.238          46.000    21316533.058    85832928.305        -165.553          49.000  
G19  21065203.768   110698409.558        -837.233          43.000                                                                  
R16  20391237.205   108926329.563          27.418          48.000    20391232.309    84720452.533          21.268          45.000  
R22  17224595.558    91946061.937        -137.743          50.000    17224590.729    71513512.298        -107.112          49.000  
R06  19237736.963   102656257.050       -2946.997          37.000                                                                  
R07  17798652.937    95277633.561       -1041.039          50.000    17798645.891    74104896.579        -809.816          49.000  
G06  21257455.039   111708704.226        2653.430          40.000    21257454.088    87045974.906        2067.503          42.000  
S31  36272135.280   190611433.969        -748.948          45.000  
S33  37261799.039   195812074.393        -748.536          40.000  
E05  20471613.354   107579118.418       -2407.900          46.000    20471612.639    82430787.348       -1845.122          50.000  
E36  23966392.091   125944461.712       -3443.484          46.000    23966391.183    96502963.420       -2638.490          46.000  
R09  20394716.531   108906648.268        2396.438          48.000    20394710.555    84705150.673        1864.022          46.000  
R08  19880560.599   106459522.257        1100.123          48.000    19880554.594    82802151.197         855.495          45.000  
R21  18247020.311    97643515.614       -4178.940          50.000    18247011.847    75944895.190       -3250.425          46.000  
R23  20425795.118   109264225.757        2966.982          46.000                                                                  
G07  22464164.728   118049958.109        3224.685          39.000    22464159.306    91986988.829        2512.493          33.000  
E34  20949462.596   110090246.021       -1427.030          47.000    20949462.333    84354886.098       -1093.470          50.000  
E18  26106124.891   137188620.856       -1120.168          43.000    26106123.304   105118533.426        -858.410          47.000  
E15  22364244.420   117524944.063        1197.268          45.000    22364244.471    90051587.070         917.533          49.000  
G21  20576329.931   108129472.666       -4796.593          45.000                                                                  
G17  20185040.404   106073090.633       -2510.421          45.000    20185035.166    82654337.298       -1956.516          42.000  
G02  19699193.659   103520029.281       -4125.886          49.000                                                                  
G31  21262801.710   111736815.531       -2700.839          44.000    21262794.936    87067627.590       -2104.415          40.000  
G03  18582198.683    97650201.109        -909.906          48.000    18582195.132    76091128.697        -708.990          45.000  
G04  17784118.597    93456239.424       -1391.297          45.000    17784115.049    72822975.672       -1084.179          49.000  
> 2024 06 08 10 34 30.4920000  0 27                     
E08  24739406.786   130006466.872        1371.872          41.000    24739404.406    99615332.459        1051.077          43.000  
G09  18972552.252    99701499.395         770.674          48.000    18972547.169    77689483.861         600.481          44.000  
E03  21317803.403   112025859.821        -228.440          46.000    21317803.115    85838040.858        -175.077          49.000  
G19  21070038.584   110723821.460        -856.788          42.000                                                                  
R16  20391153.661   108925886.607           2.009          48.000    20391149.203    84720108.010           1.521          45.000  
R22  17225454.854    91950650.883        -168.337          49.000    17225450.589    71517081.468        -130.913          49.000  
R06  19254314.302   102744716.653       -2950.184          37.000                                                                  
R07  17804517.894    95309033.682       -1052.335          49.000    17804511.476    74129318.895        -818.498          48.000  
G06  21242334.716   111629242.820        2644.091          41.000    21242333.381    86984056.954        2060.208          42.000  
S31  36276422.415   190633963.018        -752.537          45.000  
S33  37266082.197   195834581.664        -751.946          40.000  
E05  20485383.060   107651478.351       -2415.915          46.000    20485382.271    82486231.958       -1851.151          50.000  
E36  23986078.967   126047920.881       -3453.774          45.000    23986078.693    96582237.264       -2646.194          45.000  
R09  20381280.306   108834902.766        2386.530          48.000    20381275.314    84649348.640        1856.100          47.000  
R08  19874430.294   106426694.459        1088.598          47.000    19874424.128    82776618.514         846.544          46.000  
R21  18270505.465    97769192.683       -4199.520          49.000    18270497.558    76042643.994       -3266.218          45.000  
R23  20409201.414   109175458.224        2950.763          47.000                                                                  
G07  22445759.217   117953241.707        3223.701          36.000    22445756.132    91911625.433        2512.005          32.000  
E34  20957657.242   110133310.281       -1443.741          47.000    20957657.153    84387883.387       -1106.234          50.000  
E18  26112519.600   137222227.896       -1120.264          43.000    26112518.648   105144284.254        -858.272          47.000  
E15  22357443.282   117489203.051        1185.303          45.000    22357443.186    90024201.106         908.326          49.000  
G21  20603743.106   108273529.817       -4807.357          45.000                                                                  
G17  20199422.486   106148667.375       -2528.118          46.000    20199417.046    82713228.222       -1969.841          42.000  
G02  19722788.054   103644019.165       -4140.244          49.000                                                                  
G31  21278269.508   111818100.020       -2718.116          43.000    21278262.713    87130966.173       -2118.406          40.000  
G03  18587417.815    97677628.249        -918.870          48.000    18587413.938    76112500.493        -715.994          44.000  
G04  17792106.771    93498220.773       -1407.646          45.000    17792104.190    72855688.374       -1096.799          49.000  
> 2024 06 08 10 35 00.4920000  0 27                     
E08  24731601.962   129965459.341        1361.765          40.000    24731600.207    99583911.080        1043.432          42.000  
G09  18968197.406    99678615.823         754.735          48.000    18968191.456    77671652.519         588.108          44.000  
E03  21319144.509   112032907.827        -241.613          46.000    21319144.430    85843441.287        -185.071          49.000  
G19  21074987.360   110749829.975        -877.354          42.000                                                                  
R16  20391216.818   108926220.780         -24.502          48.000    20391211.039    84720367.906         -18.966          44.000  
R22  17226490.112    91956175.737        -200.101          49.000    17226484.731    71521378.575        -155.596          48.000  
R06  19270915.342   102833301.525       -2954.999          37.000                                                                  
R07  17810449.873    95340782.612       -1064.526          50.000    17810442.095    74154012.515        -827.946          48.000  
G06  21227269.178   111550071.459        2633.533          41.000    21227267.683    86922364.992        2052.317          43.000  
S31  36280732.506   190656613.064        -757.368          45.000  
S33  37270388.258   195857210.091        -756.605          40.000  
E05  20499198.850   107724081.295       -2424.458          46.000    20499197.935    82541862.796       -1857.758          50.000  
E36  24005824.606   126151687.334       -3464.373          45.000    24005824.781    96661746.575       -2654.571          45.000  
R09  20367903.154   108763475.082        2375.213          47.000    20367899.952    84593793.733        1847.411          48.000  
R08  19868366.113   106394222.390        1076.163          50.000    19868360.302    82751362.516         837.003          46.000  
R21  18294108.178    97895499.676       -4221.045          49.000    18294101.045    76140882.763       -3283.112          45.000  
R23  20392700.767   109087192.846        2933.349          47.000                                                                  
G07  22427362.463   117856572.422        3220.524          34.000    22427359.860    91836298.728        2509.833          32.000  
E34  20965949.104   110176882.573       -1461.224          48.000    20965948.484    84421269.947       -1119.764          50.000  
E18  26118915.612   137255839.243       -1120.915          43.000    26118914.657   105170038.398        -858.907          47.000  
E15  22350712.430   117453831.930        1172.385          45.000    22350712.374    89997098.565         898.411          49.000  
G21  20631218.373   108417911.360       -4818.583          45.000                                                                  
G17  20213906.472   106224781.375       -2546.603          46.000    20213901.136    82772537.825       -1984.421          42.000  
G02  19746466.198   103768449.403       -4155.391          48.000                                                                  
G31  21293839.283   111899920.046       -2736.688          44.000    21293832.383    87194721.987       -2132.251          40.000  
G03  18592690.428    97705337.351        -928.731          48.000    18592686.627    76134092.003        -723.696          44.000  
G04  17800191.338    93540701.756       -1424.810          46.000    17800187.732    72888790.414       -1110.273          48.000  
> 2024 06 08 10 35 30.4920000  0 27                     
E08  24723855.694   129924765.169        1351.472          39.000    24723857.825    99552729.870        1035.499          44.000  
G09  18963935.930    99656222.509         738.416          48.000    18963930.336    77654203.201         575.339          44.000  
E03  21320560.975   112040355.046        -254.904          45.000    21320561.817    85849147.585        -195.119          50.000  
G19  21080055.237   110776458.585        -897.729          42.000                                                                  
R16  20391429.485   108927358.689         -51.273          49.000    20391424.427    84721252.922         -39.947          44.000  
R22  17227704.809    91962662.239        -232.025          49.000    17227699.398    71526423.606        -180.579          47.000  
R06  19287544.271   102922035.353       -2959.958          37.000                                                                  
R07  17816450.042    95372903.891       -1076.703          50.000    17816442.970    74178995.776        -837.546          48.000  
G06  21212263.596   111471217.082        2623.284          41.000    21212262.376    86860920.059        2043.998          43.000  
S31  36285070.484   190679408.534        -762.392          45.000  
S33  37274722.139   195879984.725        -761.530          40.000  
E05  20513065.254   107796950.185       -2433.251          45.000    20513064.398    82597697.389       -1864.371          49.000  
E36  24025633.250   126255784.155       -3475.297          45.000    24025633.786    96741509.012       -2662.808          44.000  
R09  20354591.341   108692394.476        2363.562          47.000    20354589.194    84538508.783        1838.381          49.000  
R08  19862372.641   106362129.953        1063.448          49.000    19862366.054    82726401.775         827.231          46.000  
R21  18317832.701    98022456.925       -4242.608          48.000    18317825.802    76239627.271       -3299.799          45.000  
R23  20376299.363   108999458.530        2915.637          47.000                                                                  
G07  22408979.854   117759976.646        3219.347          36.000    22408978.485    91761029.371        2508.423          33.000  
E34  20974341.992   110220987.259       -1478.842          48.000    20974341.055    84455064.425       -1133.181          50.000  
E18  26125317.023   137289478.505       -1121.460          43.000    26125316.072   105195813.923        -859.485          47.000  
E15  22344057.228   117418856.700        1159.372          46.000    22344056.809    89970299.372         888.316          49.000  
G21  20658759.520   108562638.675       -4829.842          44.000                                                                  
G17  20228496.142   106301454.270       -2564.877          46.000    20228491.443    82832282.914       -1998.604          42.000  
G02  19770231.977   103893341.551       -4170.686          47.000                                                                  
G31  21309515.521   111982298.064       -2754.980          44.000    21309508.495    87258912.636       -2146.875          40.000  
G03  18598021.745    97733353.506        -938.821          48.000    18598018.059    76155922.773        -731.515          44.000  
G04  17808375.294    93583704.898       -1442.112          47.000    17808370.187    72922299.344       -1123.624          48.000  
> 2024 06 08 10 36 00.4920000  0 27                     
E08  24716176.049   129884395.469        1340.396          42.000    24716176.436    99521797.293        1026.928          45.000  
G09  18959769.441    99634329.964         721.500          47.000    18959764.632    77637144.102         562.196          45.000  
E03  21322056.487   112048211.508        -268.470          45.000    21322056.955    85855167.477        -205.830          50.000  
G19  21085242.357   110803716.942        -918.965          43.000                                                                  
R16  20391795.981   108929313.483         -78.668          49.000    20391790.347    84722773.329         -61.423          45.000  
R22  17229103.058    91970122.379        -264.770          50.000    17229096.767    71532225.932        -206.058          48.000  
R06  19304202.224   103010927.875       -2965.931          38.000                                                                  
R07  17822522.920    95405406.226       -1089.627          50.000    17822515.340    74204275.355        -847.501          48.000  
G06  21197320.817   111392693.144        2611.959          41.000    21197320.042    86799732.610        2035.295          43.000  
S31  36289438.187   190702360.934        -767.710          45.000  
S33  37279085.571   195902914.378        -766.600          40.000  
E05  20526984.092   107870094.425       -2442.553          45.000    20526983.311    82653742.981       -1871.640          49.000  
E36  24045506.703   126360220.777       -3486.724          45.000    24045507.525    96821531.832       -2671.647          44.000  
R09  20341348.022   108621676.524        2351.293          47.000    20341345.779    84483505.907        1828.821          49.000  
R08  19856452.260   106330427.319        1050.300          48.000    19856446.013    82701744.274         816.927          46.000  
R21  18341680.469    98150071.694       -4264.716          48.000    18341673.547    76338883.170       -3317.041          44.000  
R23  20360000.396   108912270.254        2897.191          47.000                                                                  
G07  22390615.898   117663468.030        3215.358          37.000    22390612.741    91685827.897        2505.544          32.000  
E34  20982838.544   110265635.232       -1497.313          48.000    20982837.120    84489275.185       -1147.273          49.000  
E18  26131725.777   137323155.860       -1123.184          44.000    26131724.781   105221618.630        -860.611          47.000  
E15  22337479.774   117384289.846        1145.401          46.000    22337478.917    89943813.075         877.769          49.000  
G21  20686367.143   108707719.304       -4841.779          43.000                                                                  
G17  20243194.032   106378693.487       -2583.827          45.000    20243189.291    82892469.288       -2013.378          42.000  
G02  19794088.182   104018704.158       -4186.465          48.000                                                                  
G31  21325299.169   112065242.802       -2774.353          45.000    21325292.272    87323544.879       -2161.792          39.000  
G03  18603413.793    97761688.366        -949.679          47.000    18603409.781    76178001.894        -740.065          44.000  
G04  17816659.694    93627239.265       -1459.966          47.000    17816653.195    72956222.243       -1137.589          46.000  
> 2024 06 08 10 36 30.4920000  0 27                     
E08  24708558.106   129844355.115        1329.206          43.000    24708556.425    99491117.025        1018.588          44.000  
G09  18955699.539    99612942.524         704.590          48.000    18955695.400    77620478.573         549.082          45.000  
E03  21323630.519   112056481.069        -282.246          46.000    21323630.595    85861503.877        -216.424          50.000  
G19  21090550.252   110831608.796        -940.065          44.000                                                                  
R16  20392315.643   108932091.947        -106.293          50.000    20392310.732    84724934.313         -82.621          45.000  
R22  17230684.346    91978561.784        -297.600          51.000    17230678.043    71538789.913        -231.402          48.000  
R06  19320892.822   103099985.7911      -2971.022          37.000                                                                  
R07  17828665.420    95438292.675       -1102.369          51.000    17828657.967    74229853.707        -857.448          47.000  
G06  21182442.409   111314507.005        2600.738          42.000    21182441.560    86738808.368        2026.562          43.000  
S31  36293836.360   190725473.911        -772.665          45.000  
S33  37283479.700   195926005.280        -772.419          41.000  
E05  20540955.860   107943517.271       -2451.854          45.000    20540955.434    82710002.035       -1878.808          49.000  
E36  24065445.792   126465000.560       -3498.071          45.000    24065446.667    96901817.591       -2680.495          44.000  
R09  20328175.069   108551329.861        2338.797          48.000    20328171.199    84428791.863        1819.083          47.000  
R08  19850604.983   106299118.327        1037.315          49.000    19850598.999    82677392.880         806.785          45.000  
R21  18365651.936    98278344.272       -4286.560          50.000    18365643.784    76438650.700       -3333.758          45.000  
R23  20343805.367   108825636.794        2878.721          48.000                                                                  
G07  22372270.966   117567053.753        3212.151          41.000    22372264.902    91610699.831        2503.083          33.000  
E34  20991438.811   110310831.146       -1515.580          48.000    20991437.365    84523905.797       -1161.271          49.000  
E18  26138142.824   137356875.245       -1124.608          44.000    26138141.146   105247455.549        -861.745          46.000  
E15  22330980.640   117350137.679        1131.611          46.000    22330979.846    89917644.537         867.035          49.000  
G21  20714042.166   108853155.256       -4853.545          43.000                                                                  
G17  20258001.104   106456500.773       -2602.840          46.000    20257995.818    82953098.311       -2028.276          42.000  
G02  19818033.847   104144538.588       -4202.086          49.000                                                                  
G31  21341191.677   112148757.480       -2793.311          46.000    21341184.457    87388621.234       -2176.324          39.000  
G03  18608867.366    97790347.410        -960.553          47.000    18608863.320    76200333.605        -748.565          44.000  
G04  17825046.192    93671307.683       -1477.712          48.000    17825037.338    72990561.302       -1151.304          45.000  
> 2024 06 08 10 37 00.4920000  0 27                     
E08  24701000.809   129804641.165        1318.196          43.000    24700997.773    99460686.851        1010.235          42.000  
G09  18951725.664    99592056.760         687.793          48.000    18951721.844    77604203.958         535.956          46.000  
E03  21325282.507   112065159.874        -296.107          46.000    21325282.205    85868153.863        -226.790          50.000  
G19  21095977.666   110860129.534        -961.381          43.000                                                                  
R16  20392989.784   108935692.791        -133.844          48.000    20392984.997    84727734.953        -104.121          45.000  
R22  17232448.101    91987978.315        -330.246          50.000    17232442.119    71546113.882        -256.886          48.000  
R06  19337610.341   103189199.028       -2976.459          38.000                                                                  
R07  17834880.040    95471558.335       -1115.245          50.000    17834871.596    74255727.018        -867.325          47.000  
G06  21167628.466   111236658.268        2589.299          42.000    21167627.029    86678147.044        2017.497          43.000  
S31  36298264.519   190748743.838        -778.420          45.000  
S33  37287903.742   195949254.052        -777.857          40.000  
E05  20554980.259   108017214.235       -2461.117          45.000    20554979.461    82766471.126       -1885.787          50.000  
E36  24085450.040   126570119.132       -3509.615          45.000    24085450.414    96982362.942       -2689.288          44.000  
R09  20315071.841   108481356.170        2326.100          46.000    20315066.280    84374367.909        1809.387          47.000  
R08  19844832.473   106268199.100        1024.117          50.000    19844825.072    82653344.620         796.403          45.000  
R21  18389745.455    98407267.616       -4308.337          50.000    18389736.903    76538924.395       -3350.952          45.000  
R23  20327713.389   108739559.327        2859.826          44.000                                                                  
G07  22353941.439   117470733.067        3208.993          39.000    22353934.711    91535644.762        2500.653          33.000  
E34  21000142.215   110356571.935       -1533.761          47.000    21000141.552    84558953.931       -1175.295          49.000  
E18  26144567.217   137390632.919       -1125.795          44.000    26144564.941   105273321.806        -862.681          46.000  
E15  22324560.388   117316398.807        1117.669          46.000    22324559.494    89891792.667         856.438          49.000  
G21  20741783.699   108998940.171       -4865.393          42.000                                                                  
G17  20272914.457   106534870.225       -2621.529          46.000    20272909.234    83014165.392       -2042.956          42.000  
G02  19842067.425   104270839.103       -4217.839          48.000                                                                  
G31  21357191.508   112232837.279       -2812.213          46.000    21357184.345    87454137.954       -2191.241          39.000  
G03  18614382.509    97819328.348        -971.589          47.000    18614378.242    76222916.153        -757.139          44.000  
G04  17833532.597    93715905.277       -1495.488          47.000    17833525.643    73025312.745       -1165.393          47.000  
> 2024 06 08 10 37 30.4920000  0 27                     
E08  24693503.775   129765255.351        1307.324          39.000    24693501.595    99430508.129        1001.742          41.000  
G09  18947847.214    99571673.977         671.050          48.000    18947843.577    77588321.290         522.690          46.000  
E03  21327012.305   112074248.682        -309.722          47.000    21327011.310    85875118.028        -237.352          50.000  
G19  21101524.767   110889280.110        -982.056          42.000                                                                  
R16  20393818.731   108940119.903        -161.276          48.000    20393813.715    84731178.261        -125.518          45.000  
R22  17234395.848    91998374.457        -362.741          50.000    17234390.177    71554199.768        -282.082          49.000  
R06  19354359.441   103278571.061       -2981.709          38.000                                                                  
R07  17841165.647    95505203.316       -1127.730          50.000    17841157.129    74281895.341        -877.051          47.000  
G06  21152880.008   111159151.194        2578.064          42.000    21152878.269    86617751.921        2008.924          43.000  
S31  36302723.054   190772174.344        -783.713          45.000  
S33  37292357.885   195972661.711        -783.080          40.000  
E05  20569056.329   108091185.518       -2470.287          46.000    20569055.819    82823150.414       -1892.777          50.000  
E36  24105518.517   126675576.710       -3520.885          45.000    24105518.857    97063168.028       -2697.712          45.000  
R09  20302038.750   108411761.195        2313.556          45.000    20302032.469    84320238.552        1799.331          46.000  
R08  19839132.390   106237670.071        1011.270          50.000    19839123.679    82629599.841         786.611          45.000  
R21  18413959.014    98536839.045       -4329.730          49.000    18413950.936    76639702.141       -3367.645          46.000  
R23  20311727.809   108654043.445        2841.372          45.000                                                                  
G07  22335630.794   117374510.086        3205.662          38.000    22335623.321    91460665.864        2497.764          32.000  
E34  21008949.870   110402859.252       -1551.988          46.000    21008950.047    84594420.825       -1189.155          49.000  
E18  26150998.386   137424429.829       -1127.120          44.000    26150996.556   105299218.114        -863.593          47.000  
E15  22318219.671   117283076.493        1103.856          47.000    22318218.631    89866259.988         845.830          49.000  
G21  20769591.374   109145072.544       -4876.865          42.000                                                                  
G17  20287934.039   106613800.360       -2640.231          45.000    20287928.919    83075669.348       -2057.379          41.000  
G02  19866190.319   104397604.829       -4233.248          49.000                                                                  
G31  21373299.425   112317481.762       -2830.542          46.000    21373291.812    87520094.702       -2205.841          38.000  
G03  18619959.301    97848633.599        -982.292          47.000    18619955.041    76245751.419        -765.280          44.000  
G04  17842117.643    93761031.922       -1513.086          44.000    17842115.015    73060476.353       -1178.958          48.000  
> 2024 06 08 10 38 00.4920000  0 27                     
E08  24686067.052   129726186.808        1297.635          38.000    24686067.169    99400572.526         994.227          41.000  
G09  18944062.369    99551782.786         655.269          48.000    18944058.043    77572821.645         510.841          45.000  
E03  21328817.890   112083735.692        -322.354          47.000    21328816.274    85882387.308        -246.934          49.000  
G19  21107189.785   110919048.538       -1002.014          42.000                                                                  
R16  20394799.909   108945363.719        -187.951          47.000    20394794.554    84735256.762        -146.127          44.000  
R22  17236524.171    92009739.806        -394.520          49.000    17236519.301    71563039.451        -306.861          49.000  
R06  19371134.809   103368089.781       -2985.719          38.000                                                                  
R07  17847519.462    95539214.544       -1139.334          50.000    17847510.334    74308348.524        -886.110          47.000  
G06  21138194.031   111081977.449        2567.314          43.000    21138192.353    86557616.551        2000.758          43.000  
S31  36307209.872   190795751.702        -787.737          45.000  
S33  37296840.467   195996218.120        -787.406          40.000  
E05  20583182.216   108165418.715       -2478.278          46.000    20583182.103    82880030.394       -1898.927          50.000  
E36  24125648.735   126781360.928       -3530.991          45.000    24125649.600    97144223.413       -2705.537          45.000  
R09  20289074.783   108342538.386        2301.720          44.000    20289069.405    84266398.609        1790.332          46.000  
R08  19833501.320   106207519.215         999.244          51.000    19833493.270    82606149.256         777.149          46.000  
R21  18438290.823    98667043.325       -4350.091          49.000    18438283.284    76740972.090       -3383.240          46.000  
R23  20295847.242   108569082.062        2823.108          47.000                                                                  
G07  22317336.859   117278376.500        3203.427          38.000    22317332.000    91385756.615        2495.726          34.000  
E34  21017859.394   110449682.037       -1569.121          46.000    21017860.453    84630298.022       -1202.311          50.000  
E18  26157434.640   137458254.217       -1127.277          44.000    26157433.256   105325135.488        -863.758          47.000  
E15  22311956.188   117250161.370        1091.008          47.000    22311955.061    89841039.320         835.860          49.000  
G21  20797463.037   109291538.268       -4887.351          43.000                                                                  
G17  20303057.207   106693276.603       -2657.791          44.000    20303052.391    83137598.865       -2070.938          41.000  
G02  19890399.457   104524821.730       -4247.460          49.000                                                                  
G31  21389511.723   112402677.877       -2848.602          46.000    21389504.076    87586481.282       -2220.069          38.000  
G03  18625595.783    97878253.008        -992.096          48.000    18625591.740    76268831.482        -772.989          44.000  
G04  17850803.972    93806674.789       -1529.570          45.000    17850801.121    73096042.145       -1191.780          49.000  
> 2024 06 08 10 38 30.4920000  0 27                     
E08  24678685.731   129687391.024        1289.290          39.000    24678685.836    99370845.930         987.813          43.000  
G09  18940361.434    99532337.975         641.394          48.000    18940357.111    77557669.868         499.739          44.000  
E03  21330690.138   112093575.256        -333.214          47.000    21330688.429    85889926.723        -255.292          49.000  
G19  21112962.503   110949388.697       -1020.137          42.000                                                                  
R16  20395926.297   108951380.608        -212.710          47.000    20395921.030    84739936.535        -165.387          45.000  
R22  17238827.226    92022029.623        -424.498          50.000    17238820.648    71572598.194        -330.166          48.000  
R06  19387928.734   103457708.545       -2988.704          37.000                                                                  
R07  17853931.838    95573544.022       -1148.947          50.000    17853923.177    74335049.255        -893.542          47.000  
G06  21123563.592   111005094.834        2558.691          43.000    21123561.625    86497708.059        1993.694          42.000  
S31  36311716.362   190819432.826        -790.586          45.000  
S33  37301342.743   196019876.999        -789.822          40.000  
E05  20597349.875   108239867.573       -2484.612          46.000    20597349.301    82937075.624       -1903.751          50.000  
E36  24145831.961   126887425.636       -3539.534          45.000    24145833.140    97225493.698       -2712.053          46.000  
R09  20276173.508   108273646.632        2291.499          44.000    20276169.325    84212816.178        1782.271          46.000  
R08  19827932.092   106177700.102         989.132          49.000    19827924.330    82582956.646         769.085          45.000  
R21  18462731.411    98797830.354       -4368.530          49.000    18462723.464    76842695.319       -3397.839          46.000  
R23  20280059.772   108484633.761        2807.114          46.000                                                                  
G07  22299051.754   117182289.594        3202.713          38.000    22299048.064    91310883.787        2495.651          33.000  
E34  21026863.501   110496995.481       -1584.729          46.000    21026864.441    84666551.164       -1214.274          51.000  
E18  26163867.425   137492060.587       -1125.896          43.000    26163866.308   105351039.038        -862.665          47.000  
E15  22305761.780   117217610.273        1079.562          47.000    22305760.824    89816097.568         827.146          49.000  
G21  20825389.426   109438289.787       -4895.635          44.000                                                                  
G17  20318275.462   106773251.765       -2673.353          43.000    20318271.170    83199917.148       -2083.348          41.000  
G02  19914685.083   104652442.391       -4260.078          48.000                                                                  
G31  21405819.640   112488379.205       -2864.386          46.000    21405812.656    87653261.535       -2232.208          38.000  
G03  18631283.621    97908142.548       -1000.239          47.000    18631279.589    76292122.030        -779.535          44.000  
G04  17859581.268    93852787.076       -1544.236          48.000    17859575.639    73131973.775       -1203.254          48.000  
> 2024 06 08 10 39 00.4920000  0 27                     
E08  24671341.597   129648796.101        1283.991          39.000    24671342.380    99341273.236         983.695          45.000  
G09  18936732.336    99513267.265         630.088          47.000    18936727.837    77542809.562         491.089          44.000  
E03  21332615.883   112103694.580        -341.206          47.000    21332613.897    85897680.503        -261.439          49.000  
G19  21118830.587   110980227.574       -1035.665          42.000                                                                  
R16  20397184.062   108958099.336        -234.916          47.000    20397179.630    84745162.188        -182.634          46.000  
R22  17241288.931    92035171.494        -451.558          50.000    17241282.489    71582819.629        -351.161          48.000  
R06  19404726.827   103547353.449       -2988.064          38.000                                                                  
R07  17860391.178    95608116.791       -1155.664          50.000    17860382.588    74361939.226        -898.908          48.000  
G06  21108976.166   110928434.167        2552.250          44.000    21108973.375    86437972.492        1988.583          42.000  
S31  36316228.557   190843145.617        -790.406          45.000  
S33  37305850.818   196043567.198        -789.227          40.000  
E05  20611543.705   108314458.748       -2487.878          45.000    20611543.558    82994229.901       -1906.369          50.000  
E36  24166054.353   126993697.475       -3545.110          44.000    24166056.251    97306922.705       -2716.367          46.000  
R09  20263321.578   108205017.166        2283.843          45.000    20263317.773    84159437.710        1776.346          47.000  
R08  19822410.608   106148138.240         981.953          49.000    19822404.124    82559964.125         763.509          45.000  
R21  18487265.840    98929122.933       -4383.978          48.000    18487258.756    76944811.741       -3409.717          46.000  
R23  20264354.139   108400629.167        2793.402          44.000                                                                  
G07  22280763.572   117086180.648        3204.975          39.000    22280759.583    91235993.681        2496.442          34.000  
E34  21035947.172   110544727.538       -1597.382          46.000    21035947.513    84703125.070       -1223.981          51.000  
E18  26170282.950   137525776.284       -1121.672          43.000    26170282.192   105376873.110        -859.513          47.000  
E15  22299623.194   117185352.874        1071.070          46.000    22299622.575    89791380.865         820.668          49.000  
G21  20853355.535   109585251.929       -4901.458          44.000                                                                  
G17  20333575.038   106853650.491       -2686.217          43.000    20333570.121    83262565.460       -2093.018          41.000  
G02  19939032.816   104780392.349       -4269.741          48.000                                                                  
G31  21422210.043   112574511.720       -2877.502          46.000    21422203.162    87720377.791       -2242.432          38.000  
G03  18637009.211    97938231.100       -1005.498          47.000    18637004.970    76315567.646        -783.396          44.000  
G04  17868430.865    93899295.076       -1556.047          47.000    17868424.260    73168213.804       -1212.686          47.000  
> 2024 06 08 10 39 30.4920000  0 27                     
E08  24664021.031   129610335.901        1280.558          37.000    24664023.772    99311803.785         981.157          45.000  
G09  18933161.220    99494503.926         620.919          47.000    18933157.249    77528188.787         483.889          45.000  
E03  21334581.776   112114026.558        -347.165          47.000    21334580.162    85905597.222        -266.043          49.000  
G19  21124781.612   111011497.730       -1048.903          43.000                                                                  
R16  20398560.709   108965454.238        -255.123          48.000    20398556.438    84750882.660        -198.423          45.000  
R22  17243898.756    92049098.802        -476.647          51.000    17243891.869    71593651.982        -370.878          49.000  
R06  19421518.084   103636956.189       -2985.235          38.000                                                                  
R07  17866881.194    95642863.622       -1160.543          49.000    17866873.854    74388964.546        -902.646          49.000  
G06  21094418.077   110851931.780        2548.257          44.000    21094414.828    86378360.229        1985.689          42.000  
S31  36320734.187   190866822.658        -787.749          45.000  
S33  37310351.986   196067221.537        -786.994          40.000  
E05  20625751.486   108389124.625       -2489.470          45.000    20625752.129    83051441.398       -1907.546          50.000  
E36  24186303.714   127100108.827       -3548.748          44.000    24186305.764    97388458.600       -2719.161          46.000  
R09  20250507.188   108136587.107        2278.371          45.000    20250503.436    84106214.312        1771.942          48.000  
R08  19816925.332   106118765.394         976.591          49.000    19816918.719    82537118.609         759.494          46.000  
R21  18511881.325    99060849.249       -4397.485          48.000    18511875.423    77047265.519       -3420.258          46.000  
R23  20248721.272   108317005.220        2781.633          45.000                                                                  
G07  22262458.110   116989985.776        3208.288          39.000    22262454.942    91161036.621        2499.904          36.000  
E34  21045098.159   110592811.882       -1608.028          47.000    21045097.519    84739968.910       -1232.177          51.000  
E18  26176669.910   137559334.325       -1115.361          43.000    26176667.910   105402586.367        -854.632          47.000  
E15  22293528.291   117153324.545        1064.470          46.000    22293527.696    89766839.682         815.582          49.000  
G21  20881348.848   109732355.675       -4905.189          45.000                                                                  
G17  20348942.790   106934403.096       -2696.969          45.000    20348936.685    83325489.536       -2101.517          41.000  
G02  19963429.969   104908602.483       -4277.298          47.000                                                                  
G31  21438669.818   112661007.303       -2888.495          46.000    21438662.311    87787776.918       -2250.854          38.000  
G03  18642759.787    97968453.220       -1009.120          47.000    18642756.055    76339117.352        -786.390          45.000  
G04  17877341.856    93946130.691       -1565.931          46.000    17877335.119    73204709.129       -1220.334          45.000  
> 2024 06 08 10 40 00.4920000  0 27                     
E08  24656719.410   129571967.008        1277.711          38.000    24656722.194    99282404.322         978.984          45.000  
G09  18929640.776    99476004.079         612.388          47.000    18929636.178    77513773.330         477.256          44.000  
E03  21336579.195   112124526.828        -352.546          46.000    21336578.553    85913642.885        -270.110          49.000  
G19  21130806.086   111043154.128       -1061.447          44.000                                                                  
R16  20400048.823   108973402.874        -274.698          48.000    20400044.446    84757064.939        -213.648          45.000  
R22  17246646.667    92063767.962        -501.216          50.000    17246640.496    71605061.303        -389.749          49.000  
R06  19438293.780   103726471.594       -2982.103          39.000                                                                  
R07  17873397.114    95677738.974       -1164.359          51.000    17873388.209    74416089.811        -905.681          49.000  
G06  21079882.795   110775546.872        2544.413          45.000    21079879.329    86318839.549        1982.400          42.000  
S31  36325224.719   190890420.743        -785.232          45.000  
S33  37314838.352   196090798.048        -784.280          40.000  
E05  20639965.563   108463820.256       -2490.082          45.000    20639966.133    83108675.686       -1908.011          50.000  
E36  24206571.268   127206614.771       -3551.610          44.000    24206573.107    97470066.986       -2721.298          46.000  
R09  20237722.136   108068316.540        2273.102          46.000    20237718.438    84053114.970        1768.162          49.000  
R08  19811468.453   106089536.083         972.213          49.000    19811460.743    82514384.721         756.192          44.000  
R21  18536569.378    99192960.842       -4409.888          48.000    18536563.336    77150018.951       -3429.877          46.000  
R23  20233152.283   108233721.395        2770.640          44.000                                                                  
G07  22244128.932   116893663.678        3213.056          39.000    22244125.623    91085980.467        2504.068          36.000  
E34  21054306.897   110641204.945       -1618.022          47.000    21054306.057    84777049.297       -1239.787          50.000  
E18  26183017.445   137592690.465       -1108.331          44.000    26183015.386   105428144.940        -849.228          47.000  
E15  22287468.683   117121483.411        1058.491          46.000    22287468.472    89742441.934         811.045          49.000  
G21  20909360.027   109879554.117       -4908.032          45.000                                                                  
G17  20364367.675   107015463.284       -2706.934          45.000    20364362.405    83388653.297       -2109.137          42.000  
G02  19987868.836   105037026.401       -4284.119          48.000                                                                  
G31  21455189.844   112747820.532       -2898.975          46.000    21455182.159    87855423.593       -2258.942          38.000  
G03  18648527.949    97998766.218       -1011.697          47.000    18648524.516    76362737.848        -788.329          45.000  
G04  17886307.449    93993248.571       -1575.198          45.000    17886301.941    73241424.361       -1227.299          46.000  
> 2024 06 08 10 40 30.4920000  0 27                     
E08  24649433.109   129533661.807        1276.395          41.000    24649432.555    99253053.611         977.975          44.000  
G09  18926164.666    99457739.437         605.371          46.000    18926160.676    77499541.174         471.753          44.000  
E03  21338603.413   112135166.714        -356.607          46.000    21338603.499    85921795.522        -273.092          50.000  
G19  21136898.501   111075168.166       -1072.479          44.000                                                                  
R16  20401643.679   108981918.676        -292.843          49.000    20401637.865    84763688.327        -227.787          45.000  
R22  17249528.065    92079151.284        -524.130          49.000    17249522.844    71617026.131        -407.787          50.000  
R06  19455047.735   103815870.348       -2977.470          39.000                                                                  
R07  17879930.388    95712712.197       -1166.915          49.000    17879921.335    74443291.211        -907.469          49.000  
G06  21065364.554   110699254.321        2541.936          45.000    21065361.409    86259390.804        1980.810          42.000  
S31  36329694.807   190913912.608        -780.787          45.000  
S33  37319304.356   196114267.297        -780.110          40.000  
E05  20654179.971   108538516.389       -2489.318          46.000    20654180.004    83165910.371       -1907.466          50.000  
E36  24226850.936   127313186.106       -3552.953          44.000    24226852.902    97551725.477       -2722.413          46.000  
R09  20224962.502   108000181.890        2269.257          46.000    20224959.261    84000121.351        1764.957          50.000  
R08  19806031.420   106060421.014         969.082          50.000    19806022.687    82491739.697         753.835          45.000  
R21  18561324.425    99325424.619       -4420.728          49.000    18561316.886    77253046.299       -3438.361          45.000  
R23  20217642.469   108150753.254        2760.858          44.000                                                                  
G07  22225770.478   116797189.106        3219.008          38.000    22225767.392    91010805.493        2508.174          35.000  
E34  21063569.059   110689878.808       -1626.571          46.000    21063568.048    84814344.844       -1246.379          50.000  
E18  26189321.368   137625816.213       -1099.740          43.000    26189318.926   105453526.994        -842.896          46.000  
E15  22281439.886   117089803.289        1053.740          46.000    22281439.854    89718167.553         807.504          49.000  
G21  20937383.210   110026816.521       -4909.408          45.000                                                                  
G17  20379845.160   107096800.019       -2715.481          44.000    20379840.344    83452032.534       -2115.792          41.000  
G02  20012341.997   105165633.579       -4289.394          48.000                                                                  
G31  21471764.775   112834921.677       -2907.623          46.000    21471756.865    87923294.621       -2265.991          38.000  
G03  18654308.778    98029143.147       -1013.266          48.000    18654305.039    76386408.149        -789.458          45.000  
G04  17895322.785    94040618.983       -1582.803          46.000    17895317.257    73278336.363       -1233.328          47.000  
> 2024 06 08 10 41 00.4920000  0 27                     
E08  24642154.392   129495408.336        1274.491          42.000    24642153.310    99223742.509         976.490          44.000  
G09  18922732.130    99439697.524         597.729          47.000    18922727.462    77485482.558         465.703          44.000  
E03  21340652.603   112145933.249        -360.896          46.000    21340652.567    85930045.212        -276.563          50.000  
G19  21143056.415   111107526.272       -1084.242          44.000                                                                  
R16  20403341.709   108990991.286        -311.600          48.000    20403336.443    84770744.790        -242.398          45.000  
R22  17252540.644    92095236.994        -547.932          49.000    17252535.905    71629537.234        -426.141          49.000  
R06  19471777.017   103905139.260       -2973.053          39.000                                                                  
R07  17886476.515    95747769.228       -1169.961          48.000    17886471.071    74470557.769        -909.858          49.000  
G06  21050861.844   110623044.697        2538.890          43.000    21050859.540    86200006.690        1978.319          43.000  
S31  36334142.786   190937284.919        -777.077          46.000  
S33  37323748.208   196137618.048        -776.115          39.000  
E05  20668391.594   108613199.591       -2489.142          45.000    20668391.691    83223135.158       -1907.227          50.000  
E36  24247141.249   127419809.379       -3554.906          44.000    24247141.794    97633423.728       -2723.845          45.000  
R09  20212226.597   107932175.046        2264.786          45.000    20212223.980    83947227.114        1761.497          49.000  
R08  19800613.494   106031406.895         965.685          49.000    19800605.506    82469173.193         750.791          45.000  
R21  18586142.150    99458224.675       -4432.135          49.000    18586132.792    77356335.191       -3447.168          44.000  
R23  20202189.728   108068092.857        2750.316          44.000                                                                  
G07  22207380.820   116700552.661        3224.018          40.000    22207377.204    90935504.393        2512.490          33.000  
E34  21072881.394   110738821.272       -1635.877          45.000    21072881.330    84851846.201       -1253.475          49.000  
E18  26195578.985   137658698.743       -1091.916          43.000    26195576.314   105478722.682        -836.711          46.000  
E15  22275440.366   117058273.724        1048.603          46.000    22275440.060    89694008.547         803.411          49.000  
G21  20965415.297   110174127.900       -4911.211          44.000                                                                  
G17  20395372.873   107178398.159       -2724.287          43.000    20395367.949    83515615.447       -2122.554          41.000  
G02  20036846.806   105294409.147       -4295.167          48.000                                                                  
G31  21488391.499   112922296.729       -2916.992          46.000    21488384.095    87991379.050       -2272.937          38.000  
G03  18660099.840    98059572.650       -1015.200          48.000    18660095.683    76410119.440        -791.088          45.000  
G04  17904383.460    94088228.017       -1590.827          47.000    17904377.498    73315434.313       -1239.763          47.000  
> 2024 06 08 10 41 30.4920000  0 27                     
E08  24634884.099   129457203.071        1272.775          42.000    24634883.868    99194468.376         975.024          45.000  
G09  18919340.821    99421874.347         590.333          48.000    18919335.848    77471594.375         460.045          45.000  
E03  21342725.005   112156822.024        -364.981          47.000    21342724.873    85938388.561        -279.740          50.000  
G19  21149278.375   111140224.003       -1095.650          44.000                                                                  
R16  20405143.143   109000618.318        -330.321          47.000    20405139.141    84778232.495        -256.948          45.000  
R22  17255685.491    92112021.980        -571.334          49.000    17255679.987    71642592.219        -444.302          49.000  
R06  19488482.224   103994265.9661      -2968.837          40.000                                                                  
R07  17893041.621    95782904.874       -1172.589          50.000    17893034.909    74497885.463        -911.910          48.000  
G06  21036375.477   110546917.182        2535.969          44.000    21036373.385    86140686.575        1976.059          43.000  
S31  36338567.159   190960535.062        -772.899          46.000  
S33  37328168.376   196160844.994        -772.088          41.000  
E05  20682600.163   108687864.898       -2488.701          46.000    20682599.944    83280346.248       -1906.836          49.000  
E36  24267439.551   127526479.590       -3556.571          44.000    24267440.558    97715157.981       -2725.251          45.000  
R09  20199515.585   107864296.824        2260.370          43.000    20199512.061    83894432.976        1758.081          48.000  
R08  19795212.960   106002489.255         962.156          50.000    19795204.993    82446681.728         748.520          43.000  
R21  18611020.026    99591352.815       -4443.094          49.000    18611011.856    77459879.268       -3455.831          44.000  
R23  20186794.399   107985737.4111       2739.750          45.000                                                                  
G07  22188961.298   116603753.497        3229.309          42.000    22188951.706    90860059.5091       2516.472          29.000  
E34  21082245.074   110788028.667       -1644.630          45.000    21082245.575    84889550.562       -1260.260          50.000  
E18  26201788.791   137691333.861       -1083.789          43.000    26201786.465   105503728.765        -830.479          46.000  
E15  22269469.058   117026892.766        1043.509          46.000    22269468.345    89669963.407         799.434          49.000  
G21  20993455.210   110321481.397       -4912.434          43.000                                                                  
G17  20410949.306   107260250.924       -2732.642          43.000    20410944.293    83579396.785       -2129.394          42.000  
G02  20061383.155   105423346.688       -4300.612          48.000                                                                  
G31  21505069.741   113009940.030       -2925.879          45.000    21505061.842    88059672.519       -2280.188          39.000  
G03  18665899.716    98090052.086       -1017.038          49.000    18665895.812    76433869.636        -792.248          44.000  
G04  17913487.817    94136070.234       -1598.587          48.000    17913481.618    73352713.959       -1245.761          47.000  
> 2024 06 08 10 42 00.4920000  0 27                     
E08  24627622.047   129419046.178        1271.181          40.000    24627623.054    99165231.313         974.110          45.000  
G09  18915990.481    99404269.416         583.268          47.000    18915986.266    77457876.262         454.655          45.000  
E03  21344820.268   112167832.152        -368.838          47.000    21344819.891    85946824.896        -282.605          51.000  
G19  21155564.337   111173259.748       -1106.708          43.000                                                                  
R16  20407049.621   109010801.639        -348.569          47.000    20407045.373    84786152.838        -271.180          46.000  
R22  17258960.434    92129506.700        -594.378          50.000    17258954.769    71656191.443        -462.291          48.000  
R06  19505159.056   104083265.495       -2964.414          39.000                                                                  
R07  17899620.413    95818116.946       -1175.020          50.000    17899612.030    74525272.643        -913.831          47.000  
G06  21021904.767   110470874.456        2533.411          43.000    21021903.259    86081432.529        1974.085          43.000  
S31  36342968.193   190983662.966        -768.738          45.000  
S33  37332565.220   196183950.811        -768.202          41.000  
E05  20696804.551   108762510.917       -2487.675          46.000    20696804.675    83337542.556       -1906.163          49.000  
E36  24287747.240   127633195.333       -3557.774          44.000    24287747.848    97796927.094       -2726.033          45.000  
R09  20186827.447   107796551.496        2255.969          41.000    20186824.949    83841742.228        1754.663          49.000  
R08  19789829.991   105973666.911         959.186          49.000    19789821.691    82424264.392         746.057          43.000  
R21  18635958.715    99724804.730       -4453.708          49.000    18635950.190    77563675.168       -3463.751          44.000  
R23  20171457.120   107903697.321        2729.518          44.000                                                                  
G07  22170510.251   116506793.988        3234.576          41.000    22170487.189                        2520.695          26.000  
E34  21091659.840   110837500.897       -1653.437          45.000    21091660.012    84927457.832       -1266.760          50.000  
E18  26207951.342   137723720.759       -1075.305          43.000    26207949.336   105528544.666        -823.764          46.000  
E15  22263525.835   116995662.044        1038.625          46.000    22263525.147    89646033.372         795.878          49.000  
G21  21021503.539   110468874.040       -4913.845          43.000                                                                  
G17  20426572.743   107342354.866       -2740.738          44.000    20426568.106    83643373.865       -2135.831          41.000  
G02  20085949.725   105552443.269       -4305.709          48.000                                                                  
G31  21521798.399   113097849.823       -2934.607          45.000    21521790.523    88128173.621       -2286.627          39.000  
G03  18671709.737    98120582.248       -1018.374          48.000    18671705.545    76457659.382        -793.574          44.000  
G04  17922635.235    94184143.712       -1606.157          47.000    17922629.547    73390173.811       -1251.600          47.000  
> 2024 06 08 10 42 30.4920000  0 28                     
E08  24620370.906   129380943.257        1269.185          40.000    24620372.022    99136035.638         972.357          45.000  
G09  18912682.594    99386887.856         575.540          46.000    18912678.921    77444332.194         448.636          45.000  
E03  21346940.084   112178968.377        -373.372          47.000    21346939.018    85955357.846        -285.988          50.000  
G19  21161915.224   111206637.833       -1118.219          42.000                                                                  
R16  20409062.084   109021548.665        -367.705          46.000    20409057.364    84794511.611        -285.982          46.000  
R22  17262368.398    92147697.171        -618.048          50.000    17262363.091    71670339.563        -480.745          49.000  
R06  19521813.060   104172134.502       -2959.919          38.000                                                                  
R07  17906211.227    95853409.800       -1177.728          48.000    17906205.436    74552722.651        -916.067          48.000  
G06  21007451.821   110394924.796        2530.226          44.000    21007450.718    86022251.003        1971.545          43.000  
S31  36347347.052   191006673.217        -764.994          45.000  
S33  37336939.845   196206938.979        -764.436          41.000  
E05  20711006.301   108837141.920       -2487.489          46.000    20711006.760    83394727.351       -1906.042          49.000  
E36  24308064.161   127739960.794       -3559.644          44.000    24308064.738    97878734.338       -2727.809          45.000  
R09  20174168.957   107728949.210        2251.063          43.000    20174165.182    83789162.739        1750.712          48.000  
R10  22139634.244   118016707.1491       2786.875          34.000                                                                  
R08  19784467.084   105944944.625         955.808          49.000    19784458.346    82401924.924         743.391          44.000  
R21  18660957.912    99858581.564       -4464.546          49.000    18660949.780    77667723.816       -3472.728          44.000  
R23  20156181.730   107821979.262        2718.413          44.000                                                                  
G07  22152030.809   116409682.388        3239.658          41.000    22152015.560    90708771.2361       2524.385          30.000  
E34  21101125.361   110887243.363       -1662.615          46.000    21101125.903    84965572.183       -1273.946          50.000  
E18  26214067.932   137755864.364       -1067.397          43.000    26214066.180   105553174.165        -817.972          46.000  
E15  22257612.607   116964588.765        1033.010          46.000    22257612.074    89622223.989         791.559          48.000  
G21  21049560.088   110616308.485       -4915.174          43.000                                                                  
G17  20442245.534   107424712.607       -2749.355          44.000    20442240.119    83707548.694       -2142.320          41.000  
G02  20110547.043   105681701.973       -4311.299          47.000                                                                  
G31  21538578.351   113186029.672       -2943.854          45.000    21538570.396    88196885.190       -2293.805          39.000  
G03  18677530.359    98151169.587       -1020.661          49.000    18677526.317    76481493.670        -795.261          45.000  
G04  17931826.377    94232452.237       -1614.098          45.000    17931821.851    73427816.801       -1257.695          46.000  
> 2024 06 08 10 43 00.4920000  0 28                     
E08  24613131.241   129342896.685        1266.976          41.000    24613131.143    99106883.091         971.088          44.000  
G09  18909417.410    99369731.426         568.123          45.000    18909414.108    77430963.548         442.522          45.000  
E03  21349082.939   112190232.006        -377.736          47.000    21349082.201    85963988.423        -289.355          50.000  
G19  21168332.494   111240359.441       -1129.805          43.000                                                                  
R16  20411179.725   109032862.901        -386.757          46.000    20411175.309    84803311.525        -300.969          46.000  
R22  17265908.917    92166596.046        -641.956          50.000    17265903.817    71685038.658        -499.258          49.000  
R06  19538443.263   104260874.509       -2955.530          38.000                                                                  
R07  17912820.664    95888783.546       -1180.558          51.000    17912814.794    74580235.566        -918.223          48.000  
G06  20993018.485   110319073.176        2526.560          44.000    20993016.193    85963145.869        1968.625          43.000  
S31  36351703.976   191029568.709        -761.496          46.000  
S33  37341292.463   196229811.872        -760.720          41.000  
E05  20725205.327   108911758.685       -2487.089          45.000    20725205.813    83451901.214       -1905.570          49.000  
E36  24328390.686   127846776.811       -3561.441          44.000    24328391.228    97960580.278       -2728.890          45.000  
R09  20161538.637   107661496.677        2245.609          46.000    20161533.718    83736699.644        1746.719          48.000  
R10  22123919.847   117932929.799        2798.094          33.000                                                                  
R08  19779121.954   105916323.822         952.282          49.000    19779113.800    82379664.352         740.744          44.000  
R21  18686017.348    99992681.651       -4475.543          49.000    18686010.198    77772023.810       -3481.003          45.000  
R23  20140967.308   107740589.232        2707.329          44.000                                                                  
G07  22133521.446   116312423.399        3244.003          40.000    22133512.269    90632985.051        2528.587          30.000  
E34  21110643.125   110937258.136       -1671.731          46.000    21110643.144    85003895.168       -1280.989          50.000  
E18  26220138.578   137787766.152       -1059.471          43.000    26220136.855   105577618.372        -811.817          45.000  
E15  22251729.957   116933676.758        1027.661          46.000    22251729.615    89598538.166         787.394          48.000  
G21  21077623.767   110763783.918       -4916.833          43.000                                                                  
G17  20457966.008   107507323.423       -2757.958          43.000    20457960.025    83771920.726       -2148.841          40.000  
G02  20135174.726   105811121.922       -4316.813          47.000                                                                  
G31  21555409.449   113274479.449       -2952.978          45.000    21555402.398    88265807.072       -2301.001          40.000  
G03  18683361.952    98181817.159       -1022.728          48.000    18683358.371    76505374.885        -797.001          45.000  
G04  17941064.139    94280996.184       -1622.191          45.000    17941057.494    73465643.228       -1264.036          44.000  
> 2024 06 08 10 43 30.4920000  0 28                     
E08  24605902.495   129304906.561        1265.149          40.000    24605901.163    99077773.787         969.607          43.000  
G09  18906195.495    99352799.668         560.626          45.000    18906192.245    77417769.965         436.687          45.000  
E03  21351250.188   112201622.217        -381.980          47.000    21351249.617    85972715.994        -292.670          50.000  
G19  21174814.523   111274423.014       -1141.284          43.000                                                                  
R16  20413404.306   109044746.006        -405.739          47.000    20413400.599    84812553.910        -315.593          46.000  
R22  17269581.469    92186203.629        -665.575          50.000    17269577.039    71700288.987        -517.669          49.000  
R06  19555048.561   104349486.5551      -2951.720          38.000                                                                  
R07  17919445.341    95924236.818       -1183.166          51.000    17919437.008    74607810.324        -920.389          48.000  
G06  20978603.551   110243322.313        2522.987          44.000    20978600.857    85904119.240        1966.100          43.000  
S31  36356039.088   191052349.187        -757.603          45.000  
S33  37345622.956   196252569.282        -756.842          41.000  
E05  20739401.548   108986359.942       -2486.661          45.000    20739401.928    83509063.201       -1905.353          49.000  
E36  24348726.259   127953641.963       -3563.262          43.000    24348727.252    98042463.880       -2730.221          45.000  
R09  20148935.900   107594198.586        2240.487          46.000    20148930.882    83684356.701        1742.577          48.000  
R10  22108143.233   117848824.413        2808.165          36.000                                                                  
R08  19773795.369   105887803.505         948.929          48.000    19773787.422    82357481.953         738.114          43.000  
R21  18711136.952   100127100.524       -4486.116          50.000    18711129.741    77876571.765       -3489.091          45.000  
R23  20125814.107   107659531.491        2696.234          44.000                                                                  
G07  22114985.439   116215020.106        3249.084          41.000    22114978.244    90557086.421        2531.462          31.000  
E34  21120212.198   110987545.095       -1680.949          46.000    21120212.172    85042426.720       -1288.030          50.000  
E18  26226163.605   137819425.485       -1051.408          43.000    26226161.452   105601876.797        -805.915          45.000  
E15  22245878.250   116902927.660        1022.117          46.000    22245878.291    89574977.169         783.100          48.000  
G21  21105694.684   110911297.112       -4917.767          43.000                                                                  
G17  20473732.872   107590183.982       -2766.068          42.000    20473728.173    83836487.364       -2155.426          41.000  
G02  20159832.271   105940700.717       -4321.895          46.000                                                                  
G31  21572291.904   113363197.659       -2961.688          44.000    21572285.402    88334938.132       -2308.105          41.000  
G03  18689205.189    98212525.875       -1024.877          47.000    18689202.124    76529303.739        -798.635          45.000  
G04  17950348.915    94329773.547       -1629.945          48.000    17950340.358    73503651.597       -1269.975          45.000  
> 2024 06 08 10 44 00.4920000  0 28                     
E08  24598685.015   129266982.303        1262.741          40.000    24598684.466    99048714.954         967.637          43.000  
G09  18903018.053    99336101.427         552.512          46.000    18903014.677    77404758.369         430.502          45.000  
E03  21353443.322   112213147.410        -386.727          46.000    21353442.720    85981546.985        -296.317          50.000  
G19  21181363.618   111308836.518       -1152.872          42.000                                                                  
R16  20415737.215   109057208.764        -425.414          47.000    20415733.630    84822247.160        -330.715          46.000  
R22  17273389.351    92206529.601        -689.677          49.000    17273384.976    71716098.077        -536.412          49.000  
R06  19571631.061   104437975.157       -2947.682          38.000                                                                  
R07  17926083.514    95959777.394       -1186.268          50.000    17926075.449    74635453.015        -922.689          46.000  
G06  20964210.812   110167684.249        2519.257          45.000    20964206.992    85845180.499        1963.074          42.000  
S31  36360353.685   191075023.954        -754.325          45.000  
S33  37349933.723   196275221.238        -753.435          41.000  
E05  20753596.480   109060953.570       -2486.360          45.000    20753596.445    83566219.354       -1905.224          49.000  
E36  24369072.599   128060564.147       -3565.333          42.000    24369073.987    98124391.168       -2731.802          44.000  
R09  20136364.433   107527068.736        2234.774          47.000    20136359.454    83632144.562        1738.043          47.000  
R10  22092307.224   117764403.692        2819.069          35.000                                                                  
R08  19768490.848   105859392.093         945.037          49.000    19768480.637    82335384.211         735.020          42.000  
R21  18736317.213   100261843.488       -4496.982          50.000    18736309.936    77981371.852       -3497.928          44.000  
R23  20110724.911   107578819.467        2684.406          42.000                                                                  
G07  22096425.539   116117483.830        3253.423          41.000    22096420.497    90481084.171        2534.124          33.000  
E34  21129834.699   111038113.363       -1690.478          45.000    21129834.931    85081173.831       -1295.290          50.000  
E18  26232143.286   137850850.929       -1043.748          43.000    26232141.444   105625956.030        -799.943          45.000  
E15  22240060.244   116872352.425        1016.085          45.000    22240060.102    89551549.386         778.594          48.000  
G21  21133774.237   111058854.439       -4919.304          43.000                                                                  
G17  20489549.457   107673300.222       -2774.877          41.000    20489545.058    83901253.181       -2162.232          41.000  
G02  20184521.993   106070444.674       -4327.624          46.000                                                                  
G31  21589227.112   113452191.445       -2971.171          44.000    21589220.425    88404283.887       -2314.922          41.000  
G03  18695062.700    98243305.912       -1027.341          47.000    18695059.737    76553288.170        -800.629          45.000  
G04  17959677.376    94378791.785       -1637.982          49.000    17959670.455    73541847.670       -1276.417          47.000  
> 2024 06 08 10 44 30.4920000  0 28                     
E08  24591481.354   129229125.974        1260.599          39.000    24591481.263    99019708.201         965.881          44.000  
G09  18899885.219    99319638.189         544.757          46.000    18899881.915    77391929.898         424.403          45.000  
E03  21355662.621   112224808.730        -391.080          46.000    21355661.825    85990482.293        -299.657          50.000  
G19  21187979.089   111343600.918       -1165.000          43.000                                                                  
R16  20418180.060   109070254.972        -444.715          48.000    20418175.558    84832394.233        -346.072          45.000  
R22  17277331.978    92227576.271        -713.662          49.000    17277327.728    71732467.718        -555.157          50.000  
R06  19588191.290   104526343.689       -2943.905          38.000                                                                  
R07  17932739.532    95995405.388       -1189.125          51.000    17932732.028    74663163.702        -925.029          48.000  
G06  20949839.242   110092163.755        2515.022          44.000    20949835.659    85786333.379        1959.730          42.000  
S31  36364648.576   191097594.868        -750.721          45.000  
S33  37354224.573   196297769.227        -750.073          41.000  
E05  20767790.008   109135540.292       -2486.230          46.000    20767789.675    83623370.207       -1905.091          49.000  
E36  24389430.289   128167543.959       -3567.037          42.000    24389431.552    98206362.636       -2733.324          44.000  
R09  20123825.707   107460113.394        2228.735          46.000    20123820.725    83580068.160        1733.461          47.000  
R10  22076411.552   117679672.825        2828.786          34.000                                                                  
R08  19763205.916   105831090.553         941.492          49.000    19763195.723    82313371.943         732.163          42.000  
R21  18761557.589   100396908.100       -4507.681          50.000    18761549.992    78086422.062       -3505.854          45.000  
R23  20095701.627   107498459.411        2672.679          41.000                                                                  
G07  22077839.871   116019819.262        3257.579          40.000    22077836.723    90404981.880        2538.308          32.000  
E34  21139512.088   111088964.795       -1699.893          46.000    21139511.823    85120137.907       -1302.536          50.000  
E18  26238079.441   137882043.833       -1036.045          43.000    26238077.637   105649857.059        -793.977          45.000  
E15  22234275.810   116841954.669        1010.173          45.000    22234275.733    89528257.591         774.064          48.000  
G21  21161861.902   111206454.896       -4920.931          43.000                                                                  
G17  20505414.243   107756671.096       -2783.510          41.000    20505410.571    83966217.461       -2169.108          41.000  
G02  20209242.550   106200353.223       -4333.154          46.000                                                                  
G31  21606214.258   113541460.741       -2980.317          44.000    21606207.890    88473844.361       -2322.351          41.000  
G03  18700933.638    98274160.128       -1029.778          47.000    18700931.002    76577330.399        -802.268          44.000  
G04  17969049.913    94428051.083       -1646.182          48.000    17969044.780    73580231.521       -1282.729          48.000  
