     3.00           OBSERVATION DATA    M: Mixed            RINEX VERSION / TYPE
CONVBIN demo5 b34j                      20240609 013620 UTC PGM / RUN BY / DATE 
log: SAUC00CHL_R_20241601745_15M_30S_MO.ubx                 COMMENT             
format: u-blox UBX                                          COMMENT             
format: u-blox UBX                                          COMMENT             
log: SAUC00CHL_R_20241601745_15M_30S_MO.ubx                 COMMENT             
SAUC00CHL                                                   MARKER NAME         
                                                            MARKER NUMBER       
GEODETIC                                                    MARKER TYPE         
El Sauce            Obstech                                 OBSERVER / AGENCY   
UNKNOWN             UBLOX-ZED-F9P                           REC # / TYPE / VERS 
UNKNWOWN            TWIVSP6037L                             ANT # / TYPE        
  1813185.0000 -5195981.0000 -3216438.0000                  APPROX POSITION XYZ 
        0.0000        0.0000        0.0000                  ANTENNA: DELTA H/E/N
G    8 C1C L1C D1C S1C C2X L2X D2X S2X                      SYS / # / OBS TYPES 
R    8 C1C L1C D1C S1C C2C L2C D2C S2C                      SYS / # / OBS TYPES 
E    8 C1X L1X D1X S1X C7X L7X D7X S7X                      SYS / # / OBS TYPES 
S    4 C1C L1C D1C S1C                                      SYS / # / OBS TYPES 
  2024    06    08    17    45   00.0050000     GPS         TIME OF FIRST OBS   
  2024    06    08    17    59   30.0050000     GPS         TIME OF LAST OBS    
                                                            END OF HEADER       
> 2024 06 08 17 45 00.0050000  0 26                     
E08  26035692.892   136818441.2581      -2493.622          48.000    26035695.034   104834882.0971      -1910.697          48.000  
G23  26391218.752   138686758.9721       1083.314          38.000    26391218.065   108067635.3771        844.265          39.000  
G12  25934333.648   136285766.4541       2391.279          44.000    25934351.798   106197172.2991       1863.147          38.000  
G30  25099842.402   131900481.4281      -2963.367          45.000    25099844.119   102779558.5661      -2309.188          38.000  
R13  21441749.483   114497740.7341       -679.414          40.000    21441748.512    89054077.1351       -528.700          41.000  
R12  22121558.953   118169464.0931      -3079.993          50.000    22121557.418    91909860.8781      -2395.588          47.000  
R14  24802269.842   132210070.0891       1857.656          47.000    24802284.223   102830146.5011       1444.971          44.000  
R03  22109061.424   118351544.8071       2106.724          51.000    22109056.424    92051274.9531       1638.487          48.000  
G19  23356313.753   122738515.3711       1463.213          47.000                                                                  
S31  40053755.337   210483810.8001       -745.782          45.000  
S33  41043584.864   215685352.4431       -747.714          40.000  
G17  23199041.930   121912049.7401        524.696          45.000    23199040.385    94996517.6601        408.714          40.000  
E02  27916658.549   146703081.7091      -3265.802          41.000    27916661.935   112408885.4801      -2502.411          46.000  
R02  20675902.129   110330569.8771      -1954.856          50.000    20675900.806    85812693.1481      -1520.545          47.000  
R01  23437392.449   125286257.4651      -4895.078          43.000    23437396.817    97444905.8771      -3807.148          39.000  
E18  22440870.936   117927826.9811      -3448.615          47.000    22440874.593    90360425.1011      -2642.373          49.000  
G13  21435347.296   112643558.4341       -272.906          45.000                                                                  
G20  25785810.240   135504979.6071      -3710.677          39.000                                                                  
E07  24769101.430   130162554.2661          3.663          46.000    24769104.788    99734957.2291          2.906          50.000  
G14  23502559.366   123506915.8821      -3638.212          47.000    23502557.393    96239178.8891      -2835.145          44.000  
G05  24200576.728   127174738.6141      -3320.346          44.000    24200580.631    99097155.3721      -2587.028          39.000  
G22  21882752.868   114994838.7541      -2218.130          47.000                                                                  
G24  25195751.175   132404760.1321       1277.545          43.000    25195754.586   103172800.3291        995.514          40.000  
G15  22779182.856   119705454.0121       1308.512          47.000    22779180.427    93277037.1171       1019.542          43.000  
E30  24868041.582   130682606.3531      -1508.773          48.000    24868043.341   100133535.7791      -1156.018          51.000  
E27  26113162.879   137225790.6181        942.191          45.000    26113169.038   105147170.7351        721.900          48.000  
> 2024 06 08 17 45 30.0050000  0 26                     
E08  26049946.909   136893346.917       -2501.002          48.000    26049949.530   104892277.261       -1916.331          48.000  
G23  26385068.016   138654437.697        1070.285          36.000    26385067.732   108042449.993         834.044          39.000  
G12  25920692.231   136214080.662        2386.993          43.000    25920709.411   106141313.454        1860.309          37.000  
G30  25116756.157   131989366.106       -2962.823          44.000    25116758.223   102848819.271       -2308.666          38.000  
R13  21445593.406   114518266.178        -689.524          41.000    21445591.717    89070041.448        -536.046          41.000  
R12  22138860.876   118261888.206       -3082.363          50.000    22138859.472    91981746.254       -2397.347          48.000  
R14  24791830.734   132154425.371        1851.118          48.000    24791844.699   102786867.860        1440.263          42.000  
R03  22097297.201   118288574.855        2090.422          50.000    22097293.120    92002298.374        1625.926          48.000  
G19  23347986.735   122694758.778        1453.023          47.000                                                                  
S31  40058004.339   210506140.527        -743.676          45.000  
S33  41047844.552   215707738.121        -745.250          40.000  
G17  23196088.305   121896526.135         509.373          45.000    23196085.614    94984421.363         396.974          39.000  
E02  27935298.202   146801035.766       -3264.933          41.000    27935302.082   112483941.173       -2501.898          47.000  
R02  20686957.163   110389560.677       -1978.708          50.000    20686956.161    85858574.815       -1539.131          47.000  
R01  23464883.902   125433214.912       -4902.953          43.000    23464888.807    97559205.695       -3813.005          38.000  
E18  22460625.647   118031638.406       -3472.730          47.000    22460629.429    90439968.990       -2660.992          49.000  
G13  21436939.852   112651924.675        -285.796          45.000                                                                  
G20  25806977.833   135616209.400       -3705.663          40.000                                                                  
E07  24769100.447   130162550.964          -4.238          46.000    24769104.545    99734954.696          -3.193          50.000  
G14  23523339.024   123616115.445       -3642.408          46.000    23523337.213    96324269.467       -2838.326          44.000  
G05  24219544.191   127274421.886       -3325.903          41.000    24219550.448    99174830.216       -2591.520          40.000  
G22  21895449.475   115061561.223       -2230.905          47.000                                                                  
G24  25188447.864   132366382.535        1280.432          43.000    25188451.604   103142895.817         997.748          40.000  
G15  22771738.629   119666333.354        1298.609          46.000    22771736.068    93246553.518        1012.089          43.000  
E30  24876672.981   130727967.417       -1516.033          47.000    24876674.745   100168292.975       -1161.733          50.000  
E27  26107803.292   137197621.870         935.125          46.000    26107809.170   105125587.043         716.464          49.000  
> 2024 06 08 17 46 00.0050000  0 26                     
E08  26064243.386   136968475.913       -2508.601          48.000    26064246.186   104949843.563       -1922.175          48.000  
G23  26378989.015   138622505.954        1057.294          36.000    26378991.492   108017568.092         823.796          39.000  
G12  25907076.396   136142529.296        2382.352          45.000    25907092.828   106085559.319        1856.453          37.000  
G30  25133669.238   132078244.702       -2963.142          44.000    25133671.673   102918075.251       -2308.924          38.000  
R13  21449492.117   114539090.526        -699.615          39.000    21449491.693    89086238.279        -544.284          42.000  
R12  22156176.307   118354384.041       -3084.938          50.000    22156175.028    92053687.438       -2399.397          48.000  
R14  24781427.344   132098979.619        1844.412          46.000    24781443.303   102743743.951        1434.535          40.000  
R03  22085626.490   118226101.996        2073.411          49.000    22085622.985    91953708.447        1612.583          49.000  
G19  23339719.189   122651315.801        1442.345          47.000                                                                  
S31  40062242.579   210528414.268        -742.161          45.000  
S33  41052093.840   215730068.985        -744.148          40.000  
G17  23193222.812   121881466.612         493.694          46.000    23193219.639    94972686.739         384.484          38.000  
E02  27953935.188   146898972.578       -3264.800          42.000    27953938.867   112558983.636       -2501.620          47.000  
R02  20698146.976   110449268.958       -2002.764          49.000    20698146.276    85905014.540       -1557.737          48.000  
R01  23492417.819   125580400.066       -4910.554          41.000    23492422.627    97673682.663       -3818.932          38.000  
E18  22480518.011   118136174.834       -3497.175          46.000    22480521.973    90520068.405       -2679.681          49.000  
G13  21438606.647   112660681.094        -298.972          46.000                                                                  
G20  25828112.752   135727277.284       -3700.133          36.000                                                                  
E07  24769145.639   130162788.757         -12.520          46.000    24769149.901    99735136.899          -9.507          51.000  
G14  23544143.664   123725442.838       -3646.845          47.000    23544142.069    96409459.629       -2841.683          44.000  
G05  24238546.619   127374275.582       -3331.846          43.000    24238552.364    99252637.874       -2596.584          40.000  
G22  21908219.225   115128667.023       -2243.769          47.000                                                                  
G24  25181130.223   132327928.546        1282.958          42.000    25181134.108   103112931.797         999.388          41.000  
G15  22764350.588   119627511.913        1288.510          46.000    22764348.447    93216303.112        1003.813          43.000  
E30  24885346.303   130773551.758       -1523.700          46.000    24885348.666   100203221.239       -1167.589          50.000  
E27  26102484.466   137169669.975         927.635          46.000    26102490.233   105104169.521         710.662          50.000  
> 2024 06 08 17 46 30.0050000  0 26                     
E08  26078585.560   137043849.806       -2517.005          47.000    26078589.392   105007597.509       -1928.504          48.000  
G23  26372991.668   138590987.266        1043.710          38.000    26372993.942   107993008.040         812.672          38.000  
G12  25893490.337   136071135.701        2376.746          44.000    25893507.841   106029928.195        1852.303          40.000  
G30  25150585.025   132167139.283       -2963.936          43.000    25150587.404   102987343.682       -2309.190          37.000  
R13  21453451.533   114560233.880        -710.125          39.000    21453451.692    89102683.180        -552.451          42.000  
R12  22173509.374   118446971.565       -3088.055          51.000    22173507.799    92125699.947       -2401.807          48.000  
R14  24771066.837   132043755.304        1836.866          47.000    24771083.884   102700792.312        1428.742          42.000  
R03  22074054.463   118164152.982        2055.877          50.000    22074050.641    91905525.959        1598.900          49.000  
G19  23331516.362   122608211.645        1430.695          46.000                                                                  
S31  40066474.642   210550653.755        -740.958          45.000  
S33  41056336.687   215752364.241        -742.849          41.000  
G17  23190449.202   121866895.407         477.258          46.000    23190447.037    94961332.649         371.601          39.000  
E02  27972572.588   146996912.669       -3264.971          42.000    27972576.170   112634028.634       -2501.833          47.000  
R02  20709474.251   110509715.748       -2027.499          50.000    20709474.449    85952028.653       -1576.982          49.000  
R01  23519997.679   125727831.668       -4918.745          41.000    23520003.581    97788351.281       -3825.596          39.000  
E18  22500551.526   118241454.573       -3522.015          46.000    22500555.749    90600737.392       -2698.638          49.000  
G13  21440351.613   112669851.035        -312.942          46.000                                                                  
G20  25849220.078   135838202.739       -3695.479          36.000                                                                  
E07  24769241.237   130163290.843         -21.590          46.000    24769245.527    99735521.620         -16.519          51.000  
G14  23564975.693   123834917.618       -3651.881          46.000    23564974.116    96494764.640       -2845.593          44.000  
G05  24257584.130   127474318.958       -3338.138          42.000    24257590.263    99330593.308       -2601.079          40.000  
G22  21921065.617   115196176.297       -2257.343          47.000                                                                  
G24  25173803.149   132289420.203        1284.167          43.000    25173806.409   103082925.420        1000.863          41.000  
G15  22757024.591   119589014.217        1277.666          46.000    22757021.772    93186304.931         995.578          42.000  
E30  24894065.489   130819380.074       -1532.114          44.000    24894069.051   100238336.432       -1173.882          49.000  
E27  26097210.414   137141957.092         919.438          46.000    26097216.545   105082935.116         704.475          50.000  
> 2024 06 08 17 47 00.0050000  0 26                     
E08  26092978.672   137119487.951       -2526.140          47.000    26092982.793   105065553.927       -1935.635          48.000  
G23  26367078.041   138559903.011        1028.260          39.000    26367078.057   107968786.424         801.489          38.000  
G12  25879938.702   135999921.258        2370.231          45.000    25879956.195   105974436.686        1846.893          40.000  
G30  25167508.111   132256069.688       -2965.437          43.000    25167510.497   103056640.007       -2310.757          37.000  
R13  21457474.275   114581715.2841       -722.114          40.000    21457474.062    89119390.219        -561.922          42.000  
R12  22190861.904   118539668.651       -3092.285          49.000    22190860.612    92197797.676       -2405.127          47.000  
R14  24760750.954   131988772.374        1828.227          45.000    24760770.394   102658028.498        1421.861          44.000  
R03  22062584.642   118102751.664        2036.961          50.000    22062580.465    91857769.439        1584.300          49.000  
G19  23323382.323   122565469.120        1418.285          46.000                                                                  
S31  40070703.971   210572878.073        -741.325          45.000  
S33  41060576.772   215774645.223        -742.894          41.000  
G17  23187773.323   121852834.250         459.559          47.000    23187771.281    94950375.964         358.397          39.000  
E02  27991214.199   147094874.427       -3266.235          42.000    27991217.790   112709090.212       -2502.718          47.000  
R02  20720943.020   110570920.284       -2053.324          49.000    20720944.483    85999632.120       -1596.943          49.000  
R01  23547627.368   125875526.199       -4928.083          42.000    23547633.649    97903224.398       -3832.722          39.000  
E18  22520729.705   118347493.665       -3547.736          46.000    22520734.150    90681988.226       -2718.483          49.000  
G13  21442179.363   112679456.347        -328.134          47.000                                                                  
G20  25870305.772   135949002.737       -3691.705          38.000                                                                  
E07  24769391.131   130164078.154         -31.533          47.000    24769395.552    99736124.876         -24.072          51.000  
G14  23585839.336   123944557.133       -3657.977          46.000    23585838.378    96580197.994       -2850.217          44.000  
G05  24276660.467   127574568.353       -3345.557          41.000    24276668.368    99408709.297       -2607.045          41.000  
G22  21933992.742   115264106.626       -2271.932          47.000                                                                  
G24  25166469.027   132250877.127        1284.825          43.000    25166470.963   103052892.030        1001.036          39.000  
G15  22749764.679   119550862.230        1265.298          47.000    22749761.414    93156576.143         986.201          42.000  
E30  24902836.089   130865470.840       -1541.337          44.000    24902839.800   100273652.723       -1180.953          49.000  
E27  26091985.388   137114503.190         910.211          46.000    26091991.926   105061899.148         697.449          49.000  
> 2024 06 08 17 47 30.0050000  0 26                     
E08  26107429.293   137195425.130       -2536.638          47.000    26107432.833   105123739.474       -1943.644          47.000  
G23  26361252.967   138529289.495        1012.091          39.000    26361253.103   107944931.673         788.735          39.000  
G12  25866429.013   135928922.654        2362.419          45.000    25866444.683   105919113.272        1840.960          40.000  
G30  25184444.546   132345071.333       -2968.317          42.000    25184447.035   103125991.859       -2313.275          37.000  
R13  21461566.693   114603566.826        -735.009          39.000    21461566.342    89136385.943        -571.730          42.000  
R12  22208241.249   118632508.737       -3097.406          50.000    22208240.195    92270006.618       -2409.082          47.000  
R14  24750488.684   131934066.703        1818.461          47.000    24750506.888   102615480.401        1414.317          44.000  
R03  22051224.034   118041937.458        2017.003          51.000    22051220.058    91810469.547        1568.644          49.000  
G19  23315325.175   122523126.439        1404.250          47.000                                                                  
S31  40074936.714   210595123.401        -742.260          45.000  
S33  41064820.895   215796946.912        -744.218          41.000  
G17  23185201.813   121839320.702         440.803          46.000    23185200.179    94939846.023         343.679          40.000  
E02  28009865.695   147192891.626       -3268.491          42.000    28009869.911   112784194.274       -2504.605          47.000  
R02  20732560.663   110632916.923       -2080.259          49.000    20732561.751    86047851.672       -1617.895          48.000  
R01  23575311.468   126023515.572       -4938.392          42.000    23575319.126    98018326.827       -3840.722          38.000  
E18  22541058.751   118454323.498       -3574.565          46.000    22541062.802    90763844.953       -2738.859          48.000  
G13  21444097.350   112689533.637        -344.364          47.000                                                                  
G20  25891371.744   136059710.054       -3689.131          38.000                                                                  
E07  24769602.936   130165187.075         -42.809          47.000    24769606.681    99736974.567         -32.849          51.000  
G14  23606740.655   124054394.124       -3664.922          46.000    23606739.370    96665785.237       -2855.864          44.000  
G05  24295782.307   127675055.898       -3353.840          41.000    24295791.340    99487010.830       -2613.312          41.000  
G22  21947005.956   115332490.856       -2287.521          47.000                                                                  
G24  25159134.222   132212334.419        1284.381          43.000    25159135.465   103022858.937        1000.756          40.000  
G15  22742578.019   119513093.252        1252.200          48.000    22742574.140    93127145.827         975.620          42.000  
E30  24911665.111   130911857.903       -1551.620          45.000    24911667.258   100309196.037       -1188.771          49.000  
E27  26086816.927   137087343.634         899.969          46.000    26086823.351   105041088.708         689.595          49.000  
> 2024 06 08 17 48 00.0050000  0 27                     
E08  26121943.562   137271695.688       -2548.343          47.000    26121946.643   105182180.463       -1952.506          47.000  
G23  26355524.194   138499182.986         994.695          40.000    26355525.071   107921471.979         775.192          39.000  
G12  25852965.547   135858175.739        2353.726          43.000    25852981.737   105863986.022        1833.981          41.000  
G30  25201401.323   132434179.087       -2972.455          42.000    25201403.245   103195426.401       -2316.168          37.000  
R13  21465733.417   114625826.6821       -749.230          39.000    21465733.205    89153696.118        -582.426          41.000  
R12  22225654.321   118725524.723       -3103.821          50.000    22225653.483    92342352.395       -2413.995          48.000  
R14  24740284.981   131879673.564        1807.594          48.000    24740302.984   102573175.382        1405.834          43.000  
R03  22039981.012   117981749.620        1995.452          51.000    22039976.289    91763656.815        1551.971          49.000  
G19  23307351.008   122481221.205        1389.130          47.000                                                                  
S31  40079180.263   210617424.019        -744.445          45.000  
S33  41069074.864   215819303.158        -746.542          41.000  
G17  23182741.105   121826391.446         420.739          45.000    23182740.610    94929771.374         327.958          40.000  
E02  28028534.935   147290997.673       -3272.038          43.000    28028538.968   112859366.409       -2507.016          47.000  
R02  20744332.973   110695739.524       -2108.195          48.000    20744333.976    86096713.653       -1639.750          47.000  
R01  23603057.326   126171831.028       -4949.722          43.000    23603064.870    98133682.881       -3849.516          38.000  
E18  22561544.387   118561975.106       -3602.540          46.000    22561547.859    90846331.359       -2760.246          48.000  
G13  21446111.325   112700119.187        -361.640          47.000                                                                  
G20  25912427.971   136170356.995       -3687.291          39.000                                                                  
E07  24769882.524   130166653.540         -55.149          48.000    24769885.559    99738098.212         -42.362          51.000  
G14  23627685.490   124164460.911       -3673.178          46.000    23627684.640    96751551.534       -2862.075          45.000  
G05  24314955.394   127775813.974       -3363.344          41.000    24314964.430    99565523.218       -2620.728          39.000  
G22  21960110.837   115401362.002       -2304.083          47.000                                                                  
G24  25151805.443   132173826.765        1282.875          42.000    25151807.570   102992853.221         999.302          39.000  
G15  22735470.698   119475744.086        1237.610          48.000    22735467.069    93098042.611         964.347          42.000  
E30  24920556.248   130958574.668       -1563.045          46.000    24920557.682   100344992.003       -1197.649          50.000  
E27  26081710.489   137060513.345         888.490          45.000    26081717.460   105020530.568         680.732          49.000  
R22                                                                  25324609.855                1       1300.469          16.000  
> 2024 06 08 17 48 30.0050000  0 26                     
E08  26136527.149   137348328.379       -2560.704          48.000    26136529.169   105240898.928       -1961.953          46.000  
G23  26349897.365   138469614.103         976.598          40.000    26349899.172   107898431.235         761.003          39.000  
G12  25839556.056   135787710.959        2343.961          45.000    25839573.382   105809078.687        1826.337          42.000  
G30  25218383.449   132523422.227       -2977.264          41.000    25218386.086   103264966.495       -2320.105          37.000  
R13  21469982.518   114648514.804        -763.831          38.000    21469981.399    89171342.510        -593.987          41.000  
R12  22243105.569   118818743.964       -3110.889          49.000    22243104.816    92414856.242       -2419.592          48.000  
R14  24730145.893   131825622.654        1795.773          48.000    24730161.903   102531136.584        1396.665          43.000  
R03  22028860.716   117922221.847        1972.990          50.000    22028855.442    91717357.463        1534.495          48.000  
G19  23299466.570   122439785.566        1373.122          48.000                                                                  
S31  40083440.088   210639808.734        -747.728          45.000  
S33  41073345.783   215841744.513        -749.406          40.000  
G17  23180397.156   121814077.574         400.139          43.000    23180397.339    94920176.246         311.385          40.000  
E02  28047226.332   147389220.385       -3276.164          43.000    28047230.103   112934627.949       -2510.308          47.000  
R02  20756266.422   110759416.489       -2136.949          47.000    20756265.854    86146240.119       -1662.079          46.000  
R01  23630869.095   126320498.770       -4961.577          41.000    23630876.731    98249312.924       -3858.748          38.000  
E18  22582190.824   118670473.881       -3630.847          46.000    22582194.534    90929466.953       -2782.180          48.000  
G13  21448227.503   112711243.240        -379.975          46.000                                                                  
G20  25933476.858   136280970.173       -3686.363          38.000                                                                  
E07  24770235.389   130168507.891         -68.483          48.000    24770238.476    99739519.071         -52.466          51.000  
G14  23648679.823   124274784.199       -3681.831          46.000    23648677.847    96837517.717       -2868.925          44.000  
G05  24334185.900   127876868.257       -3373.635          42.000    24334195.656    99644266.371       -2628.697          40.000  
G22  21973314.053   115470746.970       -2321.443          47.000                                                                  
G24  25144489.780   132135383.301        1279.953          43.000    25144491.377   102962897.462         997.473          39.000  
G15  22728449.185   119438846.457        1222.168          47.000    22728445.848    93069291.240         952.092          42.000  
E30  24929514.746   131005648.943       -1575.165          48.000    24929516.399   100381061.905       -1207.055          51.000  
E27  26076672.467   137034041.650         876.396          45.000    26076679.699   105000247.199         671.447          49.000  
> 2024 06 08 17 49 00.0050000  0 26                     
E08  26151181.833   137425336.189       -2573.549          48.000    26151183.254   105299904.839       -1971.898          46.000  
G23  26344376.949   138440597.748         957.749          41.000    26344376.980   107875821.009         746.161          39.000  
G12  25826204.086   135717543.338        2333.647          45.000    25826220.948   105754402.861        1818.702          41.000  
G30  25235394.355   132612814.276       -2982.648          41.000    25235397.208   103334622.527       -2324.091          38.000  
R13  21474313.383   114671651.6561       -778.823          39.000    21474314.438    89189333.996        -605.722          42.000  
R12  22260596.424   118912177.903       -3118.445          50.000    22260595.790    92487527.048       -2425.482          48.000  
R14  24720071.934   131771927.940        1783.520          49.000    24720088.151   102489374.791        1387.139          43.000  
R03  22017866.263   117863371.832        1950.121          50.000    22017861.256    91671585.255        1516.655          48.000  
G19  23291674.162   122398835.872        1356.430          47.000                                                                  
S31  40087718.293   210662290.871        -751.289          45.000  
S33  41077634.883   215864283.718        -753.602          40.000  
G17  23178174.256   121802394.361         378.383          44.000    23178173.971    94911072.493         295.038          40.000  
E02  28065942.022   147487571.805       -3280.720          43.000    28065945.662   113009988.112       -2513.834          47.000  
R02  20768362.910   110823960.360       -2166.268          48.000    20768361.503    86196440.838       -1684.903          46.000  
R01  23658748.294   126469566.6971      -4974.045          42.000    23658756.709    98365224.639       -3868.832          37.000  
E18  22603000.098   118779829.458       -3659.812          45.000    22603004.294    91013259.022       -2804.241          48.000  
G13  21450449.315   112722921.143        -398.839          44.000                                                                  
G20  25954519.448   136391560.624       -3686.934          35.000                                                                  
E07  24770664.735   130170764.713         -82.185          47.000    24770667.802    99741248.309         -63.034          50.000  
G14  23669724.681   124385375.123       -3691.198          46.000    23669723.029    96923692.449       -2876.130          45.000  
G05  24353475.806   127978228.524       -3384.215          43.000    24353485.036    99723247.932       -2637.007          41.000  
G22  21986617.426   115540657.051       -2339.418          46.000                                                                  
G24  25137189.970   132097017.428        1277.066          44.000    25137190.255   102933002.139         995.392          39.000  
G15  22721516.551   119402415.988        1206.292          47.000    22721513.629    93040903.871         940.067          43.000  
E30  24938543.105   131053092.970       -1588.034          48.000    24938545.005   100417415.108       -1216.710          52.000  
E27  26071706.554   137007942.189         863.407          45.000    26071712.826   104980249.033         661.598          49.000  
> 2024 06 08 17 49 30.0050000  0 26                     
E08  26165911.812   137502744.431       -2587.324          48.000    26165913.692   105359217.581       -1982.483          46.000  
G23  26338965.262   138412160.914         938.018          41.000    26338964.386   107853662.333         731.123          38.000  
G12  25812912.020   135647700.100        2322.430          45.000    25812929.195   105699979.772        1809.890          40.000  
G30  25252438.683   132702381.119       -2988.684          41.000    25252440.915   103404414.770       -2328.925          38.000  
R13  21478733.568   114695251.613        -794.706          39.000    21478734.535    89207689.590        -617.940          42.000  
R12  22278132.049   119005850.452       -3126.660          50.000    22278131.358    92560383.466       -2431.952          48.000  
R14  24710069.482   131718615.445        1770.452          48.000    24710085.696   102447910.387        1377.013          43.000  
R03  22007004.111   117805229.556        1926.110          50.000    22006999.781    91626363.547        1498.065          47.000  
G19  23283978.980   122358400.734        1338.884          47.000                                                                  
S31  40092019.925   210684897.242        -755.975          45.000  
S33  41081947.551   215886945.742        -757.561          40.000  
G17  23176076.639   121791370.078         356.302          45.000    23176075.383    94902482.255         277.495          40.000  
E02  28084686.688   147586076.396       -3286.314          42.000    28084690.593   113085465.639       -2518.067          47.000  
R02  20780625.636   110889395.959       -2196.312          49.000    20780625.128    86247335.132       -1708.272          47.000  
R01  23686699.897   126618981.001       -4987.046          41.000    23686707.235    98481435.340       -3878.535          36.000  
E18  22623976.730   118890063.677       -3689.319          45.000    22623981.190    91097724.329       -2826.864          49.000  
G13  21452781.523   112735180.031        -418.463          43.000                                                                  
G20  25975563.872   136502151.161       -3686.351          34.000                                                                  
E07  24771175.654   130173450.959         -96.971          47.000    24771178.762    99743306.579         -74.238          50.000  
G14  23690825.018   124496256.995       -3701.044          47.000    23690822.830    97010093.912       -2883.960          45.000  
G05  24372827.602   128079917.129       -3395.243          44.000    24372835.733    99802485.367       -2645.661          40.000  
G22  22000025.352   115611115.677       -2358.021          46.000                                                                  
G24  25129909.265   132058754.859        1273.468          44.000    25129908.860   102903187.350         992.240          40.000  
G15  22714678.213   119366480.533        1189.336          47.000    22714675.487    93012902.249         926.803          43.000  
E30  24947646.128   131100931.168       -1601.394          48.000    24947648.587   100454070.373       -1227.045          52.000  
E27  26066816.563   136982240.840         849.891          46.000    26066821.698   104960555.914         651.134          48.000  
> 2024 06 08 17 50 00.0050000  0 26                     
E08  26180721.303   137580571.391       -2601.507          47.000    26180724.072   105418851.148       -1993.256          46.000  
G23  26333667.727   138384323.785         917.565          39.000    26333666.310   107831971.005         714.740          37.000  
G12  25799686.580   135578201.329        2310.511          45.000    25799704.018   105645825.085        1800.430          41.000  
G30  25269520.014   132792141.771       -2995.447          42.000    25269522.124   103474358.013       -2334.015          39.000  
R13  21483244.529   114719326.0481       -811.010          38.000    21483244.088    89226422.760        -630.631          42.000  
R12  22295716.075   119099778.340       -3135.498          50.000    22295714.770    92633438.488       -2438.727          48.000  
R14  24700142.839   131665662.2851       1756.695          47.000    24700158.484   102406758.033        1366.289          44.000  
R03  21996279.694   117747817.822        1901.233          50.000    21996274.593    91581710.026        1478.729          48.000  
G19  23276386.265   122318501.820        1320.749          47.000                                                                  
S31  40096348.640   210707645.456        -760.745          45.000  
S33  41086287.226   215909751.022        -763.035          40.000  
G17  23174108.673   121781025.110         333.181          47.000    23174106.477    94894421.333         259.680          40.000  
E02  28103463.830   147684751.538       -3292.250          42.000    28103467.852   113161073.857       -2522.662          47.000  
R02  20793059.041   110955740.841       -2227.044          49.000    20793058.844    86298936.646       -1732.063          48.000  
R01  23714725.324   126768798.3661      -5000.774          41.000    23714733.023    98597957.181       -3889.611          37.000  
E18  22645123.812   119001191.505       -3719.411          45.000    22645128.153    91182874.324       -2849.941          49.000  
G13  21455228.571   112748040.361        -439.057          43.000                                                                  
G20  25996612.293   136612758.388       -3687.748          38.000                                                                  
E07  24771772.404   130176586.578        -112.369          47.000    24771775.044    99745709.203         -86.078          50.000  
G14  23711983.630   124607446.277       -3711.552          47.000    23711982.001    97096734.922       -2892.223          45.000  
G05  24392243.995   128181950.831       -3407.054          43.000    24392252.425    99881991.692       -2654.749          41.000  
G22  22013541.269   115682139.308       -2377.340          47.000                                                                  
G24  25122650.553   132020614.408        1268.989          43.000    25122651.119   102873467.775         988.529          40.000  
G15  22707937.974   119331061.276        1171.604          47.000    22707935.524    92985302.847         913.013          44.000  
E30  24956827.256   131149181.018       -1615.467          47.000    24956830.273   100491041.046       -1237.818          52.000  
E27  26062004.957   136956956.545         835.520          46.000    26062010.033   104941182.343         640.214          48.000  
> 2024 06 08 17 50 30.0050000  0 27                     
E08  26195614.486   137658837.588       -2616.290          47.000    26195618.068   105478821.276       -2004.777          47.000  
G23  26328487.998   138357108.583         896.664          38.000    26328487.573   107810764.254         698.435          37.000  
G12  25786531.651   135509069.548        2298.170          45.000    25786549.135   105591956.376        1790.574          42.000  
G30  25286642.047   132882117.364       -3002.887          42.000    25286644.113   103544468.795       -2339.539          39.000  
R13  21487849.510   114743916.141        -828.401          39.000    21487848.661    89245548.428        -644.271          41.000  
R12  22313351.100   119193980.680       -3144.733          51.000    22313349.952    92706707.003       -2445.868          48.000  
R14  24690294.846   131613173.548        1742.576          48.000    24690311.416   102365934.222        1355.252          45.000  
R03  21985696.308   117691161.869        1875.699          51.000    21985691.385    91537644.338        1458.909          49.000  
R22  25278743.782                1       1594.397          27.000    25278748.622   104953087.4221       1239.380          27.000  
G19  23268900.186   122279162.945        1301.725          47.000                                                                  
S31  40100708.657   210730556.466        -766.583          45.000  
S33  41090657.760   215932719.348        -768.409          40.000  
G17  23172274.362   121771382.106         309.604          47.000    23172271.507    94886907.412         241.157          40.000  
E02  28122277.471   147783616.815       -3298.987          42.000    28122281.236   113236827.737       -2527.607          47.000  
R02  20805666.115   111023014.846       -2258.164          49.000    20805666.509    86351260.811       -1756.241          48.000  
R01  23742830.902   126919029.750       -5014.545          43.000    23742836.640    98714803.405       -3900.253          37.000  
E18  22666443.862   119113229.985       -3749.911          45.000    22666448.101    91268722.125       -2873.361          49.000  
G13  21457794.621   112761524.470        -459.983          44.000                                                                  
G20  26017666.031   136723400.392       -3688.937          36.000                                                                  
E07  24772458.430   130180193.691        -128.229          47.000    24772461.332    99748473.110         -98.295          49.000  
G14  23733204.171   124718961.503       -3722.711          47.000    23733202.446    97183629.897       -2900.843          45.000  
G05  24411730.831   128284346.172       -3419.372          45.000    24411738.502    99961779.780       -2664.130          41.000  
G22  22027167.635   115753747.154       -2396.737          47.000                                                                  
G24  25115417.333   131982616.945        1263.826          42.000    25115420.248   102843859.643         984.663          40.000  
G15  22701300.625   119296181.679        1153.458          47.000    22701298.328    92958123.980         898.698          44.000  
E30  24966089.930   131197862.101       -1629.947          46.000    24966093.958   100528342.137       -1248.936          52.000  
E27  26057276.319   136932110.359         820.706          46.000    26057282.289   104922144.460         628.904          49.000  
> 2024 06 08 17 51 00.0050000  0 27                     
E08  26210595.041   137737564.265       -2631.870          47.000    26210599.326   105539144.235       -2016.628          47.000  
G23  26323432.319   138330538.366         874.943          39.000    26323432.498   107790060.091         681.619          40.000  
G12  25773449.222   135440327.551        2284.903          42.000    25773467.876   105538391.424        1780.070          40.000  
G30  25303808.551   132972329.719       -3011.188          42.000    25303811.018   103614764.096       -2346.387          39.000  
R13  21492552.365   114769020.9651       -846.032          39.000    21492551.779    89265082.228        -658.040          42.000  
R12  22331040.697   119288477.235       -3154.706          50.000    22331039.716    92780204.311       -2453.754          48.000  
R14  24680529.863   131561129.410        1727.322          47.000    24680547.604   102325456.204        1343.323          47.000  
R03  21975258.284   117635287.989        1849.505          51.000    21975253.906    91494186.940        1438.519          49.000  
G19  23261525.675   122240408.819        1282.270          47.000                                                                  
S31  40105103.765   210753653.090        -773.046          45.000  
S33  41095064.269   215955872.382        -774.780          41.000  
G17  23170577.021   121762465.256         284.937          47.000    23170574.298    94879959.325         222.204          39.000  
E02  28141130.878   147882692.605       -3306.017          42.000    28141134.721   113312742.937       -2533.286          47.000  
R02  20818451.019   111091238.389       -2289.845          49.000    20818451.794    86404323.522       -1781.070          49.000  
R01  23771016.281   127069696.973       -5029.368          43.000    23771023.431    98831988.561       -3911.982          37.000  
E18  22687940.858   119226196.908       -3780.835          46.000    22687944.840    91355281.336       -2897.174          49.000  
G13  21460484.833   112775655.286        -481.897          45.000                                                                  
G20  26038729.876   136834096.737       -3691.423          36.000                                                                  
E07  24773238.601   130184295.127        -144.909          47.000    24773241.421    99751615.790        -111.105          49.000  
G14  23754490.307   124830821.999       -3734.501          46.000    23754488.698    97270793.923       -2909.896          45.000  
G05  24431289.089   128387122.413       -3432.093          44.000    24431296.936   100041864.701       -2674.378          41.000  
G22  22040909.067   115825958.511       -2417.079          47.000                                                                  
G24  25108218.424   131944784.247        1258.423          44.000    25108219.799   102814379.834         980.443          38.000  
G15  22694770.102   119261865.061        1134.369          46.000    22694767.663    92931383.779         884.083          44.000  
E30  24975438.251   131246994.824       -1645.202          44.000    24975443.487   100565989.276       -1260.694          52.000  
E27  26052635.259   136907724.130         805.233          46.000    26052642.111   104903459.024         616.932          49.000  
R22                                                                  25269840.170                        1227.363          25.000  
> 2024 06 08 17 51 30.0050000  0 27                     
E08  26225660.971   137816737.695       -2645.804          46.000    26225665.540   105599809.516       -2027.139          47.000  
G23  26318497.353   138304601.273         854.729          40.000    26318498.025   107769849.299         666.064          40.000  
G12  25760439.152   135371963.290        2273.534          43.000    25760457.216   105485120.795        1771.329          39.000  
G30  25321017.802   133062765.702       -3017.303          42.000    25321020.637   103685233.595       -2351.270          39.000  
R13  21497351.063   114794644.923        -861.676          39.000    21497350.899    89285012.011        -670.088          42.000  
R12  22348782.425   119383252.485       -3162.811          49.000    22348781.733    92853918.354       -2460.071          47.000  
R14  24670845.900   131509516.819        1714.180          47.000    24670865.237   102285313.772        1333.260          47.000  
R03  21964964.595   117580185.868        1824.793          51.000    21964960.527    91451329.784        1419.294          50.000  
G19  23254260.598   122202228.826        1263.850          48.000                                                                  
S31  40109531.655   210776920.984        -777.496          45.000  
S33  41099502.595   215979197.089        -779.729          41.000  
G17  23169015.058   121754263.026         262.324          46.000    23169013.411    94873568.094         204.509          39.000  
E02  28160021.709   147981964.397       -3311.363          42.000    28160025.618   113388808.324       -2537.234          47.000  
R02  20831410.212   111160396.556       -2319.792          48.000    20831411.702    86458113.136       -1804.207          48.000  
R01  23799280.521   127220782.596       -5042.186          43.000    23799288.992    98949499.130       -3922.210          38.000  
E18  22709610.879   119340075.061       -3810.313          46.000    22709614.844    91442538.746       -2919.404          48.000  
G13  21463294.922   112790421.057        -501.778          46.000                                                                  
G20  26059801.376   136944831.573       -3691.059          35.000                                                                  
E07  24774110.322   130188878.775        -160.119          46.000    24774113.564    99755127.936        -122.463          49.000  
G14  23775839.416   124943012.168       -3744.160          47.000    23775837.846    97358214.827       -2917.526          45.000  
G05  24450916.550   128490262.943       -3442.898          44.000    24450924.484   100122233.450       -2682.887          41.000  
G22  22054762.484   115898758.041       -2435.602          47.000                                                                  
G24  25101049.062   131907102.992        1254.363          44.000    25101048.024   102785017.968         977.563          37.000  
G15  22688345.001   119228100.614        1117.259          46.000    22688342.511    92905073.864         870.522          43.000  
E30  24984869.938   131296564.657       -1658.682          43.000    24984875.744   100603971.337       -1270.938          51.000  
E27  26048079.436   136883784.749         791.415          46.000    26048086.721   104885115.970         606.377          50.000  
R22                                                                  25261023.885                        1214.875          21.000  
> 2024 06 08 17 52 00.0050000  0 27                     
E08  26240801.934   137896300.824       -2657.833          47.000    26240806.099   105660773.423       -2036.496          47.000  
G23  26313672.154   138279241.943         836.419          38.000    26313671.666   107750088.714         651.798          39.000  
G12  25747492.714   135303921.882        2263.379          46.000    25747509.497   105432101.721        1763.619          41.000  
G30  25338259.371   133153368.889       -3022.223          43.000    25338261.710   103755833.357       -2354.730          40.000  
R13  21502233.368   114820722.0481       -875.635          39.000    21502233.152    89305291.944        -681.129          41.000  
R12  22366565.925   119478246.523       -3169.305          50.000    22366564.509    92927802.582       -2465.088          47.000  
R14  24661233.192   131458277.884        1702.389          47.000    24661251.659   102245461.952        1324.078          47.000  
R03  21954804.845   117525801.280        1801.592          51.000    21954801.406    91409030.712        1401.325          50.000  
G19  23247094.010   122164569.319        1247.296          48.000                                                                  
S31  40113981.028   210800303.610        -780.909          45.000  
S33  41103963.084   216002636.607        -782.658          41.000  
G17  23167579.183   121746720.739         241.159          45.000    23167578.421    94867691.111         187.865          40.000  
E02  28178938.916   148081374.281       -3315.330          42.000    28178942.700   113464979.516       -2540.158          46.000  
R02  20844533.555   111230430.461       -2348.345          47.000    20844535.528    86512583.893       -1826.482          48.000  
R01  23827611.188   127372225.175       -5053.384          43.000    23827619.202    99067287.298       -3930.699          36.000  
E18  22731442.873   119454803.862       -3837.581          45.000    22731446.639    91530447.969       -2940.549          48.000  
G13  21466215.374   112805766.763        -520.469          47.000                                                                  
G20  26080868.944   137055545.687       -3689.066          34.000                                                                  
E07  24775063.794   130193889.178        -173.500          46.000    24775066.947    99758967.098        -132.836          49.000  
G14  23797240.381   125055473.091       -3752.279          47.000    23797238.060    97445846.723       -2924.028          45.000  
G05  24470600.999   128593707.675       -3452.373          44.000    24470609.599   100202839.278       -2690.339          40.000  
G22  22068717.127   115972086.870       -2452.388          48.000                                                                  
G24  25093897.156   131869516.604        1251.903          45.000    25093896.001   102755730.036         975.622          39.000  
G15  22682014.301   119194833.697        1101.438          46.000    22682011.719    92879151.634         858.278          43.000  
E30  24994376.766   131346513.647       -1670.513          45.000    24994380.137   100642243.923       -1279.964          50.000  
E27  26043597.532   136860235.762         779.332          45.000    26043605.425   104867072.037         597.015          50.000  
R22                                                                  25252281.190                        1198.904          20.000  
> 2024 06 08 17 52 30.0050000  0 27                     
E08  26256005.814   137976194.098       -2667.623          47.000    26256009.667   105721990.288       -2043.986          47.000  
G23  26308944.221   138254402.558         820.307          37.000    26308943.609   107730733.273         639.595          38.000  
G12  25734595.033   135236145.716        2255.747          45.000    25734612.327   105379289.405        1757.597          42.000  
G30  25355521.390   133244080.433       -3024.542          43.000    25355524.057   103826517.583       -2356.775          40.000  
R13  21507189.101   114847184.006        -887.352          39.000    21507187.803    89325873.542        -690.343          41.000  
R12  22384379.205   119573397.353       -3173.328          50.000    22384376.698    93001808.788       -2468.048          46.000  
R14  24651680.337   131407353.143        1693.120          48.000    24651697.341   102205854.430        1316.950          45.000  
R03  21944768.674   117472078.547        1780.682          51.000    21944765.413    91367246.397        1384.911          50.000  
G19  23240015.649   122127374.197        1233.110          47.000                                                                  
S31  40118441.358   210823743.281        -781.178          45.000  
S33  41108433.865   216026132.468        -783.285          40.000  
G17  23166258.953   121739781.171         222.062          45.000    23166257.893    94862283.763         173.329          40.000  
E02  28197870.560   148180861.823       -3316.617          42.000    28197874.481   113541210.212       -2541.257          46.000  
R02  20857811.279   111301278.451       -2374.138          48.000    20857812.890    86567687.811       -1846.526          48.000  
R01  23855997.056   127523960.858       -5061.631          44.000    23856003.814    99185303.477       -3937.157          36.000  
E18  22753424.561   119570320.339       -3862.689          45.000    22753428.383    91618960.708       -2959.731          48.000  
G13  21469235.439   112821634.575        -536.601          46.000                                                                  
G20  26101921.932   137166177.867       -3684.981          34.000                                                                  
E07  24776087.179   130199268.477        -184.531          46.000    24776090.655    99763088.945        -141.400          49.000  
G14  23818680.566   125168143.310       -3758.125          47.000    23818679.103    97533641.689       -2928.564          45.000  
G05  24490331.925   128697395.240       -3459.231          43.000    24490339.894   100283634.310       -2695.230          39.000  
G22  22082760.664   116045883.990       -2466.607          48.000                                                                  
G24  25086751.752   131831966.053        1252.094          44.000    25086752.046   102726470.020         975.825          40.000  
G15  22675767.619   119162007.789        1087.851          46.000    22675764.737    92853573.026         847.862          42.000  
E30  25003944.047   131396781.393       -1679.919          46.000    25003944.966   100680760.815       -1287.251          49.000  
E27  26039178.973   136837018.236         769.366          44.000    26039187.380   104849282.065         589.494          50.000  
R22                                                                  25243626.254                        1188.960          17.000  
> 2024 06 08 17 53 00.0050000  0 27                     
E08  26271259.788   138056352.400       -2675.746          47.000    26271263.434   105783410.217       -2050.132          47.000  
G23  26304304.271   138230019.870         805.886          39.000    26304303.497   107711733.739         627.774          39.000  
G12  25721736.016   135168571.235        2249.770          46.000    25721751.919   105326634.239        1753.113          40.000  
G30  25372791.555   133334835.896       -3025.067          42.000    25372794.306   103897236.016       -2357.385          41.000  
R13  21512204.424   114873974.2081       -897.484          40.000    21512202.989    89346704.229        -698.210          40.000  
R12  22402207.550   119668637.101       -3175.476          50.000    22402205.995    93075884.154       -2469.763          46.000  
R14  24642173.712   131356676.902        1685.708          46.000    24642189.611   102166440.202        1311.137          45.000  
R03  21934844.895   117418955.261        1761.369          51.000    21934841.192    91325928.301        1369.964          49.000  
R22  25235005.600                        1526.430          25.000    25235016.590                        1190.515          23.000  
G19  23233014.181   122090581.649        1220.245          46.000                                                                  
S31  40122899.892   210847172.221        -779.828          45.000  
S33  41112904.150   216049619.977        -782.212          40.000  
G17  23165042.070   121733381.557         204.824          45.000    23165039.768    94857297.167         159.640          41.000  
E02  28216804.703   148280361.118       -3316.116          41.000    28216808.581   113617449.898       -2540.940          46.000  
R02  20871228.996   111372873.416       -2398.255          49.000    20871229.957    86623372.702       -1865.391          48.000  
R01  23884424.718   127675920.129       -5068.375          43.000    23884430.853    99303493.545       -3942.208          37.000  
E18  22775544.287   119686555.857       -3885.860          45.000    22775547.259    91708024.380       -2977.503          48.000  
G13  21472342.062   112837961.611        -551.282          46.000                                                                  
G20  26122948.221   137276661.055       -3679.262          35.000                                                                  
E07  24777169.370   130204953.182        -193.834          46.000    24777172.523    99767444.811        -148.625          49.000  
G14  23840148.115   125280955.894       -3762.121          47.000    23840146.121    97621547.585       -2931.414          45.000  
G05  24510095.594   128801257.094       -3464.223          43.000    24510104.557   100364565.217       -2699.642          39.000  
G22  22096879.857   116120082.269       -2479.298          48.000                                                                  
G24  25079600.022   131794386.780        1253.562          44.000    25079601.626   102697187.594         977.198          41.000  
G15  22669593.274   119129560.493        1075.929          46.000    22669590.148    92828289.472         838.411          43.000  
E30  25013558.763   131447301.922       -1687.659          47.000    25013558.379   100719471.410       -1293.161          49.000  
E27  26034812.318   136814067.625         761.117          45.000    26034819.881   104831696.626         583.256          50.000  
> 2024 06 08 17 53 30.0050000  0 27                     
E08  26286553.471   138136722.244       -2681.935          47.000    26286557.087   105844992.236       -2054.866          47.000  
G23  26299742.298   138206042.053         793.207          39.000    26299741.893   107693049.669         617.945          40.000  
G12  25708906.159   135101146.787        2245.608          47.000    25708920.619   105274095.968        1749.940          40.000  
G30  25390060.170   133425582.467       -3024.109          42.000    25390062.773   103967947.498       -2356.165          41.000  
R13  21517269.697   114901020.864        -905.375          39.000    21517267.710    89367740.602        -704.250          40.000  
R12  22420042.631   119763909.446       -3175.574          49.000    22420041.798    93149984.849       -2469.928          47.000  
R14  24632702.090   131306195.018        1680.071          45.000    24632717.999   102127177.142        1306.775          44.000  
R03  21925023.219   117366381.412        1743.889          51.000    21925019.561    91285037.562        1356.415          49.000  
G19  23226079.089   122054141.238        1209.185          46.000                                                                  
S31  40127346.612   210870540.608        -777.398          45.000  
S33  41117361.548   216073044.809        -779.485          40.000  
G17  23163917.832   121727470.697         189.492          46.000    23163914.718    94852691.423         147.487          41.000  
E02  28235730.621   148379817.911       -3313.875          42.000    28235734.532   113693657.028       -2539.314          46.000  
R02  20884776.538   111445159.837       -2420.390          50.000    20884776.418    86679595.405       -1882.536          48.000  
R01  23912883.270   127828045.339       -5073.050          44.000    23912890.460    99421812.661       -3945.926          38.000  
E18  22797788.772   119803453.398       -3906.925          45.000    22797792.456    91797595.336       -2993.589          49.000  
G13  21475525.839   112854695.994        -564.105          45.000                                                                  
G20  26143934.225   137386939.718       -3671.571          36.000                                                                  
E07  24778299.298   130210891.392        -201.476          46.000    24778302.368    99771994.928        -154.382          49.000  
G14  23861631.839   125393855.579       -3764.111          47.000    23861630.672    97709521.368       -2933.077          45.000  
G05  24529882.412   128905237.207       -3467.253          43.000    24529891.866   100445588.222       -2701.794          39.000  
G22  22111064.696   116194626.601       -2490.016          48.000                                                                  
G24  25072432.794   131756725.824        1257.268          43.000    25072434.695   102667841.555         979.544          42.000  
G15  22663481.285   119097440.892        1065.786          46.000    22663477.937    92803261.244         830.265          43.000  
E30  25023210.101   131498020.866       -1693.325          48.000    25023209.938   100758334.063       -1297.529          49.000  
E27  26030485.962   136791331.047         755.060          45.000    26030492.978   104814275.191         578.466          50.000  
R22                                                                  25226455.822                        1196.729          19.000  
> 2024 06 08 17 54 00.0050000  0 27                     
E08  26301883.407   138217280.060       -2688.445          48.000    26301886.938   105906718.302       -2060.042          47.000  
G23  26295252.058   138182447.283         780.251          39.000    26295252.767   107674664.094         607.808          40.000  
G12  25696099.470   135033850.792        2240.988          45.000    25696114.713   105221657.858        1746.118          40.000  
G30  25407322.905   133516297.205       -3023.267          42.000    25407325.561   104038634.210       -2355.725          41.000  
R13  21522380.020   114928316.9841       -913.491          38.000    21522378.348    89388963.168        -710.431          41.000  
R12  22437879.191   119859189.127       -3176.087          50.000    22437878.665    93224091.206       -2470.227          48.000  
R14  24623262.638   131255884.467        1674.082          45.000    24623278.771   102088047.310        1302.111          44.000  
R03  21915300.117   117314336.739        1726.079          50.000    21915296.989    91244558.392        1342.442          48.000  
G19  23219207.426   122018032.873        1198.067          45.000                                                                  
S31  40131777.390   210893824.415        -774.813          45.000  
S33  41121803.032   216096385.688        -776.779          40.000  
G17  23162881.640   121722027.352         173.566          46.000    23162879.133    94848449.963         135.482          40.000  
E02  28254643.839   148479207.832       -3311.845          42.000    28254647.758   113769812.899       -2537.620          45.000  
R02  20898447.957   111518112.260       -2442.728          50.000    20898447.895    86736336.105       -1899.943          48.000  
R01  23941367.279   127980309.611       -5077.674          43.000    23941375.416    99540239.928       -3949.230          39.000  
E18  22820153.807   119920985.903       -3928.354          44.000    22820158.102    91887652.842       -3009.984          49.000  
G13  21478783.751   112871816.339        -577.137          45.000                                                                  
G20  26164875.560   137496988.656       -3664.511          36.000                                                                  
E07  24779473.309   130217061.170        -209.557          46.000    24779476.579    99776722.473        -160.510          49.000  
G14  23883127.731   125506816.972       -3766.312          47.000    23883126.459    97797543.221       -2934.725          44.000  
G05  24549687.449   129009309.726       -3470.612          44.000    24549696.525   100526683.237       -2704.254          39.000  
G22  22125310.888   116269491.867       -2500.813          48.000                                                                  
G24  25065244.949   131718960.192        1260.674          42.000    25065247.840   102638413.940         982.391          41.000  
G15  22657427.271   119065628.305        1055.306          47.000    22657424.105    92778472.220         822.354          42.000  
E30  25032894.033   131548913.932       -1699.277          48.000    25032895.207   100797330.131       -1302.061          49.000  
E27  26026195.906   136768785.539         748.370          46.000    26026202.182   104797000.167         573.480          49.000  
R22                                                                  25217942.916                        1167.280          19.000  
> 2024 06 08 17 54 30.0050000  0 27                     
E08  26317246.781   138298015.799       -2693.999          47.000    26317250.159   105968580.665       -2064.320          47.000  
G23  26290832.020   138159227.260         767.710          38.000    26290834.410   107656570.538         598.254          40.000  
G12  25683316.317   134966674.896        2237.083          46.000    25683331.312   105169313.399        1743.416          40.000  
G30  25424577.500   133606970.814       -3021.698          41.000    25424580.017   104109288.857       -2354.572          40.000  
R13  21527531.536   114955830.656        -920.494          39.000    21527530.828    89410362.752        -716.157          40.000  
R12  22455715.299   119954464.482       -3175.580          50.000    22455714.322    93298194.233       -2469.904          48.000  
R14  24613855.626   131205735.470        1669.038          46.000    24613869.548   102049043.087        1298.498          42.000  
R03  21905675.826   117262815.639        1708.647          50.000    21905671.711    91204486.441        1329.022          47.000  
R22  25209478.887                        1501.560          25.000    25209481.346                        1163.389          20.000  
G19  23212398.331   121982250.044        1187.336          46.000                                                                  
S31  40136190.492   210917013.046        -771.200          45.000  
S33  41126226.692   216119632.000        -773.413          40.000  
G17  23161932.494   121717043.654         158.637          46.000    23161930.615    94844566.664         123.646          40.000  
E02  28273542.342   148578520.103       -3309.149          42.000    28273546.246   113845909.268       -2535.524          45.000  
R02  20912241.913   111591719.630       -2464.467          50.000    20912241.358    86793586.204       -1916.778          48.000  
R01  23969876.045   128132699.066       -5081.473          44.000    23969884.300    99658764.568       -3952.075          39.000  
E18  22842637.111   120039139.695       -3948.613          44.000    22842642.076    91978186.418       -3025.521          49.000  
G13  21482113.404   112889314.412        -589.535          46.000                                                                  
G20  26185769.689   137606795.739       -3656.122          35.000                                                                  
E07  24780689.556   130223454.096        -216.745          46.000    24780693.059    99781620.999        -166.038          49.000  
G14  23904633.347   125619828.242       -3767.627          47.000    23904632.086    97885603.943       -2935.802          44.000  
G05  24569509.011   129113462.055       -3472.888          46.000    24569516.874   100607840.431       -2706.392          39.000  
G22  22139615.709   116344666.094       -2510.915          48.000                                                                  
G24  25058037.385   131681080.473        1264.723          44.000    25058039.387   102608897.415         985.362          41.000  
G15  22651430.520   119034115.105        1045.609          46.000    22651426.957    92753916.505         814.557          43.000  
E30  25042608.906   131599970.246       -1704.461          47.000    25042611.363   100836451.293       -1306.028          50.000  
E27  26021940.528   136746421.649         742.529          46.000    26021945.945   104779864.314         568.911          49.000  
> 2024 06 08 17 55 00.0050000  0 28                     
E08  26332643.293   138378925.425       -2700.229          47.000    26332646.545   106030576.253       -2068.906          47.000  
G23  26286483.583   138136379.634         755.271          40.000    26286486.314   107638767.156         588.338          40.000  
G12  25670556.265   134899617.096        2233.052          47.000    25670569.407   105117060.956        1740.011          39.000  
G30  25441823.158   133697599.949       -3020.483          41.000    25441825.861   104179908.873       -2353.699          40.000  
R13  21532725.856   114983566.358        -928.236          38.000    21532724.074    89431935.044        -722.138          40.000  
R12  22473549.551   120049729.560       -3175.403          50.000    22473548.043    93372289.289       -2469.916          47.000  
R14  24604476.465   131155744.772        1663.674          46.000    24604491.556   102010162.010        1293.760          44.000  
R03  21896149.929   117211818.039        1690.923          51.000    21896144.613    91164821.654        1315.086          48.000  
R22  25201064.378                        1493.011          26.000    25201062.987                        1158.712          19.000  
G19  23205651.357   121946791.996        1176.342          46.000                                                                  
S31  40140584.793   210940104.841        -768.588          45.000  
S33  41130631.920   216142781.565        -769.882          40.000  
G17  23161070.408   121712518.037         142.845          45.000    23161069.506    94841040.333         111.464          40.000  
E02  28292425.464   148677749.885       -3306.699          43.000    28292429.190   113921942.421       -2533.558          45.000  
R02  20926157.766   111665976.359       -2486.309          50.000    20926156.973    86851341.352       -1933.727          48.000  
R01  23998405.321   128285206.200       -5085.877          43.000    23998414.378    99777380.744       -3955.504          39.000  
E18  22865237.673   120157907.193       -3969.233          45.000    22865242.906    92069190.198       -3041.487          50.000  
E21  30538231.697   160479468.4331       1797.483          39.000    30538252.997   122964884.8281       1377.442          39.000  
G13  21485514.957   112907188.030        -602.291          46.000                                                                  
G20  26206618.866   137716355.251       -3647.943          36.000                                                                  
E07  24781948.697   130230067.781        -224.595          47.000    24781951.410    99786688.666        -171.940          49.000  
G14  23926146.967   125732883.595       -3769.288          46.000    23926145.821    97973699.005       -2937.236          44.000  
G05  24589341.990   129217687.311       -3475.625          45.000    24589351.075   100689054.422       -2708.133          39.000  
G22  22153978.594   116420143.740       -2521.278          47.000                                                                  
G24  25050807.531   131643083.216        1268.286          44.000    25050808.968   102579289.288         988.214          42.000  
G15  22645490.196   119002900.037        1035.137          46.000    22645487.271    92729593.090         806.579          43.000  
E30  25052353.982   131651184.972       -1710.083          46.000    25052357.533   100875693.824       -1310.413          51.000  
E27  26017718.344   136724235.982         736.280          46.000    26017723.682   104762865.028         564.162          49.000  
> 2024 06 08 17 55 30.0050000  0 28                     
E08  26348075.465   138460023.040       -2706.172          47.000    26348078.953   106092715.891       -2073.489          46.000  
G23  26282212.032   138113920.289         742.326          40.000    26282212.172   107621266.222         578.914          40.000  
G12  25657819.831   134832693.211        2228.671          45.000    25657833.939   105064912.952        1736.647          40.000  
G30  25459063.381   133788199.503       -3019.189          41.000    25459066.764   104250505.812       -2352.966          40.000  
R13  21537963.502   115011537.037        -935.886          39.000    21537962.334    89453690.059        -728.014          41.000  
R12  22491383.327   120144997.333       -3175.312          49.000    22491382.414    93446386.415       -2469.807          47.000  
R14  24595130.627   131105926.806        1658.009          47.000    24595145.963   101971415.237        1289.427          44.000  
R03  21886724.238   117161362.441        1673.035          51.000    21886719.967    91125578.431        1301.183          48.000  
R22  25192694.975   134480317.9181       1484.827          31.000    25192699.151                        1152.808          26.000  
G19  23198968.875   121911676.030        1165.023          46.000                                                                  
S31  40144962.877   210963113.252        -765.239          45.000  
S33  41135021.268   216165847.023        -767.471          40.000  
G17  23160298.854   121708467.051         127.298          44.000    23160297.913    94837883.828          99.281          39.000  
E02  28311294.843   148776910.579       -3303.916          44.000    28311298.920   113997922.638       -2531.530          44.000  
R02  20940197.717   111740895.628       -2508.058          51.000    20940196.627    86909611.805       -1950.811          47.000  
R01  24026959.656   128437842.140       -5089.611          43.000    24026968.484    99896097.091       -3958.864          39.000  
E18  22887957.303   120277298.914       -3989.887          45.000    22887962.125    92160672.231       -3057.116          49.000  
E21  30527971.871   160425547.911        1797.617          37.000    30527992.288   122923568.786        1377.398          36.000  
G13  21488991.059   112925453.037        -615.146          47.000                                                                  
G20  26227423.106   137825679.058       -3639.506          36.000                                                                  
E07  24783252.494   130236918.010        -231.968          47.000    24783254.940    99791937.592        -177.761          49.000  
G14  23947671.724   125845995.417       -3771.248          47.000    23947670.064    98061838.078       -2938.586          44.000  
G05  24609192.163   129321997.525       -3478.025          45.000    24609201.361   100770334.609       -2710.214          39.000  
G22  22168401.711   116495937.215       -2531.427          47.000                                                                  
G24  25043557.301   131604983.143        1271.967          44.000    25043558.673   102549601.039         990.877          41.000  
G15  22639609.733   118971999.897        1024.954          46.000    22639607.197    92705515.083         798.842          43.000  
E30  25062131.119   131702571.390       -1715.406          44.000    25062136.071   100915067.894       -1314.526          51.000  
E27  26013532.990   136702243.264         730.036          46.000    26013538.621   104746013.605         559.412          48.000  
> 2024 06 08 17 56 00.0050000  0 29                     
E08  26363541.373   138541300.026       -2711.895          46.000    26363545.744   106154992.971       -2077.880          47.000  
G23  26278011.885   138091842.208         729.984          41.000    26278011.037   107604062.439         568.918          40.000  
G12  25645107.412   134765896.476        2224.719          45.000    25645123.459   105012864.176        1733.446          42.000  
G30  25476297.163   133878761.576       -3017.816          42.000    25476300.162   104321073.572       -2351.538          40.000  
R13  21543244.018   115039732.662        -943.156          40.000    21543242.992    89475620.016        -733.557          42.000  
R12  22509216.055   120240257.266       -3174.750          48.000    22509215.461    93520477.449       -2469.408          47.000  
R14  24585815.071   131056273.265        1652.786          45.000    24585830.162   101932796.390        1285.455          43.000  
R03  21877399.656   117111444.456        1655.256          51.000    21877394.863    91086753.343        1287.484          49.000  
R22  25184377.397   134435918.6231       1476.056          35.000    25184379.576   104561270.5891       1147.919          27.000  
R04  25971457.274   139075957.5153       3506.237          27.000    25971464.453   108170226.6483       2727.077          28.000  
G19  23192350.125   121876896.930        1154.093          46.000                                                                  
S31  40149323.907   210986030.220        -762.191          45.000  
S33  41139393.173   216188821.524        -763.989          40.000  
G17  23159617.317   121704884.081         111.903          44.000    23159615.483    94835092.020          87.266          39.000  
E02  28330149.978   148875992.939       -3301.186          44.000    28330153.584   114073842.840       -2529.433          44.000  
R02  20954359.425   111816467.397       -2529.498          51.000    20954359.653    86968389.737       -1967.454          48.000  
R01  24055535.810   128590595.344       -5093.154          43.000    24055543.809   100014904.616       -3961.160          37.000  
E18  22910793.156   120397302.700       -4009.974          44.000    22910798.035    92252623.261       -3072.421          49.000  
E21  30517712.486   160371633.352        1797.198          37.000    30517734.121   122882257.266        1377.061          37.000  
G13  21492539.992   112944102.581        -627.731          47.000                                                                  
G20  26248178.790   137934756.923       -3631.341          35.000                                                                  
E07  24784599.629   130243997.795        -239.655          47.000    24784602.175    99797362.413        -183.559          48.000  
G14  23969204.630   125959153.323       -3772.328          47.000    23969203.542    98150013.045       -2939.438          44.000  
G05  24629055.851   129426380.459       -3480.320          45.000    24629065.329   100851671.476       -2712.219          39.000  
G22  22182882.809   116572036.025       -2541.455          48.000                                                                  
G24  25036284.668   131566772.235        1275.899          42.000    25036286.712   102519826.405         994.098          41.000  
G15  22633788.595   118941408.984        1014.823          46.000    22633786.058    92681678.035         790.996          43.000  
E30  25071939.659   131754120.085       -1720.527          43.000    25071945.248   100954566.290       -1318.411          51.000  
E27  26009382.630   136680435.460         724.127          46.000    26009388.891   104729303.892         554.789          49.000  
> 2024 06 08 17 56 30.0050000  0 29                     
E08  26379040.768   138622752.314       -2717.820          45.000    26379045.905   106217404.371       -2082.364          47.000  
G23  26273882.026   138070142.982         717.136          38.000    26273882.016   107587153.847         558.929          39.000  
G12  25632421.281   134699224.708        2220.412          46.000    25632435.662   104960912.763        1730.168          40.000  
G30  25493522.581   133969282.813       -3016.490          41.000    25493525.448   104391609.493       -2350.362          40.000  
R13  21548565.310   115068147.645        -950.810          40.000    21548564.141    89497720.596        -739.661          41.000  
R12  22527045.547   120335503.975       -3174.543          49.000    22527046.008    93594558.139       -2469.028          47.000  
R14  24576530.948   131006780.819        1647.195          46.000    24576546.015   101894302.922        1281.020          45.000  
R03  21868174.811   117062064.008        1637.077          52.000    21868170.310    91048346.350        1273.325          49.000  
R22  25176107.468   134391777.220        1467.473          37.000    25176112.597   104526938.903        1141.046          31.000  
R04  25951822.897   138970767.3581       3506.512          29.000    25951819.420   108088412.356        2727.099          29.000  
G19  23185795.591   121842453.764        1142.598          46.000                                                                  
S31  40153667.191   211008852.619        -759.045          45.000  
S33  41143747.282   216211701.657        -760.873          40.000  
G17  23159025.117   121701767.223          96.293          44.000    23159022.331    94832663.393          75.035          40.000  
E02  28348988.684   148974992.075       -3298.280          44.000    28348992.656   114149699.291       -2527.507          45.000  
R02  20968642.087   111892686.256       -2551.165          50.000    20968644.327    87027670.959       -1984.249          49.000  
R01  24084132.337   128743458.118       -5096.932          43.000    24084139.882   100133797.384       -3964.228          37.000  
E18  22933744.499   120517910.887       -4030.183          44.000    22933748.569    92345037.433       -3088.047          49.000  
E21  30507453.304   160317721.758        1797.131          38.000    30507475.377   122840947.997        1376.558          36.000  
G13  21496161.925   112963134.751        -640.657          47.000                                                                  
G20  26268887.981   138043582.948       -3622.886          37.000                                                                  
E07  24785989.985   130251304.666        -247.178          46.000    24785992.491    99802961.237        -189.432          48.000  
G14  23990745.681   126072351.472       -3773.588          47.000    23990744.319    98238219.377       -2940.782          44.000  
G05  24648932.705   129530829.358       -3482.563          45.000    24648941.898   100933059.717       -2713.547          39.000  
G22  22197421.470   116648434.490       -2551.373          48.000                                                                  
G24  25028990.077   131528447.052        1279.769          41.000    25028993.145   102489962.716         997.199          41.000  
G15  22628025.892   118911125.574        1004.417          46.000    22628023.319    92658080.600         782.779          43.000  
E30  25081780.142   131805826.191       -1726.100          44.000    25081784.305   100994185.282       -1322.521          51.000  
E27  26005267.183   136658809.063         718.030          45.000    26005273.802   104712733.176         550.204          49.000  
> 2024 06 08 17 57 00.0050000  0 29                     
E08  26394572.823   138704373.364       -2723.621          45.000    26394578.020   106279945.111       -2086.868          47.000  
G23  26269822.199   138048817.649         704.427          38.000    26269823.671   107570536.709         549.041          39.000  
G12  25619755.297   134632673.272        2216.184          44.000    25619770.707   104909055.208        1727.166          38.000  
G30  25510739.520   134059757.387       -3015.221          41.000    25510742.720   104462109.081       -2349.716          40.000  
R13  21553925.905   115096761.7291       -957.658          39.000    21553924.485    89519985.373        -745.042          41.000  
R12  22544872.574   120430729.131       -3174.018          49.000    22544872.596    93668622.110       -2468.570          48.000  
R14  24567275.710   130957443.336        1641.621          47.000    24567290.214   101855929.915        1276.974          45.000  
R03  21859049.533   117013218.367        1619.125          51.000    21859045.870    91010355.340        1259.323          49.000  
R22  25167886.451   134347891.5241       1458.273          36.000    25167891.338   104492811.5851       1134.376          32.000  
R04  25932177.535   138865632.8981       3506.846          37.000    25932174.769   108006585.022        2728.153          36.000  
G19  23179304.316   121808343.257        1131.239          46.000                                                                  
S31  40157990.877   211031574.068        -755.813          45.000  
S33  41148081.743   216234480.268        -757.579          40.000  
G17  23158519.688   121699112.194          80.772          45.000    23158517.630    94830594.644          62.829          41.000  
E02  28367810.797   149073900.782       -3295.609          44.000    28367814.399   114225486.412       -2525.273          45.000  
R02  20983044.357   111969544.102       -2572.691          49.000    20983047.871    87087449.202       -2000.909          49.000  
R01  24112748.244   128896420.678       -5100.385          43.000    24112755.487   100252767.759       -3967.001          38.000  
E18  22956808.690   120639113.260       -4049.961          45.000    22956812.417    92437906.893       -3103.333          48.000  
E21  30497194.720   160263807.990        1796.969          40.000    30497216.114   122799636.985        1377.064          36.000  
G13  21499855.355   112982544.806        -653.559          47.000                                                                  
G20  26289547.523   138152148.788       -3614.845          37.000                                                                  
E07  24787422.855   130258833.712        -254.912          46.000    24787425.091    99808730.279        -195.262          48.000  
G14  24012292.657   126185581.624       -3775.076          47.000    24012291.576    98326450.588       -2941.481          44.000  
G05  24668819.757   129635335.600       -3484.764          45.000    24668829.308   101014492.632       -2715.054          39.000  
G22  22212014.757   116725124.441       -2561.188          47.000                                                                  
G24  25021674.573   131490001.706        1283.521          41.000    25021677.189   102460005.423         999.888          41.000  
G15  22622321.225   118881146.126         994.077          46.000    22622318.931    92634720.023         774.748          44.000  
E30  25091649.630   131857682.280       -1731.114          45.000    25091651.880   101033919.243       -1326.582          51.000  
E27  26001185.393   136637358.094         711.878          45.000    26001192.132   104696296.899         545.503          50.000  
> 2024 06 08 17 57 30.0050000  0 29                     
E08  26410138.279   138786166.363       -2729.144          46.000    26410143.200   106342617.603       -2091.303          48.000  
G23  26265836.376   138027871.276         691.939          39.000    26265836.854   107554214.804         538.989          38.000  
G12  25607113.924   134566247.286        2212.112          47.000    25607128.712   104857295.411        1723.412          39.000  
G30  25527948.186   134150189.280       -3013.403          42.000    25527951.500   104532575.362       -2348.351          40.000  
R13  21559326.388   115125600.916        -964.916          40.000    21559324.768    89542415.878        -750.587          41.000  
R12  22562694.928   120525934.695       -3173.096          49.000    22562695.470    93742670.811       -2467.963          47.000  
R14  24558048.971   130908264.193        1636.865          45.000    24558063.865   101817680.203        1272.961          45.000  
R03  21850025.944   116964914.864        1601.177          51.000    21850022.483    90972785.994        1245.380          49.000  
R22  25159714.759   134304275.428        1449.567          35.000    25159719.981   104458888.661        1127.727          34.000  
R04  25912527.308   138760417.192        3507.363          45.000    25912526.201   107924750.553        2727.931          44.000  
G19  23172878.048   121774572.064        1120.091          46.000                                                                  
S31  40162296.370   211054198.327        -752.437          45.000  
S33  41152398.393   216257162.144        -753.993          40.000  
G17  23158103.416   121696924.506          65.287          46.000    23158101.678    94828890.036          50.797          41.000  
E02  28386615.840   149172721.607       -3292.524          44.000    28386619.476   114301206.207       -2522.852          45.000  
R02  20997567.866   112047042.667       -2593.831          50.000    20997570.770    87147725.820       -2017.429          49.000  
R01  24141381.128   129049483.010       -5103.602          43.000    24141389.832   100371815.703       -3969.591          38.000  
E18  22979986.089   120760909.404       -4069.644          45.000    22979989.360    92531231.301       -3118.315          48.000  
E21  30486936.635   160209896.744        1797.068          41.000    30486957.572   122758327.889        1377.062          37.000  
G13  21503621.684   113002337.569        -665.953          47.000                                                                  
G20  26310156.410   138260456.096       -3606.242          34.000                                                                  
E07  24788898.874   130266589.769        -262.288          46.000    24788901.015    99814673.258        -200.852          48.000  
G14  24033845.996   126298845.346       -3775.867          47.000    24033844.585    98414707.992       -2942.112          43.000  
G05  24688718.138   129739900.041       -3486.169          45.000    24688728.080   101095970.933       -2716.551          39.000  
G22  22226663.845   116802107.559       -2570.801          47.000                                                                  
G24  25014337.694   131451440.122        1287.354          43.000    25014339.219   102429957.542        1003.044          41.000  
G15  22616675.056   118851476.555         983.867          46.000    22616673.056    92611600.896         766.643          43.000  
E30  25101547.147   131909690.851       -1736.107          47.000    25101548.192   101073770.046       -1330.332          50.000  
E27  25997138.683   136616086.388         706.180          47.000    25997144.235   104679997.980         541.089          50.000  
> 2024 06 08 17 58 00.0050000  0 29                     
E08  26425737.832   138868137.580       -2735.171          46.000    26425742.113   106405426.644       -2095.859          48.000  
G23  26261925.332   138007311.715         678.910          39.000    26261923.619   107538194.273         529.077          36.000  
G12  25594499.289   134499954.413        2207.682          46.000    25594514.272   104805639.335        1720.391          41.000  
G30  25545150.598   134240585.547       -3012.533          43.000    25545153.244   104603013.901       -2347.100          40.000  
R13  21564768.142   115154672.4531       -972.030          39.000    21564766.520    89565016.192        -755.966          41.000  
R12  22580514.929   120621125.706       -3172.565          48.000    22580515.269    93816708.194       -2467.602          47.000  
R14  24548852.802   130859250.304        1631.365          45.000    24548869.169   101779558.996        1268.686          46.000  
R03  21841106.056   116917164.661        1582.703          50.000    21841102.310    90935647.009        1231.007          49.000  
R22  25151595.395   134260933.8411       1440.300          33.000    25151601.738   104425181.629        1119.644          36.000  
R04  25892878.595   138655202.115        3507.246          42.000    25892877.123   107842916.659        2727.906          43.000  
G19  23166517.884   121741149.685        1108.425          46.000                                                                  
S31  40166584.536   211076732.989        -749.464          45.000  
S33  41156697.606   216279754.792        -751.489          40.000  
G17  23157777.748   121695212.783          49.378          46.000    23157776.195    94827556.316          38.445          41.000  
E02  28405405.096   149271460.104       -3289.618          44.000    28405408.695   114376862.934       -2520.783          45.000  
R02  21012213.273   112125186.987       -2615.230          50.000    21012214.368    87208504.685       -2034.191          48.000  
R01  24170034.440   129202648.231       -5107.073          43.000    24170042.661   100490943.650       -3971.885          38.000  
E18  23003276.584   120883301.966       -4089.444          45.000    23003280.168    92625012.701       -3133.446          49.000  
E21  30476679.344   160155995.346        1796.781          40.000    30476700.988   122717026.403        1376.984          36.000  
G13  21507462.536   113022521.336        -679.118          46.000                                                                  
G20  26330717.220   138368508.928       -3597.012          33.000                                                                  
E07  24790418.968   130274580.779        -270.137          46.000    24790421.920    99820796.263        -206.957          49.000  
G14  24055406.709   126412147.277       -3777.111          47.000    24055405.000    98502995.198       -2943.221          43.000  
G05  24708628.395   129844526.607       -3488.298          44.000    24708637.544   101177497.651       -2718.178          39.000  
G22  22241369.956   116879388.217       -2580.804          47.000                                                                  
G24  25006979.850   131412769.215        1290.973          43.000    25006980.536   102399824.487        1006.235          40.000  
G15  22611090.060   118822125.760         973.067          45.000    22611087.706    92588730.159         758.291          43.000  
E30  25111474.090   131961857.275       -1741.238          47.000    25111474.586   101113741.812       -1334.320          49.000  
E27  25993126.850   136595000.793         699.934          47.000    25993131.627   104663841.657         536.229          50.000  
> 2024 06 08 17 58 30.0050000  0 29                     
E08  26441373.152   138950299.586       -2741.865          46.000    26441377.043   106468381.853       -2101.010          48.000  
G23  26258089.740   137987153.154         665.304          38.000    26258087.440   107522486.241         518.119          38.000  
G12  25581910.745   134433809.036        2202.323          43.000    25581926.827   104754098.294        1715.876          40.000  
G30  25562348.502   134330959.515       -3012.237          43.000    25562351.461   104673435.067       -2347.060          41.000  
R13  21570251.663   115183959.358        -979.769          38.000    21570251.028    89587794.931        -762.529          40.000  
R12  22598334.687   120716313.477       -3172.980          49.000    22598334.937    93890743.059       -2467.798          47.000  
R14  24539691.062   130810415.065        1624.904          45.000    24539707.659   101741576.701        1263.647          46.000  
R03  21832291.882   116869983.680        1563.160          50.000    21832288.199    90898950.745        1215.692          48.000  
R22  25143532.317   134217890.223        1430.147          34.000    25143538.521   104391703.898        1111.852          35.000  
R04  25873233.613   138550005.129        3506.281          43.000    25873232.554   107761096.758        2727.004          43.000  
G19  23160226.346   121708091.796        1095.733          46.000                                                                  
S31  40170858.192   211099189.955        -747.354          45.000  
S33  41160981.624   216302269.928        -749.437          40.000  
G17  23157545.378   121693991.560          32.324          46.000    23157543.573    94826604.811          25.363          41.000  
E02  28424181.236   149370128.253       -3287.756          44.000    28424184.697   114452465.713       -2519.188          45.000  
R02  21026981.978   112203988.175       -2637.764          51.000    21026981.842    87269794.402       -2051.592          48.000  
R01  24198708.967   129355926.304       -5111.410          44.000    24198717.419   100610159.371       -3975.277          38.000  
E18  23026682.403   121006299.909       -4110.000          45.000    23026686.148    92719257.970       -3149.236          49.000  
E21  30466426.836   160102118.041        1795.437          41.000    30466448.609   122675743.408        1375.493          37.000  
G13  21511380.086   113043110.509        -693.161          47.000                                                                  
G20  26351233.372   138476318.233       -3589.603          35.000                                                                  
E07  24791986.620   130282820.942        -278.855          46.000    24791989.991    99827110.171        -213.654          49.000  
G14  24076976.604   126525498.283       -3779.203          46.000    24076975.088    98591320.640       -2944.912          42.000  
G05  24728551.669   129949224.743       -3491.311          45.000    24728561.841   101259080.113       -2720.397          39.000  
G22  22256134.942   116956977.396       -2591.534          48.000                                                                  
G24  24999602.480   131374002.267        1293.778          43.000    24999603.298   102369616.618        1007.992          40.000  
G15  22605568.141   118793108.859         961.537          46.000    22605565.755    92566119.606         749.076          43.000  
E30  25121432.895   132014193.460       -1747.390          47.000    25121433.614   101153843.654       -1338.868          49.000  
E27  25989151.850   136574114.470         692.905          47.000    25989157.019   104647838.020         530.897          50.000  
> 2024 06 08 17 59 00.0050000  0 29                     
E08  26457045.209   139032656.081       -2748.572          46.000    26457048.964   106531486.085       -2106.079          48.000  
G23  26254329.934   137967400.902         651.448          39.000    26254330.276   107507094.824         507.832          40.000  
G12  25569352.021   134367816.801        2197.107          44.000    25569366.625   104702676.525        1712.258          38.000  
G30  25579542.532   134421315.704       -3011.591          42.000    25579545.770   104743842.375       -2346.616          41.000  
R13  21575779.798   115213457.1391       -988.076          39.000    21575778.821    89610753.993        -768.336          40.000  
R12  22616154.697   120811500.197       -3172.899          50.000    22616153.997    93964777.143       -2467.657          48.000  
R14  24530562.419   130761762.675        1618.754          45.000    24530579.959   101703736.635        1258.914          46.000  
R03  21823586.457   116823380.331        1543.785          50.000    21823581.643    90862703.734        1200.693          47.000  
R22  25135524.433   134175143.5441       1419.635          37.000    25135530.665   104358461.718        1103.921          36.000  
R04  25853593.755   138444833.590        3505.083          41.000    25853593.061   107679296.632        2726.541          42.000  
G19  23154006.583   121675405.302        1083.234          46.000                                                                  
S31  40175117.909   211121574.944        -744.827          45.000  
S33  41165252.321   216324712.257        -746.561          40.000  
G17  23157406.667   121693266.708          15.869          43.000    23157405.330    94826040.078          12.330          41.000  
E02  28442944.250   149468729.075       -3285.567          44.000    28442947.806   114528016.917       -2517.395          45.000  
R02  21041872.822   112283448.929       -2659.718          51.000    21041872.515    87331597.080       -2068.773          48.000  
R01  24227404.425   129509317.316       -5114.958          44.000    24227413.238   100729462.927       -3978.188          39.000  
E18  23050203.284   121129903.213       -4129.988          45.000    23050207.201    92813967.055       -3164.571          50.000  
E21  30456179.467   160048269.605        1794.447          40.000    30456201.795   122634482.501        1374.757          39.000  
G13  21515376.616   113064110.305        -706.947          47.000                                                                  
G20  26371702.445   138583885.997       -3581.674          34.000                                                                  
E07  24793603.219   130291315.606        -287.380          46.000    24793606.580    99833619.066        -220.116          49.000  
G14  24098555.909   126638900.399       -3780.793          46.000    24098554.287    98679685.901       -2946.226          42.000  
G05  24748489.491   130053995.734       -3493.569          45.000    24748499.344   101340719.367       -2722.123          39.000  
G22  22270958.693   117034877.066       -2601.959          48.000                                                                  
G24  24992207.475   131335143.715        1296.752          43.000    24992208.141   102339337.320        1010.676          40.000  
G15  22600111.226   118764432.079         950.296          46.000    22600108.805    92543774.053         740.385          43.000  
E30  25131424.125   132066702.247       -1753.073          46.000    25131426.029   101194077.738       -1343.211          49.000  
E27  25985215.483   136553431.725         686.062          47.000    25985220.850   104631990.371         525.711          50.000  
> 2024 06 08 17 59 30.0050000  0 29                     
E08  26472753.958   139115205.489       -2754.651          46.000    26472757.592   106594738.138       -2110.769          48.000  
G23  26250648.675   137948055.038         638.227          41.000    26250650.260   107492020.109         497.432          41.000  
G12  25556823.972   134301978.097        2192.149          46.000    25556837.577   104651374.404        1708.358          40.000  
G30  25596733.244   134511653.361       -3010.714          42.000    25596736.608   104814235.272       -2346.173          41.000  
R13  21581351.101   115243204.835        -995.472          40.000    21581349.137    89633891.139        -774.068          40.000  
R12  22633972.639   120906683.105       -3172.577          49.000    22633972.486    94038808.250       -2467.498          48.000  
R14  24521469.176   130713292.081        1612.684          45.000    24521485.356   101666037.969        1254.235          45.000  
R03  21814988.354   116777357.217        1524.540          50.000    21814983.385    90826908.015        1185.758          47.000  
R22  25127575.063   134132709.024        1408.818          37.000    25127579.375   104325457.551        1096.486          37.000  
R04  25833958.370   138339690.493        3504.374          43.000    25833958.337   107597518.736        2725.609          43.000  
G19  23147858.137   121643092.206        1070.913          47.000                                                                  
S31  40179363.906   211143886.334        -742.531          45.000  
S33  41169509.004   216347081.251        -743.982          40.000  
G17  23157361.407   121693038.919          -0.786          42.000    23157361.584    94825862.631          -0.259          41.000  
E02  28461694.116   149567260.496       -3283.121          44.000    28461698.069   114603514.956       -2515.629          45.000  
R02  21056886.739   112363565.853       -2681.335          51.000    21056886.334    87393910.113       -2085.453          48.000  
R01  24256120.612   129662816.656       -5118.193          44.000    24256129.676   100848850.722       -3981.127          39.000  
E18  23073838.183   121254106.727       -4150.037          45.000    23073842.101    92909136.032       -3179.845          50.000  
E21  30445938.067   159994449.850        1793.656          40.000    30445959.885   122593243.596        1374.342          38.000  
G13  21519451.099   113085521.305        -720.405          47.000                                                                  
G20  26392125.059   138691209.584       -3573.145          31.000                                                                  
E07  24795268.155   130300064.840        -295.741          46.000    24795271.614    99840323.032        -226.632          49.000  
G14  24120145.220   126752350.496       -3782.427          45.000    24120143.559    98768088.512       -2947.391          42.000  
G05  24768439.961   130158835.416       -3495.651          46.000    24768449.692   101422412.155       -2724.072          39.000  
G22  22285840.932   117113083.956       -2611.859          48.000                                                                  
G24  24984794.879   131296192.727        1299.888          44.000    24984795.246   102308986.029        1013.111          39.000  
G15  22594719.284   118736097.012         938.809          46.000    22594716.869    92521694.766         731.661          43.000  
E30  25141447.217   132119381.434       -1758.734          44.000    25141451.027   101234442.357       -1347.595          50.000  
E27  25981317.381   136532951.617         679.341          47.000    25981322.893   104616298.003         520.529          49.000  
