     3.00           OBSERVATION DATA    M: Mixed            RINEX VERSION / TYPE
CONVBIN demo5 b34j                      20240609 013620 UTC PGM / RUN BY / DATE 
log: SAUC00CHL_R_20241601145_15M_30S_MO.ubx                 COMMENT             
format: u-blox UBX                                          COMMENT             
format: u-blox UBX                                          COMMENT             
log: SAUC00CHL_R_20241601145_15M_30S_MO.ubx                 COMMENT             
SAUC00CHL                                                   MARKER NAME         
                                                            MARKER NUMBER       
GEODETIC                                                    MARKER TYPE         
El Sauce            Obstech                                 OBSERVER / AGENCY   
UNKNOWN             UBLOX-ZED-F9P                           REC # / TYPE / VERS 
UNKNWOWN            TWIVSP6037L                             ANT # / TYPE        
  1813185.0000 -5195981.0000 -3216438.0000                  APPROX POSITION XYZ 
        0.0000        0.0000        0.0000                  ANTENNA: DELTA H/E/N
G    8 C1C L1C D1C S1C C2X L2X D2X S2X                      SYS / # / OBS TYPES 
R    8 C1C L1C D1C S1C C2C L2C D2C S2C                      SYS / # / OBS TYPES 
E    8 C1X L1X D1X S1X C7X L7X D7X S7X                      SYS / # / OBS TYPES 
S    4 C1C L1C D1C S1C                                      SYS / # / OBS TYPES 
  2024    06    08    11    45   00.4940000     GPS         TIME OF FIRST OBS   
  2024    06    08    11    59   30.4940000     GPS         TIME OF LAST OBS    
                                                            END OF HEADER       
> 2024 06 08 11 45 00.4940000  0 30                     
E08  23967331.472   125949203.8561        546.256          41.000    23967331.964    96506521.5441        418.610          46.000  
G09  18965574.409    99664831.2331       -680.579          47.000    18965571.165    77660910.1071       -530.402          46.000  
E03  21916922.755   115174238.1281      -1172.971          48.000    21916921.833    88250432.1961       -898.670          50.000  
G19  22532084.456   118406891.1321      -2564.756          43.000                                                                  
G30  22726948.327   119430883.4491       3020.469          39.000    22726948.665    93062998.5071       2353.866          39.000  
R16  21692107.339   115875314.6181      -3253.590          40.000    21692105.512    90125209.3091      -2530.315          44.000  
R22  18841780.431   100578679.8191      -3711.322          49.000    18841777.434    78227764.6781      -2886.566          48.000  
R06  21560796.371   115052534.6841      -2876.393          35.000                                                                  
R07  18936411.868   101368129.7271      -1707.233          51.000    18936405.977    78841945.3121      -1327.930          47.000  
E25  25614212.177   134603600.2761       1347.103          40.000    25614217.421   103137844.4671       1032.216          44.000  
G06  19692096.656   103482682.2521        890.837          46.000    19692095.940    80636086.0801        694.166          45.000  
S31  36892255.056   193870166.3041       -794.182          46.000  
S33  37881223.847   199067159.6921       -792.936          41.000  
E05  22565174.553   118580831.0951      -2658.906          44.000    22565175.723    90860663.4891      -2037.431          46.000  
E02  26786427.967   140763636.6171       1294.182          32.000    26786435.060   107857869.8891        991.779          37.000  
R09  19242696.880   102754922.1591         40.729          48.000    19242692.619    79920472.4391         31.538          48.000  
R10  20093981.645   107112233.3611       2636.083          44.000                                                                  
R08  19373167.806   103742464.0881        271.062          49.000    19373160.761    80688885.2341        210.711          47.000  
R21  22168349.167   118627260.9111      -5208.264          41.000    22168349.389    92265564.7281      -4050.958          44.000  
R23  19123619.199   102298449.3241        -61.908          49.000                                                                  
G07  19968095.440   104933022.2281       2592.302          46.000    19968090.766    81765917.9321       2020.103          42.000  
E34  22832909.478   119987800.4181      -3148.766          48.000    22832909.338    91938719.9571      -2412.632          47.000  
E18  26746396.650   140553233.8841       -399.456          43.000    26746396.330   107696604.3371       -306.146          43.000  
E13  25327977.976   133099387.9331       1724.335          41.000    25327978.637   101985279.0751       1321.108          42.000  
E15  22024100.143   115737461.2461       -519.811          46.000    22024100.723    88681954.2951       -398.329          49.000  
G17  22748869.844   119546070.7321      -3463.733          45.000    22748868.129    93152753.8351      -2698.810          42.000  
G11  23068969.360   121228253.6561       2452.927          40.000    23068965.449    94463639.1111       1911.378          40.000  
G02  23426299.423   123106013.4831      -4776.919          43.000                                                                  
G03  19725942.463   103660590.6531      -2032.107          46.000    19725939.878    80774542.6281      -1583.590          45.000  
G04  19490055.027   102420979.9821      -2630.936          46.000    19490050.374    79808483.7241      -2050.188          44.000  
> 2024 06 08 11 45 30.4940000  0 30                     
E08  23964219.006   125932848.993         544.450          42.000    23964220.092    96493989.893         417.075          47.000  
G09  18969474.069    99685325.363        -685.236          48.000    18969471.432    77676879.497        -533.923          46.000  
E03  21923621.704   115209441.940       -1173.718          48.000    21923621.200    88277406.524        -899.438          50.000  
G19  22546736.871   118483884.892       -2567.837          44.000                                                                  
G30  22709702.851   119340254.119        3021.802          41.000    22709703.023    92992378.213        2354.309          39.000  
R16  21710425.922   115973169.036       -3269.856          41.000    21710423.894    90201318.208       -2543.196          44.000  
R22  18862681.995   100690249.964       -3726.252          49.000    18862678.315    78314541.354       -2898.212          48.000  
R06  21576958.770   115138782.808       -2872.916          34.000                                                                  
R07  18945978.307   101419339.885       -1706.403          51.000    18945971.666    78881775.357       -1327.258          46.000  
E25  25606517.891   134563169.281        1348.704          41.000    25606523.773   103106864.892        1033.295          44.000  
G06  19687055.235   103456188.790         875.839          46.000    19687053.897    80615441.771         682.542          45.000  
S31  36896780.804   193893948.544        -791.085          46.000  
S33  37885744.339   199090913.008        -789.657          41.000  
E05  22580343.942   118660544.636       -2654.958          44.000    22580344.779    90921742.548       -2034.355          45.000  
E02  26779011.727   140724655.261        1305.219          33.000    26779016.809   107828000.994         999.771          36.000  
R09  19242528.221   102754022.601          19.728          48.000    19242523.952    79919772.741          15.285          48.000  
R10  20079166.253   107033257.482        2629.337          45.000                                                                  
R08  19371650.499   103734339.318         271.037          49.000    19371644.123    80682565.885         210.724          47.000  
R21  22197532.633   118783424.455       -5202.152          42.000    22197532.451    92387024.929       -4046.120          44.000  
R23  19124032.844   102300662.875         -85.303          49.000                                                                  
G07  19953319.682   104855374.172        2584.305          47.000    19953314.725    81705412.944        2013.937          42.000  
E34  22850903.069   120082358.490       -3154.721          48.000    22850903.359    92011173.473       -2417.408          46.000  
E18  26748648.829   140565068.662        -389.241          42.000    26748648.717   107705672.390        -298.178          43.000  
E13  25318146.643   133047722.306        1720.657          41.000    25318146.326   101945691.039        1318.666          41.000  
E15  22027100.371   115753226.653        -530.863          46.000    22027100.554    88694034.219        -406.790          49.000  
G17  22768632.450   119649920.403       -3458.989          44.000    22768630.200    93233675.544       -2695.551          40.000  
G11  23054979.206   121154732.035        2448.890          40.000    23054974.556    94406349.496        1908.226          38.000  
G02  23453556.809   123249247.245       -4771.652          44.000                                                                  
G03  19737563.482   103721660.859       -2038.530          46.000    19737561.463    80822129.728       -1588.640          45.000  
G04  19505079.385   102499932.888       -2632.183          46.000    19505075.394    79870005.378       -2050.898          45.000  
> 2024 06 08 11 46 00.4940000  0 30                     
E08  23961114.564   125916524.516         544.082          43.000    23961113.727    96481481.498         416.969          47.000  
G09  18973396.794    99705936.546        -688.507          47.000    18973393.005    77692940.124        -536.572          46.000  
E03  21930321.521   115244652.587       -1173.405          47.000    21930321.598    88304386.069        -899.119          51.000  
G19  22561401.964   118560949.848       -2569.661          43.000                                                                  
G30  22692446.507   119249567.895        3024.301          41.000    22692445.129    92921713.499        2356.390          38.000  
R16  21728832.790   116071493.669       -3284.950          42.000    21728831.053    90277792.770       -2554.778          45.000  
R22  18883661.727   100802243.916       -3739.778          49.000    18883658.409    78401647.668       -2908.649          47.000  
R06  21593098.100   115224900.886       -2867.628          34.000                                                                  
R07  18955535.678   101470502.917       -1704.248          51.000    18955529.785    78921568.767       -1325.513          47.000  
E25  25598812.478   134522676.707        1351.054          41.000    25598818.284   103075838.108        1035.433          44.000  
G06  19682094.946   103430123.919         861.863          45.000    19682093.756    80595131.416         671.859          44.000  
S31  36901284.613   193917615.253        -786.396          46.000  
S33  37890242.661   199114550.182        -785.281          41.000  
E05  22595487.150   118740123.810       -2650.045          43.000    22595488.403    90982718.663       -2030.601          46.000  
E02  26771528.516   140685331.353        1317.170          33.000    26771534.283   107797869.688        1008.868          38.000  
R09  19242474.021   102753735.475          -0.163          47.000    19242470.174    79919549.403          -0.249          47.000  
R10  20064384.873   106954467.769        2623.638          45.000                                                                  
R08  19370130.086   103726195.443         272.250          49.000    19370121.376    80676231.702         211.790          46.000  
R21  22226676.848   118939379.312       -5194.653          41.000    22226676.836    92508322.777       -4040.144          44.000  
R23  19124574.208   102303562.093        -107.605          48.000                                                                  
G07  19938585.756   104777946.647        2577.719          46.000    19938580.754    81645079.799        2008.611          42.000  
E34  22868927.885   120177080.134       -3159.652          47.000    22868928.527    92083752.299       -2421.018          47.000  
E18  26750837.110   140576577.450        -377.880          40.000    26750838.964   107714490.630        -289.390          43.000  
E13  25308331.653   132996142.818        1718.227          42.000    25308330.381   101906169.001        1316.565          41.000  
E15  22030159.820   115769306.382        -540.736          46.000    22030160.512    88706354.974        -414.359          49.000  
G17  22788365.724   119753614.956       -3453.426          43.000    22788362.191    93314476.275       -2691.344          39.000  
G11  23041007.678   121081312.204        2446.209          39.000    23041002.510    94349139.194        1906.499          38.000  
G02  23480779.461   123392300.525       -4764.970          43.000                                                                  
G03  19749218.877   103782906.130       -2043.939          47.000    19749216.690    80869853.247       -1592.948          45.000  
G04  19520106.398   102578899.611       -2632.028          46.000    19520102.758    79931537.807       -2051.027          45.000  
> 2024 06 08 11 46 30.4940000  0 30                     
E08  23958011.752   125900216.227         543.805          45.000    23958010.568    96468985.495         416.761          47.000  
G09  18977338.247    99726650.019        -691.736          48.000    18977334.333    77709080.465        -539.142          46.000  
E03  21937019.952   115279855.349       -1172.659          47.000    21937020.668    88331359.563        -898.640          51.000  
G19  22576076.594   118638069.376       -2570.990          41.000                                                                  
G30  22675175.967   119158813.375        3026.903          41.000    22675175.820    92850995.653        2358.448          40.000  
R16  21747325.137   116170304.6121      -3299.671          44.000    21747322.392    90354619.932       -2566.499          44.000  
R22  18904716.829   100914643.454       -3752.881          50.000    18904714.375    78489069.405       -2918.951          47.000  
R06  21609206.447   115310885.2421      -2862.808          34.000                                                                  
R07  18965082.782   101521604.505       -1701.862          53.000    18965076.316    78961314.366       -1323.645          47.000  
E25  25591093.073   134482110.840        1354.075          41.000    25591098.890   103044755.194        1037.383          44.000  
G06  19677214.757   103404475.878         848.563          46.000    19677213.683    80575145.862         661.140          46.000  
S31  36905763.475   193941151.644        -781.608          46.000  
S33  37894715.378   199138056.696        -781.001          40.000  
E05  22610602.040   118819554.375       -2644.756          44.000    22610603.618    91043580.916       -2026.254          46.000  
E02  26763977.646   140645652.546        1329.113          30.000    26763984.246   107767466.364        1018.156          38.000  
R09  19242533.034   102754048.858         -20.048          49.000    19242528.411    79919793.097         -15.733          46.000  
R10  20049637.540   106875854.398        2617.956          46.000                                                                  
R08  19368603.399   103718017.654         273.659          51.000    19368593.674    80669871.161         212.846          46.000  
R21  22255778.376   119095165.6491      -5186.879          41.000    22255778.466    92629444.452       -4034.161          44.000  
R23  19125241.292   102307133.899        -129.785          49.000                                                                  
G07  19923891.808   104700728.981        2570.964          48.000    19923887.144    81584910.165        2003.485          43.000  
E34  22886981.189   120271950.058       -3164.027          47.000    22886981.895    92156444.750       -2424.451          47.000  
E18  26752961.608   140587745.800        -365.964          38.000    26752963.876   107723048.010        -280.555          43.000  
E13  25298530.512   132944637.627        1716.205          42.000    25298529.541   101866703.879        1314.991          41.000  
E15  22033277.258   115785687.232        -550.410          46.000    22033277.745    88718906.452        -421.782          49.000  
G17  22808065.192   119857137.077       -3447.432          43.000    22808062.097    93395142.724       -2686.469          37.000  
G11  23027054.509   121007983.136        2443.383          40.000    23027048.078    94291999.628        1903.757          38.000  
G02  23507964.417   123535156.762       -4758.063          44.000                                                                  
G03  19760904.481   103844313.404       -2049.009          48.000    19760902.590    80917702.955       -1596.766          46.000  
G04  19535133.365   102657865.043       -2631.611          47.000    19535129.292    79993069.225       -2050.598          46.000  
> 2024 06 08 11 47 00.4940000  0 30                     
E08  23954908.941   125883908.075         543.714          44.000    23954907.352    96456489.609         416.722          47.000  
G09  18981296.058    99747449.226        -694.434          47.000    18981292.875    77725287.594        -541.107          46.000  
E03  21943715.047   115315033.815       -1171.803          47.000    21943715.009    88358314.443        -898.043          51.000  
G19  22590757.546   118715225.474       -2572.030          40.000                                                                  
G30  22657890.490   119067977.547        3029.552          42.000    22657889.771    92780214.426        2360.741          39.000  
R16  21765897.186   116269517.565       -3314.148          42.000    21765895.728    90431785.438       -2577.649          46.000  
R22  18925845.883   101027428.607       -3765.521          49.000    18925842.549    78576791.076       -2928.778          47.000  
R06  21625291.027   115396705.111       -2857.474          33.000                                                                  
R07  18974614.925   101572629.020       -1699.280          51.000    18974608.563    79001000.029       -1321.667          48.000  
E25  25583357.392   134441458.306        1356.545          41.000    25583362.991   103013605.851        1039.531          43.000  
G06  19672411.350   103379231.068         835.033          46.000    19672409.588    80555474.510         650.583          45.000  
S31  36910214.518   193964541.792        -776.847          46.000  
S33  37899161.269   199161417.670        -776.143          41.000  
E05  22625686.485   118898820.283       -2639.206          44.000    22625687.680    91104317.031       -2022.249          46.000  
E02  26756350.396   140605604.705        1340.600          29.000    26756363.093   107736780.248        1027.785          38.000  
R09  19242701.212   102754949.610         -39.579          47.000    19242697.536    79920493.623         -30.699          47.000  
R10  20034920.525   106797406.362        2612.028          43.000                                                                  
R08  19367066.409   103709789.409         275.374          49.000    19367059.428    80663471.389         214.153          47.000  
R21  22284834.528   119250647.859       -5178.436          41.000    22284834.036    92750374.660       -4027.470          45.000  
R23  19126032.158   102311363.055        -151.624          48.000                                                                  
G07  19909236.371   104623708.468        2564.193          47.000    19909230.826    81524894.166        1998.106          43.000  
E34  22905058.702   120366951.271       -3168.697          46.000    22905060.264    92229237.814       -2427.933          47.000  
E18  26755021.374   140598557.592        -354.194          40.000    26755021.085   107731332.188        -271.551          42.000  
E13  25288740.404   132893193.024        1714.045          41.000    25288740.191   101827285.201        1313.389          42.000  
E15  22036449.085   115802354.175        -560.170          46.000    22036449.661    88731677.157        -429.235          49.000  
G17  22827728.937   119960468.895       -3440.686          43.000    22827724.867    93475660.867       -2681.115          37.000  
G11  23013115.921   120934732.002        2440.826          40.000    23013108.886    94234920.763        1901.770          37.000  
G02  23535108.525   123677798.110       -4750.946          43.000                                                                  
G03  19772618.617   103905867.835       -2053.953          48.000    19772615.946    80965667.327       -1600.481          45.000  
G04  19550156.297   102736812.265       -2631.003          47.000    19550152.147    80054586.477       -2050.077          44.000  
> 2024 06 08 11 47 30.4940000  0 30                     
E08  23951805.236   125867597.006         543.767          45.000    23951803.619    96443991.477         416.688          47.000  
G09  18985269.962    99768330.496        -697.522          47.000    18985266.656    77741558.659        -543.555          46.000  
E03  21950404.582   115350184.472       -1171.160          48.000    21950403.913    88385248.019        -897.327          51.000  
G19  22605445.489   118792412.736       -2573.778          39.000                                                                  
G30  22640589.562   118977060.235        3031.877          42.000    22640588.702    92709369.710        2362.553          41.000  
R16  21784551.009   116369159.856       -3328.481          42.000    21784548.836    90509284.897       -2588.955          45.000  
R22  18947045.776   101140592.441       -3778.436          49.000    18947041.986    78664807.269       -2938.800          47.000  
R06  21641343.248   115482360.109       -2852.774          34.000                                                                  
R07  18984131.406   101623573.676       -1696.924          51.000    18984125.421    79040623.555       -1319.727          47.000  
E25  25575605.639   134400718.577        1359.422          42.000    25575610.276   102982389.681        1042.006          43.000  
G06  19667684.051   103354388.822         821.323          47.000    19667681.792    80536116.839         640.010          45.000  
S31  36914637.242   193987783.699        -772.278          46.000  
S33  37903578.362   199184630.568        -771.498          41.000  
E05  22640739.032   118977918.371       -2633.658          44.000    22640739.516    91164924.562       -2018.053          46.000  
E02  26748660.294   140565186.453        1353.842          31.000    26748671.551   107705810.376        1037.400          38.000  
R09  19242979.661   102756436.450         -59.480          48.000    19242976.428    79921650.010         -46.216          48.000  
R10  20020235.227   106719125.848        2606.449          42.000                                                                  
R08  19365519.331   103701507.511         276.788          48.000    19365513.257    80657029.850         215.279          47.000  
R21  22313844.356   119405877.786       -5169.910          43.000    22313842.723    92871108.698       -4021.206          44.000  
R23  19126946.003   102316247.300        -173.822          49.000                                                                  
G07  19894617.535   104546885.473        2557.460          47.000    19894611.599    81465032.096        1992.553          42.000  
E34  22923160.381   120462079.625       -3173.099          45.000    22923162.934    92302128.297       -2431.200          47.000  
E18  26757011.134   140609009.497        -342.195          42.000    26757009.760   107739340.647        -262.335          42.000  
E13  25278961.929   132841808.291        1711.857          41.000    25278962.202   101787912.403        1311.545          42.000  
E15  22039673.932   115819305.095        -569.708          45.000    22039675.511    88744665.466        -436.516          49.000  
G17  22847355.337   120063604.656       -3434.581          44.000    22847350.824    93556026.268       -2676.352          37.000  
G11  22999191.337   120861558.843        2437.969          39.000    22999184.772    94177902.648        1899.702          38.000  
G02  23562210.699   123820219.299       -4743.863          43.000                                                                  
G03  19784359.956   103967567.513       -2059.186          48.000    19784357.032    81013744.899       -1604.457          45.000  
G04  19565174.985   102815737.296       -2630.454          46.000    19565171.415    80116086.422       -2049.426          44.000  
> 2024 06 08 11 48 00.4940000  0 30                     
E08  23948699.841   125851282.215         543.770          45.000    23948699.094    96431490.494         416.845          47.000  
G09  18989259.309    99789292.498        -700.153          48.000    18989255.330    77757892.637        -545.483          46.000  
E03  21957087.666   115385306.117       -1170.357          48.000    21957087.458    88412159.374        -896.652          51.000  
G19  22620139.762   118869628.180       -2574.263          41.000                                                                  
G30  22623274.005   118886063.638        3034.620          43.000    22623273.188    92638463.239        2364.558          40.000  
R16  21803284.158   116469228.092       -3342.628          42.000    21803281.860    90587115.606       -2599.928          45.000  
R22  18968315.754   101254130.401       -3790.802          49.000    18968311.613    78753114.483       -2948.383          47.000  
R06  21657365.503   115567854.824       -2847.210          33.000                                                                  
R07  18993633.627   101674437.941       -1694.061          51.000    18993627.372    79080184.556       -1317.615          47.000  
E25  25567837.091   134359893.484        1362.126          41.000    25567841.785   102951108.139        1043.918          42.000  
G06  19663034.245   103329950.796         807.843          47.000    19663031.533    80517074.148         629.547          45.000  
S31  36919032.060   194010877.628        -767.252          46.000  
S33  37907967.291   199207694.503        -766.478          42.000  
E05  22655758.387   119056847.841       -2628.134          44.000    22655759.488    91225402.855       -2013.787          46.000  
E02  26740903.813   140524399.086        1366.138          35.000    26740909.928   107674557.664        1046.493          39.000  
R09  19243367.989   102758511.021         -78.954          48.000    19243364.611    79923263.546         -61.338          48.000  
R10  20005581.636   106641016.618        2600.712          41.000                                                                  
R08  19363963.235   103693171.062         278.848          48.000    19363956.249    80650545.888         216.855          47.000  
R21  22342805.383   119560851.381       -5161.346          43.000    22342803.353    92991643.358       -4014.464          44.000  
R23  19127982.367   102321787.143        -195.520          49.000                                                                  
G07  19880036.113   104470262.377        2550.683          46.000    19880030.738    81405325.789        1987.615          42.000  
E34  22941286.380   120557333.353       -3177.127          45.000    22941289.197    92375114.841       -2434.477          47.000  
E18  26758929.748   140619100.663        -330.615          41.000    26758930.402   107747072.706        -253.134          42.000  
E13  25269195.335   132790485.006        1709.591          41.000    25269195.857   101748586.671        1310.022          42.000  
E15  22042953.837   115836540.236        -579.203          45.000    22042955.464    88757871.555        -443.893          50.000  
G17  22866942.868   120166540.947       -3427.855          44.000    22866939.922    93636236.198       -2670.926          39.000  
G11  22985281.172   120788466.013        2435.000          39.000    22985276.220    94120947.147        1897.069          38.000  
G02  23589270.565   123962417.833       -4736.380          43.000                                                                  
G03  19796128.345   104029412.827       -2063.956          47.000    19796125.603    81061935.978       -1608.532          44.000  
G04  19580189.353   102894638.481       -2629.723          46.000    19580185.712    80177567.772       -2048.892          44.000  
> 2024 06 08 11 48 30.4940000  0 30                     
E08  23945597.381   125834980.442         543.221          44.000    23945596.753    96418999.489         416.087          46.000  
G09  18993266.825    99810351.415        -703.668          48.000    18993262.229    77774302.172        -548.364          45.000  
E03  21963768.212   115420415.062       -1170.164          47.000    21963768.588    88439060.989        -896.620          51.000  
G19  22634841.661   118946886.181       -2576.097          42.000                                                                  
G30  22605945.914   118795007.341        3036.176          42.000    22605944.326    92567510.219        2365.815          38.000  
R16  21822099.585   116569736.952       -3357.746          43.000    21822097.683    90665289.036       -2611.580          45.000  
R22  18989657.443   101368055.816       -3804.028          48.000    18989654.109    78841723.033       -2958.594          47.000  
R06  21673360.622   115653207.506       -2842.557          33.000                                                                  
R07  19003124.058   101725239.098       -1692.450          52.000    19003116.658    79119696.463       -1316.272          46.000  
E25  25560055.936   134319002.311        1364.129          41.000    25560060.245   102919775.979        1044.974          42.000  
G06  19658464.686   103305936.043         793.293          47.000    19658461.913    80498361.300         618.134          46.000  
S31  36923401.523   194033839.441        -763.302          46.000  
S33  37912331.307   199230627.443        -762.757          41.000  
E05  22670749.245   119135625.427       -2623.410          44.000    22670750.453    91285764.762       -2010.210          46.000  
E02  26733071.216   140483260.994        1376.820          33.000    26733082.189   107643036.207        1055.172          38.000  
R09  19243870.831   102761192.840         -99.726          48.000    19243867.209    79925349.382         -77.448          49.000  
R10  19990965.425   106563100.742        2594.022          43.000                                                                  
R08  19362399.069   103684796.874         279.739          48.000    19362392.569    80644032.615         217.605          46.000  
R21  22371720.751   119715582.617       -5153.737          43.000    22371718.673    93111989.505       -4008.385          44.000  
R23  19129143.690   102328000.552        -218.457          49.000                                                                  
G07  19865496.559   104393859.542        2542.873          45.000    19865491.619    81345791.133        1981.504          42.000  
E34  22959439.345   120652728.117       -3182.386          45.000    22959441.935    92448209.453       -2438.245          46.000  
E18  26760783.145   140628847.641        -319.209          39.000    26760785.935   107754541.033        -244.429          43.000  
E13  25259444.067   132739242.214        1706.737          41.000    25259444.931   101709322.639        1307.606          43.000  
E15  22046291.647   115854077.246        -589.762          46.000    22046292.771    88771308.956        -451.843          50.000  
G17  22886495.336   120269292.457       -3421.962          42.000    22886492.654    93716302.158       -2666.745          39.000  
G11  22971390.590   120715473.396        2431.273          40.000    22971387.228    94064069.732        1894.236          40.000  
G02  23616291.236   124104408.678       -4729.596          43.000                                                                  
G03  19807928.032   104091421.621       -2069.632          46.000    19807925.474    81110254.412       -1612.911          44.000  
G04  19595202.562   102973531.664       -2629.752          47.000    19595199.131    80239042.913       -2049.183          44.000  
> 2024 06 08 11 49 00.4940000  0 30                     
E08  23942499.440   125818701.946         542.335          44.000    23942498.517    96406526.300         415.537          45.000  
G09  18997294.023    99831516.983        -707.202          48.000    18997289.736    77790794.796        -551.074          45.000  
E03  21970448.494   115455521.161       -1170.059          47.000    21970449.181    88465960.420        -896.664          51.000  
G19  22649553.896   119024194.843       -2578.027          42.000                                                                  
G30  22588609.965   118703904.587        3037.593          42.000    22588608.646    92496521.041        2366.583          40.000  
R16  21840999.139   116670694.519       -3372.835          43.000    21840996.878    90743811.445       -2623.126          45.000  
R22  19011073.115   101482375.232       -3817.132          49.000    19011070.905    78930638.025       -2968.781          48.000  
R06  21689332.784   115738429.569       -2838.504          33.000                                                                  
R07  19012604.361   101775988.016       -1690.729          51.000    19012596.879    79159167.767       -1315.119          46.000  
E25  25552264.729   134278057.942        1365.625          41.000    25552268.526   102888403.036        1046.510          42.000  
G06  19653977.593   103282357.235         778.749          47.000    19653975.128    80479988.168         606.686          46.000  
S31  36927748.317   194056681.195        -759.432          46.000  
S33  37916672.422   199253439.602        -758.181          41.000  
E05  22685713.423   119214261.430       -2618.787          44.000    22685714.627    91346018.196       -2006.632          46.000  
E02  26725174.386   140441784.445        1387.673          32.000    26725189.157   107611255.399        1063.378          37.000  
R09  19244489.603   102764494.749        -120.465          49.000    19244485.795    79927917.504         -93.515          48.000  
R10  19976388.302   106485394.497        2586.550          44.000                                                                  
R08  19360830.561   103676395.586         280.486          48.000    19360822.669    80637498.181         218.170          46.000  
R21  22400592.153   119870078.784       -5145.914          43.000    22400590.732    93232152.848       -4002.397          43.000  
R23  19130433.355   102334899.009        -241.364          49.000                                                                  
G07  19851000.990   104317690.705        2535.070          45.000    19850997.098    81286438.797        1975.359          42.000  
E34  22977620.993   120748273.153       -3187.214          45.000    22977623.546    92521419.220       -2442.293          46.000  
E18  26762574.014   140638260.599        -308.131          39.000    26762577.891   107761753.387        -236.186          44.000  
E13  25249710.248   132688092.578        1703.251          41.000    25249711.975   101670129.971        1305.326          44.000  
E15  22049688.565   115871927.360        -600.094          46.000    22049689.670    88784986.278        -459.900          50.000  
G17  22906013.632   120371866.962       -3415.942          40.000    22906012.076    93796230.163       -2661.841          39.000  
G11  22957522.350   120642594.467        2427.652          39.000    22957519.181    94007280.901        1891.473          40.000  
G02  23643273.289   124246200.095       -4723.373          42.000                                                                  
G03  19819760.532   104153605.311       -2075.812          45.000    19819757.868    81158709.161       -1617.500          43.000  
G04  19610216.077   103052426.258       -2629.680          47.000    19610212.618    80300519.160       -2049.292          45.000  
> 2024 06 08 11 49 30.4940000  0 30                     
E08  23939406.986   125802449.175         541.223          44.000    23939405.121    96394072.817         414.708          44.000  
G09  19001342.140    99852791.062        -710.889          47.000    19001338.344    77807371.956        -553.906          45.000  
E03  21977129.086   115490626.465       -1170.196          47.000    21977129.492    88492859.241        -896.685          51.000  
G19  22664274.960   119101554.432       -2579.572          43.000                                                                  
G30  22571265.635   118612760.756        3038.655          42.000    22571263.807    92425499.813        2367.949          38.000  
R16  21859982.449   116772100.513       -3387.712          44.000    21859980.405    90822682.664       -2634.807          46.000  
R22  19032562.541   101597087.327       -3830.157          49.000    19032560.229    79019858.447       -2979.083          48.000  
R06  21705279.150   115823524.766       -2834.908          32.000                                                                  
R07  19022075.294   101826687.579       -1689.111          51.000    19022067.911    79198600.692       -1313.709          46.000  
E25  25544464.245   134237065.367        1367.188          41.000    25544467.916   102856993.173        1047.544          42.000  
G06  19649574.487   103259219.158         763.762          46.000    19649571.698    80461958.449         595.070          45.000  
S31  36932072.624   194079405.410        -755.645          46.000  
S33  37920991.180   199276133.972        -754.605          41.000  
E05  22700651.016   119292758.278       -2614.233          44.000    22700652.113    91406165.018       -2003.103          46.000  
E02  26717220.026   140399973.862        1398.747          33.000    26717232.804   107579218.630        1071.866          37.000  
R09  19245224.895   102768421.500        -141.332          49.000    19245220.955    79930971.595        -109.890          48.000  
R10  19961851.392   106407904.953        2579.332          44.000                                                                  
R08  19359257.962   103667969.218         281.302          49.000    19359249.456    80630944.274         218.743          47.000  
R21  22429419.504   120024339.059       -5138.283          43.000    22429418.210    93352132.715       -3996.277          44.000  
R23  19131851.610   102342485.857        -264.380          49.000                                                                  
G07  19836551.401   104241761.679        2527.053          43.000    19836548.729    81227273.327        1969.248          42.000  
E34  22995832.831   120843969.859       -3192.392          46.000    22995833.788    92594745.173       -2446.112          45.000  
E18  26764303.205   140647341.788        -297.213          39.000    26764306.692   107768711.514        -227.875          45.000  
E13  25239996.174   132637040.827        1700.204          42.000    25239997.234   101631012.338        1302.540          44.000  
E15  22053145.509   115890093.958        -610.824          46.000    22053146.843    88798906.086        -468.174          50.000  
G17  22925499.131   120474264.256       -3410.415          42.000    22925497.797    93876020.072       -2657.124          39.000  
G11  22943676.640   120569834.772        2423.850          40.000    22943673.160    93950584.964        1888.088          39.000  
G02  23670217.432   124387792.455       -4716.457          42.000                                                                  
G03  19831627.239   104215967.438       -2081.726          44.000    19831625.015    81207302.950       -1622.213          42.000  
G04  19625229.793   103131323.846       -2629.952          47.000    19625226.552    80361997.717       -2049.208          45.000  
> 2024 06 08 11 50 00.4940000  0 30                     
E08  23936320.237   125786227.874         539.912          43.000    23936317.976    96381643.435         413.801          44.000  
G09  19005412.106    99874178.939        -714.960          47.000    19005408.564    77824037.780        -557.184          45.000  
E03  21983810.541   115525736.319       -1170.482          48.000    21983810.604    88519761.570        -896.903          51.000  
G19  22679006.247   119178967.966       -2581.241          42.000                                                                  
G30  22553915.916   118521584.589        3039.667          43.000    22553914.263    92354453.395        2368.396          40.000  
R16  21879051.282   116873958.695       -3402.611          44.000    21879048.893    90901905.588       -2646.786          46.000  
R22  19054126.107   101712194.163       -3843.511          49.000    19054123.471    79109385.877       -2989.484          48.000  
R06  21721203.868   115908500.119       -2829.794          32.000                                                                  
R07  19031538.264   101877344.293       -1687.958          51.000    19031532.098    79238000.280       -1312.982          47.000  
E25  25536655.962   134196032.921        1368.320          42.000    25536659.655   102825552.740        1048.345          42.000  
G06  19645257.191   103236529.871         748.730          47.000    19645254.506    80444278.439         583.409          45.000  
S31  36936375.926   194102018.395        -751.964          46.000  
S33  37925288.521   199298717.143        -750.960          41.000  
E05  22715562.907   119371121.762       -2610.249          44.000    22715564.432    91466209.648       -1999.869          46.000  
E02  26709203.848   140357836.878        1409.669          34.000    26709214.946   107546931.801        1079.847          38.000  
R09  19246078.318   102772980.804        -162.749          48.000    19246074.318    79934517.657        -126.548          47.000  
R10  19947357.494   106330642.896        2571.251          45.000                                                                  
R08  19357679.597   103659523.738         281.750          48.000    19357672.139    80624375.533         219.056          46.000  
R21  22458203.804   120178366.521       -5130.607          43.000    22458202.453    93471931.515       -3990.555          44.000  
R23  19133400.182   102350767.857        -287.750          49.000                                                                  
G07  19822149.556   104166081.302        2518.167          43.000    19822147.025    81168301.619        1962.109          42.000  
E34  23014074.253   120939822.914       -3197.792          46.000    23014073.916    92668190.927       -2450.224          45.000  
E18  26765970.209   140656096.764        -286.446          40.000    26765973.134   107775419.707        -219.667          45.000  
E13  25230302.277   132586095.126        1696.163          43.000    25230302.860   101591975.926        1299.727          44.000  
E15  22056664.328   115908583.725        -621.855          47.000    22056665.373    88813073.505        -476.518          50.000  
G17  22944951.786   120576488.093       -3404.761          42.000    22944950.443    93955674.867       -2653.321          38.000  
G11  22929856.412   120497203.319        2418.744          41.000    22929851.390    93893988.923        1884.764          38.000  
G02  23697124.978   124529189.730       -4709.926          41.000                                                                  
G03  19843529.916   104278514.960       -2088.320          45.000    19843527.161    81256041.173       -1627.138          42.000  
G04  19640244.787   103210229.364       -2630.555          46.000    19640241.591    80423482.462       -2049.756          45.000  
> 2024 06 08 11 50 30.4940000  0 30                     
E08  23933240.762   125770044.236         538.597          43.000    23933238.018    96369242.933         412.724          44.000  
G09  19009505.274    99895686.277        -719.067          48.000    19009500.859    77840796.703        -560.309          45.000  
E03  21990493.766   115560856.572       -1171.088          48.000    21990493.837    88546671.867        -897.293          51.000  
G19  22693748.350   119256439.871       -2583.464          40.000                                                                  
G30  22536561.132   118430385.245        3039.972          44.000    22536559.371    92283388.924        2368.860          38.000  
R16  21898204.877   116976272.358       -3418.097          46.000    21898202.337    90981482.749       -2658.832          46.000  
R22  19075764.136   101827698.203       -3856.921          49.000    19075761.087    79199222.223       -2999.817          47.000  
R06  21737107.308   115993363.198       -2826.531          32.000                                                                  
R07  19040994.939   101927964.619       -1686.829          51.000    19040988.191    79277371.530       -1311.945          47.000  
E25  25528841.337   134154969.499        1369.170          42.000    25528845.437   102794088.550        1049.044          42.000  
G06  19641026.615   103214297.945         733.295          47.000    19641024.330    80426954.782         571.439          46.000  
S31  36940658.855   194124526.443        -748.705          46.000  
S33  37929566.566   199321196.310        -747.924          41.000  
E05  22730450.668   119449358.067       -2605.723          43.000    22730452.210    91526156.857       -1996.701          46.000  
E02  26701124.601   140315381.608        1420.375          34.000    26701135.668   107514401.034        1088.283          38.000  
R09  19247052.374   102778181.308        -184.175          48.000    19247048.601    79938562.477        -143.483          47.000  
R10  19932908.844   106253619.589        2563.243          44.000                                                                  
R08  19356100.934   103651065.306         281.965          50.000    19356092.600    80617796.710         219.336          46.000  
R21  22486944.341   120332164.246       -5122.970          43.000    22486943.821    93591551.605       -3984.503          44.000  
R23  19135079.742   102359752.430        -311.389          49.000                                                                  
G07  19807798.411   104090659.282        2509.618          43.000    19807794.368    81109531.164        1955.481          42.000  
E34  23032344.677   121035837.523       -3203.448          46.000    23032344.513    92741760.467       -2454.405          44.000  
E18  26767576.089   140664531.698        -275.855          40.000    26767578.050   107781882.675        -211.454          45.000  
E13  25220629.519   132535264.004        1692.212          43.000    25220629.674   101553027.321        1296.586          44.000  
E15  22060245.473   115927403.766        -632.962          47.000    22060246.395    88827493.997        -485.006          49.000  
G17  22964371.914   120678541.909       -3398.973          43.000    22964371.254    94035197.163       -2648.614          39.000  
G11  22916062.215   120424709.440        2414.178          41.000    22916055.938    93837500.069        1881.040          38.000  
G02  23723995.586   124670396.098       -4703.915          41.000                                                                  
G03  19855470.071   104341255.175       -2094.766          47.000    19855466.982    81304929.560       -1632.261          43.000  
G04  19655262.456   103289148.145       -2631.112          46.000    19655259.294    80484977.528       -2050.112          45.000  
> 2024 06 08 11 51 00.4940000  0 30                     
E08  23930169.407   125753905.290         536.918          43.000    23930166.875    96356876.676         411.381          44.000  
G09  19013622.028    99917319.540        -723.608          48.000    19013617.209    77857653.754        -563.812          45.000  
E03  21997180.444   115595993.807       -1171.980          48.000    21997180.457    88573595.167        -897.934          51.000  
G19  22708502.038   119333975.177       -2585.958          41.000                                                                  
G30  22519203.824   118339172.672        3040.118          42.000    22519203.320    92212314.119        2369.083          40.000  
R16  21917444.416   117079046.756       -3433.813          46.000    21917442.163    91061418.227       -2670.721          47.000  
R22  19097476.905   101943602.745       -3870.452          49.000    19097472.862    79289370.130       -3010.492          46.000  
R06  21752992.263   116078122.176       -2823.501          30.000                                                                  
R07  19050446.236   101978556.185       -1686.255          50.000    19050438.759    79316720.420       -1311.578          46.000  
E25  25521023.160   134113884.672        1369.604          42.000    25521027.505   102762607.956        1049.338          43.000  
G06  19636885.055   103192532.672         717.292          48.000    19636882.551    80409994.745         558.864          46.000  
S31  36944923.686   194146937.645        -745.723          46.000  
S33  37933825.542   199343577.786        -745.263          41.000  
E05  22745315.808   119527474.294       -2602.176          43.000    22745317.228    91586012.021       -1993.897          45.000  
E02  26692986.847   140272617.071        1429.881          34.000    26692998.343   107481633.324        1095.948          38.000  
R09  19248148.566   102784032.767        -206.350          49.000    19248144.227    79943113.596        -160.522          47.000  
R10  19918506.618   106176847.448        2554.493          43.000                                                                  
R08  19354520.785   103642600.898         281.846          50.000    19354513.114    80611213.232         219.211          47.000  
R21  22515643.155   120485736.362       -5115.636          44.000    22515642.634    93710996.255       -3978.892          44.000  
R23  19136891.665   102369446.939        -335.388          49.000                                                                  
G07  19793498.911   104015506.075        2500.328          43.000    19793493.282    81050970.223        1948.203          42.000  
E34  23050647.624   121132019.589       -3209.074          46.000    23050647.569    92815458.334       -2458.896          44.000  
E18  26769120.324   140672653.431        -266.009          39.000    26769123.555   107788105.678        -203.641          44.000  
E13  25210981.022   132484556.854        1687.870          43.000    25210980.336   101514173.683        1293.273          44.000  
E15  22063891.007   115946562.011        -644.549          47.000    22063891.827    88842173.627        -493.970          49.000  
G17  22983761.587   120780430.156       -3393.684          42.000    22983760.214    94114590.460       -2644.818          38.000  
G11  22902295.353   120352363.325        2408.729          41.000    22902289.150    93781126.378        1876.817          38.000  
G02  23750831.329   124811416.807       -4698.235          41.000                                                                  
G03  19867447.779   104404196.224       -2102.024          47.000    19867444.509    81353974.433       -1638.009          43.000  
G04  19670284.487   103368086.366       -2632.035          46.000    19670280.676    80546487.730       -2051.033          44.000  
> 2024 06 08 11 51 30.4940000  0 30                     
E08  23927108.463   125737822.312         534.896          43.000    23927106.891    96344553.314         409.897          44.000  
G09  19017765.217    99939089.497        -728.271          48.000    19017760.224    77874617.321        -567.554          46.000  
E03  22003872.108   115631158.915       -1172.842          48.000    22003872.334    88600539.816        -898.693          52.000  
G19  22723270.280   119411582.778       -2588.590          41.000                                                                  
G30  22501847.485   118247961.136        3040.019          44.000    22501846.312    92141240.152        2369.003          40.000  
R16  21936771.664   117182290.628       -3449.408          45.000    21936769.735    91141718.898       -2682.898          47.000  
R22  19119266.849   102059915.390       -3884.070          50.000    19119262.630    79379835.400       -3021.124          45.000  
R06  21768858.743   116162774.1201      -2820.925          31.000                                                                  
R07  19059893.575   102029131.282       -1685.889          51.000    19059886.151    79356056.501       -1311.169          46.000  
E25  25513203.037   134072792.329        1369.645          42.000    25513207.842   102731121.596        1049.630          43.000  
G06  19632834.474   103171247.575         701.118          48.000    19632832.173    80393408.876         546.332          46.000  
S31  36949172.376   194169263.592        -743.193          46.000  
S33  37938068.643   199365874.428        -742.682          42.000  
E05  22760159.611   119605481.720       -2598.707          43.000    22760161.391    91645783.825       -1991.091          45.000  
E02  26684796.580   140229556.355        1439.926          35.000    26684803.982   107448638.740        1103.301          38.000  
R09  19249368.468   102790547.992        -228.530          50.000    19249364.305    79948180.980        -177.764          47.000  
R10  19904154.889   106100342.637        2545.458          44.000                                                                  
R08  19352940.917   103634142.265         281.511          50.000    19352933.256    80604634.240         219.093          47.000  
R21  22544301.342   120639091.205       -5108.410          44.000    22544301.266    93830271.920       -3973.143          43.000  
R23  19138838.825   102379863.897        -359.503          50.000                                                                  
G07  19779252.497   103940636.254        2490.509          44.000    19779245.987    80992630.112        1940.656          42.000  
E34  23068984.797   121228379.343       -3215.152          47.000    23068984.514    92889292.331       -2463.545          45.000  
E18  26770607.664   140680473.152        -256.109          38.000    26770611.618   107794097.248        -196.119          44.000  
E13  25201357.245   132433987.257        1683.127          43.000    25201357.385   101475425.462        1289.648          44.000  
E15  22067603.142   115966070.611        -656.202          46.000    22067604.116    88857121.710        -502.894          49.000  
G17  23003121.296   120882162.381       -3388.622          43.000    23003120.035    94193862.131       -2640.657          39.000  
G11  22888558.276   120280179.370        2403.146          40.000    22888552.671    93724879.065        1872.534          39.000  
G02  23777633.929   124952261.070       -4692.400          42.000                                                                  
G03  19879465.666   104467350.508       -2108.919          47.000    19879463.204    81403185.438       -1643.396          44.000  
G04  19685312.064   103447054.473       -2632.986          48.000    19685307.354    80608021.226       -2051.790          45.000  
> 2024 06 08 11 52 00.4940000  0 30                     
E08  23924064.125   125721821.195         531.937          44.000    23924062.499    96332292.674         407.613          45.000  
G09  19021937.909    99961021.516        -733.923          47.000    19021934.090    77891707.178        -571.808          45.000  
E03  22010573.366   115666377.475       -1174.933          47.000    22010574.528    88627525.418        -900.380          52.000  
G19  22738057.811   119489286.272       -2591.754          40.000                                                                  
G30  22484495.001   118156779.454        3038.849          43.000    22484495.742    92070189.464        2367.507          41.000  
R16  21956191.735   117286027.533       -3466.296          47.000    21956189.496    91222402.960       -2696.027          49.000  
R22  19141137.158   102176658.665       -3898.736          50.000    19141132.093    79470635.604       -3032.434          46.000  
R06  21784711.468   116247385.359       -2819.897          31.000                                                                  
R07  19069342.925   102079716.148       -1686.609          50.000    19069336.068    79395400.190       -1311.792          45.000  
E25  25505387.407   134031721.018        1368.354          42.000    25505392.242   102699651.372        1048.497          43.000  
G06  19628880.393   103150470.853         683.856          46.000    19628879.092    80377219.159         532.880          47.000  
S31  36953409.663   194191531.348        -741.144          46.000  
S33  37942300.139   199388111.341        -740.680          41.000  
E05  22774988.518   119683406.342       -2596.462          43.000    22774989.992    91705492.168       -1989.329          44.000  
E02  26676552.745   140186227.421        1448.645          36.000    26676558.623   107415438.562        1110.018          39.000  
R09  19250717.804   102797756.162        -252.123          49.000    19250714.067    79953787.311        -196.041          48.000  
R10  19889858.344   106024137.322        2534.907          44.000                                                                  
R08  19351367.088   103625715.655         280.107          50.000    19351358.536    80598080.152         217.926          47.000  
R21  22572923.160   120792252.166       -5102.384          43.000    22572923.016    93949396.782       -3968.486          43.000  
R23  19140927.014   102391030.712        -384.979          50.000                                                                  
G07  19765063.276   103866079.042        2479.697          43.000    19765058.503    80934533.631        1932.473          42.000  
E34  23087359.904   121324941.639       -3222.248          46.000    23087359.777    92963281.526       -2469.092          45.000  
E18  26772043.267   140688016.637        -246.756          39.000    26772047.535   107799877.147        -189.374          45.000  
E13  25191765.328   132383583.547        1677.059          42.000    25191766.082   101436804.341        1285.100          45.000  
E15  22071387.757   115985956.385        -669.287          46.000    22071388.334    88872358.795        -512.821          49.000  
G17  23022455.407   120983761.828       -3384.685          42.000    23022454.592    94273030.341       -2637.113          38.000  
G11  22874858.173   120208186.763        2396.130          40.000    22874852.766    93668780.817        1867.163          37.000  
G02  23804407.286   125092953.347       -4687.690          41.000                                                                  
G03  19891529.417   104530745.071       -2117.478          46.000    19891527.183    81452583.687       -1649.755          44.000  
G04  19700349.861   103526077.696       -2635.287          47.000    19700345.341    80669597.680       -2053.586          45.000  
> 2024 06 08 11 52 30.4940000  0 30                     
E08  23921041.757   125705936.340         527.076          44.000    23921040.454    96320121.113         403.940          46.000  
G09  19026148.819    99983149.481        -741.187          48.000    19026144.542    77908949.704        -577.753          45.000  
E03  22017291.527   115701683.482       -1178.537          46.000    22017292.801    88654578.015        -903.227          51.000  
G19  22752869.859   119567117.939       -2597.004          43.000                                                                  
G30  22467157.870   118065665.124        3035.362          42.000    22467157.470    91999191.241        2365.261          41.000  
R16  21975710.181   117390289.851       -3484.576          48.000    21975707.958    91303495.719       -2710.193          47.000  
R22  19163093.949   102293863.581       -3914.990          49.000    19163089.168    79561794.858       -3045.062          47.000  
R06  21800561.549   116331961.859       -2818.877          29.000                                                                  
R07  19078801.560   102130346.830       -1688.922          50.000    19078794.333    79434779.539       -1313.617          45.000  
E25  25497583.377   133990707.739        1365.692          42.000    25497587.778   102668225.587        1046.400          44.000  
G06  19625030.632   103130239.097         664.755          46.000    19625029.760    80361454.082         518.013          47.000  
S31  36957642.753   194213774.368        -741.603          46.000  
S33  37946527.327   199410325.596        -740.679          41.000  
E05  22789807.871   119761282.541       -2595.485          43.000    22789809.565    91765163.417       -1988.894          44.000  
E02  26668263.387   140142666.577        1455.412          36.000    26668269.671   107382060.725        1115.168          39.000  
R09  19252204.827   102805693.701        -277.149          49.000    19252200.727    79959960.911        -215.539          48.000  
R10  19875625.585   105948270.691        2522.438          44.000                                                                  
R08  19349805.676   103617355.900         277.006          49.000    19349798.197    80591578.076         215.403          47.000  
R21  22601515.131   120945251.338       -5097.884          43.000    22601514.721    94068395.797       -3964.789          43.000  
R23  19143161.792   102402982.803        -412.024          50.000                                                                  
G07  19750942.113   103791872.107        2467.247          44.000    19750937.812    80876710.102        1922.402          42.000  
E34  23105779.134   121421739.777       -3231.052          45.000    23105779.939    93037451.431       -2475.759          45.000  
E18  26773433.719   140695318.140        -239.767          39.000    26773437.296   107805471.600        -183.811          45.000  
E13  25182212.045   132333382.368        1669.567          42.000    25182213.437   101398338.427        1279.157          45.000  
E15  22075250.438   116006254.549        -684.054          46.000    22075251.018    88887911.875        -524.061          49.000  
G17  23041769.503   121085260.535       -3382.033          42.000    23041768.873    94352120.142       -2635.784          37.000  
G11  22861202.139   120136423.005        2387.853          41.000    22861196.686    93612860.921        1860.657          37.000  
G02  23831157.563   125233525.925       -4683.834          41.000                                                                  
G03  19903644.781   104594415.359       -2127.383          45.000    19903643.058    81502196.812       -1657.657          43.000  
G04  19715404.660   103605189.623       -2639.053          48.000    19715400.228    80731243.266       -2056.334          45.000  
> 2024 06 08 11 53 00.4940000  0 30                     
E08  23918049.544   125690208.852         521.383          45.000    23918048.352    96308070.121         399.473          47.000  
G09  19030404.981   100005513.996        -749.664          48.000    19030399.943    77926376.545        -584.229          45.000  
E03  22024035.205   115737117.691       -1183.530          47.000    22024035.108    88681728.840        -906.840          50.000  
G19  22767711.891   119645116.183       -2603.267          43.000                                                                  
G30  22449839.673   117974662.000        3031.299          43.000    22449839.755    91928279.712        2361.979          42.000  
R16  21995334.166   117495117.002       -3503.717          44.000    21995332.038    91385027.808       -2725.189          44.000  
R22  19185143.594   102411568.049       -3932.055          49.000    19185139.312    79653342.667       -3058.154          47.000  
R06  21816414.167   116416553.908       -2820.494          29.000                                                                  
R07  19088275.793   102181065.367       -1692.346          50.000    19088269.305    79474227.225       -1316.412          46.000  
E25  25489798.156   133949796.246        1361.737          43.000    25489802.753   102636877.776        1043.413          44.000  
G06  19621291.862   103110595.618         644.731          45.000    19621291.934    80346147.434         502.329          47.000  
S31  36961878.802   194236035.895        -742.843          46.000  
S33  37950757.900   199432556.320        -741.347          41.000  
E05  22804625.761   119839151.563       -2595.715          42.000    22804627.791    91824829.152       -1988.907          43.000  
E02  26659937.719   140098916.894        1461.328          36.000    26659944.475   107348538.202        1119.654          39.000  
R09  19253835.626   102814404.997        -303.581          48.000    19253832.564    79966736.319        -236.172          48.000  
R10  19861465.477   105872790.063        2509.378          44.000                                                                  
R08  19348265.156   103609104.992         272.893          50.000    19348258.019    80585160.640         212.286          47.000  
R21  22630083.339   121098127.520       -5093.890          44.000    22630083.827    94187299.183       -3962.021          43.000  
R23  19145550.928   102415762.720        -440.100          50.000                                                                  
G07  19736895.976   103718060.095        2453.562          45.000    19736891.735    80819194.255        1911.863          41.000  
E34  23124251.176   121518813.770       -3240.716          44.000    23124252.819    93111832.705       -2483.027          45.000  
E18  26774786.789   140702418.564        -233.646          41.000    26774788.508   107810912.032        -179.139          45.000  
E13  25172706.201   132283427.296        1660.671          42.000    25172707.623   101360061.069        1272.539          45.000  
E15  22079199.492   116027007.065        -699.572          46.000    22079200.360    88903813.107        -535.964          49.000  
G17  23061072.618   121186697.407       -3380.596          42.000    23061071.806    94431161.623       -2634.057          38.000  
G11  22847598.540   120064932.478        2377.937          41.000    22847592.588    93557153.919        1852.915          38.000  
G02  23857892.174   125374018.321       -4681.750          41.000                                                                  
G03  19915820.156   104658403.570       -2138.617          43.000    19915819.410    81552057.697       -1666.426          43.000  
G04  19730483.571   103684430.514       -2643.802          48.000    19730479.234    80792989.341       -2060.112          45.000  
> 2024 06 08 11 53 30.4940000  0 30                     
E08  23915091.796   125674666.327         514.608          45.000    23915091.243    96296160.855         394.293          47.000  
G09  19034710.636   100028142.109        -759.076          48.000    19034706.387    77944008.818        -591.309          45.000  
E03  22030808.491   115772707.286       -1189.344          47.000    22030806.971    88708998.759        -911.316          50.000  
G19  22782591.599   119723307.052       -2610.068          44.000                                                                  
G30  22432549.395   117883800.832        3026.027          42.000    22432550.347    91857478.828        2357.698          43.000  
R16  22015068.718   117600534.341       -3523.883          37.000    22015066.947    91467018.929       -2740.857          37.000  
R22  19207291.943   102529796.104       -3949.952          49.000    19207288.946    79745297.702       -3072.242          48.000  
R06  21832276.646   116501190.452       -2821.767          31.000                                                                  
R07  19097771.870   102231900.420       -1696.796          49.000    19097766.249    79513765.510       -1319.824          47.000  
E25  25482038.179   133909016.700        1356.847          44.000    25482042.687   102605631.069        1039.608          44.000  
G06  19617671.672   103091570.251         623.555          45.000    19617671.526    80331322.427         485.786          47.000  
S31  36966123.976   194258343.038        -744.486          46.000  
S33  37954997.543   199454834.021        -743.476          41.000  
E05  22819447.973   119917041.078       -2596.805          43.000    22819449.926    91884510.611       -1989.942          43.000  
E02  26651582.744   140055008.076        1465.755          37.000    26651589.101   107314893.734        1123.368          39.000  
R09  19255617.128   102823919.865        -330.940          48.000    19255614.203    79974136.746        -257.405          48.000  
R10  19847383.600   105797728.009        2494.656          44.000                                                                  
R08  19346751.318   103600991.197         267.874          50.000    19346741.608    80578849.861         208.205          47.000  
R21  22658634.078   121250905.801       -5091.349          43.000    22658634.602    94306126.419       -3959.995          42.000  
R23  19148100.603   102429398.635        -469.116          49.000                                                                  
G07  19722930.531   103644674.087        2438.745          44.000    19722926.251    80762010.314        1900.454          41.000  
E34  23142780.101   121616190.130       -3251.078          43.000    23142783.022    93186445.667       -2491.156          45.000  
E18  26776104.788   140709345.462        -228.183          42.000    26776106.499   107816219.471        -174.928          45.000  
E13  25163252.447   132233748.208        1651.126          42.000    25163254.424   101321995.185        1265.104          46.000  
E15  22083240.413   116048242.376        -716.231          47.000    22083241.580    88920084.266        -548.754          50.000  
G17  23080368.390   121288097.750       -3379.714          41.000    23080367.695    94510174.703       -2633.319          37.000  
G11  22834052.119   119993745.874        2367.360          41.000    22834046.507    93501683.774        1844.304          38.000  
G02  23884616.678   125514455.873       -4681.021          40.000                                                                  
G03  19928062.191   104722738.348       -2150.704          43.000    19928061.788    81602188.608       -1676.040          42.000  
G04  19745592.584   103763827.212       -2649.480          48.000    19745588.046    80854856.810       -2064.633          45.000  
> 2024 06 08 11 54 00.4940000  0 30                     
E08  23912172.209   125659324.881         507.716          45.000    23912171.850    96284405.667         388.952          48.000  
G09  19039070.462   100051049.526        -768.512          49.000    19039065.865    77961858.727        -598.834          46.000  
E03  22037612.877   115808468.096       -1195.192          47.000    22037612.000    88736399.882        -915.900          49.000  
G19  22797510.710   119801704.298       -2617.102          43.000                                                                  
G30  22415289.963   117793100.738        3020.314          44.000    22415290.042    91786803.374        2353.607          42.000  
R16  22034916.772   117706555.854       -3543.927          35.000    22034914.616    91549479.952       -2756.104          37.000  
R22  19229541.175   102648560.366       -3968.000          50.000    19229537.304    79837669.788       -3086.329          47.000  
R06  21848149.672   116585889.363       -2824.511          28.000                                                                  
R07  19107293.290   102282869.216       -1701.398          50.000    19107288.534    79553407.785       -1323.279          48.000  
E25  25474307.158   133868387.940        1351.479          44.000    25474311.315   102574499.882        1035.550          44.000  
G06  19614173.027   103073181.334         601.954          46.000    19614171.808    80316993.348         469.127          47.000  
S31  36970380.965   194280712.855        -747.132          46.000  
S33  37959248.842   199477174.175        -745.943          40.000  
E05  22834276.993   119994967.423       -2598.574          43.000    22834278.821    91944220.322       -1991.045          43.000  
E02  26643200.464   140010958.201        1470.339          38.000    26643206.661   107281141.190        1126.855          39.000  
R09  19257552.876   102834256.440        -358.488          48.000    19257549.393    79982176.293        -278.846          47.000  
R10  19833385.156   105723106.435        2479.805          45.000                                                                  
R08  19345263.664   103593030.821         262.451          49.000    19345253.976    80572658.417         204.298          46.000  
R21  22687169.170   121403599.814       -5088.596          45.000    22687169.363    94424888.117       -3957.922          42.000  
R23  19150811.765   102443908.408        -498.413          49.000                                                                  
G07  19709050.235   103571733.470        2423.456          45.000    19709046.490    80705173.451        1888.342          41.000  
E34  23161370.613   121713883.962       -3262.085          43.000    23161373.685    93261301.878       -2499.454          45.000  
E18  26777393.197   140716114.863        -223.241          40.000    26777394.434   107821406.248        -171.175          45.000  
E13  25153855.039   132184363.662        1641.031          42.000    25153857.098   101284154.985        1257.451          46.000  
E15  22087377.344   116069977.470        -733.145          47.000    22087377.673    88936738.380        -561.844          50.000  
G17  23099661.326   121389474.976       -3379.173          43.000    23099658.540    94589169.787       -2633.131          36.000  
G11  22820567.151   119922882.568        2356.376          41.000    22820561.890    93446465.542        1836.211          38.000  
G02  23911333.497   125654853.150       -4679.689          40.000                                                                  
G03  19940374.205   104787436.981       -2162.897          44.000    19940373.566    81652603.037       -1685.450          42.000  
G04  19760734.066   103843395.130       -2655.392          48.000    19760729.435    80916857.681       -2069.111          45.000  
> 2024 06 08 11 54 30.4940000  0 30                     
E08  23909292.661   125644194.107         500.649          44.000    23909292.436    96272811.897         383.485          47.000  
G09  19043485.331   100074245.259        -778.308          49.000    19043480.549    77979933.284        -606.476          46.000  
E03  22044451.175   115844409.331       -1201.254          46.000    22044452.255    88763939.227        -920.434          50.000  
G19  22812469.422   119880315.279       -2624.269          41.000                                                                  
G30  22398062.695   117702574.194        3014.547          43.000    22398064.207    91716263.232        2348.927          43.000  
R24  22456945.810   120087359.0401       2520.355          42.000                                                                  
R16  22054877.709   117813188.559       -3564.569          25.000    22054877.502    91632416.487       -2772.247          27.000  
R22  19251891.185   102767866.610       -3986.243          49.000    19251886.879    79930463.451       -3100.254          47.000  
R07  19116841.892   102333981.801       -1706.329          51.000    19116836.947    79593161.887       -1327.155          47.000  
E25  25466606.623   133827922.123        1345.900          43.000    25466611.113   102543493.562        1031.327          44.000  
G06  19610797.357   103055440.531         580.280          47.000    19610795.435    80303169.289         452.300          46.000  
S31  36974651.984   194303156.185        -749.513          46.000  
S33  37963513.896   199499586.815        -748.281          41.000  
E05  22849114.615   120072940.159       -2600.073          42.000    22849116.462    92003965.591       -1992.376          43.000  
E02  26634793.128   139966778.828        1474.288          38.000    26634799.291   107247289.431        1129.872          39.000  
R09  19259645.006   102845426.641        -386.595          49.000    19259641.381    79990864.223        -300.637          47.000  
R10  19819471.693   105648939.626        2464.158          45.000                                                                  
R08  19343807.900   103585233.695         256.911          49.000    19343799.218    80566593.931         199.929          47.000  
R21  22715689.990   121556216.551       -5086.272          44.000    22715689.753    94543589.706       -3956.022          42.000  
R23  19153688.744   102459301.721        -527.966          48.000                                                                  
G07  19695256.911   103499250.670        2408.035          44.000    19695253.827    80648693.358        1876.234          42.000  
E34  23180023.494   121811903.681       -3273.135          43.000    23180026.577    93336407.816       -2507.844          46.000  
E18  26778653.368   140722736.255        -218.491          40.000    26778654.286   107826479.599        -167.618          44.000  
E13  25144515.934   132135285.567        1630.479          42.000    25144517.916   101246549.570        1249.468          46.000  
E15  22091610.500   116092222.713        -750.283          48.000    22091610.887    88953783.383        -574.984          50.000  
G17  23118950.076   121490836.907       -3378.412          42.000    23118946.904    94668152.912       -2632.485          36.000  
G11  22807146.512   119852355.331        2345.005          41.000    22807141.364    93391509.133        1827.772          39.000  
G02  23938043.999   125795217.960       -4678.301          39.000                                                                  
G03  19952757.912   104852510.124       -2175.531          45.000    19952756.527    81703309.254       -1695.016          42.000  
G04  19775909.616   103923143.118       -2661.516          47.000    19775904.834    80978998.898       -2073.889          44.000  
> 2024 06 08 11 55 00.4940000  0 31                     
E08  23906456.234   125629290.356         492.916          44.000    23906456.083    96261392.068         377.753          47.000  
G09  19047956.741   100097745.215        -788.409          49.000    19047952.994    77998244.891        -614.288          47.000  
E03  22051328.342   115880547.033       -1207.718          46.000    22051329.725    88791629.082        -925.435          51.000  
G19  22827472.015   119959153.982       -2631.334          41.000                                                                  
G30  22380872.849   117612240.593        3007.752          43.000    22380872.836    91645873.395        2343.706          42.000  
R24  22442857.804   120012017.834        2502.402          41.000                                                                  
R16  22074942.854                1      -3583.910          19.000    22074957.615    91715914.3421      -2788.886          26.000  
R22  19274344.611   102887727.599       -4004.519          49.000    19274340.458    80023688.539       -3114.636          46.000  
R06  21879936.995                       -2820.496          16.000                                                                  
R07  19126420.541   102385255.469       -1711.914          51.000    19126415.159    79633041.285       -1331.433          47.000  
E25  25458940.958   133787638.244        1339.954          43.000    25458945.594   102512626.655        1026.779          45.000  
G06  19607548.442   103038366.386         558.033          47.000    19607546.478    80289864.697         434.894          46.000  
S31  36978939.568   194325688.454        -752.556          46.000  
S33  37967796.095   199522089.514        -751.767          41.000  
E05  22863964.910   120150975.739       -2602.282          42.000    22863966.398    92063758.977       -1993.900          43.000  
E02  26626365.220   139922488.341        1478.000          38.000    26626371.147   107213352.531        1132.611          39.000  
R09  19261896.883   102857448.611        -414.952          49.000    19261892.935    80000214.630        -322.708          48.000  
R10  19805648.254   105575249.503        2448.202          45.000                                                                  
R08  19342384.792   103577616.418         250.856          48.000    19342377.488    80560669.316         195.086          47.000  
R21  22744198.425   121708769.503       -5084.144          45.000    22744198.211    94662241.686       -3954.165          41.000  
R23  19156734.852   102475595.832        -558.038          49.000                                                                  
G07  19681554.941   103427245.783        2392.161          44.000    19681551.468    80592585.641        1863.879          41.000  
E34  23198741.922   121910264.600       -3284.338          44.000    23198744.770    93411775.187       -2516.544          46.000  
E18  26779888.170   140729225.827        -213.847          40.000    26779889.045   107831451.964        -164.155          43.000  
E13  25135238.600   132086532.599        1619.868          41.000    25135240.608   101209193.318        1241.021          46.000  
E15  22095943.872   116114995.277        -767.848          47.000    22095944.414    88971232.427        -588.350          50.000  
G17  23138238.422   121592197.671       -3378.692          42.000    23138234.739    94747135.197       -2632.787          34.000  
G11  22793792.826   119782183.639        2333.108          40.000    22793788.060    93336829.838        1818.068          39.000  
G02  23964751.404   125935564.766       -4677.736          38.000                                                                  
G03  19965216.443   104917975.222       -2188.783          46.000    19965213.820    81754320.874       -1705.653          41.000  
G04  19791121.776   104003086.741       -2668.095          47.000    19791117.519    81041292.550       -2078.962          44.000  
> 2024 06 08 11 55 30.4940000  0 30                     
E08  23903665.853   125614626.017         484.373          44.000    23903665.510    96250155.701         371.202          46.000  
G09  19052488.107   100121561.267        -799.634          48.000    19052484.938    78016802.812        -622.986          47.000  
E03  22058245.683   115916893.264       -1215.377          47.000    22058246.160    88819478.706        -931.241          51.000  
G19  22842520.749   120038230.705       -2640.398          41.000                                                                  
G30  22363722.270   117522115.287        3000.088          43.000    22363723.642    91575645.893        2337.830          43.000  
R24  22428871.228   119937218.870        2483.596          43.000                                                                  
R16  22095148.270                       -3607.068          26.000    22095154.170    91799828.113       -2805.786          27.000  
R22  19296903.582   103008152.004       -4023.837          47.000    19296899.290    80117351.892       -3129.901          46.000  
R07  19136031.966   102436703.551       -1718.335          51.000    19136025.804    79673056.370       -1336.450          46.000  
E25  25451312.268   133747551.387        1332.321          42.000    25451317.757   102481910.724        1021.050          45.000  
G06  19604428.772   103021973.389         534.615          47.000    19604426.647    80277090.862         416.643          46.000  
S31  36983246.841   194348322.946        -756.464          46.000  
S33  37972097.783   199544694.764        -755.467          41.000  
E05  22878829.418   120229086.644       -2605.344          42.000    22878830.764    92123610.071       -1996.394          44.000  
E02  26617918.567   139878101.096        1481.024          39.000    26617924.314   107179341.549        1134.741          39.000  
R09  19264310.268   102870336.941        -444.568          49.000    19264306.151    80010238.889        -345.779          48.000  
R10  19791917.063   105502053.636        2431.133          45.000                                                                  
R08  19340997.916   103570191.791         243.826          48.000    19340990.298    80554894.545         189.605          46.000  
R21  22772696.674   121861268.637       -5082.910          44.000    22772696.253    94780851.816       -3953.446          41.000  
R23  19159951.786   102492803.892        -589.227          48.000                                                                  
G07  19667946.851   103355734.722        2374.984          46.000    19667942.681    80536862.707        1850.703          41.000  
E34  23217527.892   122008977.996       -3296.776          45.000    23217529.403    93487412.643       -2526.033          46.000  
E18  26781099.941   140735595.944        -211.062          38.000    26781101.498   107836332.774        -161.573          43.000  
E13  25126026.488   132038119.595        1607.570          42.000    25126028.094   101172097.516        1231.814          47.000  
E15  22100379.926   116138308.354        -786.598          47.000    22100380.604    88989095.630        -602.653          49.000  
G17  23157529.071   121693567.188       -3379.494          43.000    23157524.576    94826124.220       -2633.011          33.000  
G11  22780509.857   119712383.130        2320.055          41.000    22780506.069    93282439.759        1807.695          40.000  
G02  23991456.983   126075904.377       -4678.005          37.000                                                                  
G03  19977751.824   104983845.729       -2202.797          46.000    19977748.045    81805648.408       -1716.394          40.000  
G04  19806374.031   104083237.718       -2675.612          47.000    19806369.801    81103747.759       -2084.921          44.000  
> 2024 06 08 11 56 00.4940000  0 31                     
E08  23900925.460   125600227.453         475.503          44.000    23900925.292    96239123.011         364.373          46.000  
G09  19057084.946   100145719.375        -811.230          47.000    19057081.575    78035627.253        -632.111          46.000  
E03  22065206.951   115953474.036       -1223.403          47.000    22065206.995    88847508.061        -937.412          51.000  
G19  22857617.128   120117569.323       -2648.586          37.000                                                                  
G30  22346618.265   117432227.682        2992.109          44.000    22346617.781    91505603.582        2331.555          41.000  
R24  22414990.548   119862992.918        2464.491          43.000                                                                  
R06  21911750.270                       -2835.984          14.000                                                                  
R16  22115473.669                       -3631.570          14.000                                                                  
R22  19319572.542   103129162.686       -4043.552          47.000    19319569.795    80211471.159       -3145.004          47.000  
R07  19145680.385   102488353.161       -1725.220          50.000    19145674.700    79713228.207       -1341.730          46.000  
E25  25443726.942   133707690.562        1324.724          42.000    25443732.511   102451368.021        1015.174          45.000  
G06  19601444.566   103006290.034         510.986          47.000    19601441.837    80264869.991         398.209          45.000  
S31  36987578.902   194371087.742        -761.108          46.000  
S33  37976424.277   199567428.997        -760.207          40.000  
E05  22893713.063   120307299.431       -2608.949          42.000    22893714.243    92183539.214       -1999.033          44.000  
E02  26609458.343   139833645.602        1482.938          38.000    26609464.831   107145278.256        1136.151          40.000  
R09  19266891.199   102884120.176        -474.518          49.000    19266887.303    80020959.163        -369.057          48.000  
R10  19778284.357   105429384.155        2413.212          45.000                                                                  
R08  19339653.234   103562986.505         236.396          49.000    19339644.840    80549290.394         183.791          46.000  
R21  22801189.433   122013737.657       -5081.988          45.000    22801189.216    94899438.526       -3952.804          41.000  
R23  19163345.012   102510953.030        -620.752          48.000                                                                  
G07  19654439.408   103284746.973        2357.228          46.000    19654432.981    80481547.558        1836.945          40.000  
E34  23236384.789   122108069.168       -3309.445          46.000    23236385.311    93563339.561       -2535.735          46.000  
E18  26782294.977   140741872.857        -207.766          39.000    26782296.265   107841142.160        -159.236          43.000  
E13  25116884.351   131990075.226        1595.280          42.000    25116885.829   101135284.191        1222.422          47.000  
E15  22104924.314   116162189.091        -805.538          46.000    22104924.799    89007393.808        -617.184          49.000  
G17  23176826.048   121794969.599       -3380.684          43.000    23176820.220    94905138.999       -2634.312          32.000  
G11  22767304.213   119642983.359        2306.558          42.000    22767300.321    93228361.924        1797.394          41.000  
G02  24018166.273   126216261.070       -4679.349          37.000                                                                  
G03  19990368.916   105050149.122       -2217.622          46.000    19990365.491    81857313.277       -1727.738          41.000  
G04  19821670.882   104163621.730       -2683.451          47.000    19821666.497    81166384.542       -2090.880          44.000  
> 2024 06 08 11 56 30.4940000  0 30                     
E08  23898237.071   125586096.627         466.441          45.000    23898235.794    96228295.457         357.276          45.000  
G09  19061747.474   100170220.938        -822.516          47.000    19061743.243    78054719.353        -641.052          45.000  
E03  22072212.345   115990291.009       -1231.458          47.000    22072212.165    88875718.403        -943.539          50.000  
G19  22872763.575   120197169.721       -2657.385          39.000                                                                  
G30  22329559.123   117342582.658        2984.101          43.000    22329559.897    91435750.304        2325.309          42.000  
R24  22401217.460   119789346.516        2445.019          44.000    22401213.809    93169513.6601       1901.775          43.000  
R16  22135916.814                       -3646.114          18.000    22135915.196    91969164.4761      -2840.002          28.000  
R22  19342351.621   103250757.684       -4062.983          48.000    19342348.417    80306044.893       -3160.097          46.000  
R07  19155367.321   102540207.111       -1732.062          52.000    19155361.487    79753558.980       -1347.095          46.000  
E25  25436185.181   133668060.362        1316.786          42.000    25436190.939   102421002.038        1009.084          44.000  
G06  19598596.169   102991320.371         486.959          47.000    19598593.000    80253205.257         379.343          46.000  
S31  36991936.199   194393984.860        -765.559          46.000  
S33  37980775.904   199590295.509        -764.508          41.000  
E05  22908616.024   120385616.210       -2612.546          42.000    22908617.755    92243548.019       -2001.677          45.000  
E02  26600985.703   139789125.843        1485.126          38.000    26600993.069   107111165.712        1137.899          40.000  
R09  19269640.262   102898802.091        -504.510          50.000    19269636.865    80032378.401        -392.507          47.000  
R10  19764750.857   105357247.608        2395.385          46.000                                                                  
R08  19338349.114   103556002.827         229.024          51.000    19338342.161    80543858.607         178.088          47.000  
R21  22829676.572   122166175.958       -5080.799          45.000    22829676.295    95018001.379       -3951.794          40.000  
R23  19166914.561   102530045.366        -652.301          50.000                                                                  
G07  19641032.452   103214287.545        2339.603          48.000    19641024.231    80426644.051        1822.770          39.000  
E34  23255313.521   122207538.988       -3322.152          46.000    23255313.700    93639556.608       -2545.718          46.000  
E18  26783471.994   140748058.417        -204.858          39.000    26783473.639   107845881.523        -156.865          44.000  
E13  25107811.964   131942403.904        1582.673          41.000    25107814.228   101098756.718        1212.581          47.000  
E15  22109577.191   116186640.230        -824.764          46.000    22109577.646    89026129.038        -632.006          49.000  
G17  23196128.427   121896404.594       -3381.783          42.000    23196122.867    94984179.098       -2635.406          34.000  
G11  22754174.366   119573989.472        2292.896          42.000    22754171.797    93174600.373        1786.588          41.000  
G02  24044878.449   126356635.201       -4679.893          37.000                                                                  
G03  20003068.563   105116888.329       -2232.118          45.000    20003066.935    81909317.762       -1739.278          42.000  
G04  19837011.855   104244240.055       -2691.278          47.000    19837008.008    81229203.932       -2097.327          44.000  
> 2024 06 08 11 57 00.4940000  0 30                     
E08  23895599.427   125572239.713         457.097          44.000    23895598.512    96217677.777         350.459          44.000  
G09  19066476.680   100195071.728        -834.369          48.000    19066471.853    78074083.577        -650.189          45.000  
E03  22079263.938   116027350.104       -1239.471          46.000    22079263.752    88904114.287        -949.788          49.000  
G19  22887961.720   120277035.989       -2666.788          38.000                                                                  
G30  22312547.854   117253189.432        2975.412          43.000    22312548.522    91366093.263        2318.598          41.000  
R24  22387556.438   119716290.193        2425.036          44.000    22387553.312    93112691.905        1886.270          44.000  
R16  22156482.431                       -3648.488          10.000                                                                  
R22  19365240.871   103372939.342       -4082.505          46.000    19365237.403    80401074.955       -3175.323          47.000  
R07  19165094.175   102592272.496       -1739.227          51.000    19165087.961    79794054.202       -1352.661          47.000  
E25  25428689.052   133628669.630        1308.637          42.000    25428694.849   102390819.561        1002.789          43.000  
G06  19595884.811   102977072.603         462.651          47.000    19595882.379    80242103.059         360.652          46.000  
S31  36996319.653   194417020.040        -770.234          46.000  
S33  37985153.222   199613301.169        -769.395          41.000  
E05  22923539.856   120464043.331       -2615.988          42.000    22923542.323    92303641.406       -2004.759          46.000  
E02  26592504.158   139744550.037        1486.529          39.000    26592510.462   107077010.240        1138.953          40.000  
R09  19272559.480   102914390.541        -534.883          48.000    19272556.020    80044502.692        -416.057          48.000  
R10  19751320.263   105285655.302        2377.109          45.000                                                                  
R08  19337087.326   103549247.195         221.171          49.000    19337079.971    80538604.124         172.048          47.000  
R21  22858158.473   122318587.106       -5080.121          43.000    22858158.286    95136543.035       -3951.178          40.000  
R23  19170661.443   102550087.552        -684.100          48.000                                                                  
G07  19627727.296   103144366.028        2321.509          49.000    19627719.166    80372159.748        1809.136          40.000  
E34  23274315.199   122307392.515       -3335.068          46.000    23274315.371    93716067.657       -2555.439          46.000  
E18  26784630.759   140754158.717        -202.400          36.000    26784634.974   107850555.577        -154.738          44.000  
E13  25098812.104   131895114.106        1569.463          41.000    25098815.171   101062521.583        1202.795          47.000  
E15  22114339.250   116211668.685        -844.194          46.000    22114340.347    89045306.630        -646.744          49.000  
G17  23215437.113   121997875.635       -3383.233          41.000    23215433.073    95063247.282       -2635.928          36.000  
G11  22741124.493   119505410.854        2278.926          43.000    22741121.896    93121162.395        1775.636          41.000  
G02  24071594.932   126497031.313       -4680.746          35.000                                                                  
G03  20015852.371   105184070.619       -2246.894          44.000    20015851.689    81961667.493       -1751.000          43.000  
G04  19852398.759   104325098.223       -2699.430          47.000    19852394.749    81292210.221       -2103.329          44.000  
> 2024 06 08 11 57 30.4940000  0 29                     
E08  23893016.191   125558662.593         448.217          45.000    23893014.631    96207274.479         343.539          44.000  
G09  19071272.862   100220277.132        -846.008          48.000    19071269.474    78093724.102        -659.131          45.000  
E03  22086363.705   116064656.818       -1247.458          47.000    22086363.520    88932699.887        -955.790          49.000  
G19  22903211.912   120357171.447       -2675.831          39.000                                                                  
G30  22295587.337   117164056.935        2966.776          44.000    22295587.186    91296639.358        2311.928          42.000  
R24  22374006.811   119643833.963        2405.471          44.000    22374003.947    93056336.899        1870.850          42.000  
R22  19388238.800   103495709.768       -4102.087          47.000    19388237.486    80496562.912       -3190.459          48.000  
R07  19174860.928   102644555.959       -1746.289          51.000    19174855.286    79834719.027       -1358.295          47.000  
E25  25421240.547   133589526.864        1300.729          41.000    25421245.880   102360827.072         996.652          43.000  
G06  19593312.682   102963554.708         438.485          47.000    19593310.679    80231569.564         341.740          47.000  
S31  37000730.899   194440201.482        -775.085          46.000  
S33  37989558.893   199636452.091        -773.735          41.000  
E05  22938485.764   120542586.894       -2619.887          42.000    22938488.822    92363823.988       -2007.427          46.000  
E02  26584012.688   139699926.076        1488.623          39.000    26584018.747   107042817.887        1140.292          40.000  
R09  19275649.936   102930893.467        -565.275          48.000    19275646.429    80057338.226        -439.542          48.000  
R10  19737994.090   105214618.689        2358.586          45.000                                                                  
R08  19335868.774   103542725.601         213.616          49.000    19335861.096    80533531.709         166.383          46.000  
R21  22886636.307   122470974.344       -5078.896          45.000    22886635.822    95255066.124       -3950.068          41.000  
R23  19174587.142   102571086.126        -715.826          48.000                                                                  
G07  19614525.665   103074991.553        2303.407          49.000    19614518.742    80318101.720        1794.517          41.000  
E34  23293390.158   122407634.490       -3347.652          45.000    23293390.555    93792876.347       -2565.231          46.000  
E18  26785776.700   140760179.515        -199.035          36.000    26785780.922   107855168.722        -152.513          43.000  
E13  25089887.198   131848214.069        1556.928          41.000    25089890.191   101026585.102        1193.019          46.000  
E15  22119213.659   116237281.103        -863.439          47.000    22119214.554    89064931.672        -661.477          49.000  
G17  23234752.806   122099387.083       -3384.256          38.000    23234751.317    95142346.931       -2637.262          37.000  
G11  22728155.929   119437256.635        2264.817          44.000    22728152.558    93068055.116        1764.442          41.000  
G02  24098317.103   126637453.569       -4680.756          36.000                                                                  
G03  20028721.991   105251702.913       -2261.867          43.000    20028721.846    82014367.875       -1762.412          42.000  
G04  19867832.486   104406201.450       -2707.396          47.000    19867828.157    81355407.468       -2109.624          43.000  
> 2024 06 08 11 58 00.4940000  0 30                     
E08  23890485.685   125545364.312         438.607          45.000    23890484.099    96197084.839         335.855          44.000  
G09  19076136.858   100245835.694        -858.051          48.000    19076133.106    78113639.812        -668.646          45.000  
E03  22093510.789   116102209.863       -1255.834          48.000    22093510.799    88961474.242        -962.280          51.000  
G19  22918511.449   120437573.165       -2684.343          38.000                                                                  
G30  22278676.361   117075187.103        2957.995          45.000    22278675.616    91227390.143        2304.629          42.000  
R24  22360570.282   119571981.138        2384.786          42.000    22360565.659    93000451.187        1854.850          41.000  
R22  19411347.450   103619063.929       -4121.554          46.000    19411346.679    80592504.913       -3205.604          48.000  
R11  22771115.554   121681937.3213       3382.013          29.000                                                                  
R07  19184668.963   102697056.733       -1753.717          51.000    19184663.416    79875552.843       -1363.977          48.000  
E25  25413839.020   133550633.754        1292.276          41.000    25413844.609   102331025.892         990.183          42.000  
G06  19590879.681   102950767.648         413.882          48.000    19590877.766    80221605.579         322.457          47.000  
S31  37005169.606   194463526.913        -780.015          46.000  
S33  37993992.007   199659746.910        -779.193          41.000  
E05  22953454.765   120621245.960       -2623.874          42.000    22953457.292    92424095.100       -2010.574          47.000  
E02  26575512.135   139655255.074        1490.096          40.000    26575517.929   107008589.499        1141.387          40.000  
R09  19278912.394   102948311.218        -595.864          49.000    19278907.943    80070885.323        -463.587          48.000  
R10  19724773.056   105144141.647        2339.596          45.000                                                                  
R08  19334694.903   103536437.128         205.498          49.000    19334686.605    80528640.649         159.862          47.000  
R21  22915109.056   122623333.921       -5078.179          33.000    22915109.276    95373567.758       -3950.423          29.000  
R23  19178690.382   102593039.977        -747.717          48.000                                                                  
G07  19601428.224   103006166.753        2284.899          48.000    19601422.469    80264471.987        1780.519          42.000  
E34  23312537.621   122508262.832       -3360.784          43.000    23312539.629    93869981.082       -2575.135          46.000  
E18  26786908.080   140766119.838        -196.841          37.000    26786911.259   107859720.175        -150.667          43.000  
E13  25081036.827   131801705.188        1543.920          41.000    25081039.851   100990948.346        1182.822          46.000  
E15  22124199.414   116263477.223        -883.063          47.000    22124199.977    89085003.964        -676.606          50.000  
G17  23254076.701   122200936.033       -3385.545          38.000    23254075.471    95221475.763       -2638.109          37.000  
G11  22715268.229   119369528.934        2250.577          44.000    22715264.229    93015280.141        1753.563          40.000  
G02  24125044.029   126777899.223       -4681.968          37.000                                                                  
G03  20041677.806   105319785.249       -2277.111          44.000    20041677.228    82067418.964       -1774.315          42.000  
G04  19883312.609   104487548.012       -2715.759          47.000    19883307.686    81418794.330       -2116.154          43.000  
> 2024 06 08 11 58 30.4940000  0 30                     
E08  23888009.480   125532352.259         428.870          45.000    23888008.083    96187114.496         328.432          44.000  
G09  19081069.191   100271754.380        -870.056          48.000    19081064.590    78133836.139        -678.009          44.000  
E03  22100705.254   116140016.393       -1264.644          48.000    22100706.128    88990442.793        -968.934          52.000  
G19  22933864.394   120518247.085       -2693.698          40.000                                                                  
G30  22261817.124   116986590.453        2948.582          45.000    22261816.140    91158353.755        2297.435          42.000  
R24  22347249.275   119500743.312        2364.201          44.000    22347243.284    92945043.838        1838.745          41.000  
R22  19434565.524   103743005.438       -4141.258          46.000    19434565.543    80688903.741       -3221.039          48.000  
R11  22752125.152   121580471.246        3382.544          43.000    22752123.246    94562556.6901       2631.211          39.000  
R07  19194518.893   102749783.441       -1761.450          51.000    19194512.947    79916562.387       -1369.933          48.000  
E25  25406486.957   133512000.384        1283.283          41.000    25406492.506   102301423.748         983.223          42.000  
G06  19588586.943   102938720.867         389.109          47.000    19588585.465    80212218.423         303.256          47.000  
S31  37009637.483   194487005.525        -785.236          46.000  
S33  37998454.228   199683195.860        -784.504          41.000  
E05  22968446.447   120700028.166       -2628.265          42.000    22968449.038    92484460.544       -2013.914          47.000  
E02  26567004.525   139610546.599        1490.644          40.000    26567010.547   106974332.380        1142.096          41.000  
R09  19282346.921   102966653.148        -626.955          49.000    19282343.154    80085151.246        -487.728          48.000  
R10  19711658.843   105074236.710        2320.474          45.000                                                                  
R08  19333566.191   103530389.554         197.365          49.000    19333558.866    80523936.907         153.515          48.000  
R21  22943577.297                       -5072.832          22.000    22943571.926                1      -3946.855          18.000  
R23  19182974.171   102615957.111        -779.932          47.000                                                                  
G07  19588436.838   102937902.115        2266.094          47.000    19588432.518    80211278.746        1765.568          43.000  
E34  23331761.815   122609283.872       -3373.999          43.000    23331763.372    93947386.694       -2585.178          46.000  
E18  26788024.711   140771986.924        -194.520          39.000    26788027.639   107864215.577        -149.060          42.000  
E13  25072264.338   131755597.316        1530.047          42.000    25072265.935   100955618.811        1172.521          46.000  
E15  22129296.989   116290265.196        -902.948          47.000    22129297.919    89105529.755        -691.869          50.000  
G17  23273409.478   122302527.253       -3387.142          39.000    23273407.475    95300637.493       -2639.054          38.000  
G11  22702463.879   119302238.468        2235.577          43.000    22702458.553    92962845.872        1742.024          40.000  
G02  24151776.153   126918373.887       -4683.155          36.000                                                                  
G03  20054721.238   105388326.176       -2292.602          44.000    20054720.300    82120827.393       -1786.239          42.000  
G04  19898840.073   104569144.684       -2724.161          47.000    19898835.089    81482376.070       -2122.892          43.000  
> 2024 06 08 11 59 00.4940000  0 30                     
E08  23885588.892   125519629.946         419.606          45.000    23885587.682    96177366.145         321.495          45.000  
G09  19086070.684   100298036.205        -881.738          49.000    19086065.524    78154315.479        -687.311          44.000  
E03  22107947.768   116178079.607       -1272.889          48.000    22107949.768    89019608.023        -975.274          53.000  
G19  22949268.850   120599193.649       -2702.514          42.000                                                                  
G30  22245010.794   116898273.397        2939.494          44.000    22245009.689    91089535.235        2290.491          42.000  
R24  22334045.369   119430128.267        2343.713          47.000    22334037.752    92890120.949        1822.823          41.000  
R22  19457895.483   103867533.860       -4160.008          47.000    19457893.233    80785759.093       -3235.749          47.000  
R11  22733130.753   121478980.912        3383.801          44.000    22733131.906    94483619.710        2631.661          42.000  
R07  19204411.041   102802739.979       -1768.718          51.000    19204406.066    79957750.717       -1375.619          48.000  
E25  25399186.101   133473632.880        1274.843          41.000    25399191.359   102272025.329         976.844          42.000  
G06  19586436.413   102927419.828         364.706          48.000    19586434.684    80203412.367         284.133          46.000  
S31  37014135.436   194510641.462        -790.166          46.000  
S33  38002946.432   199706801.251        -789.324          41.000  
E05  22983462.490   120778937.137       -2631.977          43.000    22983465.132    92544923.118       -2016.804          47.000  
E02  26558490.809   139565806.099        1492.138          40.000    26558496.623   106940050.749        1143.412          41.000  
R09  19285955.635   102985924.332        -657.519          48.000    19285952.092    80100139.912        -511.363          48.000  
R10  19698653.824   105004912.150        2301.335          45.000                                                                  
R08  19332481.964   103524586.477         189.735          49.000    19332475.283    80519423.318         147.436          47.000  
R21  22972038.337                       -5069.504          18.000    22972015.562                       -3924.432          13.000  
R23  19187439.451   102639840.737        -811.887          47.000                                                                  
G07  19575553.804   102870204.189        2247.628          45.000    19575551.522    80158527.081        1751.295          44.000  
E34  23351061.091   122710699.914       -3386.864          44.000    23351062.470    94025095.005       -2594.992          46.000  
E18  26789129.874   140777784.178        -191.708          41.000    26789131.081   107868657.490        -146.850          42.000  
E13  25063569.080   131709896.184        1516.958          43.000    25063569.645   100920600.969        1162.156          46.000  
E15  22134507.562   116317649.198        -922.303          47.000    22134508.902    89126512.247        -706.740          50.000  
G17  23292751.351   122404162.013       -3388.413          41.000    23292747.975    95379833.233       -2640.196          38.000  
G11  22689743.398   119235391.884        2221.204          44.000    22689738.301    92910757.463        1730.808          40.000  
G02  24178513.760   127058879.664       -4684.322          35.000                                                                  
G03  20067852.754   105457330.103       -2307.560          45.000    20067851.670    82174596.605       -1798.362          42.000  
G04  19914415.384   104650994.347       -2732.180          46.000    19914411.201    81546154.932       -2128.995          43.000  
> 2024 06 08 11 59 30.4940000  0 30                     
E08  23883220.079   125507180.894         410.806          45.000    23883218.835    96167827.200         314.597          46.000  
G09  19091137.983   100324664.349        -893.085          50.000    19091133.856    78175064.645        -696.021          45.000  
E03  22115236.118   116216382.787       -1280.513          47.000    22115238.166    89048957.117        -981.120          52.000  
G19  22964721.586   120680394.255       -2710.649          41.000                                                                  
G30  22228254.662   116810222.561        2930.947          45.000    22228254.124    91020924.195        2283.753          42.000  
R24  22320952.865   119360123.539        2323.656          45.000    22320947.439    92835672.771        1806.806          43.000  
R16  22261592.418                       -4182.644          12.000                                                                  
R22  19481329.786   103992628.592       -4178.834          46.000    19481328.053    80883054.866       -3250.374          48.000  
R11  22714131.534   121377453.359        3385.106          45.000    22714132.795    94404653.762        2632.999          43.000  
R07  19214343.306   102855910.655       -1775.624          51.000    19214338.362    79999105.605       -1381.028          47.000  
E25  25391933.181   133435517.464        1266.479          42.000    25391938.037   102242820.070         970.350          42.000  
G06  19584424.965   102916850.064         340.153          48.000    19584423.057    80195176.122         265.133          46.000  
S31  37018660.185   194534417.829        -794.490          46.000  
S33  38007465.084   199730547.491        -793.741          41.000  
E05  22998500.021   120857956.627       -2635.405          44.000    22998502.050    92605470.330       -2019.387          47.000  
E02  26549967.169   139521019.278        1493.896          39.000    26549973.559   106905733.622        1144.542          40.000  
R09  19289736.179   103006109.240        -687.873          48.000    19289732.357    80115839.229        -534.834          49.000  
R10  19685755.244   104936156.746        2282.705          45.000                                                                  
R08  19331442.183   103519011.450         182.271          50.000    19331434.053    80515087.147         141.694          47.000  
R23  19192083.464   102664674.387        -843.265          48.000                                                                  
G07  19562776.534   102803060.074        2229.122          46.000    19562773.804    80106206.951        1736.917          43.000  
E34  23370431.551   122812493.420       -3399.135          45.000    23370433.222    94103092.548       -2604.554          46.000  
E18  26790215.832   140783495.166        -188.433          40.000    26790218.410   107873033.290        -144.550          43.000  
E13  25054947.862   131664587.811        1504.021          43.000    25054947.829   100885884.039        1152.330          47.000  
E15  22139828.339   116345613.481        -941.476          46.000    22139830.445    89147939.378        -721.461          50.000  
G17  23312096.584   122505821.945       -3388.596          42.000    23312092.501    95459048.580       -2640.461          37.000  
G11  22677104.613   119168975.972        2206.770          44.000    22677100.062    92859004.676        1719.657          40.000  
G02  24205253.980   127199398.127       -4683.272          35.000                                                                  
G03  20081069.644   105526781.626       -2322.308          46.000    20081067.734    82228714.549       -1809.624          42.000  
G04  19930035.694   104733079.972       -2739.884          46.000    19930031.780    81610117.642       -2135.052          43.000  
