     3.00           OBSERVATION DATA    M: Mixed            RINEX VERSION / TYPE
CONVBIN demo5 b34j                      20240609 013620 UTC PGM / RUN BY / DATE 
log: SAUC00CHL_R_20241601715_15M_30S_MO.ubx                 COMMENT             
format: u-blox UBX                                          COMMENT             
format: u-blox UBX                                          COMMENT             
log: SAUC00CHL_R_20241601715_15M_30S_MO.ubx                 COMMENT             
SAUC00CHL                                                   MARKER NAME         
                                                            MARKER NUMBER       
GEODETIC                                                    MARKER TYPE         
El Sauce            Obstech                                 OBSERVER / AGENCY   
UNKNOWN             UBLOX-ZED-F9P                           REC # / TYPE / VERS 
UNKNWOWN            TWIVSP6037L                             ANT # / TYPE        
  1813185.0000 -5195981.0000 -3216438.0000                  APPROX POSITION XYZ 
        0.0000        0.0000        0.0000                  ANTENNA: DELTA H/E/N
G    8 C1C L1C D1C S1C C2X L2X D2X S2X                      SYS / # / OBS TYPES 
R    8 C1C L1C D1C S1C C2C L2C D2C S2C                      SYS / # / OBS TYPES 
E    8 C1X L1X D1X S1X C7X L7X D7X S7X                      SYS / # / OBS TYPES 
S    4 C1C L1C D1C S1C                                      SYS / # / OBS TYPES 
  2024    06    08    17    15   00.0040000     GPS         TIME OF FIRST OBS   
  2024    06    08    17    29   30.0040000     GPS         TIME OF LAST OBS    
                                                            END OF HEADER       
> 2024 06 08 17 15 00.0040000  0 26                     
E08  25273944.591   132815443.0341      -1926.395          46.000    25273947.243   101767651.6601      -1476.053          50.000  
E03  29237836.651   153645645.8731      -3218.013          34.000    29237852.342   117728454.5821      -2465.843          39.000  
G12  26802577.766   140848513.4051       2671.637          34.000    26802592.596   109752544.7411       2081.868          34.000  
G30  24096279.944   126626745.5161      -2870.722          44.000    24096281.473    98670158.4191      -2237.132          41.000  
R13  21339945.250   113954106.3591        134.055          39.000    21339946.936    88631240.7691        104.101          40.000  
R12  21140011.972   112926237.7071      -2665.321          46.000    21140014.666    87831796.4881      -2072.923          47.000  
R14  25508258.252   135973328.2421       2338.541          43.000    25508279.121   105757139.2151       1819.031          44.000  
R03  22970284.493   122961731.3531       2959.913          48.000    22970282.881    95636972.6211       2302.080          47.000  
G19  23956962.866   125894917.8751       2006.050          45.000                                                                  
S31  39793287.636   209115047.7721       -748.819          45.000  
S33  40782546.969   214313606.9161       -749.824          41.000  
G17  23534549.114   123675127.6621       1406.800          43.000    23534549.800    96370338.9221       1096.076          42.000  
E02  26816762.150   140923091.5091      -3099.808          46.000    26816764.308   107980063.9281      -2375.248          46.000  
R02  20275727.868   108195175.6801       -396.341          49.000    20275727.413    84151832.3551       -308.347          46.000  
R01  21905792.384   117099012.7261      -4105.164          47.000    21905794.498    91077085.8731      -3192.713          41.000  
E18  21544246.191   113216032.5421      -1712.859          39.000    21544253.607    86750084.3201      -1312.366          44.000  
G13  21477131.118   112863124.4631        504.895          49.000                                                                  
G20  24492716.341   128709847.9561      -3757.560          43.000                                                                  
E07  24857895.449   130629166.4651        514.042          47.000    24857898.807   100092490.7691        393.792          51.000  
G14  22332330.124   117357325.1771      -3117.572          47.000    22332327.783    91447291.3651      -2429.205          45.000  
G05  23158091.813   121696526.1331      -2681.221          45.000    23158094.042    94828436.2021      -2089.238          42.000  
G22  21282277.694   111839315.5411      -1228.241          46.000                                                                  
G24  25622502.988   134647305.9031       1244.833          40.000    25622508.850   104920227.5631        970.194          41.000  
G15  23327424.053   122586469.6931       1871.803          47.000    23327421.418    95521981.6571       1458.512          42.000  
E30  24450502.140   128488423.5151       -881.444          47.000    24450504.911    98452277.4501       -675.524          50.000  
E27  26521785.432   139373067.4851       1459.811          46.000    26521793.938   106792474.7911       1118.423          46.000  
> 2024 06 08 17 15 30.0040000  0 26                     
E08  25284960.523   132873333.517       -1933.498          45.000    25284963.891   101812009.208       -1481.543          50.000  
E03  29256212.444   153742209.685       -3219.957          34.000    29256229.026   117802444.256       -2467.135          40.000  
G12  26787326.789   140768364.117        2671.117          37.000    26787341.093   109690090.455        2081.275          35.000  
G30  24112664.626   126712849.874       -2870.135          44.000    24112666.462    98737252.670       -2236.662          41.000  
R13  21339227.811   113950269.951         121.127          39.000    21339228.931    88628256.995          94.244          40.000  
R12  21155003.591   113006297.090       -2672.724          52.000    21154998.333    87894064.923       -2078.675          44.000  
R14  25495108.391   135903234.235        2333.400          40.000    25495129.718   105702621.036        1815.331          41.000  
R03  22953717.161   122873044.920        2952.052          49.000    22953715.747    95567994.342        2295.965          47.000  
G19  23945519.397   125834780.741        2002.550          45.000                                                                  
S31  39797553.826   209137467.033        -746.476          45.000  
S33  40786821.562   214336069.456        -747.776          41.000  
G17  23526543.059   123633058.072        1397.191          42.000    23526544.131    96337557.492        1088.600          41.000  
E02  26834462.520   141016106.754       -3101.795          46.000    26834464.296   108051335.300       -2376.725          46.000  
R02  20278019.758   108207402.319        -419.396          49.000    20278019.077    84161341.910        -326.105          47.000  
R01  21928867.842   117222368.169       -4119.196          46.000    21928871.200    91173028.866       -3203.662          42.000  
E18  21554104.218   113267832.477       -1740.886          39.000    21554111.135    86789775.196       -1334.081          45.000  
G13  21474270.594   112848098.219         496.309          48.000                                                                  
G20  24514166.510   128822561.177       -3757.307          45.000                                                                  
E07  24854973.848   130613812.461         509.027          47.000    24854977.013   100080726.029         390.102          51.000  
G14  22350151.098   117450973.292       -3126.412          47.000    22350148.156    91520263.883       -2436.175          44.000  
G05  23173428.711   121777118.175       -2692.303          46.000    23173431.487    94891234.985       -2098.055          43.000  
G22  21289332.756   111876389.744       -1243.865          46.000                                                                  
G24  25615384.964   134609908.320        1247.833          40.000    25615391.830   104891086.939         972.250          41.000  
G15  23316750.535   122530380.356        1867.088          47.000    23316748.063    95478275.748        1454.734          42.000  
E30  24455558.245   128514996.205        -890.504          46.000    24455561.564    98472638.324        -682.468          50.000  
E27  26513465.784   139329349.268        1454.115          46.000    26513474.594   106758976.628        1114.283          47.000  
> 2024 06 08 17 16 00.0040000  0 26                     
E08  25296017.396   132931437.109       -1940.203          46.000    25296020.748   101856530.058       -1486.758          50.000  
E03  29274597.761   153838829.667       -3221.429          34.000    29274616.215   117876477.009       -2468.444          41.000  
G12  26772079.781   140688236.146        2670.463          39.000    26772093.104   109627652.702        2080.934          35.000  
G30  24129045.354   126798930.418       -2868.811          44.000    24129047.494    98804328.358       -2235.621          42.000  
R13  21338580.169   113946829.6351        109.219          38.000    21338581.062    88625567.310          84.485          40.000  
R12  21170032.689   113086572.869       -2679.437          53.000    21170028.610    87956501.727       -2083.971          48.000  
R14  25481987.319   135833289.067        2329.030          42.000    25482009.030   105648218.568        1811.397          43.000  
R03  22937193.719   122784593.649        2944.510          49.000    22937191.789    95499198.956        2290.069          47.000  
G19  23934096.469   125774750.961        1999.195          46.000                                                                  
S31  39801806.606   209159815.261        -743.714          45.000  
S33  40791082.371   214358460.558        -745.139          40.000  
G17  23518592.397   123591277.779        1387.798          43.000    23518593.015    96305001.513        1081.337          41.000  
E02  26852173.425   141109179.782       -3103.359          46.000    26852175.913   108122650.952       -2377.970          47.000  
R02  20280440.973   108220317.929        -441.905          50.000    20280439.763    84171387.349        -343.783          47.000  
R01  21952024.132   117346145.215       -4132.782          47.000    21952026.648    91269299.775       -3214.478          42.000  
E18  21564125.316   113320486.088       -1769.230          41.000    21564131.059    86830120.170       -1355.720          45.000  
G13  21471460.122   112833333.491         487.830          47.000                                                                  
G20  24535613.364   128935263.225       -3756.688          44.000                                                                  
E07  24852079.466   130598603.305         504.460          47.000    24852082.655   100069072.287         386.585          51.000  
G14  22368022.463   117544885.936       -3134.567          47.000    22368019.337    91593442.561       -2442.816          44.000  
G05  23188827.983   121858043.279       -2703.159          45.000    23188831.003    94954293.288       -2105.973          42.000  
G22  21296477.145   111913932.955       -1259.173          47.000                                                                  
G24  25608252.980   134572432.252        1250.569          40.000    25608259.303   104861885.135         974.464          41.000  
G15  23306104.554   122474434.483        1862.283          46.000    23306101.558    95434681.597        1451.401          42.000  
E30  24460666.596   128541841.402        -899.181          46.000    24460669.918    98493208.011        -689.165          50.000  
E27  26505178.198   139285802.635        1448.610          45.000    26505187.757   106725609.960        1109.993          47.000  
> 2024 06 08 17 16 30.0040000  0 26                     
E08  25307115.601   132989757.198       -1947.882          46.000    25307118.606   101901216.805       -1492.519          50.000  
E03  29292993.461   153935508.454       -3224.078          33.000    29293014.673   117950554.786       -2470.174          41.000  
G12  26756837.461   140608134.499        2669.275          39.000    26756850.011   109565235.473        2080.213          36.000  
G30  24145421.922   126884990.267       -2868.832          45.000    24145423.848    98871387.902       -2235.469          42.000  
R13  21338002.982   113943751.303          95.908          38.000    21338003.621    88623173.130          74.722          39.000  
R12  21185100.267   113167065.327       -2687.092          49.000    21185098.912    88019106.986       -2090.029          50.000  
R14  25468895.265   135763496.646        2323.661          43.000    25468917.420   105593934.997        1807.223          43.000  
R03  22920715.024   122696384.765        2935.842          48.000    22920713.631    95430592.097        2283.387          47.000  
G19  23922695.479   125714835.045        1994.992          46.000                                                                  
S31  39806045.991   209182094.417        -742.121          45.000  
S33  40795330.743   214380783.571        -743.309          41.000  
G17  23510698.538   123549793.005        1377.334          44.000    23510697.696    96272675.770        1073.400          40.000  
E02  26869896.009   141202312.191       -3105.675          46.000    26869898.509   108194012.083       -2379.688          47.000  
R02  20282991.368   108233927.060        -465.607          50.000    20282990.229    84181972.182        -362.157          47.000  
R01  21975258.316   117470344.129       -4147.345          48.000    21975260.800    91365898.780       -3225.800          42.000  
E18  21574308.572   113373995.592       -1798.356          42.000    21574313.531    86871120.979       -1377.911          45.000  
G13  21468701.140   112818835.617         478.483          47.000                                                                  
G20  24557058.159   129047954.380       -3756.528          44.000                                                                  
E07  24849213.903   130583543.624         499.132          47.000    24849216.903   100057533.082         382.440          51.000  
G14  22385944.025   117639063.798       -3144.074          47.000    22385940.614    91666827.902       -2449.925          45.000  
G05  23204290.464   121939301.532       -2714.083          44.000    23204293.950    95017611.250       -2115.315          42.000  
G22  21303710.506   111951947.113       -1275.316          47.000                                                                  
G24  25601106.725   134534880.535        1252.738          40.000    25601112.094   104832624.376         975.929          41.000  
G15  23295486.058   122418636.967        1857.087          46.000    23295483.711    95391203.072        1447.031          42.000  
E30  24465827.850   128568961.500        -908.860          46.000    24465830.666    98513988.344        -696.439          50.000  
E27  26496924.335   139242431.518        1442.304          45.000    26496934.024   106692377.767        1105.161          46.000  
> 2024 06 08 17 17 00.0040000  0 26                     
E08  25318258.363   133048311.027       -1956.074          46.000    25318260.983   101946082.650       -1498.842          50.000  
E03  29311408.092   154032262.317       -3226.486          34.000    29311427.348   118024690.161       -2472.476          43.000  
G12  26741602.976   140528077.661        2667.307          40.000    26741615.950   109502853.159        2078.609          34.000  
G30  24161797.936   126971046.355       -2868.853          45.000    24161799.997    98938444.528       -2235.267          42.000  
R13  21337500.610   113941068.882          82.113          39.000    21337501.485    88621086.934          64.024          39.000  
R12  21200207.433   113247789.380       -2695.040          48.000    21200210.598    88081892.204       -2096.158          49.000  
R14  25455835.381   135693906.9181       2317.451          45.000    25455858.380   105539784.956        1802.647          45.000  
R03  22904285.936   122608439.547        2926.607          48.000    22904284.215    95362190.326        2276.446          47.000  
G19  23911319.327   125655053.441        1990.016          46.000                                                                  
S31  39810275.937   209204322.573        -740.381          45.000  
S33  40799568.883   214403055.657        -741.796          41.000  
G17  23502864.278   123508623.946        1366.682          44.000    23502862.761    96240596.093        1064.926          39.000  
E02  26887632.838   141295519.407       -3108.543          47.000    26887635.018   108265430.537       -2381.842          47.000  
R02  20285674.951   108248248.628        -489.692          50.000    20285674.382    84193111.146        -380.735          47.000  
R01  21998575.348   117594979.486       -4162.049          49.000    21998576.843    91462837.220       -3237.036          42.000  
E18  21584657.214   113428377.099       -1827.403          42.000    21584662.017    86912789.979       -1400.411          46.000  
G13  21465997.049   112804623.747         468.591          47.000                                                                  
G20  24578503.547   129160648.219       -3756.897          45.000                                                                  
E07  24846379.974   130568651.878         493.264          47.000    24846383.000   100046122.551         377.991          51.000  
G14  22403918.332   117733521.280       -3153.486          47.000    22403915.648    91740431.155       -2457.398          44.000  
G05  23219819.046   122020907.689       -2726.389          42.000    23219822.452    95081200.242       -2124.307          41.000  
G22  21311036.832   111990448.073       -1291.840          47.000                                                                  
G24  25593948.900   134497269.873        1254.161          39.000    25593954.293   104803317.690         977.386          40.000  
G15  23284899.762   122363007.317        1851.134          46.000    23284897.822    95347855.353        1441.980          41.000  
E30  24471043.886   128596372.681        -918.985          46.000    24471046.824    98534991.742        -704.087          50.000  
E27  26488707.924   139199253.772        1435.677          45.000    26488716.947   106659293.708        1100.071          46.000  
> 2024 06 08 17 17 30.0040000  0 26                     
E08  25329451.000   133107129.314       -1965.570          46.000    25329453.632   101991151.106       -1505.977          50.000  
E03  29329840.494   154129121.199       -3230.538          35.000    29329860.097   118098905.956       -2475.646          43.000  
G12  26726383.878   140448097.957        2664.308          39.000    26726396.774   109440530.876        2076.010          35.000  
G30  24178179.180   127057129.270       -2870.211          45.000    24178181.215    99005522.072       -2236.475          42.000  
R13  21337078.605   113938812.278          67.610          39.000    21337078.540    88619331.895          52.417          39.000  
R12  21215372.155   113328772.465       -2704.227          53.000    21215368.371    88144879.073       -2103.299          45.000  
R14  25442814.595   135624489.238        2310.342          45.000    25442836.269   105485792.785        1796.681          43.000  
R03  22887913.455   122520793.663        2916.079          48.000    22887911.451    95294021.361        2267.903          47.000  
G19  23899975.319   125595439.852        1983.753          47.000                                                                  
S31  39814501.847   209226530.197        -740.069          45.000  
S33  40803803.126   214425306.867        -741.971          41.000  
G17  23495096.413   123467804.423        1354.355          44.000    23495094.517    96208788.784        1055.448          39.000  
E02  26905389.269   141388830.454       -3112.546          47.000    26905391.769   108336928.574       -2384.973          47.000  
R02  20288497.938   108263314.601        -515.083          50.000    20288497.573    84204829.098        -400.629          46.000  
R01  22021977.616   117720078.814       -4178.113          48.000    22021979.621    91560136.559       -3249.701          43.000  
E18  21595175.614   113483660.207       -1858.208          41.000    21595181.709    86955149.764       -1423.894          45.000  
G13  21463354.312   112790730.460         457.268          48.000                                                                  
G20  24599954.078   129273373.020       -3758.496          43.000                                                                  
E07  24843584.027   130553960.071         485.913          47.000    24843587.183   100034865.215         372.265          51.000  
G14  22421951.588   117828286.406       -3164.371          46.000    22421949.211    91814274.106       -2465.668          45.000  
G05  23235420.505   122102889.657       -2739.338          44.000    23235423.373    95145082.120       -2134.765          42.000  
G22  21318461.733   112029465.261       -1309.597          46.000                                                                  
G24  25586786.190   134459630.406        1254.987          39.000    25586791.275   104773988.613         977.382          39.000  
G15  23274351.936   122307578.816        1843.722          46.000    23274350.103    95304664.329        1436.482          42.000  
E30  24476320.742   128624104.704        -930.234          46.000    24476324.292    98556240.987        -712.732          50.000  
E27  26480533.575   139156300.692        1427.428          45.000    26480543.046   106626381.805        1093.769          46.000  
> 2024 06 08 17 18 00.0040000  0 26                     
E08  25340700.086   133166241.727       -1975.881          46.000    25340702.444   102036444.958       -1513.981          49.000  
E03  29348298.088   154226113.830       -3235.733          35.000    29348317.728   118173224.224       -2479.390          42.000  
G12  26711184.567   140368226.605        2659.847          38.000    26711198.897   109378293.093        2072.653          37.000  
G30  24194570.719   127143268.340       -2872.863          46.000    24194572.796    99072643.385       -2238.659          41.000  
R13  21336740.644   113936997.2841         51.826          39.000    21336741.122    88617930.409          40.291          40.000  
R12  21230586.840   113410041.962       -2714.286          51.000    21230581.947    88208088.813       -2111.022          47.000  
R14  25429836.634   135555305.436        2301.629          46.000    25429858.197   105431982.639        1790.040          46.000  
R03  22871602.800   122433481.184        2904.325          48.000    22871600.041    95226111.703        2258.794          47.000  
G19  23888669.667   125536027.144        1976.496          47.000                                                                  
S31  39818729.221   209248745.321        -741.244          45.000  
S33  40808039.140   214447566.895        -742.386          41.000  
G17  23487401.845   123427366.890        1340.898          44.000    23487399.590    96177279.118        1045.135          39.000  
E02  26923170.727   141482273.165       -3117.491          47.000    26923173.371   108408527.474       -2388.736          47.000  
R02  20291466.200   108279156.979        -541.545          49.000    20291465.289    84217150.904        -421.134          45.000  
R01  22045471.568   117845669.256       -4195.136          48.000    22045473.964    91657817.834       -3262.799          43.000  
E18  21605870.513   113539873.292       -1889.635          39.000    21605878.470    86998222.122       -1448.069          45.000  
G13  21460777.922   112777187.506         444.992          49.000                                                                  
G20  24621416.561   129386155.001       -3760.952          44.000                                                                  
E07  24840831.960   130539499.085         477.651          46.000    24840835.435   100023784.734         365.992          51.000  
G14  22440047.924   117923386.107       -3176.258          46.000    22440046.081    91888377.728       -2474.835          45.000  
G05  23251097.926   122185274.064       -2753.601          45.000    23251101.635    95209277.544       -2145.320          41.000  
G22  21325989.966   112069026.846       -1328.505          46.000                                                                  
G24  25579623.974   134421991.377        1254.181          39.000    25579628.163   104744659.766         977.251          38.000  
G15  23263848.422   122252383.285        1835.432          46.000    23263846.632    95261654.869        1430.019          41.000  
E30  24481664.198   128652186.125        -942.537          46.000    24481668.160    98577757.956        -722.181          50.000  
E27  26472409.686   139113602.484        1418.349          46.000    26472417.998   106593665.169        1086.933          46.000  
> 2024 06 08 17 18 30.0040000  0 26                     
E08  25352011.282   133225679.734       -1987.117          47.000    25352013.280   102081988.296       -1522.527          49.000  
E03  29366787.336   154323270.807       -3241.687          36.000    29366806.764   118247668.389       -2483.961          42.000  
G12  26696012.659   140288496.820        2654.935          39.000    26696027.506   109316165.527        2068.693          37.000  
G30  24210979.077   127229494.801       -2875.802          45.000    24210981.072    99139832.769       -2240.831          41.000  
R13  21336494.102   113935680.528          35.893          38.000    21336494.766    88616906.319          27.635          40.000  
R12  21245855.186   113491626.943       -2725.132          45.000    21245857.598    88271543.729       -2119.503          50.000  
R14  25416908.476   135486388.580        2292.314          47.000    25416929.360   105378380.121        1782.926          44.000  
R03  22855360.686   122346538.130        2891.493          47.000    22855358.204    95158489.408        2249.038          46.000  
G19  23877408.221   125476849.840        1968.281          47.000                                                                  
S31  39822964.625   209271001.360        -742.939          45.000  
S33  40812282.913   214469867.339        -744.532          41.000  
G17  23479785.602   123387345.076        1326.743          43.000    23479784.391    96146093.390        1033.495          40.000  
E02  26940983.007   141575877.243       -3123.130          47.000    26940985.300   108480250.021       -2392.984          46.000  
R02  20294587.205   108295808.515        -568.938          50.000    20294585.492    84230102.058        -442.578          45.000  
R01  22069062.027   117971779.103       -4212.598          47.000    22069065.275    91755903.103       -3276.471          42.000  
E18  21616751.779   113597046.535       -1922.255          40.000    21616758.460    87042030.178       -1472.811          45.000  
G13  21458274.079   112764027.970         431.801          49.000                                                                  
G20  24642894.267   129499022.645       -3763.904          43.000                                                                  
E07  24838129.958   130525301.687         468.545          46.000    24838133.669   100012906.219         359.094          51.000  
G14  22458214.047   118018849.054       -3188.401          46.000    22458211.741    91962764.445       -2484.607          45.000  
G05  23266858.008   122268089.067       -2768.065          45.000    23266860.832    95273808.501       -2156.756          42.000  
G22  21333627.665   112109162.883       -1347.813          46.000                                                                  
G24  25572467.583   134384383.641        1252.529          41.000    25572472.000   104715355.334         976.223          40.000  
G15  23253395.699   122197454.118        1826.309          46.000    23253393.805    95218852.936        1423.173          41.000  
E30  24487079.928   128680647.358        -955.332          45.000    24487084.297    98599565.932        -731.966          50.000  
E27  26464338.588   139071191.175        1408.693          45.000    26464347.240   106561168.374        1079.343          46.000  
> 2024 06 08 17 19 00.0040000  0 26                     
E08  25363389.347   133285473.811       -1999.578          46.000    25363391.664   102127804.485       -1532.124          49.000  
E03  29385313.698   154420621.628       -3248.594          37.000    29385332.551   118322261.057       -2489.194          42.000  
G12  26680873.317   140208940.414        2648.762          37.000    26680889.045   109254173.104        2063.684          38.000  
G30  24227409.619   127315838.937       -2880.467          45.000    24227411.788    99207113.823       -2244.449          41.000  
R13  21336344.036   113934875.4891         17.583          38.000    21336344.301    88616282.540          13.775          40.000  
R12  21261195.123   113573555.268       -2737.138          51.000    21261195.064    88335265.624       -2128.917          50.000  
R14  25404035.033   135417769.940        2281.754          45.000    25404055.958   105325009.656        1774.726          40.000  
R03  22839194.757   122259999.622        2877.542          48.000    22839191.553    95091181.753        2238.059          46.000  
G19  23866197.662   125417941.677        1958.793          46.000                                                                  
S31  39827212.849   209293327.705        -745.724          45.000  
S33  40816539.674   214492238.365        -747.076          41.000  
G17  23472254.833   123347772.540        1311.098          43.000    23472254.990    96115257.711        1021.580          41.000  
E02  26958831.246   141669671.453       -3130.090          46.000    26958834.020   108552118.263       -2398.336          46.000  
R02  20297866.021   108313301.226        -597.539          50.000    20297863.683    84243707.455        -464.744          46.000  
R01  22092756.751   118098436.368       -4231.373          48.000    22092758.954    91854414.145       -3291.003          42.000  
E18  21627820.998   113655208.984       -1955.733          43.000    21627826.388    87086596.269       -1498.529          45.000  
G13  21455849.240   112751284.350         417.406          49.000                                                                  
G20  24664394.707   129612003.456       -3768.249          44.000                                                                  
E07  24835483.910   130511399.602         458.089          46.000    24835488.045   100002253.995         351.034          51.000  
G14  22476454.381   118114702.995       -3201.930          46.000    22476452.330    92037455.828       -2495.262          45.000  
G05  23282704.561   122351363.130       -2783.761          45.000    23282708.035    95338697.159       -2169.184          42.000  
G22  21341380.240   112149902.411       -1368.396          47.000                                                                  
G24  25565323.545   134346837.149        1249.944          41.000    25565328.503   104686098.579         974.160          42.000  
G15  23243000.004   122142824.002        1815.568          46.000    23242998.308    95176284.062        1414.842          42.000  
E30  24492573.881   128709517.890        -969.564          45.000    24492578.246    98621687.518        -742.848          51.000  
E27  26456328.059   139029097.806        1397.505          45.000    26456336.927   106528915.192        1070.589          46.000  
> 2024 06 08 17 19 30.0040000  0 26                     
E08  25374840.395   133345651.670       -2012.292          46.000    25374843.240   102173914.757       -1541.996          49.000  
E03  29403882.259   154518193.284       -3256.053          38.000    29403900.457   118397022.926       -2494.784          41.000  
G12  26665773.149   140129586.617        2641.088          33.000    26665789.390   109192338.490        2058.483          37.000  
G30  24243867.926   127402328.309       -2885.779          44.000    24243870.339    99274508.069       -2248.525          41.000  
R13  21336294.702   113934615.188          -0.325          38.000    21336295.548    88616080.112          -0.220          40.000  
R12  21276603.173   113655851.884       -2749.389          53.000    21276600.610    88399274.069       -2138.445          49.000  
R14  25391224.042   135349478.435        2270.957          45.000    25391244.181   105271893.759        1766.359          42.000  
R03  22823110.751   122173897.506        2862.646          48.000    22823106.546    95024213.508        2226.608          46.000  
G19  23855043.671   125359333.496        1948.542          45.000                                                                  
S31  39831480.083   209315751.888        -749.157          45.000  
S33  40820815.253   214514707.195        -750.724          41.000  
G17  23464815.386   123308679.866        1295.131          44.000    23464816.151    96084795.942        1009.296          41.000  
E02  26976721.074   141763681.765       -3137.376          46.000    26976723.827   108624152.089       -2404.005          47.000  
R02  20301307.302   108331664.438        -626.690          50.000    20301305.693    84257989.927        -487.322          47.000  
R01  22116557.847   118225665.691       -4250.507          48.000    22116560.413    91953370.137       -3305.817          43.000  
E18  21639083.036   113714387.031       -1989.557          44.000    21639087.833    87131940.574       -1524.514          46.000  
G13  21453508.848   112738986.246         402.482          50.000                                                                  
G20  24685921.098   129725121.932       -3772.999          44.000                                                                  
E07  24832900.159   130497821.889         447.053          45.000    24832904.114    99991850.310         342.662          50.000  
G14  22494773.345   118210972.994       -3215.930          46.000    22494771.728    92112471.386       -2505.903          45.000  
G05  23298643.063   122435120.935       -2800.128          44.000    23298647.237    95403962.710       -2181.973          42.000  
G22  21349252.774   112191271.720       -1389.506          47.000                                                                  
G24  25558195.239   134309379.182        1247.104          40.000    25558201.713   104656910.777         971.740          43.000  
G15  23232666.777   122088522.876        1804.276          46.000    23232665.571    95133971.533        1405.935          43.000  
E30  24498151.198   128738824.385        -984.169          45.000    24498155.199    98644143.149        -754.096          51.000  
E27  26448384.512   138987350.689        1385.723          46.000    26448393.147   106496927.313        1061.769          47.000  
> 2024 06 08 17 20 00.0040000  0 26                     
E08  25386367.915   133406229.484       -2026.691          45.000    25386370.914   102220331.485       -1552.873          49.000  
E03  29422495.060   154616001.103       -3265.075          38.000    29422513.239   118471965.750       -2501.795          41.000  
G12  26650714.819   140050453.419        2633.527          36.000    26650731.317   109130675.876        2051.769          36.000  
G30  24260357.348   127488978.856       -2891.729          44.000    24260359.104    99342027.920       -2253.291          40.000  
R13  21336350.539   113934918.1491        -20.127          39.000    21336350.678    88616310.353         -15.450          39.000  
R12  21292080.180   113738530.476       -2762.830          51.000    21292075.754    88463579.679       -2148.978          46.000  
R14  25378476.121   135281531.441        2258.576          40.000    25378497.361   105219045.769        1756.689          41.000  
R03  22807112.060   122088252.709        2846.539          49.000    22807107.267    94957600.962        2213.998          45.000  
G19  23843951.435   125301044.706        1937.045          44.000                                                                  
S31  39835769.159   209338289.740        -753.678          45.000  
S33  40825112.925   214537290.552        -755.368          41.000  
G17  23457471.773   123270086.404        1277.676          44.000    23457472.306    96054723.169         995.163          42.000  
E02  26994654.366   141857922.629       -3145.761          46.000    26994657.039   108696362.576       -2410.442          46.000  
R02  20304914.828   108350915.138        -657.170          50.000    20304913.723    84272962.685        -511.097          47.000  
R01  22140468.124   118353480.376       -4270.752          48.000    22140470.536    92052781.385       -3321.887          42.000  
E18  21650540.085   113774595.459       -2024.770          44.000    21650545.265    87178074.382       -1551.410          47.000  
G13  21451256.781   112727151.909         386.143          49.000                                                                  
G20  24707476.465   129838391.149       -3778.687          44.000                                                                  
E07  24830381.818   130484585.989         434.918          46.000    24830385.222    99981708.549         333.150          50.000  
G14  22513174.703   118307672.544       -3231.178          46.000    22513172.803    92187821.678       -2517.693          44.000  
G05  23314677.041   122519374.811       -2817.503          45.000    23314679.800    95469614.835       -2195.394          41.000  
G22  21357247.709   112233285.553       -1411.731          47.000                                                                  
G24  25551086.937   134272025.498        1242.971          40.000    25551093.658   104627804.154         968.558          43.000  
G15  23222399.627   122034569.221        1792.011          46.000    23222398.780    95091929.759        1396.316          42.000  
E30  24503813.955   128768582.048        -999.894          45.000    24503817.832    98666944.481        -766.245          51.000  
E27  26440508.882   138945966.564        1372.770          46.000    26440518.453   106465217.574        1051.871          48.000  
> 2024 06 08 17 20 30.0040000  0 26                     
E08  25397977.405   133467238.022       -2041.109          45.000    25397980.636   102267078.243       -1563.950          50.000  
E03  29441158.201   154714074.821       -3274.173          38.000    29441177.063   118547112.299       -2508.426          41.000  
G12  26635704.834   139971573.214        2624.578          37.000    26635721.239   109069210.232        2044.898          36.000  
G30  24276883.176   127575821.225       -2898.205          44.000    24276884.807    99409697.230       -2258.166          40.000  
R13  21336516.269   113935800.404         -39.614          39.000    21336515.458    88616996.593         -30.724          39.000  
R12  21307630.846   113821619.491       -2776.756          49.000    21307630.966    88528204.414       -2159.609          48.000  
R14  25365799.630   135213960.807        2245.776          43.000    25365821.212   105166490.570        1746.715          42.000  
R03  22791205.076   122003100.169        2829.757          50.000    22791199.783    94891371.236        2201.162          45.000  
G19  23832926.528   125243108.955        1924.903          43.000                                                                  
S31  39840085.704   209360972.760        -758.767          45.000  
S33  40829438.081   214560018.685        -760.575          41.000  
G17  23450229.416   123232025.427        1259.580          45.000    23450229.676    96025065.286         981.383          43.000  
E02  27012637.462   141952423.155       -3154.639          46.000    27012640.389   108768772.012       -2417.155          47.000  
R02  20308694.620   108371086.203        -688.042          50.000    20308693.957    84288651.274        -535.019          47.000  
R01  22164493.235   118481908.083       -4291.370          47.000    22164494.939    92152669.438       -3337.793          42.000  
E18  21662197.323   113835863.553       -2060.323          42.000    21662204.068    87225020.174       -1578.470          47.000  
G13  21449098.823   112715813.940         369.350          49.000                                                                  
G20  24729064.886   129951839.009       -3784.995          43.000                                                                  
E07  24827934.356   130471724.003         422.208          46.000    24827937.657    99971853.282         323.492          50.000  
G14  22531663.242   118404829.680       -3246.404          46.000    22531661.246    92263528.559       -2529.596          45.000  
G05  23330809.242   122604153.871       -2835.028          44.000    23330812.501    95535676.228       -2209.248          41.000  
G22  21365370.561   112275973.222       -1434.467          47.000                                                                  
G24  25544004.513   134234806.446        1238.156          41.000    25544010.168   104598802.422         964.739          42.000  
G15  23212205.096   121980996.148        1778.860          46.000    23212204.330    95050184.515        1386.474          43.000  
E30  24509567.582   128798820.572       -1016.302          45.000    24509571.932    98690114.248        -778.560          51.000  
E27  26432708.966   138904976.812        1359.475          46.000    26432718.134   106433810.004        1041.754          48.000  
> 2024 06 08 17 21 00.0040000  0 26                     
E08  25409670.690   133528685.288       -2055.718          46.000    25409673.802   102314161.190       -1575.094          50.000  
E03  29459873.877   154812421.741       -3282.828          38.000    29459892.337   118622468.202       -2515.340          40.000  
G12  26620745.912   139892955.685        2616.116          39.000    26620761.477   109007949.219        2038.414          36.000  
G30  24293446.687   127662863.303       -2904.959          43.000    24293448.904    99477522.163       -2263.431          41.000  
R13  21336792.406   113937280.8231        -59.101          39.000    21336792.055    88618144.207         -45.848          39.000  
R12  21323266.549   113905123.854       -2790.473          53.000    21323264.709    88593152.218       -2170.368          49.000  
R14  25353195.722   135146775.238        2232.976          42.000    25353217.824   105114234.991        1736.726          41.000  
R03  22775391.717   121918452.522        2812.939          49.000    22775387.289    94825534.244        2187.825          44.000  
G19  23821971.252   125185537.584        1912.645          43.000                                                                  
S31  39844431.001   209383808.470        -764.068          45.000  
S33  40833792.204   214582899.767        -765.349          41.000  
G17  23443090.035   123194508.064        1241.277          45.000    23443090.426    95995831.005         967.448          42.000  
E02  27030670.858   142047189.621       -3163.555          46.000    27030673.715   108841385.206       -2423.876          47.000  
R02  20312648.748   108392186.943        -719.001          50.000    20312647.742    84305062.958        -559.119          46.000  
R01  22188633.695   118610953.844       -4311.918          47.000    22188635.273    92253038.176       -3353.849          42.000  
E18  21674057.783   113898197.799       -2095.694          41.000    21674065.535    87272782.893       -1605.811          46.000  
G13  21447037.036   112704982.350         352.439          48.000                                                                  
G20  24750689.069   130065470.832       -3791.011          44.000                                                                  
E07  24825559.976   130459245.209         409.442          46.000    24825563.012    99962291.634         313.675          50.000  
G14  22550239.718   118502449.762       -3261.831          46.000    22550237.611    92339596.170       -2541.836          44.000  
G05  23347042.577   122689462.503       -2852.505          45.000    23347046.833    95602150.265       -2222.713          41.000  
G22  21373623.143   112319341.263       -1457.050          47.000                                                                  
G24  25536949.396   134197729.662        1233.256          40.000    25536953.407   104569911.509         960.989          41.000  
G15  23202084.853   121927813.984        1766.083          46.000    23202084.226    95008743.931        1376.147          43.000  
E30  24515414.552   128829546.961       -1032.370          45.000    24515418.884    98713657.861        -791.114          50.000  
E27  26424985.187   138864390.019        1346.050          46.000    26424994.071   106402711.201        1031.374          47.000  
> 2024 06 08 17 21 30.0040000  0 26                     
E08  25421448.220   133590576.569       -2070.622          46.000    25421451.267   102361584.358       -1586.560          50.000  
E03  29478641.758   154911046.277       -3292.043          38.000    29478660.832   118698036.780       -2522.503          40.000  
G12  26605837.440   139814607.816        2606.904          37.000    26605853.256   108946898.349        2031.602          38.000  
G30  24310048.873   127750110.169       -2911.620          43.000    24310051.476    99545506.641       -2268.636          41.000  
R13  21337179.871   113939353.263         -79.034          38.000    21337180.336    88619756.132         -61.305          40.000  
R12  21338978.087   113989045.828       -2804.413          52.000    21338974.938    88658424.840       -2181.240          48.000  
R14  25340665.330   135079980.607        2220.017          42.000    25340687.788   105062283.411        1726.474          39.000  
R03  22759674.283   121834318.851        2795.732          48.000    22759670.615    94760096.974        2174.449          44.000  
G19  23811087.450   125128338.920        1900.323          43.000                                                                  
S31  39848806.508   209406801.049        -769.262          46.000  
S33  40838176.713   214605938.809        -770.599          41.000  
G17  23436055.542   123157542.166        1223.154          46.000    23436055.652    95967026.462         953.049          42.000  
E02  27048755.672   142142225.613       -3172.447          46.000    27048758.145   108914204.931       -2430.658          47.000  
R02  20316778.081   108414223.078        -750.199          50.000    20316777.176    84322202.170        -583.592          46.000  
R01  22212890.022   118740619.538       -4332.549          47.000    22212892.559    92353889.053       -3369.644          42.000  
E18  21686124.537   113961601.820       -2131.335          43.000    21686130.222    87321365.303       -1633.084          46.000  
G13  21445072.386   112694664.263         335.327          48.000                                                                  
G20  24772348.434   130179288.505       -3797.083          44.000                                                                  
E07  24823259.667   130447156.179         396.311          47.000    24823262.400    99953028.591         303.724          50.000  
G14  22568904.215   118600535.350       -3277.245          45.000    22568902.579    92416026.492       -2553.719          44.000  
G05  23363378.242   122775302.990       -2870.273          46.000    23363381.072    95669038.744       -2236.379          40.000  
G22  21382005.992   112363393.622       -1479.940          46.000                                                                  
G24  25529920.985   134160799.912        1228.319          40.000    25529924.560   104541135.146         957.369          40.000  
G15  23192040.194   121875029.890        1752.747          46.000    23192039.484    94967613.506        1365.889          43.000  
E30  24521355.944   128860765.476       -1048.940          45.000    24521359.338    98737578.555        -803.710          50.000  
E27  26417338.836   138824212.020        1332.319          45.000    26417348.020   106371925.620        1020.877          47.000  
> 2024 06 08 17 22 00.0040000  0 26                     
E08  25433312.952   133652921.562       -2086.140          47.000    25433314.982   102409355.170       -1598.398          50.000  
E03  29497463.993   155009957.214       -3302.027          37.000    29497484.159   118773824.810       -2530.129          42.000  
G12  26590981.748   139736540.564        2597.345          39.000    26590997.820   108886066.139        2023.733          38.000  
G30  24326692.617   127837571.352       -2919.180          43.000    24326694.843    99613658.149       -2274.722          41.000  
R13  21337682.628   113942033.8891        -99.605          38.000    21337681.955    88621838.760         -77.531          41.000  
R12  21354765.613   114073392.584       -2818.950          49.000    21354763.413    88724027.829       -2192.403          45.000  
R14  25328210.376   135013588.043        2205.845          44.000    25328233.145   105010644.622        1715.878          41.000  
R03  22744055.296   121750713.349        2777.684          48.000    22744052.341    94695070.519        2160.601          44.000  
G19  23800276.813   125071525.976        1887.079          44.000                                                                  
S31  39853213.696   209429961.399        -775.247          46.000  
S33  40842592.410   214629144.434        -776.595          41.000  
G17  23429127.861   123121140.382        1203.550          44.000    23429128.280    95938661.470         937.981          42.000  
E02  27066893.552   142237539.163       -3182.042          46.000    27066896.277   108987237.352       -2438.276          48.000  
R02  20321084.829   108437205.421        -782.150          49.000    20321083.675    84340077.310        -608.297          46.000  
R01  22237265.090   118870911.621       -4353.766          48.000    22237267.232    92455227.161       -3386.258          42.000  
E18  21698396.235   114026083.618       -2167.701          44.000    21698400.425    87370773.568       -1660.923          46.000  
G13  21443207.957   112684871.584         317.186          47.000                                                                  
G20  24794043.722   130293298.711       -3803.878          42.000                                                                  
E07  24821035.618   130435467.912         382.533          47.000    24821038.041    99944072.621         293.246          50.000  
G14  22587659.209   118699093.478       -3293.468          45.000    22587657.549    92492825.022       -2566.348          44.000  
G05  23379815.516   122861682.054       -2888.516          46.000    23379818.933    95736346.902       -2250.815          40.000  
G22  21390520.241   112408138.273       -1503.219          46.000                                                                  
G24  25522922.945   134124026.477        1223.088          40.000    25522927.183   104512480.652         952.666          41.000  
G15  23182073.765   121822656.032        1738.580          46.000    23182072.879    94926802.740        1354.883          43.000  
E30  24527392.670   128892484.749       -1065.952          46.000    24527395.097    98761882.968        -816.843          50.000  
E27  26409772.721   138784453.063        1317.912          45.000    26409781.735   106341461.129        1009.805          47.000  
> 2024 06 08 17 22 30.0040000  0 26                     
E08  25445263.505   133715720.615       -2100.836          47.000    25445265.100   102457473.913       -1609.666          49.000  
E03  29516340.345   155109154.103       -3311.424          37.000    29516361.650   118849831.982       -2537.256          41.000  
G12  26576180.360   139658756.275        2588.038          39.000    26576196.464   108825454.424        2016.836          38.000  
G30  24343377.040   127925247.186       -2926.178          43.000    24343378.879    99681976.894       -2279.876          40.000  
R13  21338296.790   113945315.918        -119.389          38.000    21338297.320    88624391.475         -92.825          41.000  
R12  21370633.290   114158161.513       -2832.671          51.000    21370631.363    88789959.161       -2203.303          45.000  
R14  25315831.694   134947598.136        2192.990          42.000    25315854.716   104959319.056        1705.718          44.000  
R03  22728536.712   121667640.149        2760.303          49.000    22728533.339    94630458.079        2147.004          44.000  
G19  23789539.917   125015102.245        1874.182          45.000                                                                  
S31  39857653.024   209453289.468        -780.308          46.000  
S33  40847040.648   214652518.426        -782.237          41.000  
G17  23422308.490   123085306.177        1185.022          45.000    23422308.444    95910738.803         923.427          41.000  
E02  27085083.443   142333129.018       -3190.948          45.000    27085086.475   109060481.472       -2444.945          48.000  
R02  20325569.802   108461135.530        -813.422          49.000    20325568.279    84358689.637        -632.741          46.000  
R01  22261755.575   119001827.008       -4374.109          48.000    22261758.061    92557050.059       -3402.032          43.000  
E18  21710872.269   114091641.919       -2203.235          46.000    21710875.820    87421006.695       -1688.218          46.000  
G13  21441444.059   112675606.221         300.012          45.000                                                                  
G20  24815776.364   130407498.781       -3809.842          43.000                                                                  
E07  24818888.129   130424182.181         369.479          47.000    24818890.469    99935425.104         283.188          50.000  
G14  22606503.950   118798121.791       -3308.755          45.000    22606501.854    92569989.926       -2578.118          44.000  
G05  23396355.549   122948597.710       -2906.119          45.000    23396359.609    95804073.107       -2264.272          42.000  
G22  21399166.467   112453574.175       -1526.050          47.000                                                                  
G24  25515955.104   134087409.440        1217.750          41.000    25515958.881   104483947.933         949.125          41.000  
G15  23172186.006   121770695.140        1725.090          46.000    23172184.873    94886313.786        1344.453          43.000  
E30  24533523.623   128924704.118       -1082.385          46.000    24533526.079    98786570.564        -829.233          50.000  
E27  26402286.048   138745114.119        1304.442          44.000    26402295.414   106311318.472         999.488          47.000  
> 2024 06 08 17 23 00.0040000  0 26                     
E08  25457293.322   133778938.933       -2113.442          47.000    25457295.133   102505913.906       -1619.306          49.000  
E03  29535265.261   155208601.646       -3318.787          25.000    29535286.714   118926031.192       -2542.242          29.000  
G12  26561426.372   139581221.850        2580.952          39.000    26561442.589   108765037.423        2011.241          37.000  
G30  24360094.956   128013102.756       -2930.817          43.000    24360097.034    99750435.698       -2283.464          40.000  
R13  21339016.779   113949168.2131       -136.637          39.000    21339017.718    88627385.417        -106.535          41.000  
R12  21386576.521   114243314.286       -2843.905          53.000    21386574.690    88856189.088       -2211.949          49.000  
R14  25303521.235   134881976.587        2182.030          42.000    25303545.326   104908280.012        1697.228          46.000  
R03  22713112.370   121585067.890        2744.812          49.000    22713108.481    94566235.261        2134.951          44.000  
G19  23778870.947   124959036.278        1863.810          46.000                                                                  
S31  39862117.304   209476749.843        -783.348          46.000  
S33  40851513.911   214676025.648        -784.955          41.000  
G17  23415591.881   123050007.369        1168.575          46.000    23415590.673    95883233.315         910.484          41.000  
E02  27103319.402   142428958.687       -3197.386          46.000    27103322.046   109133909.348       -2449.912          47.000  
R02  20330225.036   108485978.660        -842.534          50.000    20330224.444    84378012.066        -655.164          47.000  
R01  22286355.714   119133326.975       -4392.055          48.000    22286358.149    92659327.651       -3416.140          42.000  
E18  21723545.046   114158240.219       -2236.532          45.000    21723549.357    87472036.671       -1713.440          46.000  
G13  21439774.077   112666835.468         284.988          45.000                                                                  
G20  24837536.366   130521851.193       -3813.337          41.000                                                                  
E07  24816810.728   130413265.503         358.649          47.000    24816813.018    99927060.372         274.812          49.000  
G14  22625430.850   118897582.904       -3321.787          46.000    22625428.882    92647492.075       -2588.585          44.000  
G05  23412991.179   123036012.199       -2921.305          46.000    23412994.807    95872188.022       -2275.990          42.000  
G22  21407937.756   112499664.945       -1546.459          47.000                                                                  
G24  25509010.901   134050913.599        1215.342          42.000    25509014.217   104455509.708         947.153          41.000  
G15  23162370.634   121719114.658        1713.869          47.000    23162369.167    94846121.250        1335.519          43.000  
E30  24539743.106   128957387.757       -1096.383          46.000    24539745.641    98811613.894        -839.935          50.000  
E27  26394873.286   138706160.960        1292.731          44.000    26394882.623   106281471.431         990.578          47.000  
> 2024 06 08 17 23 30.0040000  0 26                     
E08  25469389.081   133842503.735       -2123.786          47.000    25469391.022   102554619.390       -1627.336          48.000  
G12  26546707.562   139503866.055        2576.044          40.000    26546722.054   108704759.516        2008.529          34.000  
G30  24376834.328   128101065.160       -2933.312          44.000    24376836.024    99818977.757       -2285.597          40.000  
R13  21339830.615   113953509.688        -151.948          39.000    21339830.622    88630762.154        -118.377          40.000  
R12  21402574.760   114328774.054       -2853.037          51.000    21402574.067    88922657.747       -2218.996          50.000  
R14  25291266.463   134816650.040        2173.340          43.000    25291290.798   104857470.424        1690.595          45.000  
R03  22697767.640   121502926.841        2731.598          49.000    22697762.943    94502347.825        2124.423          42.000  
G19  23768256.231   124903258.102        1855.227          46.000                                                                  
S31  39866593.284   209500270.683        -784.427          45.000  
S33  40855999.011   214699593.377        -785.824          41.000  
G17  23408964.039   123015174.072        1154.056          47.000    23408962.501    95856090.556         899.534          41.000  
E02  27121586.761   142524953.753       -3201.765          46.000    27121589.466   109207463.972       -2453.346          47.000  
R02  20335037.895   108511661.747        -869.282          50.000    20335038.262    84397987.805        -676.228          47.000  
R01  22311050.313   119265334.233       -4407.906          48.000    22311052.959    92761999.791       -3428.488          42.000  
E18  21736400.919   114225804.010       -2267.504          44.000    21736406.653    87523806.444       -1737.503          46.000  
G13  21438186.369   112658488.591         271.866          44.000                                                                  
G20  24859313.152   130636280.164       -3814.673          43.000                                                                  
E07  24814789.613   130402646.401         349.773          46.000    24814792.272    99918923.646         268.007          49.000  
G14  22644425.824   118997401.353       -3332.493          45.000    22644424.036    92725272.650       -2596.779          44.000  
G05  23429706.097   123123849.946       -2934.059          46.000    23429709.679    95940632.790       -2286.513          42.000  
G22  21416819.433   112546336.381       -1564.646          48.000                                                                  
G24  25502074.467   134014465.906        1214.796          41.000    25502079.066   104427109.024         946.701          42.000  
G15  23152614.283   121667844.051        1704.623          46.000    23152612.784    94806170.183        1328.278          42.000  
E30  24546036.657   128990461.887       -1108.261          45.000    24546039.735    98836956.454        -849.171          49.000  
E27  26387521.083   138667521.357        1283.376          44.000    26387529.544   106251864.650         983.352          46.000  
E03                                                                  29554244.349                       -2543.593          17.000  
> 2024 06 08 17 24 00.0040000  0 25                     
E08  25481540.328   133906361.245       -2132.872          47.000    25481542.587   102603549.155       -1634.199          49.000  
G12  26532012.218   139426636.519        2572.849          40.000    26532026.406   108644580.158        2005.101          36.000  
G30  24393583.056   128189080.583       -2933.981          44.000    24393584.694    99887561.129       -2286.005          41.000  
R13  21340724.424   113958265.0221       -165.956          38.000    21340724.848    88634477.896        -128.744          40.000  
R12  21418616.297   114414483.389       -2860.461          48.000    21418618.630    88989320.433       -2224.754          48.000  
R14  25279057.530   134751564.816        2166.116          46.000    25279080.721   104806848.614        1684.641          47.000  
R03  22682493.351   121421166.164        2719.611          48.000    22682488.592    94438756.194        2115.364          42.000  
G19  23757686.508   124847717.376        1847.954          45.000                                                                  
S31  39871070.318   209523797.681        -783.603          45.000  
S33  40860484.492   214723166.064        -785.429          41.000  
G17  23402414.315   122980755.241        1140.999          47.000    23402413.425    95829270.786         889.014          42.000  
E02  27139875.339   142621058.861       -3204.715          46.000    27139877.883   109281102.895       -2455.600          48.000  
R02  20339997.945   108538131.270        -894.666          50.000    20339998.569    84418575.198        -695.876          47.000  
R01  22335829.427   119397790.523       -4421.999          48.000    22335832.486    92865021.181       -3439.324          43.000  
E18  21749430.115   114294277.769       -2296.962          43.000    21749436.676    87576273.413       -1760.030          47.000  
G13  21436669.972   112650513.828         260.273          44.000                                                                  
G20  24881091.129   130750729.027       -3814.605          42.000                                                                  
E07  24812815.581   130392272.506         342.299          46.000    24812818.095    99910974.798         262.406          49.000  
G14  22663478.144   119097520.849       -3341.815          45.000    22663475.939    92803287.829       -2603.994          44.000  
G05  23446490.065   123212053.573       -2945.655          45.000    23446494.032    96009362.609       -2295.187          41.000  
G22  21425800.639   112593533.431       -1581.261          48.000                                                                  
G24  25495136.392   133978012.201        1215.857          39.000    25495142.689   104398703.614         947.323          42.000  
G15  23142906.606   121616831.734        1696.702          46.000    23142905.378    94766420.377        1322.077          42.000  
E30  24552394.481   129023871.776       -1118.655          45.000    24552397.365    98862556.291        -857.217          50.000  
E27  26380218.419   138629142.127        1275.663          45.000    26380226.088   106222457.391         977.373          47.000  
> 2024 06 08 17 24 30.0040000  0 25                     
E08  25493737.819   133970461.110       -2139.770          47.000    25493740.334   102652664.632       -1639.681          48.000  
G12  26517331.311   139349485.019        2571.134          41.000    26517345.615   108584461.571        2003.760          35.000  
G30  24410332.617   128277098.699       -2933.039          45.000    24410334.174    99956146.639       -2285.768          41.000  
R13  21341690.421   113963425.803        -177.404          38.000    21341690.789    88638491.882        -137.979          39.000  
R12  21434700.923   114500388.213       -2865.880          52.000    21434699.179    89056135.289       -2228.941          47.000  
R14  25266884.187   134686670.832        2160.784          45.000    25266905.964   104756375.524        1680.570          45.000  
R03  22667282.711   121339739.293        2709.525          49.000    22667277.625    94375424.229        2107.274          43.000  
G19  23747153.283   124792367.027        1842.660          45.000                                                                  
S31  39875538.714   209547279.706        -781.008          46.000  
S33  40864962.098   214746695.553        -782.830          41.000  
G17  23395934.089   122946703.382        1129.700          46.000    23395933.679    95802736.962         880.004          42.000  
E02  27158174.306   142717222.003       -3205.513          46.000    27158176.841   109354786.301       -2456.183          47.000  
R02  20345096.420   108565336.714        -918.209          49.000    20345096.920    84439735.002        -714.189          47.000  
R01  22360680.629   119530641.229       -4434.051          47.000    22360684.663    92968349.316       -3448.702          43.000  
E18  21762624.162   114363609.232       -2324.532          44.000    21762630.176    87629397.583       -1781.201          47.000  
G13  21435214.864   112642862.554         250.522          46.000                                                                  
G20  24902865.174   130865144.595       -3812.543          43.000                                                                  
E07  24810878.711   130382094.758         336.699          46.000    24810881.375    99903176.242         258.076          49.000  
G14  22682577.132   119197888.343       -3348.944          44.000    22682574.792    92881496.264       -2609.469          43.000  
G05  23463334.195   123300570.073       -2955.108          46.000    23463337.337    96078336.262       -2302.101          40.000  
G22  21434871.493   112641203.877       -1596.117          47.000                                                                  
G24  25488187.777   133941501.759        1218.782          38.000    25488194.866   104370254.038         949.526          42.000  
G15  23133239.482   121566029.905        1690.594          47.000    23133238.209    94726834.586        1317.401          42.000  
E30  24558806.460   129057565.957       -1126.946          46.000    24558809.129    98888373.978        -863.659          50.000  
E27  26372956.111   138590973.503        1269.678          46.000    26372962.715   106193211.514         972.860          47.000  
> 2024 06 08 17 25 00.0040000  0 25                     
E08  25505974.756   134034766.166       -2146.883          47.000    25505977.191   102701937.309       -1644.943          49.000  
G12  26502657.935   139272375.847        2569.412          39.000    26502672.515   108524376.013        2001.860          34.000  
G30  24427075.027   128365082.185       -2932.110          45.000    24427077.341   100024705.130       -2285.040          41.000  
R13  21342719.994   113968934.5531       -189.051          37.000    21342721.524    88642773.415        -147.134          40.000  
R12  21450812.489   114586447.795       -2871.125          53.000    21450809.449    89123070.580       -2233.194          48.000  
R14  25254737.696   134621930.571        2155.287          43.000    25254759.907   104706021.934        1676.628          40.000  
R03  22652127.980   121258611.511        2699.270          49.000    22652123.283    94312324.869        2099.301          43.000  
G19  23736649.968   124737172.874        1837.248          45.000                                                                  
S31  39879991.864   209570680.882        -778.290          46.000  
S33  40869424.437   214770143.584        -780.316          41.000  
G17  23389516.420   122912984.040        1118.478          44.000    23389517.304    95776462.247         871.448          43.000  
E02  27176477.067   142813404.495       -3206.244          45.000    27176480.004   109428484.523       -2456.790          48.000  
R02  20350326.646   108593240.968        -941.705          50.000    20350325.794    84461438.313        -732.446          46.000  
R01  22385600.135   119663845.329       -4445.965          48.000    22385603.096    93071952.282       -3458.043          43.000  
E18  21775974.523   114433759.361       -2351.954          45.000    21775978.921    87683149.037       -1802.153          47.000  
G13  21433814.902   112635499.622         240.596          47.000                                                                  
G20  24924623.613   130979486.707       -3810.113          42.000                                                                  
E07  24808971.961   130372077.379         331.309          46.000    24808975.429    99895500.570         253.855          50.000  
G14  22701715.529   119298464.047       -3355.949          44.000    22701713.765    92959866.906       -2614.910          43.000  
G05  23480230.705   123389359.991       -2964.125          46.000    23480233.420    96147522.978       -2309.572          40.000  
G22  21444025.046   112689309.382       -1610.671          46.000                                                                  
G24  25481222.672   133904897.175        1221.859          39.000    25481229.232   104341731.057         952.320          43.000  
G15  23123605.654   121515403.734        1684.589          46.000    23123604.536    94687385.674        1312.824          42.000  
E30  24565265.348   129091506.292       -1135.446          46.000    24565267.865    98914380.256        -869.942          50.000  
E27  26365725.760   138552978.908        1263.519          46.000    26365732.650   106164098.991         968.161          47.000  
> 2024 06 08 17 25 30.0040000  0 25                     
E08  25518249.347   134099269.087       -2153.482          47.000    25518252.034   102751361.600       -1650.095          49.000  
G12  26487991.610   139195303.456        2568.551          39.000    26488006.203   108464319.072        2001.514          34.000  
G30  24443810.292   128453023.733       -2930.551          46.000    24443811.872   100093230.919       -2283.749          41.000  
R13  21343814.486   113974774.371        -200.300          39.000    21343815.279    88647315.541        -155.678          40.000  
R12  21466948.272   114672651.901       -2875.849          50.000    21466947.883    89190118.186       -2236.799          49.000  
R14  25242619.339   134557337.486        2150.601          44.000    25242641.373   104655782.832        1672.356          40.000  
R03  22637027.420   121177779.965        2689.351          49.000    22637023.467    94249455.914        2091.748          43.000  
G19  23726176.649   124682131.086        1832.279          45.000                                                                  
S31  39884428.112   209593992.757        -775.305          45.000  
S33  40873869.907   214793503.361        -777.148          41.000  
G17  23383161.520   122879593.072        1107.573          44.000    23383163.319    95750443.419         862.770          43.000  
E02  27194781.905   142909597.370       -3206.654          45.000    27194785.113   109502190.686       -2457.056          48.000  
R02  20355686.081   108621837.452        -964.859          51.000    20355684.418    84483680.019        -750.381          47.000  
R01  22410583.845   119797391.802       -4457.180          48.000    22410585.625    93175821.548       -3466.802          42.000  
E18  21789478.073   114504718.882       -2378.746          46.000    21789481.848    87737520.681       -1822.791          47.000  
G13  21432468.434   112628419.744         231.156          49.000                                                                  
G20  24946367.236   131093745.167       -3807.233          42.000                                                                  
E07  24807094.879   130362214.503         325.986          45.000    24807098.855    99887943.287         249.941          50.000  
G14  22720892.622   119399238.055       -3362.434          45.000    22720890.499    93038392.064       -2620.098          44.000  
G05  23497178.005   123478412.314       -2972.760          47.000    23497179.977    96216914.131       -2316.667          40.000  
G22  21453259.793   112737840.680       -1624.786          45.000                                                                  
G24  25474238.326   133868190.759        1225.227          41.000    25474244.409   104313128.793         954.843          43.000  
G15  23114004.729   121464948.127        1678.890          46.000    23114003.040    94648069.658        1308.301          42.000  
E30  24571769.381   129125684.373       -1143.355          47.000    24571771.621    98940568.719        -876.042          50.000  
E27  26358527.051   138515151.574        1258.134          46.000    26358534.094   106135114.647         963.996          47.000  
> 2024 06 08 17 26 00.0040000  0 26                     
E08  25530560.897   134163964.829       -2159.491          47.000    25530563.517   102800933.627       -1654.765          49.000  
G12  26473330.515   139118264.466        2567.399          38.000    26473346.104   108404288.243        2001.138          35.000  
G30  24460536.475   128540918.210       -2928.969          46.000    24460538.027   100161720.048       -2282.520          41.000  
R13  21344971.511   113980964.5691       -210.876          39.000    21344970.621    88652113.106        -164.156          41.000  
R12  21483110.626   114758992.769       -2880.177          51.000    21483110.943    89257272.077       -2240.169          48.000  
R14  25230529.582   134492887.304        2146.073          46.000    25230551.217   104605655.027        1669.121          44.000  
R03  22621982.151   121097243.764        2679.756          49.000    22621978.042    94186816.674        2084.237          44.000  
G19  23715731.135   124627239.865        1827.140          44.000                                                                  
S31  39888846.130   209617210.825        -772.335          45.000  
S33  40878297.179   214816769.113        -773.431          41.000  
G17  23376869.963   122846527.832        1096.780          45.000    23376870.653    95724678.406         854.823          43.000  
E02  27213087.601   143005794.012       -3206.404          45.000    27213090.603   109575899.751       -2456.853          47.000  
R02  20361173.901   108651121.433        -987.474          50.000    20361172.446    84506456.444        -768.054          47.000  
R01  22435629.303   119931272.028       -4468.074          48.000    22435630.866    93279950.374       -3475.085          42.000  
E18  21803133.425   114576480.766       -2405.391          46.000    21803137.292    87792507.123       -1843.105          46.000  
G13  21431174.819   112621620.065         222.106          49.000                                                                  
G20  24968092.944   131207912.056       -3803.863          41.000                                                                  
E07  24805246.702   130352502.360         321.288          45.000    24805251.047    99880501.523         246.227          50.000  
G14  22740105.929   119500202.732       -3368.480          45.000    22740103.520    93117065.805       -2624.884          44.000  
G05  23514173.445   123567719.867       -2981.119          47.000    23514174.826    96286504.166       -2323.055          41.000  
G22  21462574.212   112786791.427       -1638.614          45.000                                                                  
G24  25467233.754   133831377.171        1229.087          42.000    25467237.818   104284443.061         957.567          43.000  
G15  23104434.903   121414660.460        1673.549          46.000    23104433.654    94608884.520        1303.863          42.000  
E30  24578317.238   129160094.137       -1150.825          47.000    24578319.376    98966934.712        -881.737          50.000  
E27  26351358.674   138477487.043        1252.956          45.000    26351366.553   106106255.056         959.963          47.000  
G23                                                                  26681276.935                        1229.501          26.000  
> 2024 06 08 17 26 30.0040000  0 26                     
E08  25542907.771   134228844.039       -2165.612          48.000    25542909.740   102850646.223       -1659.301          49.000  
G12  26458675.037   139041251.418        2566.575          36.000    26458690.615   108344277.705        2000.425          35.000  
G30  24477251.602   128628756.377       -2926.782          46.000    24477253.106   100230165.308       -2280.781          41.000  
R13  21346185.326   113987450.120        -221.490          39.000    21346185.521    88657157.509        -172.213          41.000  
R12  21499298.830   114845457.896       -2884.046          53.000    21499296.172    89324522.743       -2243.165          46.000  
R14  25218464.681   134428571.145        2141.853          46.000    25218485.714   104555631.427        1666.054          42.000  
R03  22606991.091   121016997.285        2670.142          50.000    22606986.791    94124402.779        2076.623          44.000  
G19  23705312.450   124572492.838        1822.554          44.000                                                                  
S31  39893244.863   209640325.876        -768.750          45.000  
S33  40882704.691   214839931.646        -770.020          41.000  
G17  23370639.512   122813782.011        1086.328          46.000    23370638.867    95699162.293         846.481          43.000  
E02  27231392.104   143101983.544       -3205.905          45.000    27231394.668   109649603.386       -2456.586          46.000  
R02  20366788.063   108681084.164       -1009.947          50.000    20366787.535    84529760.775        -785.377          48.000  
R01  22460734.390   120065473.247       -4478.504          48.000    22460735.879    93384328.885       -3483.304          41.000  
E18  21816938.810   114649033.654       -2431.427          44.000    21816943.795    87848099.668       -1862.937          47.000  
G13  21429932.684   112615093.153         213.134          50.000                                                                  
G20  24989799.071   131321975.412       -3799.957          41.000                                                                  
E07  24803425.620   130342933.026         316.655          45.000    24803430.270    99873169.176         242.649          51.000  
G14  22759353.050   119601346.141       -3374.331          46.000    22759350.972    93195878.812       -2629.374          45.000  
G05  23531213.843   123657269.776       -2988.813          47.000    23531216.816    96356283.041       -2328.883          42.000  
G22  21471967.044   112836150.359       -1651.925          45.000                                                                  
G24  25460205.549   133794446.831        1233.160          41.000    25460209.303   104255666.379         960.769          42.000  
G15  23094895.683   121364533.622        1668.409          46.000    23094894.540    94569824.698        1300.016          42.000  
E30  24584907.412   129194725.218       -1157.970          47.000    24584909.332    98993470.295        -887.286          50.000  
E27  26344220.451   138439976.554        1247.894          45.000    26344228.309   106077513.483         956.259          47.000  
G23                                                                  26672289.750   109218573.5341       1223.145          29.000  
> 2024 06 08 17 27 00.0040000  0 26                     
E08  25555288.494   134293905.063       -2171.855          48.000    25555290.380   102900498.154       -1664.122          49.000  
G23  26663350.335   140116846.3291       1560.312          29.000    26663355.380   109181990.276        1215.741          32.000  
G12  26444025.352   138964263.952        2565.645          37.000    26444040.503   108284287.189        1998.339          34.000  
G30  24493954.830   128716536.525       -2925.117          45.000    24493957.032   100298565.324       -2279.243          40.000  
R13  21347458.382   113994243.8501       -231.908          39.000    21347458.487    88662446.266        -180.404          41.000  
R12  21515508.001   114932042.875       -2888.290          52.000    21515503.655    89391866.694       -2246.338          45.000  
R14  25206424.556   134364388.072        2137.325          45.000    25206445.323   104505711.379        1662.325          43.000  
R03  22592054.876   120937043.073        2660.179          49.000    22592050.949    94062216.196        2069.009          45.000  
G19  23694922.532   124517891.598        1817.351          44.000                                                                  
S31  39897623.681   209663335.488        -765.287          45.000  
S33  40887092.630   214862989.991        -766.968          40.000  
G17  23364469.474   122781356.619        1075.392          46.000    23364468.358    95673895.858         837.955          43.000  
E02  27249694.105   143198162.726       -3205.750          45.000    27249697.087   109723299.067       -2456.344          46.000  
R02  20372529.205   108711724.631       -1032.741          49.000    20372529.406    84553592.266        -803.283          47.000  
R01  22485898.525   120199990.387       -4489.152          48.000    22485900.654    93488953.143       -3491.853          42.000  
E18  21830894.172   114722373.901       -2457.785          43.000    21830900.184    87904295.506       -1883.326          47.000  
G13  21428742.593   112608838.948         203.850          50.000                                                                  
G20  25011484.377   131435930.640       -3796.735          40.000                                                                  
E07  24801631.464   130333506.224         311.853          45.000    24801636.413    99865946.050         238.931          51.000  
G14  22778632.854   119702664.049       -3380.343          45.000    22778630.974    93274827.810       -2634.047          45.000  
G05  23548299.300   123747057.214       -2996.947          46.000    23548303.756    96426246.996       -2335.416          42.000  
G22  21481436.923   112885914.468       -1665.634          46.000                                                                  
G24  25453155.459   133757397.802        1236.684          41.000    25453158.963   104226797.193         963.577          42.000  
G15  23085387.652   121314568.328        1662.764          46.000    23085386.530    94530890.778        1295.753          42.000  
E30  24591539.388   129229574.974       -1165.344          47.000    24591540.874    99020173.433        -892.919          50.000  
E27  26337111.023   138402619.044        1242.574          45.000    26337118.918   106048889.107         952.106          46.000  
> 2024 06 08 17 27 30.0040000  0 26                     
E08  25567704.985   134359153.930       -2178.023          48.000    25567706.854   102950494.020       -1668.835          49.000  
G23  26654473.310   140070178.914        1551.111          36.000    26654475.936   109145626.034        1208.174          36.000  
G12  26429381.929   138887309.986        2564.574          39.000    26429395.676   108224322.579        1998.740          33.000  
G30  24510649.603   128804264.696       -2923.141          46.000    24510650.712   100366924.837       -2277.634          40.000  
R13  21348791.291   114001362.576        -242.273          38.000    21348791.224    88667983.145        -188.469          40.000  
R12  21531738.758   115018751.151       -2892.113          50.000    21531737.271    89459306.455       -2249.469          48.000  
R14  25194410.289   134300344.670        2132.494          44.000    25194431.005   104455900.048        1658.707          46.000  
R03  22577174.722   120857391.330        2649.998          49.000    22577171.739    94000264.883        2061.250          46.000  
G19  23684561.548   124463445.740        1812.339          45.000                                                                  
S31  39901983.184   209686246.115        -761.837          45.000  
S33  40891462.063   214885949.208        -763.368          40.000  
G17  23358361.984   122749260.820        1064.373          46.000    23358360.343    95648886.225         829.722          43.000  
E02  27267995.525   143294336.092       -3205.659          45.000    27267998.251   109796990.293       -2456.157          45.000  
R02  20378399.674   108743049.598       -1055.455          49.000    20378399.728    84577956.137        -820.909          47.000  
R01  22511121.963   120334825.906       -4499.652          47.000    22511125.324    93593825.005       -3499.749          42.000  
E18  21845000.742   114796505.476       -2484.212          43.000    21845007.161    87961097.667       -1903.441          47.000  
G13  21427605.590   112602865.711         194.531          49.000                                                                  
G20  25033150.215   131549780.727       -3793.243          41.000                                                                  
E07  24799866.075   130324229.434         306.801          45.000    24799871.080    99858837.861         235.158          51.000  
G14  22797946.731   119804159.933       -3385.966          44.000    22797945.216    93353915.453       -2638.501          45.000  
G05  23565432.258   123837085.904       -3004.719          47.000    23565435.743    96496398.950       -2341.498          42.000  
G22  21490984.929   112936088.004       -1679.076          46.000                                                                  
G24  25446084.087   133720235.847        1240.799          41.000    25446087.106   104197840.046         966.848          42.000  
G15  23075911.677   121264773.003        1657.017          46.000    23075910.579    94492089.286        1291.255          42.000  
E30  24598213.520   129264648.405       -1172.731          47.000    24598215.232    99047047.963        -898.629          50.000  
E27  26330031.981   138365421.078        1237.432          44.000    26330039.957   106020386.977         948.206          46.000  
> 2024 06 08 17 28 00.0040000  0 26                     
E08  25580157.926   134424594.545       -2184.486          48.000    25580159.876   103000636.798       -1673.798          49.000  
G23  26645648.468   140023798.424        1541.127          40.000    26645650.208   109109485.335        1200.795          39.000  
G12  26414746.091   138810395.130        2563.339          40.000    26414760.415   108164388.592        1997.314          34.000  
G30  24527334.218   128891944.902       -2921.779          45.000    24527335.421   100435247.005       -2276.366          39.000  
R13  21350182.810   114008785.8001       -253.304          38.000    21350184.659    88673770.058        -196.979          40.000  
R12  21547993.759   115105584.109       -2896.425          51.000    21547993.385    89526843.120       -2252.779          49.000  
R14  25182423.506   134236445.881        2127.429          44.000    25182443.318   104406201.172        1654.773          44.000  
R03  22562353.419   120778050.618        2639.595          49.000    22562350.272    93938555.509        2052.968          46.000  
G19  23674231.421   124409162.247        1806.834          45.000                                                                  
S31  39906325.078   209709061.664        -758.672          45.000  
S33  40895813.138   214908813.580        -760.164          41.000  
G17  23352317.779   122717501.041        1053.160          46.000    23352316.600    95624138.475         820.585          42.000  
E02  27286296.107   143390506.040       -3205.482          45.000    27286298.434   109870678.954       -2456.268          45.000  
R02  20384400.386   108775063.366       -1078.442          49.000    20384399.159    84602855.730        -838.735          47.000  
R01  22536405.438   120469980.273       -4510.207          47.000    22536409.579    93698944.839       -3507.955          42.000  
E18  21859259.779   114871430.113       -2510.643          44.000    21859265.105    88018507.517       -1923.630          48.000  
G13  21426523.046   112597179.362         184.831          49.000                                                                  
G20  25054795.669   131663527.021       -3789.667          41.000                                                                  
E07  24798130.157   130315107.856         301.564          45.000    24798135.228    99851848.600         231.150          51.000  
G14  22817294.838   119905835.193       -3392.015          45.000    22817293.310    93433142.884       -2643.320          45.000  
G05  23582610.787   123927356.947       -3012.840          48.000    23582613.869    96566739.779       -2347.939          42.000  
G22  21500611.262   112986673.914       -1692.976          47.000                                                                  
G24  25438991.613   133682964.638        1244.167          43.000    25438995.239   104168797.777         969.472          43.000  
G15  23066469.767   121215154.327        1651.154          47.000    23066468.465    94453425.457        1286.632          42.000  
E30  24604930.280   129299948.387       -1180.505          46.000    24604932.662    99074096.084        -904.419          50.000  
E27  26322984.708   138328387.169        1231.916          44.000    26322992.381   105992010.576         943.838          46.000  
> 2024 06 08 17 28 30.0040000  0 26                     
E08  25592648.113   134490231.201       -2191.069          48.000    25592650.227   103050929.796       -1678.881          50.000  
G23  26636879.395   139977711.089        1531.119          41.000    26636879.686   109073573.054        1193.281          40.000  
G12  26400118.761   138733525.515        2561.419          41.000    26400133.783   108104489.822        1996.063          36.000  
G30  24544010.911   128979581.531       -2920.672          45.000    24544012.514   100503535.236       -2275.798          39.000  
R13  21351638.137   114016550.254        -264.503          39.000    21351637.846    88679809.164        -205.559          39.000  
R12  21564273.845   115192543.075       -2900.636          52.000    21564272.320    89594477.886       -2256.062          48.000  
R14  25170462.835   134172696.427        2122.473          43.000    25170483.958   104356618.421        1650.922          44.000  
R03  22547591.936   120699029.405        2628.727          50.000    22547588.604    93877094.605        2044.645          47.000  
G19  23663933.793   124355048.877        1800.896          45.000                                                                  
S31  39910649.479   209731786.761        -755.920          45.000  
S33  40900146.635   214931587.529        -757.521          41.000  
G17  23346338.432   122686084.051        1041.454          46.000    23346338.092    95599657.826         811.641          42.000  
E02  27304596.795   143486675.396       -3205.572          45.000    27304598.950   109944367.159       -2456.259          45.000  
R02  20390529.820   108807770.967       -1101.744          50.000    20390528.652    84628294.961        -856.876          47.000  
R01  22561749.050   120605454.640       -4521.063          46.000    22561753.156    93804313.560       -3516.179          42.000  
E18  21873669.210   114947149.852       -2537.175          45.000    21873673.953    88076526.619       -1944.081          48.000  
G13  21425495.866   112591786.104         174.825          48.000                                                                  
G20  25076422.380   131777171.318       -3786.407          42.000                                                                  
E07  24796425.006   130306147.294         296.051          45.000    24796430.233    99844982.704         226.810          51.000  
G14  22836677.406   120007691.564       -3398.243          45.000    22836675.787    93512511.426       -2647.978          44.000  
G05  23599835.238   124017871.398       -3021.079          48.000    23599838.993    96637270.259       -2354.067          43.000  
G22  21510316.530   113037674.626       -1706.944          46.000                                                                  
G24  25431878.854   133645588.244        1247.550          42.000    25431883.429   104139673.558         971.961          43.000  
G15  23057062.925   121165718.493        1644.824          47.000    23057060.869    94414904.100        1281.411          43.000  
E30  24611690.859   129335478.217       -1188.152          46.000    24611693.693    99101320.332        -910.455          51.000  
E27  26315970.082   138291522.204        1226.049          45.000    26315977.572   105963763.636         939.320          47.000  
> 2024 06 08 17 29 00.0040000  0 26                     
E08  25605176.314   134556069.016       -2198.193          47.000    25605178.521   103101376.929       -1684.291          49.000  
G23  26628166.596   139931924.158        1520.900          40.000    26628165.591   109037894.946        1184.718          37.000  
G12  26385501.694   138656708.051        2559.425          42.000    26385516.869   108044631.745        1994.214          36.000  
G30  24560680.319   129067179.684       -2919.448          45.000    24560681.746   100571793.478       -2274.961          39.000  
R13  21353154.505   114024650.7491       -275.461          39.000    21353153.179    88686103.405        -214.430          41.000  
R12  21580576.124   115279630.720       -2905.346          50.000    21580574.032    89662212.769       -2259.667          46.000  
R14  25158532.521   134109102.522        2117.029          45.000    25158554.521   104307156.643        1646.356          44.000  
R03  22532892.021   120620336.818        2617.267          51.000    22532888.036    93815889.306        2035.632          47.000  
G19  23653669.204   124301113.921        1794.643          45.000                                                                  
S31  39914957.737   209754426.672        -753.504          45.000  
S33  40904464.349   214954276.653        -754.626          41.000  
G17  23340426.457   122655018.283        1029.390          45.000    23340426.493    95575450.860         802.204          42.000  
E02  27322897.888   143582847.718       -3205.868          44.000    27322900.016   110018057.622       -2456.445          44.000  
R02  20396789.844   108841177.930       -1125.508          50.000    20396789.076    84654278.138        -875.411          48.000  
R01  22587152.123   120741250.947       -4532.160          46.000    22587156.677    93909932.692       -3525.203          42.000  
E18  21888229.928   115023667.638       -2564.201          45.000    21888234.468    88135157.201       -1964.689          48.000  
G13  21424525.792   112586693.182         164.442          47.000                                                                  
G20  25098029.037   131890715.304       -3783.459          41.000                                                                  
E07  24794751.831   130297354.245         290.019          45.000    24794756.969    99838245.168         222.210          51.000  
G14  22856095.222   120109731.637       -3404.530          46.000    22856093.369    93592023.103       -2652.849          44.000  
G05  23617105.347   124108631.281       -3029.741          48.000    23617110.022    96707991.964       -2360.726          42.000  
G22  21520100.479   113089093.397       -1721.054          45.000                                                                  
G24  25424746.432   133608111.626        1250.520          42.000    25424752.124   104110471.248         974.529          43.000  
G15  23047692.013   121116473.037        1638.047          47.000    23047689.748    94376531.066        1276.288          43.000  
E30  24618495.378   129371242.024       -1196.462          45.000    24618499.242    99128723.833        -916.567          50.000  
E27  26308988.734   138254831.837        1219.842          46.000    26308995.642   105935650.488         934.740          47.000  
> 2024 06 08 17 29 30.0040000  0 26                     
E08  25617744.373   134622115.524       -2205.103          48.000    25617746.799   103151983.979       -1689.572          49.000  
G23  26619512.376   139886447.200        1510.641          39.000    26619510.276   109002458.286        1176.999          34.000  
G12  26370895.588   138579951.522        2557.346          42.000    26370910.304   107984821.176        1992.064          36.000  
G30  24577343.621   129154746.986       -2918.500          44.000    24577345.709   100640027.695       -2274.156          39.000  
R13  21354731.855   114033077.180        -286.467          39.000    21354731.632    88692657.386        -222.598          41.000  
R12  21596902.876   115366852.082       -2909.595          50.000    21596902.468    89730051.622       -2263.025          47.000  
R14  25146632.943   134045672.231        2111.578          45.000    25146656.243   104257822.140        1642.334          44.000  
R03  22518255.085   120541984.938        2605.903          50.000    22518251.665    93754949.012        2026.821          47.000  
G19  23643441.227   124247367.846        1788.309          44.000                                                                  
S31  39919250.857   209776988.339        -750.882          45.000  
S33  40908766.919   214976887.746        -752.407          41.000  
G17  23334584.390   122624314.159        1017.459          46.000    23334583.911    95551525.673         792.832          43.000  
E02  27341200.293   143679029.038       -3206.294          44.000    27341202.591   110091754.962       -2456.650          44.000  
R02  20403182.710   108875292.285       -1149.043          50.000    20403182.542    84680811.522        -893.644          48.000  
R01  22612617.889   120877372.958       -4542.692          47.000    22612621.312    94015805.123       -3533.240          42.000  
E18  21902943.010   115100988.800       -2590.806          44.000    21902947.626    88194403.391       -1985.109          47.000  
G13  21423614.516   112581909.965         154.168          46.000                                                                  
G20  25119617.853   132004163.963       -3780.127          40.000                                                                  
E07  24793112.010   130288737.649         284.247          45.000    24793117.097    99831642.826         217.818          51.000  
G14  22875549.057   120211960.437       -3410.738          46.000    22875546.879    93671681.871       -2657.572          44.000  
G05  23634424.323   124199641.469       -3037.955          48.000    23634428.624    96778908.711       -2367.270          42.000  
G22  21529965.203   113140936.312       -1735.176          44.000                                                                  
G24  25417596.829   133570542.011        1253.843          43.000    25417601.896   104081196.489         976.965          43.000  
G15  23038359.171   121067428.302        1631.475          47.000    23038357.144    94338314.469        1271.331          43.000  
E30  24625346.392   129407246.241       -1204.149          45.000    24625350.344    99156311.557        -922.735          50.000  
E27  26302042.494   138218324.180        1213.862          47.000    26302047.811   105907677.341         930.092          47.000  
