     3.00           OBSERVATION DATA    M: Mixed            RINEX VERSION / TYPE
CONVBIN demo5 b34j                      20240609 013620 UTC PGM / RUN BY / DATE 
log: SAUC00CHL_R_20241601515_15M_30S_MO.ubx                 COMMENT             
format: u-blox UBX                                          COMMENT             
format: u-blox UBX                                          COMMENT             
log: SAUC00CHL_R_20241601515_15M_30S_MO.ubx                 COMMENT             
SAUC00CHL                                                   MARKER NAME         
                                                            MARKER NUMBER       
GEODETIC                                                    MARKER TYPE         
El Sauce            Obstech                                 OBSERVER / AGENCY   
UNKNOWN             UBLOX-ZED-F9P                           REC # / TYPE / VERS 
UNKNWOWN            TWIVSP6037L                             ANT # / TYPE        
  1813185.0000 -5195981.0000 -3216438.0000                  APPROX POSITION XYZ 
        0.0000        0.0000        0.0000                  ANTENNA: DELTA H/E/N
G    8 C1C L1C D1C S1C C2X L2X D2X S2X                      SYS / # / OBS TYPES 
R    8 C1C L1C D1C S1C C2C L2C D2C S2C                      SYS / # / OBS TYPES 
E    8 C1X L1X D1X S1X C7X L7X D7X S7X                      SYS / # / OBS TYPES 
S    4 C1C L1C D1C S1C                                      SYS / # / OBS TYPES 
  2024    06    08    15    15   00.5000000     GPS         TIME OF FIRST OBS   
  2024    06    08    15    29   30.0010000     GPS         TIME OF LAST OBS    
                                                            END OF HEADER       
> 2024 06 08 15 15 00.5000000  0 28                     
E08  23907132.805   125632832.5251       -350.567          48.000    23907132.486    96264103.2111       -268.647          50.000  
G09  23104702.377   121416005.8491      -2797.375          44.000    23104703.580    94609855.5111      -2179.855          40.000  
E03  25654937.563   134817575.7871      -2030.798          43.000    25654941.986   103301802.7691      -1556.013          47.000  
E26  27524338.186   144641314.7571      -1249.762          41.000    27524344.327   110829089.7031       -957.821          44.000  
G30  20634209.107   108433479.6421      -1879.638          50.000    20634206.659    84493599.1151      -1464.451          45.000  
R13  23920021.952   127731575.9531       3292.963          36.000    23920041.267    99346847.3411       2561.426          36.000  
R12  20192464.124   107864577.5591       1714.332          49.000    20192463.979    83894946.5361       1333.312          49.000  
R11  19723502.579   105396490.6051      -2819.655          50.000    19723497.760    81975069.3201      -2193.062          49.000  
E25  26894834.454   141333320.4781      -2990.926          41.000    26894838.564   108294385.5701      -2291.787          45.000  
G06  25439003.315   133682575.7001      -3510.205          37.000    25439019.581   104168199.0301      -2735.097          37.000  
S31  38744722.016   203604867.4491       -792.143          45.000  
S33  39732817.528   208797324.9951       -792.642          40.000  
E02  23954344.212   125881013.1781       -676.364          46.000    23954346.469    96454321.7361       -518.214          50.000  
R02  22555891.457   120362565.2391       2668.877          46.000    22555893.323    93615341.4131       2075.715          45.000  
R10  23853021.054   127150026.1451      -4902.569          35.000                                                                  
R08  21252390.763   113805579.2891      -3011.912          47.000    21252386.113    88515710.4491      -2342.685          47.000  
R01  19669830.973   105146544.1091        666.067          49.000    19669827.786    81780768.0881        518.323          42.000  
G07  22009371.681   115659972.0571      -3564.820          47.000    22009368.647    90124573.4821      -2777.820          43.000  
E13  26986160.219   141813048.6891      -2981.430          43.000    26986170.851   108661940.3981      -2284.504          43.000  
E15  28457727.412   149546102.1021      -3229.270          36.000    28457749.021   114587194.9801      -2474.263          39.000  
G13  23124499.031   121520091.8171       1409.336          44.000                                                                  
G20  20917177.913   109920483.8641       -733.405          47.000                                                                  
E07  26146253.473   137399521.5721       1020.238          43.000    26146257.741   105280161.4621        781.811          46.000  
G11  24350485.406   127962475.1601      -3222.618          41.000    24350493.450    99711036.6571      -2510.945          44.000  
G14  20739002.575   108984334.8451       1044.537          47.000    20738999.753    84922884.1321        813.971          45.000  
G05  22330322.530   117346646.0401       1476.744          45.000    22330318.170    91438939.8711       1150.572          40.000  
G22  22469782.969   118079660.3521       2505.146          46.000                                                                  
E30  25175427.093   132297903.0401       1753.919          44.000    25175431.368   101371221.2901       1343.922          45.000  
> 2024 06 08 15 15 30.5000000  0 28                     
E08  23909157.603   125643470.062        -358.567          48.000    23909157.104    96272254.053        -274.663          51.000  
G09  23120705.451   121500101.044       -2808.787          45.000    23120705.574    94675384.055       -2188.621          39.000  
E03  25666557.147   134878637.915       -2039.742          43.000    25666561.787   103348590.561       -1563.059          47.000  
E26  27531522.882   144679071.382       -1267.227          40.000    27531529.029   110858020.019        -970.834          44.000  
G30  20644977.594   108490083.159       -1893.892          47.000    20644979.112    84537705.753       -1475.646          47.000  
R13  23901551.687   127632941.143        3282.465          37.000    23901569.989    99270131.578        2552.417          37.000  
R12  20182908.328   107813524.291        1689.224          50.000    20182906.976    83855238.445        1313.890          49.000  
R11  19739402.481   105481454.182       -2844.518          51.000    19739397.128    82041152.101       -2212.369          49.000  
E25  26911946.773   141423247.083       -3004.095          42.000    26911951.070   108363290.344       -2301.973          45.000  
G06  25459034.884   133787840.910       -3507.647          38.000    25459050.694   104250223.942       -2733.227          37.000  
S31  38749258.616   203628707.166        -797.015          45.000  
S33  39737356.785   208821177.762        -797.295          40.000  
E02  23958259.261   125901586.067        -695.128          46.000    23958261.105    96470085.368        -532.548          50.000  
R02  22540900.433   120282573.826        2663.960          46.000    22540903.458    93553125.926        2071.997          46.000  
R10  23880629.096   127297189.715       -4908.514          29.000                                                                  
R08  21269320.152   113896237.430       -3031.831          46.000    21269316.190    88586222.174       -2358.077          47.000  
R01  19666147.168   105126851.088         646.771          49.000    19666143.552    81765451.326         502.922          43.000  
G07  22029746.685   115767044.500       -3573.345          47.000    22029744.124    90208006.510       -2784.446          42.000  
E13  27003207.982   141902632.790       -2990.667          42.000    27003218.177   108730582.377       -2291.442          43.000  
E15  28476157.492   149642951.246       -3227.282          37.000    28476179.056   114661404.095       -2472.707          39.000  
G13  23116464.629   121477871.359        1405.069          44.000                                                                  
G20  20921434.874   109942852.252        -757.690          47.000                                                                  
E07  26140439.712   137368969.759        1016.507          44.000    26140444.384   105256751.718         778.911          47.000  
G11  24368904.353   128059263.901       -3230.237          42.000    24368912.241    99786455.891       -2516.946          43.000  
G14  20733102.663   108953330.173        1022.528          47.000    20733100.027    84898724.703         796.735          45.000  
G05  22321946.648   117302630.683        1457.818          46.000    22321942.497    91404642.238        1135.596          39.000  
G22  22455517.799   118004694.187        2492.606          46.000                                                                  
E30  25165448.070   132245465.634        1741.882          44.000    25165452.702   101331042.040        1334.662          45.000  
> 2024 06 08 15 16 00.5000000  0 27                     
E08  23911223.320   125654326.429        -364.915          49.000    23911223.323    96280572.578        -279.602          51.000  
G09  23136769.601   121584517.090       -2818.650          45.000    23136769.365    94741162.657       -2196.399          38.000  
E03  25678224.874   134939950.242       -2047.376          44.000    25678229.185   103395570.058       -1568.655          47.000  
E26  27538802.691   144717324.943       -1282.644          41.000    27538808.064   110887331.123        -982.957          43.000  
G30  20655825.323   108547088.454       -1906.375          47.000    20655826.989    84582125.362       -1485.470          47.000  
R13  23883136.625   127534624.2651       3272.839          35.000    23883154.814    99193652.113        2546.441          34.000  
R12  20173486.214   107763198.097        1665.813          49.000    20173485.596    83816095.846        1295.786          49.000  
R11  19755437.164   105567137.642       -2867.610          50.000    19755431.450    82107794.785       -2230.229          48.000  
E25  26929130.979   141513550.627       -3015.822          42.000    26929135.075   108432483.920       -2310.857          44.000  
G06  25479044.930   133892993.732       -3502.571          38.000    25479060.633   104332161.270       -2729.146          37.000  
S31  38753818.860   203652670.788        -800.398          46.000  
S33  39741919.605   208845154.233        -800.577          40.000  
E02  23962278.039   125922704.209        -712.569          46.000    23962279.598    96486266.796        -545.922          49.000  
R02  22525934.019   120202707.674        2660.726          45.000    22525936.774    93491007.885        2069.412          45.000  
R08  21286356.576   113987469.305       -3050.058          46.000    21286353.427    88657180.144       -2372.302          47.000  
R01  19662568.449   105107718.692         628.880          49.000    19662564.489    81750570.594         489.138          43.000  
G07  22050166.473   115874353.012       -3580.368          46.000    22050164.072    90291623.488       -2789.579          42.000  
E13  27020303.201   141992467.547       -2998.094          42.000    27020313.212   108799416.452       -2297.282          43.000  
E15  28494574.359   149739729.977       -3224.010          38.000    28494595.812   114735559.293       -2470.692          39.000  
G13  23108450.877   121435756.067        1402.534          44.000                                                                  
G20  20925826.119   109965926.135        -780.396          48.000                                                                  
E07  26134644.015   137338511.279        1014.469          43.000    26134648.611   105233413.495         777.271          47.000  
G11  24387363.359   128156256.084       -3235.896          45.000    24387369.013    99862033.682       -2521.484          41.000  
G14  20727323.669   108922964.349        1001.978          46.000    20727321.833    84875063.068         780.737          45.000  
G05  22313674.815   117259163.233        1440.374          46.000    22313671.122    91370771.544        1122.223          39.000  
G22  22441319.817   117930085.427        2481.447          45.000                                                                  
E30  25155534.407   132193372.129        1731.361          43.000    25155539.475   101291126.309        1326.575          45.000  
> 2024 06 08 15 16 30.0000000  0 28                     
E08  23913283.861   125665155.567        -369.196          48.000    23913284.066    96288870.236        -282.945          52.000  
G09  23152613.623   121667778.845       -2826.398          43.000    23152613.806    94806041.806       -2202.571          39.000  
E03  25689733.025   135000424.721       -2052.633          44.000    25689737.442   103441907.571       -1572.784          48.000  
E26  27546041.185   144755364.122       -1295.859          40.000    27546046.450   110916477.940        -993.001          42.000  
G30  20666557.416   108603473.145       -1916.401          50.000    20666555.290    84626061.463       -1493.404          46.000  
R13  23865074.028   127438170.143        3266.101          36.000    23865091.500    99118632.443        2540.051          35.000  
R12  20164343.865   107714360.352        1645.073          49.000    20164343.705    83778110.942        1279.565          49.000  
R11  19771323.172   105652030.142       -2887.921          50.000    19771318.267    82173822.288       -2246.062          49.000  
E25  26946086.713   141602654.530       -3025.162          42.000    26946091.074   108500758.319       -2318.105          44.000  
G06  25498688.718   133996221.703       -3495.765          38.000    25498704.083   104412598.733       -2724.018          36.000  
S31  38758314.383   203676295.393        -801.531          45.000  
S33  39746417.469   208868791.550        -801.888          40.000  
E02  23966319.344   125943941.512        -727.164          46.000    23966320.747    96502539.541        -557.270          49.000  
R02  22511229.756   120124235.563        2659.421          47.000    22511230.169    93429974.063        2068.310          45.000  
R08  21303203.230   114077678.139       -3065.768          47.000    21303199.559    88727342.397       -2384.516          47.000  
R01  19659140.342   105089393.275         613.447          50.000    19659136.801    81736317.492         477.267          44.000  
G07  22070277.894   115980040.891       -3584.672          45.000    22070275.976    90373977.641       -2793.440          42.000  
E13  27037147.841   142080986.860       -3002.997          42.000    27037158.801   108867242.609       -2301.167          43.000  
E15  28512658.925   149834765.030       -3218.693          38.000    28512680.488   114808378.393       -2466.649          40.000  
G13  23100578.639   121394384.931        1402.190          44.000                                                                  
G20  20930262.889   109989242.913        -800.494          47.000                                                                  
E07  26128949.845   137308591.358        1014.356          43.000    26128954.819   105210487.916         777.147          47.000  
G11  24405539.906   128251766.686       -3239.272          45.000    24405544.822    99936457.002       -2524.402          42.000  
G14  20721748.444   108893668.962         984.106          45.000    20721746.813    84852235.536         766.986          44.000  
G05  22305631.505   117216896.559        1425.206          46.000    22305628.003    91337836.523        1110.546          39.000  
G22  22427413.366   117857010.047        2472.556          44.000                                                                  
G15  26156033.568   137450880.9923       1840.842          38.000    26156038.319   107104630.6921       1434.617          35.000  
E30  25145840.019   132142423.333        1722.758          44.000    25145844.231   101252087.689        1320.193          45.000  
> 2024 06 08 15 17 00.0000000  0 28                     
E08  23915399.246   125676272.606        -371.780          48.000    23915399.402    96297388.493        -284.816          52.000  
G09  23168765.017   121752656.083       -2831.864          43.000    23168765.782    94872179.741       -2206.826          41.000  
E03  25701462.313   135062059.074       -2056.248          44.000    25701466.307   103489133.803       -1575.593          48.000  
E26  27553474.554   144794424.696       -1307.695          41.000    27553479.427   110946407.365       -1001.969          42.000  
G30  20677522.655   108661094.210       -1924.718          52.000    20677517.701    84670961.057       -1499.902          44.000  
R13  23846740.884   127340272.081        3260.828          36.000    23846756.718    99042489.758        2536.292          35.000  
R12  20155160.016   107665303.715        1625.634          48.000    20155159.865    83739955.779        1264.367          49.000  
R11  19787589.252   105738951.956       -2906.609          50.000    19787584.792    82241428.141       -2260.711          49.000  
E25  26963378.708   141693524.793       -3032.676          43.000    26963383.191   108570386.154       -2323.754          44.000  
G06  25518621.112   134100969.197       -3487.241          38.000    25518636.763   104494220.248       -2717.098          36.000  
S31  38762887.540   203700327.734        -800.597          45.000  
S33  39750993.177   208892837.499        -801.186          40.000  
E02  23970510.130   125965965.016        -740.662          46.000    23970511.540    96519414.699        -567.560          49.000  
R02  22496278.159   120044446.348        2660.140          48.000    22496277.025    93367915.832        2068.929          45.000  
R08  21320418.910   114169867.643       -3079.968          47.000    21320415.568    88799045.167       -2395.451          48.000  
R01  19655737.121   105071202.800         599.433          50.000    19655734.134    81722169.363         466.259          44.000  
G07  22090752.840   116087636.063       -3587.778          46.000    22090750.506    90457817.972       -2795.928          43.000  
E13  27054302.583   142171136.457       -3006.366          42.000    27054314.632   108936317.910       -2303.658          44.000  
E15  28531014.629   149931223.632       -3211.481          38.000    28531035.878   114882288.281       -2460.954          40.000  
G13  23092570.594   121352303.430        1403.429          44.000                                                                  
G20  20934886.081   110013540.416        -819.214          46.000                                                                  
E07  26123155.038   137278143.291        1015.941          42.000    26123160.228   105187157.660         778.479          46.000  
G11  24424038.838   128348977.658       -3241.219          44.000    24424044.781   100012205.228       -2525.460          44.000  
G14  20716178.735   108864400.125         967.493          46.000    20716176.865    84829428.686         753.815          45.000  
G05  22297534.491   117174347.323        1411.538          46.000    22297531.039    91304681.293        1100.350          40.000  
G22  22413317.656   117782941.609        2465.346          44.000                                                                  
G15  26145511.593   137395585.627        1845.610          38.000    26145514.664   107061543.234        1438.061          35.000  
E30  25136024.774   132090841.001        1716.042          44.000    25136028.572   101212563.653        1314.798          45.000  
> 2024 06 08 15 17 30.5000000  0 28                     
E08  23917560.738   125687635.063        -372.654          47.000    23917561.670    96306094.805        -285.586          52.000  
G09  23185216.386   121839110.772       -2836.275          42.000    23185218.406    94939546.850       -2210.262          41.000  
E03  25713404.081   135124812.032       -2058.270          45.000    25713407.948   103537217.132       -1577.055          48.000  
E26  27561096.288   144834476.016       -1317.963          41.000    27561101.492   110977095.936       -1009.798          43.000  
G30  20688714.567   108719915.529       -1931.671          50.000    20688711.494    84716795.919       -1505.097          44.000  
R13  23828130.594   127240893.417        3256.311          37.000    23828145.509    98965195.504        2533.154          35.000  
R12  20145931.345   107616011.272        1607.397          48.000    20145931.485    83701617.204        1250.182          48.000  
R11  19804230.669   105827879.984       -2924.134          50.000    19804226.649    82310594.351       -2274.227          49.000  
E25  26980999.679   141786124.022       -3038.700          43.000    26981004.286   108641338.788       -2328.586          44.000  
G06  25538831.025   134207173.751       -3476.685          39.000    25538846.433   104576977.123       -2708.868          35.000  
S31  38767529.504   203724721.691        -798.375          45.000  
S33  39755637.714   208917244.078        -798.617          40.000  
E02  23974845.547   125988747.484        -752.674          46.000    23974846.864    96536871.399        -576.691          49.000  
R02  22481068.751   119963294.152        2662.086          47.000    22481068.971    93304797.488        2070.478          44.000  
R08  21338000.314   114264010.689       -3092.654          47.000    21337996.151    88872267.393       -2405.492          48.000  
R01  19652354.991   105053123.371         586.657          49.000    19652352.285    81708107.590         456.213          44.000  
G07  22111582.339   116197094.158       -3589.225          47.000    22111579.456    90543109.932       -2796.557          42.000  
E13  27071758.428   142262871.998       -3008.149          41.000    27071771.152   109006608.377       -2304.851          43.000  
E15  28549630.077   150029046.051       -3202.470          39.000    28549650.719   114957243.169       -2453.652          40.000  
G13  23084417.630   121309463.029        1406.592          44.000                                                                  
G20  20939691.986   110038799.088        -836.603          47.000                                                                  
E07  26117250.601   137247117.818        1019.236          41.000    26117256.032   105163384.985         780.931          46.000  
G11  24442850.997   128447841.380       -3240.962          42.000    24442858.479   100089241.250       -2525.558          43.000  
G14  20710610.862   108835137.515         952.063          46.000    20710608.265    84806626.681         741.882          45.000  
G05  22289378.964   117131491.570        1399.260          46.000    22289375.774    91271287.240        1090.249          40.000  
G22  22399027.995   117707846.381        2459.290          45.000                                                                  
G15  26134782.112   137339202.273        1852.233          41.000    26134784.559   107017607.989        1443.531          37.000  
E30  25126081.547   132038589.830        1710.717          45.000    25126085.660   101172527.121        1310.763          45.000  
> 2024 06 08 15 18 00.5000000  0 28                     
E08  23919688.653   125698823.518        -372.748          46.000    23919690.660    96314667.756        -285.577          52.000  
G09  23201420.269   121924260.732       -2839.716          43.000    23201422.575    95005897.302       -2212.793          41.000  
E03  25725158.161   135186578.954       -2059.197          45.000    25725161.883   103584544.928       -1577.670          48.000  
E26  27568646.828   144874156.260       -1326.848          41.000    27568653.078   111007500.172       -1016.821          44.000  
G30  20699757.878   108777959.189       -1937.408          47.000    20699759.003    84762024.689       -1509.760          46.000  
R13  23809845.056   127143235.7141       3253.906          37.000    23809858.758    98889248.403        2530.371          36.000  
R12  20136953.817   107568052.350        1590.502          49.000    20136952.805    83664315.820        1237.005          47.000  
R11  19820692.429   105915846.304       -2940.022          50.000    19820688.544    82379012.563       -2286.670          50.000  
E25  26998362.856   141877366.798       -3043.659          44.000    26998367.221   108711252.059       -2332.247          43.000  
G06  25558645.857   134311303.275       -3465.012          39.000    25558663.831   104658117.114       -2700.325          35.000  
S31  38772078.789   203748628.270        -794.896          46.000  
S33  39760189.667   208941164.280        -795.539          40.000  
E02  23979173.619   126011494.075        -763.356          46.000    23979175.492    96554300.622        -584.825          49.000  
R02  22466094.185   119883393.212        2665.026          45.000    22466095.904    93242652.431        2072.987          45.000  
R08  21355359.843   114356971.684       -3104.257          47.000    21355356.289    88944570.254       -2414.481          48.000  
R01  19649096.171   105035702.333         575.120          49.000    19649093.664    81694557.901         447.375          44.000  
G07  22132073.780   116304776.577       -3589.338          48.000    22132071.076    90627018.281       -2796.787          42.000  
E13  27088936.093   142353135.808       -3008.791          41.000    27088947.156   109075771.177       -2305.478          41.000  
E15  28567885.425   150124975.657       -3192.152          39.000    28567905.329   115030747.758       -2446.475          40.000  
G13  23076378.747   121267220.906        1410.234          44.000                                                                  
G20  20944515.062   110064143.164        -852.570          47.000                                                                  
E07  26111421.559   137216484.757        1023.458          41.000    26111426.580   105139912.987         784.218          46.000  
G11  24461353.142   128545065.532       -3239.861          42.000    24461360.045   100164999.734       -2524.490          42.000  
G14  20705218.143   108806794.737         937.854          47.000    20705214.665    84784541.427         730.817          44.000  
G05  22281424.256   117089688.833        1388.138          46.000    22281421.544    91238713.716        1081.549          41.000  
G22  22385002.698   117634141.646        2454.650          46.000                                                                  
G15  26124189.222   137283531.181        1859.848          45.000    26124189.857   106974227.812        1448.710          37.000  
E30  25116328.918   131987336.849        1706.475          45.000    25116332.396   101133255.439        1307.613          45.000  
> 2024 06 08 15 18 30.5000000  0 28                     
E08  23921814.038   125709998.640        -372.031          44.000    23921817.125    96323230.487        -285.041          51.000  
G09  23217639.832   122009496.209       -2842.452          43.000    23217642.671    95072314.422       -2215.044          41.000  
E03  25736915.059   135248362.391       -2059.567          45.000    25736918.892   103631885.377       -1577.958          48.000  
E26  27576247.611   144914092.279       -1334.920          41.000    27576253.342   111038100.371       -1022.832          45.000  
G30  20710835.836   108836159.739       -1942.218          50.000    20710835.502    84807375.683       -1513.562          48.000  
R13  23791572.237   127045667.072        3251.123          35.000    23791585.829    98813361.974        2528.723          33.000  
R12  20128068.112   107520589.688        1574.151          48.000    20128067.250    83627400.448        1224.329          47.000  
R11  19837240.511   106004274.625       -2955.032          50.000    19837236.772    82447790.116       -2298.187          50.000  
E25  27015751.114   141968741.719       -3047.776          44.000    27015755.284   108781266.595       -2335.276          44.000  
G06  25578392.179   134415073.147       -3452.490          38.000    25578409.263   104738976.819       -2690.156          32.000  
S31  38776606.664   203772421.573        -790.796          45.000  
S33  39764720.070   208964971.293        -791.284          40.000  
E02  23983560.959   126034549.034        -773.409          46.000    23983562.850    96571966.135        -592.622          49.000  
R02  22451102.213   119803389.988        2668.749          46.000    22451103.385    93180427.853        2075.675          45.000  
R08  21372781.647   114450263.572       -3114.833          47.000    21372778.645    89017130.479       -2422.783          48.000  
R01  19645899.833   105018616.225         564.284          49.000    19645897.076    81681268.695         438.892          44.000  
G07  22152563.435   116412449.443       -3588.452          48.000    22152559.791    90710919.172       -2796.149          41.000  
E13  27106113.929   142443402.893       -3008.737          41.000    27106125.572   109144936.504       -2305.607          41.000  
E15  28586079.385   150220590.581       -3181.423          37.000    28586100.317   115104011.208       -2437.825          39.000  
G13  23068315.522   121224849.665        1414.683          44.000                                                                  
G20  20949427.111   110089955.988        -867.932          46.000                                                                  
E07  26105565.599   137185710.480        1028.414          41.000    26105570.443   105116332.775         788.102          46.000  
G11  24479846.245   128642241.592       -3237.900          44.000    24479852.135   100240720.770       -2523.119          42.000  
G14  20699902.778   108778863.945         924.481          47.000    20699899.612    84762777.220         720.337          44.000  
G05  22273530.591   117048209.396        1377.436          46.000    22273528.679    91206392.100        1073.474          41.000  
G22  22371003.514   117560571.421        2450.446          47.000                                                                  
G15  26113550.921   137227623.349        1867.855          43.000    26113550.417   106930663.087        1455.238          37.000  
E30  25106598.027   131936199.610        1702.808          45.000    25106601.233   101094072.424        1304.843          45.000  
> 2024 06 08 15 19 00.5000000  0 28                     
E08  23923935.486   125721145.816        -371.042          44.000    23923938.136    96331771.792        -284.227          51.000  
G09  23233873.374   122094801.879       -2844.796          43.000    23233875.913    95138786.205       -2216.612          41.000  
E03  25748671.798   135310147.389       -2059.221          44.000    25748676.103   103679227.038       -1577.829          48.000  
E26  27583891.161   144954267.590       -1342.844          40.000    27583898.618   111068883.946       -1029.003          45.000  
G30  20721938.686   108894499.986       -1946.698          51.000    20721937.084    84852835.573       -1516.858          48.000  
R13  23773307.811   126948131.5631       3249.201          34.000    23773325.121    98737512.1761       2528.009          33.000  
R12  20119274.517   107473609.254        1558.172          49.000    20119273.006    83590860.126        1211.981          47.000  
R11  19853871.438   106093145.244       -2969.441          50.000    19853867.274    82516911.683       -2309.610          49.000  
E25  27033160.849   142060231.566       -3051.101          44.000    27033165.343   108851369.198       -2337.867          44.000  
G06  25598067.114   134518465.721       -3440.230          37.000    25598082.958   104819542.533       -2680.046          33.000  
S31  38781110.335   203796087.403        -786.428          45.000  
S33  39769226.117   208988650.816        -786.656          40.000  
E02  23988003.901   126057896.669        -782.772          46.000    23988005.829    96589855.884        -599.846          49.000  
R02  22436089.296   119723271.045        2672.768          47.000    22436089.348    93118113.274        2078.841          46.000  
R08  21390262.389   114543870.003       -3125.087          47.000    21390259.405    89089935.356       -2430.703          48.000  
R01  19642763.846   105001852.593         553.734          49.000    19642760.866    81668230.312         430.610          44.000  
G07  22173048.343   116520095.292       -3587.460          48.000    22173043.990    90794799.042       -2795.633          41.000  
E13  27123288.877   142533655.480       -3007.834          41.000    27123302.085   109214090.682       -2304.640          43.000  
E15  28604210.952   150315873.758       -3170.190          37.000    28604232.830   115177020.451       -2429.093          39.000  
G13  23060225.439   121182334.412        1419.676          44.000                                                                  
G20  20954425.787   110116221.987        -882.672          46.000                                                                  
E07  26099680.196   137154779.800        1033.808          41.000    26099684.783   105092632.721         792.165          47.000  
G11  24498325.114   128739351.133       -3235.612          43.000    24498332.085   100316389.984       -2521.479          42.000  
G14  20694662.830   108751331.532         911.365          46.000    20694660.342    84741323.397         710.144          44.000  
G05  22265696.783   117007039.762        1367.569          46.000    22265694.737    91174311.919        1065.479          42.000  
G22  22357027.192   117487123.241        2446.381          46.000                                                                  
G15  26102864.069   137171464.953        1876.351          42.000    26102864.332   106886903.133        1462.366          37.000  
E30  25096885.996   131885164.234        1699.884          45.000    25096889.689   101054967.463        1302.386          45.000  
> 2024 06 08 15 19 30.0000000  0 28                     
E08  23926014.928   125732069.616        -369.687          45.000    23926016.598    96340141.966        -283.337          51.000  
G09  23249847.539   122178743.273       -2846.181          44.000    23249849.278    95204194.928       -2217.775          40.000  
E03  25760230.311   135370893.559       -2058.993          43.000    25760235.842   103725772.722       -1577.685          48.000  
E26  27591451.467   144993994.562       -1350.148          40.000    27591458.099   111099323.979       -1034.694          44.000  
G30  20732877.912   108951991.434       -1950.854          50.000    20732876.258    84897634.091       -1520.258          46.000  
R13  23755363.663   126852307.869        3246.844          32.000    23755379.332    98662983.046        2525.684          32.000  
R12  20110712.100   107427872.499        1542.737          48.000    20110711.302    83555287.126        1199.823          47.000  
R11  19870303.357   106180951.183       -2983.361          51.000    19870298.916    82585205.172       -2320.467          49.000  
E25  27050299.638   142150295.888       -3054.618          44.000    27050304.355   108920379.494       -2340.574          44.000  
G06  25617341.531   134619753.816       -3426.628          38.000    25617356.959   104898468.469       -2670.750          32.000  
S31  38785512.573   203819222.174        -781.878          45.000  
S33  39773631.165   209011799.535        -782.207          40.000  
E02  23992425.332   126081129.312        -792.135          46.000    23992426.739    96607657.534        -606.953          49.000  
R02  22421301.812   119644365.725        2676.876          46.000    22421301.552    93056742.617        2081.945          44.000  
R08  21407506.090   114636211.275       -3135.012          47.000    21407503.030    89161756.239       -2438.504          47.000  
R01  19639737.122   104985674.326         543.180          48.000    19639734.412    81655647.198         422.673          44.000  
G07  22193183.611   116625908.000       -3586.019          48.000    22193180.162    90877250.461       -2794.409          41.000  
E13  27140171.682   142622376.533       -3006.847          41.000    27140185.494   109282071.319       -2304.041          44.000  
E15  28621977.225   150409232.647       -3158.659          38.000    28621998.361   115248555.294       -2420.547          39.000  
G13  23052240.819   121140376.295        1424.773          44.000                                                                  
G20  20959422.763   110142480.706        -897.333          47.000                                                                  
E07  26093861.231   137124201.346        1039.405          41.000    26093865.814   105069202.544         796.364          47.000  
G11  24516481.249   128834763.255       -3232.874          43.000    24516489.495   100390736.477       -2519.133          43.000  
G14  20689582.452   108724637.078         898.657          45.000    20689581.110    84720522.541         700.177          45.000  
G05  22258048.912   116966849.955        1357.442          46.000    22258046.730    91142995.221        1057.823          42.000  
G22  22343303.834   117415009.742        2442.760          46.000                                                                  
G15  26092306.153   137115986.787        1885.187          41.000    26092308.093   106843673.302        1469.006          39.000  
E30  25087352.309   131835069.232        1696.551          44.000    25087357.079   101016583.055        1299.905          46.000  
> 2024 06 08 15 20 00.0000000  0 28                     
E08  23928122.363   125743137.521        -368.240          46.000    23928122.592    96348622.562        -282.202          51.000  
G09  23266102.658   122264162.412       -2848.070          44.000    23266104.255    95270755.137       -2219.364          40.000  
E03  25771983.610   135432656.962       -2058.476          43.000    25771989.102   103773097.840       -1577.469          48.000  
E26  27599181.451   145034615.158       -1357.516          40.000    27599187.598   111130448.744       -1040.172          44.000  
G30  20744024.070   109010577.698       -1954.871          47.000    20744022.302    84943285.716       -1523.199          43.000  
R13  23737126.365   126754930.7331       3245.856          34.000    23737139.648    98587219.1891       2524.384          33.000  
R12  20102091.838   107381826.724        1527.029          48.000    20102092.619    83519473.760        1187.644          48.000  
R11  19887091.263   106270661.513       -2997.213          50.000    19887087.083    82654979.855       -2331.184          50.000  
E25  27067747.383   142241982.311       -3057.854          44.000    27067751.621   108990632.662       -2342.854          45.000  
G06  25636867.516   134722365.297       -3414.033          38.000    25636882.969   104978425.533       -2660.701          33.000  
S31  38789962.621   203842606.937        -777.002          45.000  
S33  39778083.783   209035198.330        -777.636          40.000  
E02  23996973.932   126105030.611        -801.361          46.000    23996974.816    96625971.511        -613.941          49.000  
R02  22406240.913   119563998.280        2680.923          46.000    22406240.271    92994234.649        2085.184          44.000  
R08  21425097.610   114730413.382       -3144.957          47.000    21425094.235    89235024.403       -2446.037          46.000  
R01  19636717.016   104969532.263         533.046          48.000    19636714.664    81643092.273         414.266          44.000  
G07  22213652.002   116733468.999       -3584.439          48.000    22213648.204    90961064.147       -2792.952          41.000  
E13  27157335.004   142712567.676       -3005.671          41.000    27157348.066   109351178.343       -2303.131          44.000  
E15  28639977.622   150503826.835       -3147.314          38.000    28639998.954   115321036.629       -2411.462          39.000  
G13  23044091.194   121097549.838        1430.269          43.000                                                                  
G20  20964586.929   110169618.414        -911.865          46.000                                                                  
E07  26087911.035   137092935.275        1045.094          41.000    26087916.094   105045245.456         800.819          47.000  
G11  24534929.252   128931705.508       -3229.905          44.000    24534938.325   100466275.267       -2516.730          44.000  
G14  20684489.378   108697873.803         885.637          46.000    20684488.446    84699668.028         690.129          45.000  
G05  22250327.998   116926276.299        1347.558          46.000    22250325.548    91111379.397        1050.026          42.000  
G22  22329369.145   117341785.644        2439.044          46.000                                                                  
G15  26081519.762   137059304.573        1893.693          38.000    26081522.671   106799505.215        1475.746          38.000  
E30  25077675.449   131784214.351        1693.615          45.000    25077679.705   100977616.391        1297.779          46.000  
> 2024 06 08 15 20 30.0000000  0 28                     
E08  23930221.638   125754165.069        -366.615          47.000    23930221.135    96357072.239        -280.949          51.000  
G09  23282368.083   122349637.406       -2849.699          44.000    23282369.539    95337358.847       -2220.571          40.000  
E03  25783734.448   135494408.608       -2057.892          43.000    25783739.817   103820413.949       -1576.788          47.000  
E26  27606953.632   145075457.131       -1364.723          40.000    27606959.439   111161743.149       -1045.821          44.000  
G30  20755196.304   109069283.895       -1958.557          48.000    20755194.471    84989030.790       -1526.398          44.000  
R13  23718899.165   126657595.823        3244.190          36.000    23718912.383    98511514.699        2522.809          32.000  
R12  20093560.008   107336253.163        1511.484          48.000    20093560.782    83484027.682        1175.591          48.000  
R11  19903957.352   106360788.202       -3010.736          51.000    19903953.223    82725078.348       -2341.769          50.000  
E25  27085212.569   142333763.664       -3060.674          44.000    27085217.114   109060958.570       -2345.137          45.000  
G06  25656318.234   134824578.149       -3399.997          39.000    25656333.257   105058072.016       -2649.375          33.000  
S31  38794385.030   203865848.156        -772.188          46.000  
S33  39782508.830   209058453.488        -772.261          40.000  
E02  24001574.663   126129209.130        -810.278          46.000    24001575.697    96644497.921        -620.744          49.000  
R02  22391156.947   119483507.269        2685.181          46.000    22391157.853    92931630.692        2088.528          46.000  
R08  21442744.638   114824913.458       -3154.592          46.000    21442741.436    89308524.335       -2453.697          46.000  
R01  19633755.984   104953706.264         522.412          47.000    19633753.863    81630783.140         406.434          43.000  
G07  22234111.339   116840982.890       -3582.713          48.000    22234107.466    91044841.154       -2791.657          42.000  
E13  27174492.263   142802722.863       -3004.144          42.000    27174503.484   109420257.793       -2301.884          44.000  
E15  28657911.017   150598069.727       -3135.677          37.000    28657932.426   115393248.788       -2402.331          39.000  
G13  23035911.701   121054565.764        1435.663          44.000                                                                  
G20  20969834.157   110197193.721        -926.178          46.000                                                                  
E07  26081927.777   137061499.026        1050.967          40.000    26081933.913   105021157.969         805.228          47.000  
G11  24553360.358   129028557.307       -3226.626          44.000    24553368.558   100541743.570       -2514.029          43.000  
G14  20679471.102   108671499.376         872.992          46.000    20679469.213    84679116.503         680.237          45.000  
G05  22242664.322   116886004.206        1337.614          46.000    22242661.729    91079998.567        1042.175          41.000  
G22  22315456.028   117268677.226        2435.211          45.000                                                                  
G15  26070683.036   137002357.290        1902.926          41.000    26070686.523   106755130.563        1482.977          38.000  
E30  25068014.532   131733451.254        1690.893          44.000    25068019.655   100938720.048        1295.538          45.000  
> 2024 06 08 15 21 00.5000000  0 28                     
E08  23932349.174   125765342.822        -365.723          48.000    23932348.263    96365637.006        -280.246          51.000  
G09  23298916.677   122436601.230       -2852.055          44.000    23298918.555    95405122.709       -2222.534          40.000  
E03  25795680.577   135557184.824       -2057.895          43.000    25795685.879   103868515.139       -1576.897          47.000  
E26  27614900.465   145117212.547       -1372.680          41.000    27614905.258   111193737.469       -1051.901          43.000  
G30  20766580.198   109129096.505       -1962.829          51.000    20766578.506    85035637.990       -1529.639          46.000  
R13  23700382.146   126558714.5341       3241.016          36.000    23700389.052    98434602.7351       2521.130          32.000  
R12  20084978.979   107290412.886        1495.098          48.000    20084978.849    83448374.128        1162.739          47.000  
R11  19921185.305   106452846.652       -3025.198          51.000    19921180.854    82796679.330       -2352.913          50.000  
E25  27102988.911   142427177.222       -3064.219          44.000    27102993.198   109132535.123       -2347.943          45.000  
G06  25676015.914   134928090.662       -3386.749          38.000    25676030.890   105138731.201       -2639.446          31.000  
S31  38798855.283   203889337.294        -767.440          45.000  
S33  39786981.968   209081956.753        -768.422          40.000  
E02  24006307.896   126154081.562        -820.183          46.000    24006308.622    96663556.060        -628.395          48.000  
R02  22375800.490   119401558.069        2688.940          46.000    22375800.751    92867892.522        2091.589          46.000  
R08  21460744.748   114921300.375       -3165.336          47.000    21460741.051    89383491.780       -2461.836          46.000  
R01  19630808.206   104937950.483         511.202          46.000    19630806.444    81618528.619         397.802          43.000  
G07  22254903.188   116950245.416       -3581.563          48.000    22254899.653    91129980.707       -2790.783          42.000  
E13  27191928.480   142894348.379       -3003.394          42.000    27191939.077   109490463.895       -2301.281          43.000  
E15  28676075.661   150693528.467       -3123.533          37.000    28676097.683   115466392.605       -2393.312          39.000  
G13  23027566.387   121010710.756        1440.493          44.000                                                                  
G20  20975256.102   110225683.942        -941.498          47.000                                                                  
E07  26075812.888   137029371.689        1056.731          39.000    26075820.439   104996540.954         809.305          47.000  
G11  24572080.956   129126934.417       -3223.838          45.000    24572088.332   100618400.498       -2512.069          40.000  
G14  20674446.416   108645092.705         859.122          46.000    20674444.336    84658539.857         669.561          45.000  
G05  22234933.563   116845379.982        1326.845          46.000    22234930.731    91048343.309        1034.147          41.000  
G22  22301336.928   117194478.718        2430.835          45.000                                                                  
G15  26059615.566   136944196.081        1911.094          40.000    26059617.888   106709809.978        1489.545          37.000  
E30  25058212.982   131681944.692        1687.247          44.000    25058218.211   100899254.042        1292.775          45.000  
> 2024 06 08 15 21 30.5000000  0 28                     
E08  23934436.184   125776309.900        -364.854          48.000    23934435.410    96374040.337        -279.599          51.000  
G09  23315207.045   122522207.465       -2854.305          43.000    23315208.946    95471828.694       -2224.637          40.000  
E03  25807431.306   135618932.605       -2057.895          43.000    25807436.189   103915828.290       -1576.920          47.000  
E26  27622759.026   145158515.995       -1380.337          40.000    27622764.974   111225385.487       -1057.658          43.000  
G30  20777800.292   109188057.524       -1967.230          51.000    20777799.238    85081581.601       -1532.837          47.000  
R13  23682181.042   126461524.303        3238.687          37.000    23682187.835    98359010.765        2518.631          32.000  
R12  20076630.689   107245815.093        1478.700          49.000    20076630.126    83413687.016        1150.028          47.000  
R11  19938209.380   106543820.025       -3039.126          51.000    19938205.657    82867436.359       -2363.698          50.000  
E25  27120493.400   142519163.199       -3067.606          44.000    27120497.620   109203017.790       -2350.598          46.000  
G06  25695314.696   135029511.617       -3373.974          37.000    25695329.643   105217760.559       -2628.978          32.000  
S31  38803226.310   203912307.959        -763.147          45.000  
S33  39791355.984   209104942.204        -763.708          40.000  
E02  24011018.315   126178836.844        -829.730          46.000    24011019.345    96682524.446        -635.647          48.000  
R02  22360674.084   119320844.941        2692.645          46.000    22360675.381    92805115.757        2094.061          46.000  
R08  21478508.504   115016418.107       -3175.479          48.000    21478504.068    89457472.096       -2469.761          47.000  
R01  19627971.025   104922789.261         500.129          46.000    19627969.766    81606736.543         388.986          42.000  
G07  22275346.797   117057677.268       -3580.165          48.000    22275343.043    91213693.798       -2789.474          41.000  
E13  27209072.375   142984442.584       -3002.367          42.000    27209084.006   109559496.664       -2300.347          43.000  
E15  28693877.662   150787076.458       -3112.310          38.000    28693899.293   115538072.299       -2384.616          40.000  
G13  23019330.206   120967428.306        1445.315          44.000                                                                  
G20  20980675.013   110254159.223        -956.354          47.000                                                                  
E07  26069769.887   136997611.812        1061.438          40.000    26069776.799   104972205.468         813.466          47.000  
G11  24590478.018   129223613.005       -3220.875          43.000    24590486.166   100693733.854       -2509.770          41.000  
G14  20669581.653   108619526.024         845.753          46.000    20669578.671    84638617.750         658.971          44.000  
G05  22227390.635   116805742.104        1316.262          46.000    22227387.592    91017456.644        1025.582          40.000  
G22  22287474.091   117121630.118        2426.330          45.000                                                                  
G15  26048681.525   136886733.427        1920.035          41.000    26048682.312   106665033.850        1496.394          37.000  
E30  25048593.922   131631389.761        1683.667          45.000    25048598.036   100860517.195        1289.988          45.000  
> 2024 06 08 15 22 00.5000000  0 28                     
E08  23936519.077   125787258.497        -364.659          48.000    23936519.157    96382429.516        -279.443          51.000  
G09  23331511.336   122607889.145       -2857.456          43.000    23331513.423    95538593.435       -2226.372          39.000  
E03  25819183.350   135680689.435       -2058.798          44.000    25819188.312   103963148.367       -1577.555          47.000  
E26  27630663.058   145200056.784       -1388.647          39.000    27630669.956   111257215.365       -1064.155          43.000  
G30  20789043.727   109247152.624       -1972.137          48.000    20789044.203    85127629.676       -1536.652          47.000  
R13  23663995.340   126364414.3111       3235.592          36.000    23664000.654    98283467.9531       2516.106          33.000  
R12  20068375.214   107201713.956        1461.700          50.000    20068373.454    83379386.240        1136.777          46.000  
R11  19955313.354   106635218.082       -3053.608          51.000    19955309.588    82938523.714       -2375.098          50.000  
E25  27138018.656   142611258.224       -3071.722          44.000    27138023.024   109273584.000       -2353.680          46.000  
G06  25714542.021   135130546.816       -3361.436          38.000    25714556.748   105296489.296       -2618.609          32.000  
S31  38807574.033   203935154.672        -759.666          45.000  
S33  39795706.423   209127803.169        -759.979          40.000  
E02  24015784.984   126203887.845        -839.928          46.000    24015786.138    96701719.409        -643.716          48.000  
R02  22345529.975   119240035.979        2695.162          46.000    22345531.099    92742264.465        2096.156          46.000  
R08  21496330.944   115111851.568       -3186.426          48.000    21496326.535    89531697.962       -2478.290          47.000  
R01  19625198.775   104907972.521         488.077          46.000    19625197.520    81595212.388         379.655          42.000  
G07  22295783.879   117165075.978       -3579.542          47.000    22295780.983    91297381.075       -2789.240          42.000  
E13  27226211.780   143074513.416       -3002.210          41.000    27226225.130   109628511.495       -2300.203          44.000  
E15  28711615.471   150880287.656       -3101.262          39.000    28711636.375   115609493.999       -2376.343          40.000  
G13  23011068.409   120924008.917        1449.537          44.000                                                                  
G20  20986180.291   110283090.482        -972.115          47.000                                                                  
E07  26063699.113   136965702.181        1066.032          41.000    26063704.618   104947755.252         816.871          47.000  
G11  24608861.257   129320211.304       -3218.539          45.000    24608869.177   100769004.612       -2507.936          42.000  
G14  20664794.702   108594372.645         831.346          46.000    20664791.244    84619017.701         648.022          43.000  
G05  22219910.058   116766432.515        1304.732          47.000    22219906.839    90986825.781        1016.608          39.000  
G22  22273638.433   117048924.525        2420.937          45.000                                                                  
G15  26037700.789   136829026.266        1927.450          43.000    26037700.174   106620067.209        1502.233          34.000  
E30  25038995.919   131580950.637        1679.326          46.000    25038999.542   100821869.068        1286.765          45.000  
> 2024 06 08 15 22 30.0000000  0 28                     
E08  23938566.473   125798019.552        -364.789          47.000    23938567.109    96390674.982        -279.498          52.000  
G09  23347560.309   122692228.627       -2860.650          41.000    23347563.135    95604312.354       -2228.963          39.000  
E03  25830744.096   135741438.409       -2059.731          44.000    25830748.832   104009696.187       -1578.342          47.000  
E26  27638482.132   145241147.756       -1396.805          38.000    27638489.551   111288700.554       -1070.497          43.000  
G30  20800128.157   109305404.101       -1976.941          47.000    20800127.483    85173020.361       -1540.479          45.000  
R13  23646133.560   126269027.999        3231.786          37.000    23646139.991    98209279.069        2513.362          32.000  
R12  20060350.808   107158845.810        1444.785          50.000    20060348.181    83346044.459        1123.762          46.000  
R11  19972210.670   106725515.322       -3067.839          50.000    19972207.261    83008754.873       -2386.315          50.000  
E25  27155273.785   142701935.088       -3075.674          43.000    27155278.562   109343063.563       -2356.865          46.000  
G06  25733377.982   135229532.327       -3349.413          35.000    25733394.135   105373620.996       -2609.812          33.000  
S31  38811828.408   203957511.844        -755.880          46.000  
S33  39799963.597   209150174.257        -756.744          40.000  
E02  24020529.778   126228821.585        -850.266          46.000    24020530.926    96720824.497        -651.393          48.000  
R02  22330623.953   119160495.044        2697.537          44.000    22330624.133    92680399.370        2098.123          45.000  
R08  21513914.559   115206013.892       -3197.303          47.000    21513911.061    89604935.180       -2486.874          48.000  
R01  19622538.422   104893753.900         476.118          45.000    19622537.487    81584153.413         370.510          41.000  
G07  22315876.384   117270662.799       -3578.938          47.000    22315873.972    91379656.453       -2788.673          42.000  
E13  27243063.995   143163070.200       -3001.775          41.000    27243077.712   109696366.201       -2300.040          45.000  
E15  28728996.695   150971627.593       -3090.861          39.000    28729017.827   115679481.838       -2368.319          41.000  
G13  23002920.063   120881191.979        1453.380          44.000                                                                  
G20  20991680.772   110311995.962        -987.467          47.000                                                                  
E07  26057703.357   136934190.848        1070.186          42.000    26057707.898   104923610.206         820.169          47.000  
G11  24626925.716   129415130.552       -3216.384          46.000    24626932.992   100842967.063       -2506.323          42.000  
G14  20660167.005   108570055.254         817.253          46.000    20660163.956    84600069.095         636.705          44.000  
G05  22212618.169   116728112.255        1293.240          47.000    22212614.290    90956965.808        1008.213          39.000  
G22  22260063.240   116977585.684        2415.493          45.000                                                                  
G15  26026859.419   136772054.609        1935.223          42.000    26026858.907   106575673.634        1507.617          36.000  
E30  25029581.526   131531478.688        1674.836          45.000    25029585.272   100783962.030        1283.332          45.000  
> 2024 06 08 15 23 00.0000000  0 28                     
E08  23940647.670   125808957.933        -364.805          46.000    23940648.687    96399056.322        -279.469          52.000  
G09  23363897.871   122778084.280       -2863.385          41.000    23363900.807    95671212.695       -2231.668          40.000  
E03  25842504.155   135803238.552       -2060.550          44.000    25842509.001   104057049.441       -1578.862          48.000  
E26  27646480.859   145283180.008       -1405.280          38.000    27646487.880   111320906.945       -1076.764          43.000  
G30  20811430.183   109364784.044       -1981.885          50.000    20811426.070    85219290.437       -1544.257          44.000  
R13  23627986.927   126172127.385        3228.013          36.000    23627994.924    98133912.429        2510.971          34.000  
R12  20052284.470   107115758.464        1427.527          49.000    20052282.641    83312532.199        1110.374          46.000  
R11  19989474.769   106817768.672       -3082.526          50.000    19989471.276    83080507.465       -2397.591          50.000  
E25  27172843.545   142794265.132       -3079.737          43.000    27172848.583   109413809.845       -2359.904          47.000  
G06  25752462.093   135329820.670       -3337.024          36.000    25752478.220   105451767.766       -2600.311          34.000  
S31  38816134.042   203980136.264        -752.580          46.000  
S33  39804271.526   209172813.593        -753.374          40.000  
E02  24025412.934   126254482.233        -860.606          46.000    24025413.952    96740486.584        -659.404          48.000  
R02  22315451.049   119079520.6361       2700.070          45.000    22315451.093    92617424.779        2099.860          45.000  
R08  21531856.768   115302095.975       -3208.479          47.000    21531853.492    89679665.543       -2495.417          47.000  
R01  19619900.658   104879653.198         463.745          45.000    19619899.222    81573186.186         360.593          41.000  
G07  22336304.761   117378014.366       -3578.224          47.000    22336302.007    91463306.966       -2788.228          42.000  
E13  27260199.603   143253111.916       -3001.187          42.000    27260213.013   109765358.701       -2299.667          46.000  
E15  28746610.628   151064190.303       -3080.182          39.000    28746631.793   115750406.610       -2360.075          41.000  
G13  22994610.750   120837525.984        1457.431          45.000                                                                  
G20  20997362.728   110341854.283       -1003.374          46.000                                                                  
E07  26051580.061   136902009.253        1074.819          42.000    26051583.693   104898951.585         823.650          47.000  
G11  24645280.643   129511584.601       -3214.028          45.000    24645288.453   100918125.410       -2504.436          42.000  
G14  20655541.756   108545750.388         802.750          46.000    20655538.986    84581130.226         625.468          44.000  
G05  22205267.251   116689483.401        1281.703          47.000    22205263.681    90926865.420         998.653          40.000  
G22  22246289.028   116905196.558        2409.994          46.000                                                                  
G15  26015789.919   136713886.942        1942.366          41.000    26015790.432   106530348.143        1513.590          36.000  
E30  25020032.142   131481297.694        1670.378          45.000    25020036.141   100745511.698        1279.894          45.000  
> 2024 06 08 15 23 30.0000000  0 28                     
E08  23942728.660   125819896.510        -364.490          46.000    23942730.346    96407437.819        -279.287          52.000  
G09  23380253.776   122864031.927       -2866.224          42.000    23380255.986    95738184.712       -2233.626          40.000  
E03  25854269.283   135865065.277       -2061.311          44.000    25854274.312   104104423.069       -1579.468          48.000  
E26  27654527.302   145325462.384       -1413.218          39.000    27654533.699   111353305.029       -1082.975          42.000  
G30  20822757.600   109424309.125       -1986.530          51.000    20822754.633    85265673.682       -1547.839          45.000  
R13  23609860.197   126075337.783        3224.032          36.000    23609869.191    98058632.141        2508.235          34.000  
R12  20044314.110   107073188.526        1410.456          49.000    20044313.193    83279422.368        1097.028          47.000  
R11  20006818.978   106910451.998       -3096.540          50.000    20006815.721    83152594.498       -2408.430          50.000  
E25  27190436.421   142886715.187       -3083.542          43.000    27190441.262   109484648.066       -2362.625          47.000  
G06  25771475.684   135429733.307       -3324.508          30.000    25771491.618   105529621.815       -2590.282          27.000  
S31  38820418.316   204002652.706        -748.608          45.000  
S33  39808559.073   209195344.409        -749.294          40.000  
E02  24030355.346   126280453.919        -870.856          46.000    24030356.214    96760387.004        -667.412          48.000  
R02  22300263.235   118998481.785        2702.451          44.000    22300264.920    92554394.594        2102.003          46.000  
R08  21549860.179   115398508.396       -3219.157          46.000    21549857.551    89754652.870       -2503.822          47.000  
R01  19617332.562   104865921.967         451.581          46.000    19617330.132    81562506.337         351.226          41.000  
G07  22356728.424   117485343.469       -3577.211          46.000    22356726.667    91546939.946       -2787.466          42.000  
E13  27277332.212   143343139.714       -3000.446          41.000    27277344.909   109834340.547       -2299.266          45.000  
E15  28764162.647   151156427.801       -3069.052          39.000    28764183.940   115821082.181       -2351.368          41.000  
G13  22986277.955   120793740.614        1461.360          44.000                                                                  
G20  21003133.925   110372183.300       -1018.771          46.000                                                                  
E07  26045430.772   136869695.229        1079.384          42.000    26045434.289   104874191.501         827.122          46.000  
G11  24663620.927   129607965.564       -3211.450          43.000    24663629.243   100993226.777       -2502.492          41.000  
G14  20650999.660   108521879.892         788.439          46.000    20650997.150    84562529.807         614.392          44.000  
G05  22197983.089   116651205.071        1270.148          46.000    22197980.038    90897038.176         989.567          41.000  
G22  22232546.393   116832975.004        2404.507          47.000                                                                  
G15  26004677.655   136655491.507        1950.516          38.000    26004678.825   106484845.191        1519.485          37.000  
E30  25010509.543   131431253.244        1665.778          46.000    25010512.724   100707165.986        1276.578          45.000  
> 2024 06 08 15 24 00.5000000  0 28                     
E08  23944845.914   125831023.822        -364.860          46.000    23944847.790    96415963.932        -279.594          52.000  
G09  23396901.092   122951511.730       -2869.998          43.000    23396903.348    95806350.598       -2236.282          40.000  
E03  25866236.991   135927955.546       -2062.553          44.000    25866242.060   104152611.605       -1580.403          48.000  
E26  27662757.444   145368710.076       -1422.267          39.000    27662763.452   111386442.760       -1089.760          42.000  
G30  20834301.830   109484978.743       -1991.663          50.000    20834301.116    85312948.714       -1551.935          47.000  
R13  23591455.564   125977059.5621       3220.138          36.000    23591463.828    97982191.754        2505.018          34.000  
R12  20036312.011   107030446.533        1392.474          49.000    20036311.751    83246178.714        1083.194          46.000  
R11  20024535.369   107005122.211       -3111.321          50.000    20024531.991    83226226.872       -2419.941          50.000  
E25  27208346.621   142980832.586       -3087.760          43.000    27208351.323   109556763.874       -2366.010          48.000  
G06  25790732.898   135530929.689       -3310.519          23.000    25790746.831                       -2581.769          21.000  
S31  38824754.708   204025438.595        -745.361          46.000  
S33  39812898.031   209218145.961        -746.065          40.000  
E02  24035441.837   126307182.244        -881.719          46.000    24035442.494    96780867.157        -675.601          48.000  
R02  22284809.225   118916018.8281       2704.240          42.000    22284812.794    92490263.031        2103.488          46.000  
R08  21568228.722   115496870.723       -3230.705          45.000    21568226.357    89831156.779       -2512.754          46.000  
R01  19614793.239   104852349.526         438.454          46.000    19614791.186    81551949.993         341.279          41.000  
G07  22377489.177   117594442.272       -3576.755          46.000    22377487.737    91631951.888       -2787.112          41.000  
E13  27294746.431   143434656.719       -3000.385          40.000    27294759.226   109904463.446       -2298.889          43.000  
E15  28781944.773   151249872.962       -3058.274          38.000    28781965.697   115892683.140       -2343.493          41.000  
G13  22977784.836   120749108.653        1465.112          43.000                                                                  
G20  21009094.407   110403505.463       -1034.996          46.000                                                                  
E07  26039153.730   136836712.634        1083.394          42.000    26039157.901   104848919.131         830.290          46.000  
G11  24682254.019   129705880.165       -3209.173          43.000    24682261.267   101069523.175       -2500.626          40.000  
G14  20646467.650   108498063.823         773.240          46.000    20646465.402    84543971.787         602.691          44.000  
G05  22190647.765   116612655.527        1257.754          47.000    22190644.762    90866999.566         980.340          42.000  
G22  22218608.675   116759729.656        2398.337          47.000                                                                  
G15  25993336.880   136595895.569        1957.818          39.000    25993339.200   106438406.763        1525.706          37.000  
E30  25000855.166   131380521.589        1660.957          45.000    25000858.730   100668293.712        1272.593          45.000  
> 2024 06 08 15 24 30.5000000  0 27                     
E08  23946934.363   125841997.742        -366.513          46.000    23946935.940    96424372.518        -280.915          52.000  
G09  23413298.985   123037677.455       -2874.452          44.000    23413300.405    95873492.556       -2239.493          41.000  
E03  25878018.434   135989869.801       -2065.091          43.000    25878024.181   104200052.306       -1582.281          48.000  
E26  27670905.800   145411525.844       -1432.354          40.000    27670910.978   111419249.500       -1097.273          42.000  
G30  20845688.393   109544823.907       -1998.041          48.000    20845689.418    85359581.260       -1556.866          47.000  
R13  23573379.268   125880534.502        3214.344          35.000    23573387.883    97907117.339        2500.114          34.000  
R12  20028546.101   106988957.306        1373.559          50.000    20028545.218    83213909.453        1068.363          47.000  
R11  20042046.176   107098693.648       -3126.912          50.000    20042042.638    83299004.636       -2432.062          50.000  
E25  27225990.984   143073551.679       -3093.169          42.000    27225995.496   109627808.241       -2370.220          48.000  
S31  38829004.159   204047769.379        -743.345          46.000  
S33  39817149.879   209240492.275        -743.779          40.000  
E02  24040508.681   126333812.449        -893.498          45.000    24040510.181    96801272.121        -684.746          48.000  
R02  22269603.756   118834876.177        2705.034          43.000    22269606.789    92427152.164        2103.902          46.000  
R08  21586362.938   115593979.816       -3243.088          45.000    21586360.821    89906685.943       -2522.572          47.000  
R01  19612372.018   104839405.360         424.456          47.000    19612370.158    81541882.333         330.062          42.000  
G07  22397910.038   117701753.951       -3577.328          46.000    22397907.742    91715571.267       -2787.225          41.000  
E13  27311878.281   143524682.058       -3001.459          40.000    27311890.739   109973443.396       -2299.624          42.000  
E15  28799376.775   151341482.405       -3048.755          38.000    28799398.218   115962877.529       -2336.378          41.000  
G13  22969413.749   120705116.156        1467.568          44.000                                                                  
G20  21015052.314   110434815.096       -1052.195          46.000                                                                  
E07  26032960.554   136804165.166        1086.247          42.000    26032964.262   104823980.183         832.410          46.000  
G11  24700571.911   129802136.883       -3207.885          44.000    24700579.543   101144527.780       -2499.930          41.000  
G14  20642098.919   108475106.492         757.195          46.000    20642096.779    84526082.943         589.901          44.000  
G05  22183505.991   116575123.075        1244.315          46.000    22183503.096    90837753.505         969.877          42.000  
G22  22204936.218   116687886.679        2391.099          46.000                                                                  
G15  25982144.603   136537075.413        1963.653          41.000    25982146.822   106392572.851        1530.024          38.000  
E30  24991391.464   131330789.554        1654.625          46.000    24991394.827   100630187.383        1267.931          45.000  
> 2024 06 08 15 25 00.5000000  0 27                     
E08  23949033.511   125853027.668        -368.981          46.000    23949034.681    96432824.005        -282.774          51.000  
G09  23429723.702   123123988.651       -2879.939          44.000    23429725.129    95940747.899       -2244.031          41.000  
E03  25889815.839   136051865.391       -2068.548          42.000    25889821.556   104247555.349       -1584.913          48.000  
E26  27679111.445   145454641.512       -1442.600          40.000    27679116.015   111452286.036       -1105.553          42.000  
G30  20857114.960   109604862.384       -2004.932          49.000    20857113.653    85406364.430       -1562.317          46.000  
R13  23555334.116   125784147.2091       3208.329          36.000    23555344.440    97832177.204        2495.163          34.000  
R12  20020886.999   106948043.907        1353.639          50.000    20020886.313    83182088.077        1052.781          47.000  
R11  20059645.677   107192737.563       -3143.103          50.000    20059642.003    83372149.869       -2444.627          50.000  
E25  27243666.777   143166438.720       -3099.471          41.000    27243671.146   109698981.279       -2374.924          48.000  
S31  38833243.092   204070044.985        -742.021          46.000  
S33  39821392.085   209262782.206        -742.687          40.000  
E02  24045645.050   126360805.846        -906.255          45.000    24045646.804    96821955.369        -694.399          48.000  
R02  22254397.444   118753723.974        2704.709          45.000    22254398.316    92364033.815        2103.563          45.000  
R08  21604569.836   115691471.125       -3256.641          46.000    21604566.822    89982512.367       -2532.769          47.000  
R01  19610032.381   104826893.436         409.344          47.000    19610029.456    81532150.843         318.346          42.000  
G07  22418335.726   117809091.569       -3578.743          46.000    22418333.316    91799210.883       -2788.591          41.000  
E13  27329017.184   143614739.943       -3002.891          41.000    27329030.168   110042448.293       -2300.876          44.000  
E15  28816756.665   151432815.364       -3039.966          37.000    28816777.988   116032860.029       -2329.552          41.000  
G13  22961029.825   120661059.018        1469.043          43.000                                                                  
G20  21021109.845   110466647.476       -1070.214          46.000                                                                  
E07  26026752.710   136771539.745        1088.531          42.000    26026755.892   104798981.504         833.984          47.000  
G11  24718883.877   129898364.622       -3207.477          44.000    24718893.176   101219509.776       -2499.136          43.000  
G14  20637824.374   108452641.552         740.122          46.000    20637821.436    84508577.765         576.744          44.000  
G05  22176441.946   116538000.811        1230.004          47.000    22176439.325    90808827.118         958.190          43.000  
G22  22191307.767   116616272.853        2382.739          46.000                                                                  
G15  25970919.871   136478082.153        1969.083          42.000    25970920.478   106346604.036        1534.209          38.000  
E30  24981965.247   131281251.892        1647.500          46.000    24981968.114   100592229.978        1262.412          45.000  
> 2024 06 08 15 25 30.5000000  0 27                     
E08  23951150.622   125864151.237        -372.539          47.000    23951151.299    96441347.244        -285.539          51.000  
G09  23446182.846   123210482.185       -2886.481          43.000    23446184.652    96008145.306       -2248.979          41.000  
E03  25901636.105   136113979.588       -2072.662          42.000    25901641.560   104295149.286       -1588.157          48.000  
E26  27687379.375   145498092.718       -1454.164          39.000    27687384.573   111485579.670       -1114.403          42.000  
G30  20868584.454   109665129.259       -2012.952          51.000    20868581.095    85453325.643       -1568.481          45.000  
R13  23537330.491   125688008.361        3200.719          35.000    23537342.389    97757403.122        2489.189          35.000  
R12  20013342.536   106907745.135        1332.548          49.000    20013341.216    83150744.764        1036.388          46.000  
R11  20077339.283   107287287.535       -3160.405          51.000    20077335.825    83445688.706       -2458.127          50.000  
E25  27261381.210   143259528.813       -3106.676          41.000    27261385.756   109770309.910       -2380.372          48.000  
S31  38837478.429   204092302.545        -742.082          45.000  
S33  39825630.417   209285055.781        -742.393          40.000  
E02  24050858.259   126388198.963        -920.111          46.000    24050859.567    96842944.909        -704.977          48.000  
R02  22239195.799   118672602.562        2703.302          44.000    22239196.042    92300939.427        2102.608          45.000  
R08  21622855.416   115789381.534       -3271.001          47.000    21622851.486    90058664.739       -2544.091          47.000  
R01  19607780.593   104814854.227         393.111          48.000    19607777.292    81522787.023         305.762          42.000  
G07  22438773.294   117916490.014       -3581.288          47.000    22438770.987    91882897.885       -2790.642          41.000  
E13  27346169.388   143704864.902       -3005.593          43.000    27346181.736   110111504.574       -2302.939          46.000  
E15  28834090.836   151523907.081       -3032.365          37.000    28834112.268   116102657.680       -2323.790          41.000  
G13  22952640.061   120616974.409        1469.586          42.000                                                                  
G20  21027274.052   110499038.980       -1089.276          47.000                                                                  
E07  26020536.749   136738873.588        1089.190          43.000    26020540.121   104773951.595         834.662          47.000  
G11  24737196.212   129994597.330       -3208.289          42.000    24737206.794   101294495.651       -2499.784          44.000  
G14  20633650.607   108430707.338         721.873          46.000    20633646.829    84491486.168         562.684          44.000  
G05  22169463.257   116501327.479        1214.541          47.000    22169460.846    90780250.503         946.472          43.000  
G22  22177730.466   116544927.805        2373.423          46.000                                                                  
G15  25959668.077   136418952.880        1973.018          42.000    25959667.813   106300529.253        1537.320          37.000  
E30  24972583.055   131231946.980        1639.350          47.000    24972585.993   100554450.937        1256.106          45.000  
> 2024 06 08 15 26 00.0000000  0 27                     
E08  23953255.205   125875210.620        -376.992          47.000    23953255.538    96449821.306        -288.863          50.000  
G09  23462406.662   123295740.984       -2893.567          43.000    23462409.182    96074580.588       -2254.976          41.000  
E03  25913286.421   136175203.651       -2077.829          42.000    25913292.435   104342061.177       -1592.087          48.000  
E26  27695576.444   145541174.817       -1466.454          38.000    27695583.595   111518590.475       -1123.497          43.000  
G30  20879908.681   109724641.851       -2021.558          51.000    20879905.487    85499699.139       -1575.299          45.000  
R13  23519672.301   125593737.5111       3192.025          36.000    23519682.733    97684061.584        2482.676          34.000  
R12  20006041.790   106868747.874        1311.399          49.000    20006040.333    83120413.700        1020.030          46.000  
R11  20094835.658   107380781.250       -3178.090          51.000    20094831.829    83518406.013       -2471.659          50.000  
E25  27278843.064   143351292.770       -3114.725          40.000    27278847.870   109840622.428       -2386.390          48.000  
S31  38841645.835   204114200.464        -742.481          45.000  
S33  39829800.314   209306967.801        -743.132          40.000  
E02  24056064.002   126415553.937        -934.331          46.000    24056064.793    96863905.237        -715.905          48.000  
R02  22224257.913   118592894.805        2700.758          44.000    22224259.039    92238944.573        2100.452          46.000  
R08  21640916.632   115886097.544       -3285.978          48.000    21640912.541    90133888.124       -2555.607          47.000  
R01  19605658.745   104803508.572         376.144          48.000    19605655.183    81513962.598         292.833          42.000  
G07  22458887.281   118022185.249       -3584.322          47.000    22458883.942    91965257.724       -2793.213          41.000  
E13  27363050.617   143793580.101       -3008.773          43.000    27363064.255   110179480.626       -2305.565          46.000  
E15  28851097.375   151613272.952       -3025.860          38.000    28851117.613   116171132.960       -2318.646          40.000  
G13  22944391.505   120573627.391        1469.434          42.000                                                                  
G20  21033444.307   110531464.134       -1108.841          46.000                                                                  
E07  26014422.626   136706741.532        1089.333          43.000    26014426.054   104749330.926         834.781          48.000  
G11  24755208.656   130089257.087       -3209.141          40.000    24755220.757   101368255.842       -2500.833          44.000  
G14  20629650.632   108409686.697         703.265          47.000    20629646.688    84475106.466         548.257          44.000  
G05  22162689.852   116465734.407        1198.568          47.000    22162687.468    90752515.663         934.010          42.000  
G22  22164435.303   116475065.617        2363.135          45.000                                                                  
G15  25948583.096   136360706.539        1976.240          41.000    25948583.780   106255142.478        1540.070          37.000  
E30  24963406.519   131183721.243        1630.299          47.000    24963409.144   100517498.783        1249.294          45.000  
> 2024 06 08 15 26 30.0000000  0 27                     
E08  23955423.602   125886603.296        -382.907          47.000    23955423.201    96458550.768        -293.388          50.000  
G09  23478950.280   123382677.034       -2902.443          42.000    23478952.375    96142322.770       -2261.567          41.000  
E03  25925167.489   136237635.134       -2084.489          42.000    25925172.777   104389898.215       -1597.294          48.000  
E26  27703987.203   145585368.729       -1480.364          40.000    27703994.074   111552453.207       -1134.019          44.000  
G30  20891476.400   109785437.690       -2031.866          49.000    20891475.369    85547072.531       -1583.136          46.000  
R13  23501762.938   125498111.296        3182.046          34.000    23501774.778    97609686.197        2474.828          36.000  
R12  19998741.832   106829753.832        1288.089          49.000    19998740.434    83090085.150        1001.732          46.000  
R11  20112730.650   107476405.977       -3197.318          51.000    20112726.484    83592780.793       -2486.831          50.000  
E25  27296648.218   143444861.169       -3123.713          40.000    27296653.354   109912317.624       -2393.527          48.000  
S31  38845889.514   204136502.277        -744.522          46.000  
S33  39834047.075   209329285.062        -745.037          40.000  
E02  24061443.126   126443819.350        -950.352          46.000    24061443.683    96885563.170        -728.156          48.000  
R02  22209084.543   118511923.741        2696.799          45.000    22209085.145    92175967.147        2097.707          46.000  
R08  21659370.209   115984918.980       -3302.585          47.000    21659366.936    90210749.083       -2568.671          47.000  
R01  19603598.930   104792497.069         357.513          47.000    19603595.621    81505398.122         277.942          42.000  
G07  22479362.003   118129780.210       -3588.940          48.000    22479358.485    92049097.869       -2796.644          41.000  
E13  27380239.689   143883912.353       -3013.598          41.000    27380253.412   110248695.690       -2308.914          45.000  
E15  28868354.625   151703962.561       -3020.538          38.000    28868374.791   116240622.541       -2314.471          40.000  
G13  22936007.202   120529570.920        1467.779          41.000                                                                  
G20  21039833.873   110565043.212       -1130.095          46.000                                                                  
E07  26008206.577   136674076.521        1088.000          43.000    26008210.595   104724301.901         833.629          49.000  
G11  24773536.853   130185571.435       -3211.900          40.000    24773549.310   101443305.298       -2502.681          44.000  
G14  20625693.014   108388890.310         682.897          46.000    20625689.202    84458901.550         532.122          44.000  
G05  22155897.080   116430038.852        1180.849          47.000    22155894.682    90724700.961         920.244          42.000  
G22  22150976.706   116404342.511        2351.386          45.000                                                                  
G15  25937294.520   136301390.534        1978.335          41.000    25937295.326   106208922.235        1541.315          37.000  
E30  24954127.860   131134963.131        1619.809          47.000    24954130.517   100480138.701        1241.305          46.000  
> 2024 06 08 15 27 00.0010000  0 27                     
E08  23957625.625   125898176.187        -388.856          47.000    23957625.142    96467418.320        -297.936          49.000  
G09  23495545.161   123469881.991       -2911.180          43.000    23495546.788    96210274.481       -2268.356          41.000  
E03  25937086.648   136300272.229       -2091.254          42.000    25937092.131   104437892.787       -1602.371          48.000  
E26  27712477.589   145629979.679       -1493.948          40.000    27712483.681   111586635.499       -1144.712          44.000  
G30  20903103.850   109846542.649       -2041.924          48.000    20903104.037    85594686.750       -1591.162          47.000  
R13  23483908.306   125402776.8491       3172.777          33.000    23483923.192    97535546.364        2466.942          36.000  
R12  19991573.958   106791461.818        1264.584          50.000    19991572.331    83060302.581         983.430          46.000  
R11  20130734.059   107572613.646       -3216.585          50.000    20130730.336    83667608.961       -2501.715          50.000  
E25  27314507.822   143538714.105       -3133.024          40.000    27314513.034   109984230.863       -2400.645          48.000  
S31  38850146.345   204158870.008        -746.710          46.000  
S33  39838306.438   209351668.928        -747.175          40.000  
E02  24066913.566   126472567.762        -966.367          46.000    24066914.259    96907591.182        -740.513          48.000  
R02  22193933.351   118431073.590        2692.683          45.000    22193933.286    92113083.714        2094.318          45.000  
R08  21677917.747   116084245.583       -3319.259          45.000    21677915.438    90288002.942       -2581.587          47.000  
R01  19601644.841   104782051.086         338.639          48.000    19601641.665    81497273.458         263.570          42.000  
G07  22499863.927   118237518.351       -3593.494          48.000    22499860.398    92133049.585       -2800.067          41.000  
E13  27397457.502   143974391.669       -3018.502          41.000    27397470.497   110318023.444       -2312.747          43.000  
E15  28885581.090   151794493.076       -3014.948          38.000    28885601.817   116309990.219       -2310.200          38.000  
G13  22927633.588   120485570.482        1465.789          40.000                                                                  
G20  21046346.293   110599264.097       -1151.392          46.000                                                                  
E07  26001996.643   136641454.524        1086.525          42.000    26002002.843   104699305.809         832.516          49.000  
G11  24791881.828   130281968.548       -3214.419          42.000    24791893.943   101518419.271       -2504.617          44.000  
G14  20621852.900   108368712.003         662.128          47.000    20621849.854    84443178.274         515.825          44.000  
G05  22149206.419   116394880.914        1162.684          47.000    22149203.548    90697305.166         905.824          41.000  
G22  22137587.665   116333977.497        2339.378          45.000                                                                  
G15  25925996.788   136242021.863        1979.738          40.000    25925997.486   106162660.987        1542.733          37.000  
E30  24944908.831   131086524.127        1609.186          46.000    24944913.166   100443023.128        1233.033          46.000  
> 2024 06 08 15 27 30.0010000  0 27                     
E08  23959864.233   125909942.112        -395.443          46.000    23959863.959    96476433.794        -302.999          49.000  
G09  23512192.651   123557362.843       -2920.615          44.000    23512194.286    96278441.215       -2275.734          41.000  
E03  25949047.336   136363123.949       -2098.592          42.000    25949052.374   104486051.829       -1608.052          47.000  
E26  27721048.376   145675016.087       -1508.182          40.000    27721054.058   111621143.797       -1155.611          44.000  
G30  20914793.280   109907963.608       -2052.706          50.000    20914792.364    85642547.199       -1599.502          47.000  
R13  23466118.466   125307778.484        3160.350          31.000    23466134.154    97461659.306        2458.716          37.000  
R12  19984540.631   106753888.381        1240.444          51.000    19984539.187    83031078.903         964.812          47.000  
R11  20148847.334   107669407.037       -3236.378          49.000    20148843.870    83742892.685       -2516.916          50.000  
E25  27332422.297   143632856.254       -3142.985          40.000    27332427.843   110056365.723       -2408.283          48.000  
S31  38854417.525   204181315.398        -749.524          46.000  
S33  39842580.662   209374129.334        -749.943          40.000  
E02  24072478.420   126501809.527        -982.982          46.000    24072478.622    96929997.206        -753.229          48.000  
R02  22178808.553   118350365.378        2687.842          45.000    22178808.664    92050310.675        2090.435          45.000  
R08  21696560.766   116184082.568       -3336.674          45.000    21696558.944    90365653.795       -2595.001          46.000  
R01  19599799.663   104772187.183         319.057          47.000    19599796.018    81489601.547         248.201          42.000  
G07  22520393.919   118345403.406       -3598.696          47.000    22520390.145    92217115.788       -2804.262          40.000  
E13  27414705.647   144065022.387       -3023.420          42.000    27414717.569   110387467.251       -2316.646          43.000  
E15  28902779.257   151884869.661       -3010.055          37.000    28902799.713   116379239.936       -2306.375          39.000  
G13  22919274.844   120441642.808        1463.211          42.000                                                                  
G20  21052982.560   110634136.759       -1173.364          46.000                                                                  
E07  25995798.994   136608890.857        1084.632          40.000    25995806.003   104674354.390         831.066          48.000  
G11  24810241.672   130378451.793       -3217.507          42.000    24810254.988   101593600.330       -2507.489          44.000  
G14  20618133.691   108349167.227         640.851          47.000    20618130.851    84427948.675         499.360          44.000  
G05  22142621.150   116360277.715        1144.124          46.000    22142618.338    90670341.610         891.419          41.000  
G22  22124271.147   116263990.718        2326.718          45.000                                                                  
G15  25914691.581   136182617.294        1981.050          40.000    25914693.423   106116371.846        1543.271          38.000  
E30  24935754.057   131038421.715        1597.821          45.000    24935759.860   100406165.483        1224.309          47.000  
> 2024 06 08 15 28 00.0010000  0 28                     
E08  23962141.641   125921910.411        -402.574          46.000    23962141.515    96485604.322        -308.478          49.000  
G09  23528895.031   123645130.694       -2930.765          45.000    23528896.165    96346831.553       -2283.812          41.000  
E03  25961050.448   136426200.971       -2106.765          42.000    25961055.542   104534383.494       -1614.250          47.000  
E26  27729701.320   145720486.360       -1523.370          40.000    27729706.562   111655984.509       -1167.361          44.000  
G30  20926544.010   109969709.016       -2063.862          51.000    20926541.772    85690660.489       -1608.179          46.000  
R13  23448389.589   125213109.5201       3149.030          33.000    23448406.329    97388030.843        2450.224          36.000  
R12  19977643.166   106717041.783        1215.784          51.000    19977641.598    83002420.524         945.659          47.000  
R11  20167071.436   107766793.063       -3256.367          49.000    20167068.471    83818637.340       -2532.773          50.000  
E25  27350394.047   143727297.031       -3153.352          40.000    27350399.355   110128729.421       -2416.317          48.000  
S31  38858704.988   204203846.221        -752.828          45.000  
S33  39846871.323   209396676.378        -753.199          40.000  
E02  24078138.004   126531553.272       -1000.289          46.000    24078138.657    96952787.845        -766.271          48.000  
R02  22163711.018   118269807.106        2682.481          44.000    22163712.192    91987654.265        2086.256          45.000  
R08  21715302.031   116284440.919       -3354.259          45.000    21715299.986    90443710.134       -2608.803          46.000  
R01  19598064.999   104762915.974         298.677          48.000    19598061.337    81482390.633         232.326          43.000  
G07  22540953.564   118453445.554       -3604.360          47.000    22540949.435    92301304.379       -2808.592          40.000  
E13  27431982.117   144155813.445       -3029.234          42.000    27431996.081   110457033.913       -2321.109          44.000  
E15  28919949.309   151975101.938       -3005.503          37.000    28919970.059   116448379.064       -2303.178          38.000  
G13  22910932.462   120397795.061        1459.802          43.000                                                                  
G20  21059744.656   110669670.173       -1195.789          47.000                                                                  
E07  25989614.981   136576393.047        1081.872          40.000    25989621.348   104649453.426         828.954          48.000  
G11  24828620.471   130475029.458       -3221.252          43.000    24828634.171   101668854.959       -2510.122          44.000  
G14  20614536.149   108330264.862         618.980          46.000    20614533.721    84413219.667         482.347          45.000  
G05  22136143.152   116326238.274        1124.922          45.000    22136140.810    90643817.352         876.683          41.000  
G22  22111027.064   116194390.449        2312.977          45.000                                                                  
G15  25903381.919   136123183.829        1981.282          41.000    25903384.852   106070060.092        1544.047          38.000  
E30  24926666.168   130990663.899        1585.838          45.000    24926672.240   100369571.885        1214.961          47.000  
E27  28996594.481   152378120.5741       2276.094          37.000    28996613.167   116757343.2211       1743.499          39.000  
> 2024 06 08 15 28 30.0010000  0 28                     
E08  23964461.828   125934106.956        -410.624          45.000    23964462.692    96494949.721        -314.508          49.000  
G09  23545655.666   123733210.490       -2941.205          45.000    23545657.295    96415465.000       -2291.884          41.000  
E03  25973101.555   136489528.636       -2115.269          42.000    25973106.500   104582907.196       -1620.831          46.000  
E26  27738439.519   145766414.132       -1538.859          39.000    27738445.850   111691175.758       -1178.848          42.000  
G30  20938359.322   110031802.242       -2075.796          49.000    20938357.052    85739044.817       -1617.525          46.000  
R13  23430730.596   125118804.182        3137.297          33.000    23430744.473    97314682.821        2439.944          36.000  
R12  19970885.788   106680948.687        1190.416          50.000    19970884.976    82974348.198         925.752          48.000  
R11  20185411.337   107864793.910       -3277.082          50.000    20185408.026    83894860.168       -2548.803          50.000  
E25  27368426.876   143822059.644       -3164.255          40.000    27368432.313   110201339.726       -2424.577          48.000  
S31  38863013.479   204226487.643        -756.765          45.000  
S33  39851183.060   209419334.198        -757.678          40.000  
E02  24083897.982   126561823.568       -1017.914          46.000    24083899.005    96975981.995        -779.987          47.000  
R02  22148648.266   118189427.463        2675.999          46.000    22148649.469    91925136.805        2081.318          45.000  
R08  21734145.918   116385345.088       -3372.737          46.000    21734142.463    90522190.996       -2623.148          45.000  
R01  19596446.487   104754265.670         277.836          47.000    19596443.501    81475662.618         215.996          43.000  
G07  22561547.241   118561668.105       -3610.541          46.000    22561543.418    92385633.514       -2813.207          39.000  
E13  27449292.482   144246787.607       -3035.873          39.000    27449308.440   110526740.817       -2325.860          44.000  
E15  28937096.825   152065213.438       -3002.097          36.000    28937117.494   116517425.641       -2300.414          37.000  
G13  22902608.942   120354052.635        1456.222          43.000                                                                  
G20  21066636.965   110705887.907       -1218.829          47.000                                                                  
E07  25983450.260   136543986.477        1078.429          42.000    25983454.307   104624622.353         826.365          47.000  
G11  24847022.783   130571723.565       -3225.350          45.000    24847034.477   101744200.359       -2513.401          43.000  
G14  20611066.489   108312031.225         596.400          47.000    20611063.720    84399011.755         464.711          45.000  
G05  22129778.182   116292789.506        1104.730          45.000    22129775.341    90617753.350         860.831          40.000  
G22  22097860.511   116125204.619        2298.978          46.000                                                                  
G15  25892072.585   136063746.597        1981.106          41.000    25892074.997   106023745.395        1543.488          39.000  
E30  24917648.823   130943277.028        1573.321          45.000    24917654.927   100333262.513        1205.456          47.000  
E27  28983609.493   152309884.770        2273.289          38.000    28983628.921   116705058.420        1741.904          40.000  
> 2024 06 08 15 29 00.0010000  0 28                     
E08  23966826.533   125946536.273        -418.369          44.000    23966828.172    96504473.455        -320.538          50.000  
G09  23562476.657   123821606.005       -2952.023          44.000    23562478.810    96484344.488       -2300.391          42.000  
E03  25985201.411   136553111.094       -2123.849          42.000    25985205.937   104631626.112       -1627.259          47.000  
E26  27747265.621   145812801.862       -1554.200          38.000    27747272.647   111726719.471       -1190.788          42.000  
G30  20950240.343   110094245.361       -2087.317          47.000    20950239.371    85787701.777       -1626.638          46.000  
R13  23413138.574   125024855.8081       3124.948          33.000    23413151.379    97241620.280        2430.756          37.000  
R12  19964270.223   106645613.685        1164.947          50.000    19964269.325    82946865.478         906.233          46.000  
R11  20203865.937   107963409.128       -3297.411          50.000    20203862.960    83971560.853       -2564.649          50.000  
E25  27386521.023   143917146.034       -3175.050          40.000    27386526.577   110274198.139       -2432.899          48.000  
S31  38867343.978   204249244.179        -760.710          46.000  
S33  39855516.542   209442106.423        -761.211          40.000  
E02  24089759.305   126592623.608       -1035.646          46.000    24089760.187    96999582.048        -793.569          48.000  
R02  22133619.903   118109232.673        2669.798          45.000    22133621.379    91862763.155        2076.595          45.000  
R08  21753092.953   116486797.882       -3390.960          47.000    21753088.512    90601098.574       -2637.415          46.000  
R01  19594946.107   104746242.640         256.947          48.000    19594942.803    81469422.490         199.791          43.000  
G07  22582176.365   118670072.944       -3616.756          46.000    22582172.226    92470104.737       -2818.358          39.000  
E13  27466637.600   144337946.379       -3041.971          36.000    27466655.331   110596589.104       -2330.611          44.000  
E15  28954221.617   152155206.505       -2997.899          37.000    28954242.208   116586381.492       -2297.115          37.000  
G13  22894304.350   120310419.732        1452.456          41.000                                                                  
G20  21073660.320   110742793.171       -1241.718          48.000                                                                  
E07  25977301.102   136511675.221        1075.266          41.000    25977305.826   104599864.348         824.005          48.000  
G11  24865446.370   130668534.864       -3229.038          46.000    24865457.330   101819637.096       -2515.973          40.000  
G14  20607724.878   108294471.368         574.029          47.000    20607722.190    84385328.867         447.263          45.000  
G05  22123526.698   116259937.032        1084.917          46.000    22123524.052    90592153.989         845.623          41.000  
G22  22084775.298   116056439.526        2284.928          47.000                                                                  
G15  25880762.509   136004310.227        1980.917          41.000    25880764.391   105977431.300        1543.825          38.000  
E30  24908703.438   130896266.254        1560.628          46.000    24908708.780   100297241.346        1195.767          48.000  
E27  28970639.655   152241725.671        2270.490          37.000    28970659.305   116652832.353        1739.700          40.000  
> 2024 06 08 15 29 30.0010000  0 28                     
E08  23969239.245   125959215.574        -427.149          44.000    23969241.047    96514188.740        -327.350          50.000  
G09  23579360.772   123910333.519       -2963.546          43.000    23579363.544    96553482.692       -2309.323          42.000  
E03  25997352.827   136616965.113       -2133.373          42.000    25997357.016   104680553.096       -1634.497          47.000  
E26  27756184.379   145859664.660       -1570.411          39.000    27756190.611   111762627.141       -1203.295          42.000  
G30  20962193.115   110157053.005       -2099.969          48.000    20962192.008    85836642.749       -1636.389          47.000  
R13  23395618.530   124931303.554        3111.675          32.000    23395631.808    97168858.105        2420.456          36.000  
R12  19957801.473   106611054.666        1138.615          50.000    19957799.401    82919986.284         885.594          47.000  
R11  20222438.166   108062651.585       -3318.814          51.000    20222434.674    84048749.378       -2581.257          50.000  
E25  27404680.048   144012570.714       -3186.580          41.000    27404685.211   110347315.789       -2441.905          48.000  
S31  38871699.176   204272131.031        -765.430          46.000  
S33  39859874.794   209465009.181        -765.928          40.000  
E02  24095723.981   126623969.183       -1054.372          46.000    24095725.150    97023600.106        -807.841          48.000  
R02  22118629.995   118029242.174        2662.558          46.000    22118630.049    91800548.400        2070.847          45.000  
R08  21772143.811   116588815.239       -3410.269          47.000    21772139.848    90680445.220       -2652.443          46.000  
R01  19593565.847   104738866.302         234.703          47.000    19593563.423    81463685.316         182.528          44.000  
G07  22602842.718   118778674.792       -3623.692          46.000    22602838.976    92554729.426       -2823.605          39.000  
E13  27484024.718   144429303.705       -3048.566          38.000    27484039.301   110666589.586       -2336.262          41.000  
E15  28971327.524   152245095.978       -2994.709          38.000    28971347.422   116655257.945       -2294.834          37.000  
G13  22886025.406   120266913.533        1447.713          41.000                                                                  
G20  21080816.724   110780401.989       -1265.686          47.000                                                                  
E07  25971174.167   136479476.164        1071.029          42.000    25971178.820   104575192.316         820.677          48.000  
G11  24883893.933   130765476.722       -3233.828          45.000    24883904.538   101895175.589       -2520.149          41.000  
G14  20604514.517   108277602.957         550.303          46.000    20604512.044    84372184.767         428.950          45.000  
G05  22117392.489   116227699.273        1063.880          46.000    22117390.216    90567033.634         829.147          42.000  
G22  22071773.168   115988114.221        2269.692          47.000                                                                  
G15  25869455.020   135944891.456        1979.893          41.000    25869456.635   105931130.983        1542.589          37.000  
E30  24899833.769   130849649.393        1546.943          47.000    24899837.711   100261521.984        1185.336          47.000  
E27  28957687.586   152173661.077        2267.033          35.000    28957707.182   116600678.698        1737.049          40.000  
