     3.00           OBSERVATION DATA    M: Mixed            RINEX VERSION / TYPE
CONVBIN demo5 b34j                      20240609 013620 UTC PGM / RUN BY / DATE 
log: SAUC00CHL_R_20241600915_15M_30S_MO.ubx                 COMMENT             
format: u-blox UBX                                          COMMENT             
format: u-blox UBX                                          COMMENT             
log: SAUC00CHL_R_20241600915_15M_30S_MO.ubx                 COMMENT             
SAUC00CHL                                                   MARKER NAME         
                                                            MARKER NUMBER       
GEODETIC                                                    MARKER TYPE         
El Sauce            Obstech                                 OBSERVER / AGENCY   
UNKNOWN             UBLOX-ZED-F9P                           REC # / TYPE / VERS 
UNKNWOWN            TWIVSP6037L                             ANT # / TYPE        
  1813185.0000 -5195981.0000 -3216438.0000                  APPROX POSITION XYZ 
        0.0000        0.0000        0.0000                  ANTENNA: DELTA H/E/N
G    8 C1C L1C D1C S1C C2X L2X D2X S2X                      SYS / # / OBS TYPES 
R    8 C1C L1C D1C S1C C2C L2C D2C S2C                      SYS / # / OBS TYPES 
E    8 C1X L1X D1X S1X C7X L7X D7X S7X                      SYS / # / OBS TYPES 
S    4 C1C L1C D1C S1C                                      SYS / # / OBS TYPES 
  2024    06    08    09    15   00.4900000     GPS         TIME OF FIRST OBS   
  2024    06    08    09    29   30.4900000     GPS         TIME OF LAST OBS    
                                                            END OF HEADER       
> 2024 06 08 09 15 00.4900000  0 27                     
G09  20457248.723   107503619.9711       2383.162          39.000    20457244.426    83769053.2861       1857.257          39.000  
E03  21764792.477   114374791.0251       1212.849          46.000    21764791.076    87637869.5241        929.435          46.000  
G19  21432836.189   112630332.6301       1540.911          43.000                                                                  
E06  22429555.897   117868206.2291      -3198.054          46.000                                                                  
R20  18208579.518    97369457.3641      -4288.359          36.000    18208577.340    75731868.3641      -3335.548          40.000  
R22  18671029.909    99667222.6191       2902.980          48.000    18671025.106    77518858.6811       2257.853          46.000  
R06  16812142.957    89712818.4511      -2227.757          39.000                                                                  
R07  17606090.315    94246815.2171        806.817          51.000    17606082.937    73303146.7191        627.317          47.000  
S31  35582848.577   186989202.6871       -787.371          46.000  
S33  36573029.019   192192622.5121       -786.874          41.000  
E05  18753172.414    98548647.7401      -1220.910          46.000    18753170.984    75511335.8311       -935.549          50.000  
E36  21408966.338   112505114.2241      -2150.871          47.000    21408965.914    86205284.4971      -1647.965          48.000  
R05  20639041.637                       -4298.301          19.000    20639034.064                       -3349.272          21.000  
R08  21431627.249   114765374.2751       2385.275          44.000    21431622.228    89262262.6001       1855.144          42.000  
R21  16092181.363    86112550.6721       -463.017          49.000    16092174.335    66976368.4231       -360.262          47.000  
E34  20490454.892   107678141.4311        264.095          47.000    20490453.852    82506650.3631        202.329          51.000  
E18  24876328.251   130726004.8301      -1541.960          45.000    24876326.798   100166660.7361      -1181.554          48.000  
G28  20799425.960   109301754.2821      -2008.209          42.000    20799419.561    85170165.6001      -1564.557          40.000  
E15  23800850.673   125074346.9701       1754.851          42.000    23800850.162    95836192.4731       1344.662          46.000  
E09  23329657.435   122598285.3551      -3282.000          44.000    23329655.355    93938997.5441      -2514.393          42.000  
G21  17069749.386    89702284.4211      -2660.762          48.000                                                                  
G17  19171018.141   100744382.8861        419.550          44.000    19171013.340    78502099.6181        326.760          41.000  
G02  16997661.595    89323392.2341      -1660.415          48.000                                                                  
G08  21105355.779   110909421.3531      -4360.062          37.000    21105354.919    86422900.8671      -3397.974          38.000  
G31  19930058.808   104733206.2321       -225.862          44.000    19930053.415    81610269.4191       -176.067          43.000  
G03  18048392.652    94845030.1961       -330.363          47.000    18048390.720    73905280.8751       -257.317          47.000  
G04  17573508.220    92349465.9071       1005.017          44.000    17573501.865    71960553.5841        782.932          43.000  
> 2024 06 08 09 15 30.4900000  0 26                     
G09  20443677.917   107432305.782        2370.380          40.000    20443675.986    83713483.904        1847.333          41.000  
E03  21757908.076   114338614.636        1198.575          46.000    21757906.916    87610149.971         918.391          46.000  
G19  21424087.735   112584361.556        1523.429          43.000                                                                  
E06  22447840.980   117964293.795       -3207.891          46.000                                                                  
R20  18232694.210    97498422.058       -4309.714          36.000    18232695.095    75832174.165       -3351.915          41.000  
R22  18654756.857    99580352.862        2888.105          48.000    18654751.767    77451293.332        2246.276          46.000  
R06  16824714.551    89779903.976       -2244.434          41.000                                                                  
R07  17601626.664    94222918.576         786.107          51.000    17601619.215    73284560.465         611.523          47.000  
S31  35587358.427   187012902.831        -792.957          46.000  
S33  36577535.266   192216301.790        -792.238          40.000  
E05  18760188.468    98585517.865       -1237.394          46.000    18760187.008    75539586.966        -948.063          50.000  
E36  21421286.453   112569856.501       -2165.633          47.000    21421286.078    86254892.217       -1659.299          49.000  
R08  21418299.525   114694008.165        2372.469          44.000    21418294.917    89206755.651        1845.121          42.000  
R21  16094863.967    86126902.134        -493.870          49.000    16094856.346    66987530.695        -384.224          47.000  
E34  20488984.865   107670414.774         250.757          48.000    20488983.434    82500729.937         192.225          51.000  
E18  24885142.062   130772323.415       -1546.194          44.000    24885140.927   100202151.597       -1184.785          48.000  
G28  20810952.838   109362326.759       -2030.371          42.000    20810946.335    85217364.929       -1581.842          39.000  
E15  23790846.136   125021771.292        1749.823          42.000    23790845.380    95795907.235        1340.720          46.000  
E09  23348416.455   122696864.257       -3290.478          44.000    23348414.257    94014532.058       -2521.306          42.000  
G21  17085008.347    89782469.984       -2685.009          48.000                                                                  
G17  19168694.652   100732172.715         394.053          45.000    19168689.838    78492585.182         307.220          41.000  
G02  17007208.237    89373561.418       -1684.348          47.000                                                                  
G08  21130256.502   111040282.815       -4363.852          37.000    21130256.653    86524870.835       -3400.947          38.000  
G31  19931405.780   104740283.725        -246.233          45.000    19931400.396    81615784.374        -191.857          42.000  
G03  18050303.555    94855071.761        -339.151          48.000    18050300.291    73913105.489        -264.374          46.000  
G04  17567830.599    92319632.650         983.659          44.000    17567825.624    71937306.920         766.435          43.000  
> 2024 06 08 09 16 00.4900000  0 26                     
G09  20430180.121   107361372.134        2358.121          43.000    20430178.893    83658211.060        1837.468          40.000  
E03  21751103.531   114302856.402        1185.086          46.000    21751102.325    87582750.803         908.057          47.000  
G19  21415438.407   112538906.842        1506.746          44.000                                                                  
E06  22466180.337   118060668.732       -3217.088          46.000                                                                  
R20  18256925.337    97628000.488       -4329.543          38.000    18256927.245    75932957.352       -3367.328          40.000  
R22  18638566.009    99493924.729        2873.875          48.000    18638561.099    77384071.480        2235.219          47.000  
R06  16837378.867    89847473.813       -2260.157          42.000                                                                  
R07  17597276.265    94199630.196         766.295          51.000    17597268.994    73266447.338         596.100          47.000  
S31  35591897.319   187036754.706        -797.356          46.000  
S33  36582069.962   192240133.317        -796.618          41.000  
E05  18767296.783    98622872.277       -1253.152          46.000    18767295.279    75568209.178        -960.083          50.000  
E36  21433688.873   112635032.132       -2179.485          47.000    21433688.448    86304831.993       -1669.974          48.000  
R08  21405042.604   114623015.857        2360.329          44.000    21405038.090    89151539.382        1835.819          42.000  
R21  16097718.069    86142171.611        -524.138          50.000    16097709.943    66999406.956        -407.643          46.000  
E34  20487588.034   107663076.116         238.314          48.000    20487587.160    82495106.818         182.612          51.000  
E18  24893978.568   130818759.376       -1549.503          45.000    24893977.343   100237732.393       -1187.367          48.000  
G28  20822604.627   109423557.853       -2051.782          42.000    20822598.203    85265077.467       -1598.663          39.000  
E15  23780868.594   124969342.345        1745.266          42.000    23780868.247    95755734.432        1337.287          45.000  
E09  23367222.304   122795689.527       -3298.028          44.000    23367219.790    94090255.316       -2526.965          42.000  
G21  17100404.086    89863372.450       -2708.481          48.000                                                                  
G17  19166515.108   100720716.128         369.360          44.000    19166509.519    78483657.940         288.140          41.000  
G02  17016889.487    89424437.953       -1707.555          47.000                                                                  
G08  21155177.213   111171235.990       -4366.750          37.000    21155176.306    86626912.203       -3402.379          38.000  
G31  19932868.914   104747968.829        -266.023          46.000    19932862.149    81621772.780        -207.236          41.000  
G03  18052263.470    94865370.312        -347.373          48.000    18052258.991    73921130.363        -270.711          45.000  
G04  17562273.205    92290427.470         963.410          45.000    17562268.358    71914549.638         750.517          44.000  
> 2024 06 08 09 16 30.4900000  0 26                     
G09  20416750.647   107290793.220        2347.253          45.000    20416746.582    83603214.555        1828.869          39.000  
E03  21744372.987   114267489.481        1172.808          45.000    21744372.497    87555651.467         898.676          47.000  
G19  21406882.486   112493943.741        1491.011          44.000                                                                  
E06  22484568.940   118157301.933       -3225.019          45.000                                                                  
R20  18281266.966    97758160.951       -4347.911          40.000    18281268.024    76034193.283       -3381.840          40.000  
R22  18622453.315    99407914.404        2860.476          49.000    18622448.703    77317174.568        2224.810          47.000  
R06  16850125.453    89915500.3881      -2274.844          40.000                                                                  
R07  17593033.928    94176922.044         747.759          51.000    17593026.097    73248785.464         581.554          47.000  
S31  35596459.381   187060730.254        -800.738          46.000  
S33  36586628.405   192264087.732        -800.148          40.000  
E05  18774491.680    98660682.463       -1267.469          46.000    18774490.265    75597180.626        -971.252          50.000  
E36  21446168.351   112700613.783       -2192.448          47.000    21446168.115    86355082.870       -1679.966          48.000  
R08  21391849.722   114552383.6361       2349.537          45.000    21391844.809    89096593.085        1827.309          43.000  
R21  16100738.013    86158332.424        -553.139          52.000    16100728.786    67011976.470        -430.334          44.000  
E34  20486260.669   107656099.481         226.814          48.000    20486259.725    82489761.081         173.875          51.000  
E18  24902831.919   130865284.835       -1552.134          45.000    24902830.945   100273381.752       -1189.204          48.000  
G28  20834376.073   109485419.283       -2072.119          42.000    20834369.474    85313281.209       -1614.624          38.000  
E15  23770914.678   124917033.889        1741.963          42.000    23770914.139    95715653.931        1334.882          45.000  
E09  23386069.136   122894732.174       -3304.621          44.000    23386067.283    94166145.138       -2532.086          42.000  
G21  17115929.791    89944963.347       -2730.715          48.000                                                                  
G17  19164473.068   100709986.551         346.091          44.000    19164467.569    78475297.232         269.531          41.000  
G02  17026700.467    89475994.600       -1729.322          48.000                                                                  
G08  21180108.879   111302250.618       -4367.838          38.000    21180107.228    86729001.548       -3403.994          38.000  
G31  19934441.897   104756235.567        -284.870          46.000    19934435.289    81628214.416        -221.998          41.000  
G03  18054266.600    94875898.103        -354.198          47.000    18054263.015    73929333.847        -275.998          46.000  
G04  17556830.021    92261823.721         944.000          45.000    17556826.002    71892261.011         735.435          45.000  
> 2024 06 08 09 17 00.4900000  0 26                     
G09  20403377.401   107220515.275        2338.040          44.000    20403372.522    83548452.493        1821.939          39.000  
E03  21737705.586   114232459.194        1162.789          44.000    21737706.639    87528810.102         890.952          47.000  
G19  21398409.425   112449418.517        1477.399          43.000                                                                  
E06  22502996.077   118254136.398       -3230.527          45.000                                                                  
R20  18305707.137    97888844.251       -4364.192          40.000    18305705.778    76135835.857       -3394.404          39.000  
R22  18606408.967    99322269.712        2849.297          48.000    18606404.804    77250562.042        2216.203          47.000  
R06  16862944.755    89983918.978       -2286.386          39.000                                                                  
R07  17588888.817    94154736.591         731.381          50.000    17588881.889    73231530.141         568.913          47.000  
S31  35601034.915   187084773.819        -802.118          46.000  
S33  36591200.099   192288111.982        -801.720          40.000  
E05  18781762.684    98698892.138       -1279.742          46.000    18781761.349    75626458.180        -980.525          50.000  
E36  21458715.073   112766546.229       -2203.025          46.000    21458714.514    86405602.541       -1687.968          48.000  
R08  21378711.066   114482030.085        2340.677          42.000    21378706.652    89041873.583        1820.530          43.000  
R21  16103913.449    86175329.736        -579.951          50.000    16103904.046    67025196.576        -451.049          44.000  
E34  20484991.919   107649431.010         217.772          48.000    20484991.028    82484651.486         166.854          52.000  
E18  24911692.561   130911844.036       -1551.996          44.000    24911690.872   100309056.979       -1189.089          48.000  
G28  20846256.858   109547854.920       -2089.905          41.000    20846250.029    85361932.340       -1628.296          37.000  
E15  23760972.655   124864791.885        1740.659          41.000    23760972.940    95675624.368        1334.000          46.000  
E09  23404946.866   122993935.378       -3308.865          44.000    23404944.993    94242158.005       -2535.579          42.000  
G21  17131576.070    90027186.718       -2750.602          47.000                                                                  
G17  19162559.376   100699929.786         324.467          44.000    19162554.197    78467460.783         252.910          41.000  
G02  17036630.736    89528175.820       -1749.355          48.000                                                                  
G08  21205040.761   111433268.708       -4366.871          38.000    21205039.433    86831093.589       -3402.916          38.000  
G31  19936115.141   104765030.253        -301.452          45.000    19936108.463    81635067.450        -234.918          41.000  
G03  18056302.513    94886599.592        -359.165          47.000    18056300.062    73937672.674        -279.911          46.000  
G04  17551490.462    92233766.870         926.792          44.000    17551486.408    71870398.529         722.129          44.000  
> 2024 06 08 09 17 30.4900000  0 26                     
G09  20390047.288   107150464.755        2331.713          43.000    20390042.431    83493867.742        1816.783          38.000  
E03  21731088.953   114197691.086        1155.215          44.000    21731090.466    87502169.625         885.199          48.000  
G19  21390005.682   112405257.867        1466.338          43.000                                                                  
E06  22521446.387   118351095.468       -3233.437          44.000                                                                  
R20  18330229.294    98019970.806       -4377.979          41.000    18330226.503    76237823.149       -3404.764          39.000  
R22  18590419.445    99236918.575        2840.522          48.000    18590415.476    77184177.852        2209.476          47.000  
R06  16875827.792    90052653.369       -2295.883          42.000                                                                  
R07  17584828.097    94132997.489         717.741          51.000    17584820.797    73214621.966         558.300          47.000  
S31  35605609.279   187108811.300        -800.499          46.000  
S33  36595770.601   192312129.365        -799.813          41.000  
E05  18789094.278    98737425.165       -1289.368          46.000    18789093.970    75655983.497        -987.826          50.000  
E36  21471313.650   112832754.494       -2211.128          46.000    21471313.564    86456333.560       -1694.273          48.000  
R08  21365613.111   114411892.492        2334.683          39.000    21365609.272    88987322.177        1815.807          43.000  
R21  16107230.902    86193088.716        -604.237          49.000    16107222.860    67039009.098        -469.819          44.000  
E34  20483767.392   107642997.100         211.001          48.000    20483766.827    82479721.616         161.668          52.000  
E18  24920544.565   130958361.452       -1549.361          45.000    24920542.993   100344700.203       -1187.183          49.000  
G28  20858233.212   109610788.853       -2105.627          42.000    20858225.958    85410971.783       -1640.771          37.000  
E15  23751029.704   124812542.505        1742.001          41.000    23751030.264    95635589.174        1334.938          46.000  
E09  23423840.686   123093222.495       -3310.455          44.000    23423838.785    94318235.138       -2536.567          43.000  
G21  17147327.806    90109966.304       -2768.122          46.000                                                                  
G17  19160759.755   100690471.662         305.695          44.000    19160754.430    78460090.847         238.115          41.000  
G02  17046664.625    89580906.223       -1766.392          48.000                                                                  
G08  21229958.553   111564212.497       -4363.362          38.000    21229957.439    86933127.665       -3399.951          39.000  
G31  19937874.630   104774278.760        -315.417          45.000    19937868.526    81642274.097        -245.679          41.000  
G03  18058357.912    94897399.468        -361.110          47.000    18058354.963    73946088.150        -281.483          46.000  
G04  17546241.030    92206182.589         912.010          44.000    17546236.876    71848904.272         710.767          44.000  
> 2024 06 08 09 18 00.4900000  0 26                     
G09  20376750.112   107080589.604        2326.665          42.000    20376745.482    83439419.604        1812.926          39.000  
E03  21724513.943   114163132.185        1148.775          45.000    21724514.044    87475689.446         880.277          48.000  
G19  21381661.027   112361410.484        1456.830          42.000                                                                  
E06  22539910.448   118448123.964       -3234.887          45.000                                                                  
R20  18354823.893    98151484.076       -4389.470          40.000    18354820.573    76340111.250       -3413.865          39.000  
R22  18574475.376    99151810.500        2833.241          48.000    18574471.426    77117982.693        2203.695          46.000  
R06  16888758.175    90121646.151       -2303.547          41.000                                                                  
R07  17580840.578    94111649.151         705.498          51.000    17580832.587    73198017.716         548.766          47.000  
S31  35610171.934   187132788.857        -797.899          46.000  
S33  36600329.171   192336086.267        -797.114          41.000  
E05  18796477.931    98776226.868       -1297.429          45.000    18796477.525    75685714.690        -994.140          50.000  
E36  21483954.938   112899185.055       -2217.592          46.000    21483954.778    86507234.894       -1699.181          47.000  
R08  21352545.446   114341917.531        2330.167          43.000    21352541.745    88932897.113        1812.577          42.000  
R21  16110682.413    86211555.825        -626.918          49.000    16110673.879    67053372.437        -487.650          44.000  
E34  20482577.689   107636745.581         205.797          48.000    20482577.210    82474931.494         157.811          52.000  
E18  24929377.779   131004783.048       -1545.373          45.000    24929376.639   100380270.011       -1184.043          49.000  
G28  20870294.043   109674166.538       -2119.489          42.000    20870286.842    85460356.988       -1651.422          38.000  
E15  23741076.079   124760233.395        1744.969          42.000    23741076.055    95595508.193        1337.229          46.000  
E09  23442739.826   123192538.341       -3310.352          44.000    23442738.013    94394334.312       -2536.649          43.000  
G21  17163176.316    90193247.153       -2783.779          47.000                                                                  
G17  19159063.802   100681559.378         288.308          45.000    19159058.604    78453146.210         224.564          41.000  
G02  17056793.046    89634132.702       -1781.982          48.000                                                                  
G08  21254851.148   111695025.562       -4357.594          39.000    21254851.126    87035059.946       -3395.763          39.000  
G31  19939710.789   104783929.042        -327.895          45.000    19939705.005    81649793.812        -255.781          42.000  
G03  18060422.342    94908243.928        -361.649          48.000    18060417.993    73954538.390        -281.901          45.000  
G04  17541072.479    92179017.955         898.789          44.000    17541067.281    71827737.029         700.624          43.000  
> 2024 06 08 09 18 30.4900000  0 26                     
G09  20363480.627   107010862.042        2321.965          42.000    20363476.837    83385086.475        1809.424          38.000  
E03  21717972.953   114128753.716        1143.227          46.000    21717971.691    87449347.498         876.037          47.000  
G19  21373370.672   112317849.569        1447.489          41.000                                                                  
E06  22558381.580   118545190.780       -3235.873          44.000                                                                  
R20  18379483.209    98283350.994       -4401.057          38.000    18379480.549    76442674.415       -3422.892          40.000  
R22  18558571.770    99066919.804        2826.282          47.000    18558568.007    77051956.603        2198.351          46.000  
R06  16901728.173    90190865.256       -2310.772          37.000                                                                  
R07  17576919.658    94090661.194         693.957          51.000    17576912.315    73181693.790         539.597          47.000  
S31  35614717.453   187156676.661        -794.449          46.000  
S33  36604871.292   192359954.814        -793.705          41.000  
E05  18803906.354    98815266.899       -1304.956          45.000    18803906.677    75715628.484        -999.891          50.000  
E36  21496632.970   112965808.670       -2223.775          46.000    21496632.603    86558284.148       -1703.825          47.000  
R08  21339503.466   114272076.249        2325.946          40.000    21339498.802    88878576.119        1809.066          42.000  
R21  16114261.007    86230702.712        -649.300          50.000    16114252.029    67068264.457        -504.872          45.000  
E34  20481417.554   107630648.566         201.042          48.000    20481417.089    82470259.769         154.030          52.000  
E18  24938187.662   131051079.055       -1540.878          44.000    24938186.371   100415743.577       -1180.549          49.000  
G28  20882432.957   109737957.740       -2132.965          42.000    20882426.465    85510064.442       -1661.768          38.000  
E15  23731105.975   124707836.523        1748.317          43.000    23731105.025    95555359.957        1339.686          46.000  
E09  23461638.377   123291852.066       -3309.864          43.000    23461636.752    94470431.841       -2536.132          43.000  
G21  17179114.339    90276999.462       -2799.213          49.000                                                                  
G17  19157466.137   100673164.651         271.505          46.000    19157461.132    78446604.854         211.561          41.000  
G02  17067010.549    89687825.814       -1797.343          48.000                                                                  
G08  21279713.346   111825675.991       -4351.815          39.000    21279713.252    87136865.431       -3391.092          40.000  
G31  19941618.443   104793952.859        -339.941          45.000    19941612.287    81657604.558        -265.024          42.000  
G03  18062488.835    94919103.406        -361.888          48.000    18062484.045    73963000.352        -282.105          45.000  
G04  17535977.531    92152244.376         886.291          45.000    17535971.141    71806874.531         690.582          42.000  
> 2024 06 08 09 19 00.4900000  0 26                     
G09  20350236.701   106941264.715        2317.602          42.000    20350232.282    83330854.914        1805.877          38.000  
E03  21711462.355   114094537.330        1137.854          46.000    21711460.088    87423129.757         871.907          47.000  
G19  21365132.310   112274557.325        1438.329          42.000                                                                  
E06  22576856.357   118642275.466       -3236.461          44.000                                                                  
R20  18404204.510    98415548.557       -4412.245          38.000    18404201.809    76545494.670       -3431.676          40.000  
R22  18542706.963    98982231.288        2819.394          47.000    18542702.618    76986087.786        2192.763          45.000  
R06  16914737.337    90260288.471       -2317.410          40.000                                                                  
R07  17573061.790    94070013.745         682.591          50.000    17573054.007    73165634.696         530.907          46.000  
S31  35619242.611   187180456.420        -791.069          45.000  
S33  36609392.384   192383714.840        -789.940          40.000  
E05  18811376.488    98854525.290       -1312.391          44.000    18811377.103    75745709.591       -1005.520          50.000  
E36  21509344.262   113032606.489       -2229.419          46.000    21509343.815    86609466.882       -1708.275          47.000  
R08  21326480.943   114202350.288        2321.936          41.000    21326478.223    88824344.809        1806.362          43.000  
R21  16117963.794    86250511.515        -671.455          51.000    16117954.463    67083671.305        -522.184          45.000  
E34  20480283.160   107624688.620         196.348          48.000    20480283.133    82465693.057         150.478          53.000  
E18  24946969.969   131097230.109       -1536.106          44.000    24946968.659   100451106.088       -1176.958          48.000  
G28  20894646.764   109802142.651       -2146.179          42.000    20894640.296    85560078.703       -1672.559          37.000  
E15  23721114.732   124655334.248        1752.051          42.000    23721114.053    95515130.967        1342.310          45.000  
E09  23480532.914   123391143.225       -3309.261          43.000    23480531.288    94546512.076       -2535.568          43.000  
G21  17195138.116    90361202.956       -2814.256          48.000                                                                  
G17  19155963.938   100665269.341         254.790          45.000    19155957.881    78440452.648         198.503          41.000  
G02  17077312.939    89741966.314       -1812.088          48.000                                                                  
G08  21304540.757   111956142.157       -4346.013          39.000    21304539.322    87238527.367       -3386.206          39.000  
G31  19943593.708   104804332.426        -351.871          46.000    19943587.603    81665692.519        -274.125          42.000  
G03  18064554.041    94929958.796        -361.825          48.000    18064550.518    73971459.113        -281.927          46.000  
G04  17530954.086    92125843.659         873.808          46.000    17530946.843    71786302.559         680.827          42.000  
> 2024 06 08 09 19 30.4900000  0 27                     
G09  20337013.841   106871781.309        2313.996          43.000    20337008.981    83276712.078        1802.828          38.000  
E03  21704979.474   114060465.746        1133.115          47.000    21704976.304    87397022.978         868.280          46.000  
G19  21356942.235   112231517.921        1430.161          41.000                                                                  
E06  22595330.606   118739358.469       -3236.280          44.000                                                                  
R05  20855946.527                       -4342.612          11.000                                                                  
R20  18428983.845    98548056.354       -4422.221          39.000    18428981.392    76648556.291       -3439.490          40.000  
R22  18526877.319    98897730.966        2813.357          48.000    18526872.473    76920365.328        2188.112          44.000  
R06  16927783.561    90329894.564       -2323.198          42.000                                                                  
R07  17569264.033    94049687.657         672.008          50.000    17569256.065    73149825.553         522.698          46.000  
S31  35623743.747   187204109.498        -786.582          45.000  
S33  36613890.372   192407348.689        -785.632          40.000  
E05  18818885.126    98893983.111       -1318.732          43.000    18818885.631    75775943.496       -1010.537          49.000  
E36  21522084.977   113099560.697       -2234.482          46.000    21522084.896    86660769.460       -1712.139          47.000  
R08  21313478.400   114132722.344        2319.100          42.000    21313475.940    88770189.849        1803.606          41.000  
R21  16121785.380    86270965.390        -692.774          50.000    16121777.500    67099579.868        -538.719          45.000  
E34  20479171.935   107618849.289         192.560          48.000    20479172.071    82461218.770         147.477          53.000  
E18  24955720.848   131143217.865       -1530.344          44.000    24955719.813   100486343.474       -1172.488          48.000  
G28  20906932.105   109866702.442       -2158.270          41.000    20906925.103    85610385.049       -1681.909          36.000  
E15  23711100.499   124602709.963        1755.841          42.000    23711100.182    95474808.472        1345.492          45.000  
E09  23499419.344   123490392.384       -3307.906          42.000    23499417.637    94622560.132       -2534.448          43.000  
G21  17211243.608    90445838.468       -2828.501          48.000                                                                  
G17  19154553.826   100657856.415         238.572          45.000    19154546.683    78434676.322         186.218          41.000  
G02  17087697.690    89796536.472       -1826.486          48.000                                                                  
G08  21329328.559   112086403.442       -4338.933          39.000    21329327.233    87340029.692       -3381.176          39.000  
G31  19945633.479   104815051.431        -363.154          46.000    19945627.412    81674045.006        -282.969          43.000  
G03  18066615.395    94940791.983        -360.837          48.000    18066612.470    73979900.559        -281.157          47.000  
G04  17525998.257    92099798.598         861.948          46.000    17525990.882    71766007.731         671.616          42.000  
> 2024 06 08 09 20 00.4900000  0 26                     
G09  20323814.383   106802415.088        2310.300          43.000    20323808.675    83222660.496        1800.572          37.000  
E03  21698523.174   114026541.269        1128.467          46.000    21698520.647    87371028.915         864.667          46.000  
G19  21348801.339   112188735.044        1421.791          42.000                                                                  
E06  22613804.864   118836439.861       -3236.052          44.000                                                                  
R20  18453820.970    98680872.324       -4432.691          40.000    18453818.504    76751857.599       -3447.094          40.000  
R22  18511083.606    98813424.631        2807.018          47.000    18511079.117    76854793.748        2183.047          44.000  
R06  16940861.987    90399682.868       -2329.168          39.000                                                                  
R07  17565527.629    94029684.787         661.393          50.000    17565519.599    73134267.781         514.495          46.000  
S31  35628221.050   187227638.046        -782.139          45.000  
S33  36618363.551   192430857.829        -781.688          40.000  
E05  18826433.089    98933641.024       -1325.143          44.000    18826432.354    75806330.721       -1015.544          49.000  
E36  21534856.698   113166673.082       -2239.697          46.000    21534856.383    86712193.221       -1716.085          48.000  
R08  21300496.143   114063195.397        2315.562          42.000    21300491.963    88716113.372        1801.319          42.000  
R21  16125727.648    86292066.739        -714.238          49.000    16125720.976    67115992.043        -555.553          45.000  
E34  20478084.415   107613133.783         188.536          48.000    20478084.495    82456839.357         144.408          53.000  
E18  24964440.790   131189043.686       -1524.863          44.000    24964439.926   100521456.780       -1168.386          48.000  
G28  20919288.466   109931637.907       -2170.587          42.000    20919281.119    85660984.141       -1691.565          36.000  
E15  23701063.328   124549966.649        1760.233          43.000    23701063.438    95434394.793        1348.690          45.000  
E09  23518298.029   123589599.734       -3306.113          42.000    23518296.251    94698576.155       -2533.285          43.000  
G21  17227431.250    90530906.754       -2842.881          47.000                                                                  
G17  19153235.290   100650928.091         222.881          45.000    19153227.986    78429277.652         173.569          41.000  
G02  17098164.125    89851537.924       -1840.607          48.000                                                                  
G08  21354076.519   112216458.938       -4331.887          38.000    21354076.467    87441371.627       -3375.511          39.000  
G31  19947738.587   104826112.910        -374.420          47.000    19947732.234    81682664.351        -291.677          43.000  
G03  18068673.758    94951604.564        -360.180          49.000    18068669.923    73988325.946        -280.667          46.000  
G04  17521109.193    92074111.565         850.446          45.000    17521103.816    71745991.897         662.436          43.000  
> 2024 06 08 09 20 30.4900000  0 26                     
G09  20310636.753   106733168.067        2306.549          42.000    20310632.114    83168701.881        1797.330          38.000  
E03  21692095.232   113992764.986        1123.639          46.000    21692093.601    87345148.417         861.065          47.000  
G19  21340709.459   112146211.255        1413.307          42.000                                                                  
E06  22632278.273   118933518.609       -3235.795          45.000                                                                  
R20  18478715.462    98813994.210       -4442.222          40.000    18478713.114    76855396.864       -3455.000          40.000  
R22  18495327.815    98729316.992        2800.329          47.000    18495322.859    76789376.707        2177.971          44.000  
R06  16953970.504    90469651.363       -2335.244          37.000                                                                  
R07  17561851.478    94010004.744         650.897          51.000    17561843.362    73118961.118         506.200          46.000  
S31  35632674.773   187251043.054        -778.071          46.000  
S33  36622813.974   192454244.077        -777.348          40.000  
E05  18834018.125    98973498.475       -1331.792          45.000    18834017.154    75836870.849       -1020.463          50.000  
E36  21547658.402   113233944.223       -2244.794          46.000    21547657.868    86763738.640       -1720.094          48.000  
R08  21287532.396   113993771.026        2312.711          44.000    21287527.422    88662116.596        1798.531          42.000  
R21  16129791.829    86313817.765        -735.724          49.000    16129784.962    67132909.509        -572.291          44.000  
E34  20477020.221   107607544.084         184.285          48.000    20477020.706    82452556.339         141.275          53.000  
E18  24973130.559   131234707.613       -1519.164          44.000    24973129.319   100556446.034       -1164.096          48.000  
G28  20931717.195   109996948.576       -2183.038          41.000    20931709.174    85711875.565       -1701.276          36.000  
E15  23691004.459   124497106.222        1763.898          43.000    23691004.425    95393891.357        1351.715          45.000  
E09  23537168.404   123688764.319       -3304.629          43.000    23537166.686    94774559.407       -2532.159          44.000  
G21  17243700.987    90616407.078       -2857.048          47.000                                                                  
G17  19152008.798   100644485.634         206.879          45.000    19152002.279    78424257.547         161.345          41.000  
G02  17108712.514    89906971.189       -1854.852          48.000                                                                  
G08  21378785.579   112346306.549       -4324.726          37.000    21378786.209    87542551.529       -3369.515          40.000  
G31  19949908.847   104837518.156        -385.736          47.000    19949902.767    81691551.588        -300.550          43.000  
G03  18070727.321    94962396.821        -359.126          49.000    18070723.336    73996735.520        -279.926          46.000  
G04  17516289.095    92048783.792         838.477          44.000    17516285.204    71726255.965         653.610          44.000  
> 2024 06 08 09 21 00.4900000  0 26                     
G09  20297480.174   106664031.993        2302.708          42.000    20297475.977    83114829.665        1794.575          38.000  
E03  21685694.935   113959127.691        1119.032          46.000    21685692.771    87319374.416         857.405          47.000  
G19  21332665.509   112103938.744        1404.956          42.000                                                                  
E06  22650749.128   119030583.275       -3235.160          45.000                                                                  
R20  18503665.272    98947408.579       -4451.909          40.000    18503662.158    76959163.594       -3462.661          39.000  
R22  18479608.114    98645402.121        2793.957          48.000    18479602.562    76724109.577        2172.913          43.000  
R06  16967116.477    90539786.808       -2340.410          42.000                                                                  
R07  17558233.093    93990636.771         640.520          51.000    17558225.201    73103897.170         498.069          46.000  
S31  35637103.315   187274313.937        -773.531          46.000  
S33  36627238.758   192477496.850        -772.875          40.000  
E05  18841639.216    99013544.550       -1337.817          46.000    18841637.829    75867555.521       -1025.081          50.000  
E36  21560487.676   113301364.332       -2249.608          46.000    21560487.557    86815398.215       -1723.753          48.000  
R08  21274584.502   113924440.058        2309.650          44.000    21274580.924    88608192.492        1796.301          44.000  
R21  16133977.275    86336209.520        -756.925          50.000    16133969.343    67150325.307        -588.691          45.000  
E34  20475979.176   107602071.801         180.655          47.000    20475979.172    82448363.299         138.299          53.000  
E18  24981787.418   131280199.430       -1513.456          44.000    24981785.925   100591303.391       -1159.576          47.000  
G28  20944214.782   110062623.668       -2194.897          40.000    20944206.908    85763050.950       -1710.669          36.000  
E15  23680921.610   124444120.129        1768.400          43.000    23680921.552    95353291.643        1354.928          46.000  
E09  23556028.839   123787874.798       -3302.663          43.000    23556026.911    94850501.192       -2530.535          44.000  
G21  17260050.854    90702328.286       -2870.782          47.000                                                                  
G17  19150873.838   100638520.189         191.089          45.000    19150867.645    78419609.173         148.629          42.000  
G02  17119341.652    89962826.314       -1868.895          48.000                                                                  
G08  21403452.807   112475933.772       -4316.944          38.000    21403453.770    87643559.749       -3363.712          40.000  
G31  19952143.002   104849258.771        -396.721          46.000    19952136.900    81700700.139        -309.343          42.000  
G03  18072774.746    94973158.832        -358.243          49.000    18072771.405    74005121.524        -279.212          46.000  
G04  17511536.084    92023806.059         827.021          44.000    17511532.000    71706792.805         644.329          44.000  
> 2024 06 08 09 21 30.4900000  0 26                     
G09  20284347.545   106595014.714        2298.606          41.000    20284343.420    83061050.002        1791.255          38.000  
E03  21679320.115   113925636.236        1113.952          45.000    21679319.505    87293712.136         853.556          47.000  
G19  21324670.089   112061925.503        1396.108          41.000                                                                  
E06  22669217.918   119127638.594       -3234.884          44.000                                                                  
R20  18528670.035    99081119.063       -4461.793          41.000    18528666.634    77063160.625       -3470.386          39.000  
R22  18463926.653    98561690.554        2787.034          48.000    18463921.544    76659000.590        2167.692          44.000  
R06  16980293.144    90610093.108       -2346.427          43.000                                                                  
R07  17554674.835    93971587.353         629.736          52.000    17554666.977    73089080.992         489.757          47.000  
S31  35641507.453   187297457.813        -769.246          45.000  
S33  36631639.218   192500621.808        -768.727          40.000  
E05  18849297.242    99053784.540       -1344.415          46.000    18849295.547    75898388.781       -1030.178          50.000  
E36  21573346.036   113368939.800       -2254.920          44.000    21573346.747    86867176.805       -1727.771          49.000  
R08  21261656.759   113855209.861        2306.024          47.000    21261652.081    88554346.766        1793.649          44.000  
R21  16138284.049    86359249.573        -778.729          51.000    16138274.757    67168245.343        -605.779          45.000  
E34  20474961.476   107596724.743         176.198          47.000    20474961.564    82444266.196         135.096          53.000  
E18  24990412.756   131325525.014       -1508.154          44.000    24990411.170   100626033.379       -1155.479          48.000  
G28  20956782.184   110128668.443       -2207.843          40.000    20956775.295    85814514.398       -1720.111          37.000  
E15  23670816.743   124391016.056        1772.131          43.000    23670816.079    95312601.513        1357.882          46.000  
E09  23574879.629   123886936.013       -3301.170          43.000    23574877.700    94926405.231       -2529.300          44.000  
G21  17276481.792    90788675.529       -2885.460          47.000                                                                  
G17  19149831.066   100633038.820         174.720          45.000    19149825.078    78415337.973         136.159          42.000  
G02  17130051.853    90019109.420       -1883.041          48.000                                                                  
G08  21428079.283   112605344.364       -4310.219          38.000    21428079.818    87744399.142       -3358.458          39.000  
G31  19954442.021   104861342.060        -408.497          44.000    19954436.166    81710115.695        -318.484          42.000  
G03  18074818.434    94983896.761        -357.498          48.000    18074815.075    74013488.733        -278.562          47.000  
G04  17506851.596    91999185.329         814.813          44.000    17506846.859    71687607.792         635.022          44.000  
> 2024 06 08 09 22 00.4900000  0 26                     
G09  20271236.888   106526118.910        2294.182          40.000    20271232.445    83007365.000        1787.876          37.000  
E03  21672974.894   113892292.367        1108.980          45.000    21672974.818    87268162.946         849.734          48.000  
G19  21316725.451   112020174.503        1387.350          42.000                                                                  
E06  22687685.263   119224684.158       -3234.572          44.000                                                                  
R20  18553730.336    99215124.257       -4471.677          40.000    18553726.076    77167386.842       -3477.740          39.000  
R22  18448283.938    98478187.730        2779.833          48.000    18448278.316    76594053.943        2162.130          44.000  
R06  16993498.805    90680568.805       -2352.128          39.000                                                                  
R07  17551175.146    93952856.279         619.110          51.000    17551167.964    73074512.410         481.499          47.000  
S31  35645887.343   187320475.330        -765.059          45.000  
S33  36636015.882   192523620.971        -764.664          40.000  
E05  18856991.584    99094218.550       -1350.920          47.000    18856990.406    75929370.710       -1035.257          51.000  
E36  21586234.650   113436671.844       -2260.348          44.000    21586236.061    86919075.388       -1732.025          48.000  
R08  21248748.601   113786082.719        2302.658          46.000    21248743.433    88500581.214        1790.877          43.000  
R21  16142711.039    86382940.245        -800.585          51.000    16142702.234    67186671.411        -622.691          46.000  
E34  20473967.532   107591505.551         171.780          47.000    20473968.053    82440267.082         131.586          52.000  
E18  24999006.763   131370685.159       -1502.512          45.000    24999004.978   100660636.609       -1151.374          47.000  
G28  20969420.795   110195083.135       -2220.160          40.000    20969414.200    85866266.121       -1729.712          37.000  
E15  23660689.510   124337796.541        1775.899          43.000    23660688.652    95271822.921        1360.755          46.000  
E09  23593720.669   123985947.660       -3299.448          43.000    23593718.981    95002271.316       -2528.326          44.000  
G21  17292995.145    90875449.177       -2899.420          48.000                                                                  
G17  19148880.885   100628043.245         158.490          46.000    19148874.501    78411445.325         123.591          41.000  
G02  17140843.692    90075821.576       -1897.526          48.000                                                                  
G08  21452663.683   112734536.799       -4302.591          38.000    21452663.707    87845068.581       -3352.841          39.000  
G31  19956806.710   104873770.347        -420.161          44.000    19956801.091    81719800.067        -327.223          42.000  
G03  18076857.872    94994611.668        -356.779          49.000    18076854.412    74021838.033        -278.028          47.000  
G04  17502234.896    91974923.388         802.764          45.000    17502229.879    71668702.404         625.548          44.000  
> 2024 06 08 09 22 30.4900000  0 26                     
G09  20258152.012   106457357.682        2290.012          42.000    20258147.807    82953784.869        1784.080          38.000  
E03  21666660.978   113859108.289        1103.465          46.000    21666660.483    87242736.182         845.630          49.000  
G19  21308832.963   111978699.473        1377.830          43.000                                                                  
E06  22706152.472   119321730.033       -3235.015          44.000                                                                  
R20  18578847.230    99349432.719       -4481.655          39.000    18578842.303    77271848.964       -3485.780          38.000  
R22  18432682.878    98394909.466        2772.163          48.000    18432677.579    76529281.974        2155.975          44.000  
R06  17006738.632    90751223.093       -2358.199          42.000                                                                  
R07  17547737.459    93934454.896         607.892          50.000    17547729.911    73060200.248         472.932          47.000  
S31  35650245.614   187343378.580        -761.377          45.000  
S33  36640370.549   192546505.779        -760.802          40.000  
E05  18864725.113    99134857.115       -1357.911          47.000    18864723.852    75960509.358       -1040.511          51.000  
E36  21599155.458   113504572.084       -2266.063          43.000    21599156.639    86971102.846       -1736.410          48.000  
R08  21235861.729   113717071.469        2298.642          46.000    21235856.269    88446905.759        1787.778          44.000  
R21  16147261.690    86407294.239        -822.874          51.000    16147253.678    67205613.389        -639.893          46.000  
E34  20473000.222   107586427.289         166.925          46.000    20473001.427    82436375.939         127.974          52.000  
E18  25007570.763   131415691.031       -1497.678          45.000    25007569.634   100695121.629       -1147.644          48.000  
G28  20982131.200   110261878.257       -2232.922          41.000    20982125.361    85918314.311       -1740.094          38.000  
E15  23650541.890   124284474.491        1779.027          43.000    23650541.798    95230965.770        1363.307          46.000  
E09  23612554.508   124084919.880       -3298.390          43.000    23612552.807    95078107.174       -2527.426          44.000  
G21  17309591.261    90962659.391       -2914.276          49.000                                                                  
G17  19148025.147   100623545.776         141.659          46.000    19148018.143    78407940.817         110.338          41.000  
G02  17151719.549    90132974.245       -1912.385          48.000                                                                  
G08  21477208.240   112863520.188       -4295.789          39.000    21477208.307    87945575.114       -3347.845          39.000  
G31  19959240.283   104886556.640        -432.165          45.000    19959234.262    81729763.422        -336.751          42.000  
G03  18078894.710    95005315.016        -356.529          49.000    18078891.304    74030178.315        -277.761          47.000  
G04  17497688.840    91951032.450         790.166          46.000    17497682.222    71650086.102         615.802          43.000  
> 2024 06 08 09 23 00.4900000  0 26                     
G09  20245095.245   106388741.249        2284.680          42.000    20245091.150    82900317.568        1780.334          39.000  
E03  21660378.236   113826093.153        1097.521          46.000    21660378.009    87217438.878         841.049          49.000  
G19  21300995.023   111937510.665        1367.986          43.000                                                                  
E06  22724620.974   119418783.192       -3235.291          44.000                                                                  
R20  18604020.756    99484049.565       -4492.487          39.000    18604016.186    77376550.948       -3494.154          38.000  
R22  18417126.457    98311868.762        2763.876          48.000    18417120.559    76464694.770        2149.678          44.000  
R06  17020015.962    90822061.834       -2364.485          43.000                                                                  
R07  17544363.344    93916391.287         596.367          50.000    17544355.929    73046150.815         463.910          47.000  
S31  35654583.772   187366175.399        -758.266          45.000  
S33  36644705.519   192569285.180        -757.424          40.000  
E05  18872498.766    99175707.824       -1365.362          47.000    18872497.486    75991810.554       -1046.219          52.000  
E36  21612109.863   113572649.231       -2272.200          44.000    21612110.983    87023265.855       -1741.175          47.000  
R08  21222997.917   113648185.899        2293.864          44.000    21222992.492    88393328.104        1784.238          44.000  
R21  16151938.095    86432321.607        -845.532          50.000    16151930.938    67225079.135        -657.624          46.000  
E34  20472062.553   107581500.083         161.664          46.000    20472063.634    82432600.549         123.805          51.000  
E18  25016107.402   131460550.885       -1493.064          45.000    25016106.317   100729494.747       -1144.120          48.000  
G28  20994916.107   110329061.478       -2246.170          41.000    20994909.835    85970664.880       -1750.105          37.000  
E15  23640377.163   124231059.938        1781.948          43.000    23640377.597    95190037.749        1365.447          46.000  
E09  23631382.400   124183859.850       -3297.614          43.000    23631380.557    95153918.318       -2526.683          45.000  
G21  17326271.925    91050313.546       -2929.464          49.000                                                                  
G17  19147265.622   100619555.628         124.391          45.000    19147258.188    78404831.600          96.834          41.000  
G02  17162680.406    90190575.830       -1927.484          48.000                                                                  
G08  21501714.128   112992300.570       -4289.568          38.000    21501714.492    88045923.428       -3342.727          39.000  
G31  19961743.874   104899710.642        -444.734          46.000    19961737.806    81740013.319        -346.478          43.000  
G03  18080930.251    95016015.357        -356.797          48.000    18080926.804    74038516.243        -278.002          46.000  
G04  17493214.263    91927521.742         777.326          45.000    17493207.878    71631766.096         605.670          43.000  
> 2024 06 08 09 23 30.4900000  0 26                     
G09  20232067.462   106320281.875        2279.197          42.000    20232062.936    82846972.683        1776.453          37.000  
E03  21654130.099   113793258.289        1091.516          46.000    21654129.524    87192279.728         836.268          49.000  
G19  21293214.289   111896621.159        1358.171          43.000                                                                  
E06  22743092.817   119515853.012       -3235.942          44.000                                                                  
R20  18629253.531    99618982.885       -4502.536          39.000    18629249.704    77481499.092       -3502.660          39.000  
R22  18401617.738    98229080.800        2755.306          48.000    18401611.875    76400304.161        2142.994          44.000  
R06  17033327.145    90893093.104       -2370.943          40.000                                                                  
R07  17541052.888    93898676.076         584.772          50.000    17541046.828    73032372.364         454.754          47.000  
S31  35658903.715   187388878.230        -755.086          45.000  
S33  36649022.401   192591969.400        -754.398          40.000  
E05  18880314.014    99216780.380       -1372.743          46.000    18880313.373    76023281.739       -1051.842          52.000  
E36  21625101.660   113640914.130       -2278.567          44.000    21625101.020    87075572.722       -1745.966          47.000  
R08  21210158.848   113579437.899        2289.538          39.000    21210153.774    88339857.425        1780.966          41.000  
R21  16156743.374    86458034.036        -868.531          50.000    16156736.175    67245077.703        -675.539          46.000  
E34  20471155.343   107576736.215         156.125          45.000    20471156.871    82428950.315         119.544          51.000  
E18  25024618.332   131505275.109       -1488.477          45.000    25024616.996   100763763.946       -1140.434          48.000  
G28  21007776.824   110396642.453       -2259.272          42.000    21007769.335    86023325.396       -1760.313          37.000  
E15  23630197.897   124177565.081        1784.540          43.000    23630198.237    95149048.198        1367.284          46.000  
E09  23650205.568   124282776.902       -3296.876          43.000    23650203.963    95229711.911       -2526.233          45.000  
G21  17343037.667    91138421.486       -2944.415          48.000                                                                  
G17  19146604.297   100616084.374         107.046          45.000    19146597.267    78402126.712          83.462          41.000  
G02  17173729.642    90248636.883       -1942.957          49.000                                                                  
G08  21526183.622   113120886.146       -4282.942          39.000    21526183.819    88146119.971       -3337.520          39.000  
G31  19964319.080   104913244.331        -457.424          45.000    19964313.015    81750559.086        -356.389          43.000  
G03  18082968.199    95026723.398        -356.997          48.000    18082963.695    74046860.173        -278.114          46.000  
G04  17488814.890    91904402.648         764.068          45.000    17488807.967    71613751.220         595.373          42.000  
> 2024 06 08 09 24 00.4900000  0 26                     
G09  20219071.698   106251988.879        2274.089          41.000    20219065.627    82793757.426        1772.087          37.000  
E03  21647919.018   113760612.140        1085.561          47.000    21647916.770    87167265.149         831.706          48.000  
G19  21285491.853   111856040.700        1348.162          43.000                                                                  
E06  22761568.925   119612945.739       -3236.329          44.000                                                                  
R20  18654546.338    99754237.490       -4513.148          40.000    18654543.707    77586697.107       -3510.350          39.000  
R22  18386158.230    98146557.647        2746.788          48.000    18386152.522    76336119.491        2136.336          44.000  
R06  17046672.365    90964322.698       -2377.173          36.000                                                                  
R07  17537810.234    93881316.193         573.261          50.000    17537803.852    73018870.267         445.868          46.000  
S31  35663207.488   187411493.167        -751.881          45.000  
S33  36653322.446   192614567.195        -751.400          40.000  
E05  18888172.387    99258081.557       -1379.943          45.000    18888172.652    76054928.098       -1057.420          52.000  
E36  21638129.568   113709374.621       -2284.821          45.000    21638128.459    87128029.446       -1750.579          47.000  
R08  21197346.305   113510836.306        2284.883          39.000    21197343.544    88286500.772        1777.102          43.000  
R21  16161678.452    86484440.648        -891.422          50.000    16161671.068    67265616.181        -693.312          46.000  
E34  20470280.898   107572145.001         150.563          44.000    20470282.893    82425432.368         115.336          51.000  
E18  25033104.672   131549871.145       -1483.954          44.000    25033103.496   100797934.929       -1136.988          48.000  
G28  21020714.095   110464628.023       -2272.637          41.000    21020706.541    86076301.170       -1770.817          38.000  
E15  23620004.985   124123999.175        1787.147          43.000    23620005.356    95108004.195        1369.367          47.000  
E09  23669025.648   124381677.427       -3295.769          42.000    23669024.069    95305492.841       -2525.400          45.000  
G21  17359890.694    91226989.468       -2959.449          47.000                                                                  
G17  19146044.570   100613140.189          89.859          45.000    19146037.349    78399832.542          69.895          42.000  
G02  17184867.260    90307165.185       -1958.276          49.000                                                                  
G08  21550617.051   113249282.208       -4275.819          39.000    21550617.006    88246168.827       -3331.779          40.000  
G31  19966968.115   104927166.256        -470.148          45.000    19966962.430    81761407.355        -366.189          44.000  
G03  18085008.492    95037446.903        -357.231          48.000    18085004.097    74055216.179        -278.221          46.000  
G04  17484491.500    91881683.529         751.148          45.000    17484484.875    71596048.033         585.260          43.000  
> 2024 06 08 09 24 30.4900000  0 26                     
G09  20206107.935   106183860.960        2268.141          43.000    20206103.297    82740670.818        1767.532          40.000  
E03  21641741.210   113728152.310        1078.711          46.000    21641739.528    87142393.331         826.506          48.000  
G19  21277828.373   111815768.175        1337.084          43.000                                                                  
E06  22780048.571   119710056.905       -3237.466          44.000                                                                  
R20  18679897.659    99889807.692       -4524.342          40.000    18679895.579    77692140.591       -3518.797          38.000  
R22  18370748.518    98064300.566        2737.168          49.000    18370742.782    76272141.770        2128.914          44.000  
R06  17060059.062    91035744.474       -2384.272          42.000                                                                  
R07  17534633.178    93864307.863         560.973          51.000    17534625.768    73005641.571         436.241          46.000  
S31  35667493.690   187434018.321        -749.529          45.000  
S33  36657605.187   192637074.921        -749.137          40.000  
E05  18896073.576    99299607.369       -1388.105          44.000    18896074.724    76086746.577       -1063.686          52.000  
E36  21651193.771   113778027.828       -2291.761          45.000    21651192.819    87180633.841       -1756.041          47.000  
R08  21184561.556   113442379.232        2279.149          41.000    21184559.931    88233256.384        1772.816          41.000  
R21  16166742.744    86511539.404        -915.080          51.000    16166735.016    67286692.975        -711.609          46.000  
E34  20469439.079   107567725.002         144.233          44.000    20469441.590    82422045.608         110.500          50.000  
E18  25041565.840   131594335.657       -1479.886          44.000    25041564.763   100832005.146       -1134.046          48.000  
G28  21033727.193   110533014.104       -2286.411          42.000    21033719.990    86129589.054       -1781.825          38.000  
E15  23609797.656   124070360.661        1788.996          44.000    23609798.459    95066904.572        1370.820          47.000  
E09  23687841.581   124480557.094       -3295.800          42.000    23687840.474    95381257.765       -2525.393          46.000  
G21  17376831.517    91316013.211       -2975.200          48.000                                                                  
G17  19145584.635   100610721.090          71.775          45.000    19145577.319    78397947.533          55.914          42.000  
G02  17196092.897    90366157.512       -1974.320          49.000                                                                  
G08  21575012.634   113377483.366       -4270.245          39.000    21575012.864    88346065.812       -3327.445          39.000  
G31  19969690.679   104941474.975        -483.548          45.000    19969685.376    81772557.020        -376.784          44.000  
G03  18087051.565    95048182.873        -358.362          48.000    18087047.774    74063581.892        -279.339          46.000  
G04  17480244.041    91859362.048         737.279          45.000    17480237.827    71578654.693         574.294          43.000  
> 2024 06 08 09 25 00.4900000  0 26                     
G09  20193176.811   106115903.887        2262.328          45.000    20193172.608    82687717.310        1762.950          39.000  
E03  21635600.467   113695883.610        1072.536          47.000    21635599.006    87117667.985         821.717          48.000  
G19  21270224.114   111775809.422        1326.743          43.000                                                                  
E06  22798532.253   119807189.270       -3238.059          44.000                                                                  
R20  18705310.150   100025694.206       -4534.984          40.000    18705306.355    77797830.105       -3527.053          38.000  
R22  18355389.770    97982318.061        2728.132          48.000    18355384.891    76208377.637        2122.009          45.000  
R06  17073481.389    91107360.582       -2390.558          41.000                                                                  
R07  17531522.419    93847655.020         549.268          50.000    17531515.297    72992689.383         427.166          47.000  
S31  35671764.151   187456458.060        -746.472          45.000  
S33  36661872.086   192659497.783        -746.086          40.000  
E05  18904017.923    99341361.042       -1395.529          44.000    18904020.016    76118739.630       -1069.293          52.000  
E36  21664295.137   113846878.037       -2298.052          44.000    21664294.788    87233389.179       -1760.889          47.000  
R08  21171806.320   113374071.979        2274.461          42.000    21171803.708    88180128.556        1768.972          43.000  
R21  16171937.580    86539335.401        -938.189          51.000    16171928.807    67308312.068        -729.604          46.000  
E34  20468631.702   107563481.956         138.560          44.000    20468634.164    82418794.441         106.166          50.000  
E18  25050002.285   131638672.589       -1475.631          44.000    25050001.835   100865977.595       -1130.615          48.000  
G28  21046817.638   110601803.926       -2299.670          43.000    21046810.617    86183191.518       -1792.090          39.000  
E15  23599578.146   124016655.266        1791.355          44.000    23599578.580    95025753.693        1372.574          47.000  
E09  23706654.392   124579418.757       -3295.049          42.000    23706653.236    95457008.896       -2524.795          46.000  
G21  17393859.684    91405495.967       -2990.542          48.000                                                                  
G17  19145225.475   100608831.910          54.031          46.000    19145218.054    78396475.442          42.170          43.000  
G02  17207407.542    90425617.939       -1989.709          48.000                                                                  
G08  21599371.985   113505491.320       -4263.587          38.000    21599371.510    88445812.261       -3322.387          39.000  
G31  19972487.709   104956175.731        -496.635          45.000    19972482.690    81784012.151        -386.983          43.000  
G03  18089097.434    95058935.541        -358.667          48.000    18089094.307    74071960.600        -279.453          46.000  
G04  17476073.248    91837443.002         724.017          46.000    17476066.698    71561574.915         564.215          44.000  
> 2024 06 08 09 25 30.4900000  0 26                     
G09  20180281.380   106048140.345        2255.429          43.000    20180277.032    82634914.570        1757.409          39.000  
E03  21629501.029   113663827.893        1064.812          47.000    21629498.932    87093105.806         815.934          48.000  
G19  21262684.687   111736187.764        1314.846          42.000                                                                  
E06  22817023.566   119904362.589       -3240.059          44.000                                                                  
R20  18730785.278   100161915.829       -4546.369          41.000    18730780.635    77903780.230       -3536.042          39.000  
R22  18340088.944    97900635.977        2717.470          50.000    18340082.754    76144847.139        2113.700          45.000  
R06  17086938.370    91179189.646       -2398.838          32.000                                                                  
R07  17528481.859    93831378.377         536.052          50.000    17528475.129    72980029.805         416.887          48.000  
S31  35676021.868   187478833.133        -744.993          46.000  
S33  36666127.072   192681857.071        -744.434          41.000  
E05  18912010.774    99383362.676       -1404.189          44.000    18912012.327    76150922.688       -1076.050          51.000  
E36  21677438.459   113915946.534       -2306.107          45.000    21677438.516    87286311.785       -1767.061          47.000  
R08  21159082.930   113305937.116        2268.126          44.000    21159079.685    88127134.809        1763.849          42.000  
R21  16177266.609    86567851.209        -962.722          51.000    16177257.376    67330491.036        -748.783          46.000  
E34  20467862.350   107559438.603         131.104          44.000    20467864.698    82415696.296         100.566          50.000  
E18  25058418.536   131682902.771       -1472.609          44.000    25058418.495   100899868.276       -1128.530          48.000  
G28  21059989.073   110671017.610       -2314.366          43.000    21059981.883    86237124.269       -1803.892          39.000  
E15  23589349.899   123962905.641        1792.179          44.000    23589350.379    94984568.936        1373.208          47.000  
E09  23725466.871   124678282.267       -3295.655          42.000    23725466.268    95532761.451       -2525.337          46.000  
G21  17410978.860    91495457.410       -3006.787          49.000                                                                  
G17  19144970.857   100607494.201          35.198          45.000    19144964.156    78395433.093          27.393          43.000  
G02  17218815.681    90485567.218       -2006.585          49.000                                                                  
G08  21623697.584   113633324.858       -4258.585          38.000    21623697.063    88545422.792       -3318.531          39.000  
G31  19975363.675   104971290.931        -510.850          44.000    19975358.762    81795790.227        -398.271          43.000  
G03  18091151.207    95069726.138        -360.409          48.000    18091147.351    74080368.857        -280.922          46.000  
G04  17471982.916    91815948.162         709.326          46.000    17471977.206    71544825.700         552.556          44.000  
> 2024 06 08 09 26 00.4900000  0 26                     
G09  20167427.016   105980593.829        2247.399          42.000    20167424.189    82582280.935        1751.375          40.000  
E03  21623445.191   113632007.598        1056.404          46.000    21623443.876    87068724.045         809.442          48.000  
G19  21255214.056   111696926.972        1302.234          42.000                                                                  
E06  22835527.053   120001597.282       -3242.608          44.000                                                                  
R20  18756325.739   100298491.237       -4558.791          40.000    18756321.475    78010005.536       -3545.854          39.000  
R22  18324848.752    97819280.917        2705.859          50.000    18324842.035    76081570.993        2104.670          45.000  
R06  17100443.859    91251251.353       -2406.294          40.000                                                                  
R07  17525515.436    93815500.086         522.306          50.000    17525508.761    72967680.028         406.175          48.000  
S31  35680271.575   187501166.849        -744.069          45.000  
S33  36670373.665   192704173.175        -743.469          40.000  
E05  18920055.365    99425633.228       -1413.785          44.000    18920055.867    76183311.794       -1083.273          51.000  
E36  21690627.094   113985255.267       -2314.651          44.000    21690627.603    87339418.475       -1773.508          48.000  
R08  21146397.482   113237998.049        2260.941          45.000    21146392.217    88074293.325        1758.480          42.000  
R21  16182732.955    86597109.769        -988.132          50.000    16182725.218    67353247.690        -768.669          46.000  
E34  20467135.873   107555618.402         123.206          44.000    20467137.514    82412769.135          94.455          50.000  
E18  25066819.761   131727047.819       -1470.314          44.000    25066818.801   100933693.705       -1126.657          48.000  
G28  21073244.409   110740675.985       -2329.847          43.000    21073237.603    86291403.534       -1815.660          39.000  
E15  23579117.860   123909135.231        1792.391          44.000    23579117.856    94943368.236        1373.483          47.000  
E09  23744284.389   124777168.187       -3296.811          42.000    23744283.761    95608531.175       -2526.134          46.000  
G21  17428193.472    91585918.244       -3024.173          49.000                                                                  
G17  19144825.719   100606730.807          15.692          45.000    19144819.165    78394838.253          12.046          42.000  
G02  17230321.472    90546027.288       -2024.285          50.000                                                                  
G08  21647994.196   113761003.411       -4253.866          38.000    21647993.504    88644912.557       -3314.819          38.000  
G31  19978323.522   104986843.376        -526.217          45.000    19978318.198    81807908.974        -409.859          43.000  
G03  18093215.452    95080576.580        -363.190          48.000    18093212.045    74088823.771        -283.147          46.000  
G04  17467977.484    91794899.995         693.680          46.000    17467972.189    71528424.544         540.545          45.000  
> 2024 06 08 09 26 30.4900000  0 26                     
G09  20154620.461   105913297.521        2238.656          40.000    20154619.064    82529842.345        1744.325          41.000  
E03  21617441.471   113600454.998        1046.899          46.000    21617439.625    87044547.402         802.140          48.000  
G19  21247818.244   111658060.645        1288.560          41.000                                                                  
E06  22854047.256   120098923.573       -3246.003          43.000                                                                  
R20  18781937.562   100435460.1231      -4571.979          40.000    18781933.914    78116529.065       -3556.142          39.000  
R22  18309676.310    97738289.176        2693.109          50.000    18309669.462    76018577.431        2094.751          45.000  
R06  17113999.255    91323575.197       -2415.663          43.000                                                                  
R07  17522629.030    93800050.767         507.384          50.000    17522622.650    72955663.898         394.609          47.000  
S31  35684519.547   187523489.326        -744.205          45.000  
S33  36674618.161   192726478.898        -743.650          40.000  
E05  18928156.631    99468203.289       -1424.390          45.000    18928156.382    76215930.412       -1091.365          50.000  
E36  21703867.761   114054835.999       -2324.333          44.000    21703868.306    87392733.599       -1781.028          47.000  
R08  21133753.430   113170288.011        2252.771          45.000    21133748.169    88021630.006        1752.073          44.000  
R21  16188344.973    86627144.307       -1014.559          50.000    16188338.535    67376607.903        -789.133          46.000  
E34  20466457.923   107552054.576         114.086          44.000    20466459.221    82410038.414          87.438          50.000  
E18  25075209.987   131771139.092       -1469.116          44.000    25075209.169   100967477.938       -1125.755          48.000  
G28  21086590.664   110810809.659       -2346.174          42.000    21086583.530    86346053.163       -1828.181          39.000  
E15  23568888.145   123855377.204        1791.306          44.000    23568887.820    94902177.033        1372.675          47.000  
E09  23763111.550   124876106.841       -3299.235          42.000    23763111.036    95684341.308       -2528.007          47.000  
G21  17445508.227    91676908.780       -3042.256          48.000                                                                  
G17  19144795.315   100606573.803          -5.258          45.000    19144789.532    78394715.924          -4.190          43.000  
G02  17241930.393    90607029.482       -2042.806          50.000                                                                  
G08  21672266.521   113888556.247       -4250.154          38.000    21672265.796    88744304.335       -3311.110          38.000  
G31  19981373.185   105002866.186        -542.281          45.000    19981366.993    81820394.295        -422.638          42.000  
G03  18095297.387    95091518.600        -366.703          47.000    18095294.158    74097350.030        -285.768          46.000  
G04  17464063.838    91774330.719         677.238          46.000    17464057.682    71512396.535         527.665          44.000  
> 2024 06 08 09 27 00.4900000  0 26                     
G09  20141867.020   105846282.286        2228.621          41.000    20141864.559    82477622.737        1736.738          39.000  
E03  21611494.447   113569200.034        1036.582          47.000    21611492.078    87020598.803         794.338          49.000  
G19  21240503.094   111619619.943        1274.077          42.000                                                                  
E06  22872590.959   120196369.393       -3250.248          44.000                                                                  
R20  18807625.771   100572828.550       -4585.683          39.000    18807622.697    78223371.131       -3566.811          38.000  
R22  18294578.110    97657694.845        2679.725          51.000    18294571.557    75955892.965        2084.312          46.000  
R06  17127606.644    91396188.617       -2425.304          39.000                                                                  
R07  17519828.674    93785060.037         491.949          50.000    17519822.857    72944004.459         382.685          47.000  
S31  35688771.164   187545831.138        -745.248          45.000  
S33  36678866.865   192748804.974        -744.701          40.000  
E05  18936320.379    99511101.178       -1435.625          46.000    18936319.231    76248800.237       -1099.962          50.000  
E36  21717165.873   114124718.088       -2334.480          44.000    21717166.329    87446279.635       -1788.812          47.000  
R08  21121157.916   113102837.677        2243.965          45.000    21121152.068    87969168.728        1745.163          45.000  
R21  16194109.283    86657985.390       -1041.667          50.000    16194102.139    67400595.413        -810.237          46.000  
E34  20465834.992   107548777.973         104.401          45.000    20465835.580    82407527.779          79.861          50.000  
E18  25083595.680   131815205.582       -1468.720          44.000    25083594.694   101001243.159       -1125.375          48.000  
G28  21100032.303   110881446.862       -2363.211          42.000    21100024.601    86401095.119       -1841.024          39.000  
E15  23558666.591   123801662.414        1789.594          45.000    23558665.939    94861018.949        1371.234          46.000  
E09  23781954.320   124975126.222       -3302.225          42.000    23781953.773    95760213.288       -2530.121          47.000  
G21  17462928.896    91768457.065       -3060.920          49.000                                                                  
G17  19144886.149   100607052.737         -26.867          45.000    19144880.574    78395089.125         -21.097          42.000  
G02  17253646.720    90668602.764       -2062.129          49.000                                                                  
G08  21696520.388   114016010.281       -4246.734          39.000    21696519.260    88843619.188       -3309.241          38.000  
G31  19984517.903   105019389.158        -559.368          46.000    19984510.655    81833269.335        -435.717          42.000  
G03  18097402.995    95102581.573        -370.930          49.000    18097399.487    74105970.537        -289.048          46.000  
G04  17460245.683    91754270.169         659.984          45.000    17460240.344    71496764.955         514.077          44.000  
> 2024 06 08 09 27 30.4900000  0 26                     
G09  20129172.701   105779568.387        2218.488          43.000    20129169.107    82425637.912        1728.793          39.000  
E03  21605606.422   113538261.888        1025.865          47.000    21605604.863    86996892.963         786.047          49.000  
G19  21233273.278   111581625.662        1258.914          42.000                                                                  
E06  22891160.588   120293951.985       -3255.188          44.000                                                                  
R20  18833393.418   100710623.173       -4600.432          40.000    18833390.969    78330544.705       -3577.932          38.000  
R22  18279559.239    97577521.248        2665.125          51.000    18279552.271    75893535.735        2072.889          46.000  
R06  17141269.217    91469108.189       -2435.817          39.000                                                                  
R07  17517117.497    93770546.280         475.509          50.000    17517111.570    72932716.006         369.938          47.000  
S31  35693029.832   187568211.412        -746.832          45.000  
S33  36683122.429   192771168.570        -746.330          40.000  
E05  18944549.991    99554344.504       -1447.434          47.000    18944548.014    76281934.748       -1109.030          50.000  
E36  21730525.278   114194920.278       -2345.601          45.000    21730525.226    87500070.936       -1797.189          47.000  
R08  21108614.265   113035667.159        2234.136          46.000    21108608.878    87916925.030        1737.780          43.000  
R21  16200028.168    86689653.007       -1069.528          51.000    16200020.351    67425225.785        -831.993          47.000  
E34  20465270.352   107545808.824          93.607          46.000    20465270.464    82405252.713          71.724          50.000  
E18  25091979.855   131859265.632       -1468.616          45.000    25091979.056   101035003.458       -1125.336          47.000  
G28  21113572.815   110952605.061       -2381.111          41.000    21113565.118    86456543.087       -1855.421          39.000  
E15  23548456.856   123748011.032        1787.117          45.000    23548456.061    94819909.438        1369.495          46.000  
E09  23800815.914   125074243.672       -3305.721          43.000    23800815.214    95836160.426       -2532.909          47.000  
G21  17480459.170    91860580.360       -3080.637          48.000                                                                  
G17  19145101.011   100608187.001         -49.031          45.000    19145095.771    78395972.967         -38.193          42.000  
G02  17265474.820    90730765.852       -2082.266          48.000                                                                  
G08  21720758.283   114143381.813       -4244.508          39.000    21720757.061    88942869.731       -3307.421          38.000  
G31  19987761.077   105036432.496        -577.015          46.000    19987754.747    81846549.893        -449.711          43.000  
G03  18099535.508    95113784.225        -376.100          49.000    18099531.125    74114699.864        -292.970          46.000  
G04  17456528.390    91734737.528         642.013          46.000    17456523.203    71481544.738         500.229          44.000  
> 2024 06 08 09 28 00.4900000  0 26                     
G09  20116539.454   105713177.882        2207.366          43.000    20116535.268    82373905.136        1720.143          38.000  
E03  21599782.621   113507661.746        1014.228          46.000    21599782.048    86973446.116         777.170          49.000  
G19  21226131.386   111544099.908        1242.775          41.000                                                                  
E06  22909759.305   120391690.474       -3260.698          44.000                                                                  
R20  18859244.657   100848861.332       -4615.471          41.000    18859241.591    78438063.301       -3589.594          37.000  
R22  18264623.099    97497793.539        2649.856          50.000    18264616.362    75831525.295        2061.131          46.000  
R06  17154997.742    91542351.803       -2447.197          43.000                                                                  
R07  17514499.315    93756529.596         458.733          50.000    17514492.680    72921814.190         356.828          47.000  
S31  35697299.795   187590650.171        -749.149          45.000  
S33  36687389.749   192793591.301        -748.470          40.000  
E05  18952848.775    99597952.823       -1459.905          47.000    18952846.522    76315348.933       -1118.531          50.000  
E36  21743949.681   114265463.195       -2357.276          45.000    21743948.933    87554123.291       -1806.246          47.000  
R08  21096127.175   112968798.333        2223.648          45.000    21096121.222    87864915.985        1729.611          43.000  
R21  16206105.151    86722168.657       -1098.170          51.000    16206096.617    67450515.725        -854.228          47.000  
E34  20464769.001   107543169.227          82.307          46.000    20464768.141    82403230.173          63.015          50.000  
E18  25100366.703   131903339.514       -1469.445          44.000    25100366.084   101068774.351       -1125.967          47.000  
G28  21127217.137   111024303.759       -2399.132          42.000    21127208.752    86512412.185       -1869.360          39.000  
E15  23538263.112   123694445.144        1784.003          44.000    23538262.768    94778865.458        1366.977          46.000  
E09  23819699.892   125173478.446       -3309.787          43.000    23819699.095    95912197.453       -2536.088          47.000  
G21  17498102.601    91953297.881       -3100.600          48.000                                                                  
G17  19145445.363   100609997.463         -71.760          45.000    19145439.856    78397383.716         -55.884          42.000  
G02  17277420.822    90793538.848       -2102.779          49.000                                                                  
G08  21744984.168   114270689.033       -4242.694          39.000    21744982.676    89042070.149       -3305.862          37.000  
G31  19991107.650   105054017.666        -595.434          46.000    19991101.205    81860252.653        -463.893          43.000  
G03  18101697.557    95125147.197        -381.568          49.000    18101693.526    74123554.152        -297.379          46.000  
G04  17452916.137    91715753.869         623.565          45.000    17452910.551    71466752.294         485.938          44.000  
> 2024 06 08 09 28 30.4900000  0 27                     
E08  26007594.584   136670838.5321       1948.548          27.000    26007589.692   104721782.4551       1492.406          29.000  
G09  20103971.377   105647132.915        2195.117          43.000    20103964.035    82322441.538        1710.180          34.000  
E03  21594028.354   113477420.752        1001.638          46.000    21594027.570    86950274.457         767.531          50.000  
G19  21219083.399   111507065.293        1225.630          42.000                                                                  
E06  22928391.887   120489604.030       -3267.127          43.000                                                                  
R20  18885182.145   100987561.106       -4631.525          41.000    18885178.975    78545940.913       -3602.048          36.000  
R22  18249775.133    97418536.921        2633.569          50.000    18249769.003    75769881.271        2048.282          46.000  
R06  17168788.768    91615937.860       -2458.737          42.000                                                                  
R07  17511977.591    93743030.345         440.923          50.000    17511971.451    72911314.795         342.955          48.000  
S31  35701584.599   187613167.818        -752.190          45.000  
S33  36691671.582   192816093.756        -751.877          40.000  
E05  18961220.335    99641945.732       -1473.256          47.000    18961218.182    76349057.808       -1128.857          50.000  
E36  21757442.924   114336367.464       -2369.910          45.000    21757441.436    87608452.518       -1815.877          46.000  
R08  21083700.006   112902253.131        2212.235          45.000    21083694.390    87813158.631        1720.685          42.000  
R21  16212343.403    86755553.751       -1127.732          50.000    16212335.151    67476481.916        -877.312          46.000  
E34  20464333.840   107540881.323          70.000          46.000    20464332.710    82401477.110          53.573          49.000  
E18  25108760.071   131947447.523       -1471.210          44.000    25108759.434   101102571.379       -1127.257          47.000  
G28  21140967.626   111096562.398       -2418.303          41.000    21140960.103    86568717.618       -1884.342          41.000  
E15  23528089.944   123640986.937        1779.757          44.000    23528090.070    94737903.989        1363.677          46.000  
E09  23838609.738   125272849.879       -3314.882          43.000    23838608.848    95988339.192       -2539.976          47.000  
G21  17515862.850    92046628.870       -3121.392          48.000                                                                  
G17  19145922.979   100612505.330         -95.787          45.000    19145916.964    78399337.889         -74.673          42.000  
G02  17289486.621    90856941.818       -2124.524          50.000                                                                  
G08  21769201.676   114397950.157       -4241.780          39.000    21769199.789    89141234.649       -3305.435          37.000  
G31  19994561.054   105072166.133        -614.605          46.000    19994555.033    81874394.338        -479.013          43.000  
G03  18103894.111    95136691.239        -388.344          48.000    18103889.897    74132549.533        -302.592          45.000  
G04  17449412.343    91697340.294         603.701          46.000    17449406.237    71452404.068         470.524          44.000  
> 2024 06 08 09 29 00.4900000  0 27                     
E08  25996489.874   136612486.070        1941.672          34.000    25996487.176   104677070.810        1488.105          36.000  
G09  20091474.518   105581458.695        2182.934          43.000    20091466.049    82271266.786        1701.071          36.000  
E03  21588346.472   113447563.193         988.829          46.000    21588345.866    86927396.606         757.665          50.000  
G19  21212135.019   111470547.611        1208.404          42.000                                                                  
E06  22947061.707   120587714.967       -3273.605          43.000                                                                  
R20  18911210.362   101126743.467       -4647.527          41.000    18911206.797    78654193.875       -3614.667          37.000  
R22  18235021.004    97339779.898        2616.788          49.000    18235015.140    75708625.807        2035.222          46.000  
R06  17182645.236    91689888.212       -2471.419          34.000                                                                  
R07  17509556.150    93730071.850         422.974          49.000    17509550.126    72901235.968         328.825          48.000  
S31  35705889.505   187635789.238        -755.706          45.000  
S33  36695973.203   192838700.068        -755.340          40.000  
E05  18969669.129    99686345.904       -1487.037          46.000    18969667.516    76383078.735       -1139.286          50.000  
E36  21771009.154   114407656.888       -2382.874          45.000    21771007.357    87663076.862       -1825.845          46.000  
R08  21071338.288   112836056.493        2200.654          46.000    21071332.616    87761672.401        1711.548          44.000  
R21  16218748.322    86789833.233       -1157.544          49.000    16218741.129    67503143.732        -900.405          47.000  
E34  20463970.609   107538970.383          57.348          46.000    20463968.996    82400012.887          43.921          49.000  
E18  25117164.430   131991613.084       -1473.125          44.000    25117163.724   101136412.530       -1128.864          47.000  
G28  21154828.996   111169403.513       -2437.738          41.000    21154821.675    86625476.955       -1899.680          41.000  
E15  23517942.329   123587661.711        1775.207          44.000    23517942.632    94697044.411        1360.288          46.000  
E09  23857550.028   125372380.375       -3320.528          43.000    23857548.883    96064602.806       -2544.194          47.000  
G21  17533744.553    92140595.715       -3142.589          48.000                                                                  
G17  19146537.238   100615734.654        -119.576          44.000    19146531.150    78401854.265         -93.406          42.000  
G02  17301675.707    90920998.416       -2146.417          49.000                                                                  
G08  21793414.287   114525186.543       -4240.726          40.000    21793411.690    89240379.873       -3304.494          37.000  
G31  19998126.468   105090902.874        -634.439          45.000    19998120.566    81888994.403        -494.331          43.000  
G03  18106130.119    95148440.106        -395.096          48.000    18106126.140    74141704.485        -307.718          45.000  
G04  17446021.720    91679520.954         584.106          46.000    17446014.930    71438518.886         455.022          44.000  
> 2024 06 08 09 29 30.4900000  0 27                     
E08  25985420.701   136554326.712        1935.081          31.000    25985420.416   104632507.220        1482.689          38.000  
G09  20079049.938   105516166.578        2169.561          44.000    20079043.856    82220389.908        1690.499          39.000  
E03  21582740.144   113418099.419         975.202          46.000    21582738.801    86904820.493         747.272          50.000  
G19  21205287.627   111434558.160        1190.154          43.000                                                                  
E06  22965770.699   120686031.731       -3280.975          44.000                                                                  
R20  18937329.962   101266415.118       -4663.926          41.000    18937325.497    78762827.381       -3627.633          37.000  
R22  18220363.567    97261536.537        2599.155          49.000    18220357.866    75647769.877        2021.451          47.000  
R06  17196571.455    91764210.241       -2483.913          40.000                                                                  
R07  17507238.363    93717663.294         404.044          50.000    17507231.730    72891584.864         314.305          48.000  
S31  35710215.741   187658523.277        -760.051          45.000  
S33  36700296.367   192861419.164        -759.554          40.000  
E05  18978196.847    99731162.090       -1501.176          46.000    18978196.195    76417418.420       -1150.249          51.000  
E36  21784649.898   114479341.247       -2396.541          46.000    21784648.469    87718003.827       -1836.342          46.000  
R08  21059043.906   112770219.496        2188.132          43.000    21059038.121    87710465.887        1701.817          42.000  
R21  16225323.011    86825017.674       -1188.365          49.000    16225316.011    67530509.414        -924.208          47.000  
E34  20463680.987   107537447.743          43.980          46.000    20463679.168    82398846.202          33.680          49.000  
E18  25125581.462   132035845.700       -1475.908          43.000    25125581.019   101170305.038       -1130.771          47.000  
G28  21168802.574   111242835.740       -2457.837          40.000    21168794.887    86682696.843       -1915.198          40.000  
E15  23507823.000   123534480.825        1769.774          44.000    23507822.636    94656295.430        1356.116          46.000  
E09  23876521.967   125472078.453       -3326.209          43.000    23876520.708    96140994.842       -2548.701          47.000  
G21  17551748.935    92235206.850       -3164.730          49.000                                                                  
G17  19147290.602   100619695.298        -144.729          44.000    19147285.181    78404940.504        -112.793          42.000  
G02  17313991.164    90985717.999       -2169.008          49.000                                                                  
G08  21817623.151   114652405.688       -4240.857          40.000    21817620.560    89339511.679       -3304.682          37.000  
G31  20001805.552   105110238.575        -654.820          44.000    20001799.891    81904061.174        -510.060          43.000  
G03  18108407.048    95160403.747        -402.833          48.000    18108403.260    74151026.808        -314.021          46.000  
G04  17442746.175    91662306.120         563.377          46.000    17442740.151    71425104.743         438.914          45.000  
