     3.00           OBSERVATION DATA    M: Mixed            RINEX VERSION / TYPE
CONVBIN demo5 b34j                      20240609 013619 UTC PGM / RUN BY / DATE 
log: SAUC00CHL_R_20241600330_15M_30S_MO.ubx                 COMMENT             
format: u-blox UBX                                          COMMENT             
format: u-blox UBX                                          COMMENT             
log: SAUC00CHL_R_20241600330_15M_30S_MO.ubx                 COMMENT             
SAUC00CHL                                                   MARKER NAME         
                                                            MARKER NUMBER       
GEODETIC                                                    MARKER TYPE         
El Sauce            Obstech                                 OBSERVER / AGENCY   
UNKNOWN             UBLOX-ZED-F9P                           REC # / TYPE / VERS 
UNKNWOWN            TWIVSP6037L                             ANT # / TYPE        
  1813185.0000 -5195981.0000 -3216438.0000                  APPROX POSITION XYZ 
        0.0000        0.0000        0.0000                  ANTENNA: DELTA H/E/N
G    8 C1C L1C D1C S1C C2X L2X D2X S2X                      SYS / # / OBS TYPES 
R    8 C1C L1C D1C S1C C2C L2C D2C S2C                      SYS / # / OBS TYPES 
E    8 C1X L1X D1X S1X C7X L7X D7X S7X                      SYS / # / OBS TYPES 
S    4 C1C L1C D1C S1C                                      SYS / # / OBS TYPES 
  2024    06    08    03    30   00.0010000     GPS         TIME OF FIRST OBS   
  2024    06    08    03    44   30.0010000     GPS         TIME OF LAST OBS    
                                                            END OF HEADER       
> 2024 06 08 03 30 00.0010000  0 29                     
G23  20648929.092   108510995.3151      -1193.479          45.000    20648924.650    84554099.0311       -929.995          46.000  
E04  28028724.922   147291998.2591       1306.772          40.000    28028726.276   112860072.6611       1001.249          43.000  
G16  21353549.685   112213672.9681        859.140          48.000                                                                  
R04  23035489.844   123354071.3531       3123.408          47.000    23035488.074    95942038.1271       2429.292          45.000  
R15  23424977.159   125175960.6821      -5181.227          44.000    23424979.406    97359027.2931      -4029.590          41.000  
R19  21127821.050   113019593.8541       -274.396          41.000    21127815.208    87904361.6601       -213.074          45.000  
R18  20968613.459   111931888.2211      -1890.889          49.000    20968610.465    87058361.3831      -1470.698          46.000  
R03  21571248.979   115472664.2111       1061.002          47.000    21571242.432    89812088.1201        825.234          46.000  
R16  20581027.626   109940156.9181      -3229.489          50.000    20581024.515    85508982.8731      -2511.756          47.000  
G29  24986802.690   131306555.5031      -3114.684          41.000    24986799.982   102316782.8291      -2426.923          38.000  
E02  27091327.633   142365889.4131       1691.399          41.000    27091328.817   109085542.1431       1295.856          45.000  
S31  38849606.412   204156081.5001       -793.768          45.000  
S33  39843423.398   209378671.8851       -792.833          38.000  
G31  24759020.274   130109367.5111      -3288.943          43.000    24759023.852   101384044.1931      -2562.487          38.000  
E36  25715946.332   135138397.8371        486.487          44.000    25715950.027   103547657.1231        372.787          47.000  
R17  23623631.324   126414819.0251      -3032.216          44.000    23623625.239    98322905.1571      -2358.558          40.000  
R02  23066985.447   123089869.5741      -2280.819          47.000    23066982.446    95736581.7561      -1773.962          45.000  
R09  21585837.444   115267147.4541        720.635          47.000    21585833.511    89652198.7491        560.563          47.000  
G27  22743433.740   119517630.3291       1575.524          46.000    22743431.559    93130679.0081       1227.857          44.000  
E12  26503614.774   139277553.1371      -2790.549          42.000    26503611.510   106719221.0891      -2138.150          42.000  
E14  28843949.163   151575987.8391      -1134.367          39.000    28843950.351   116142641.8581       -869.177          45.000  
E24  24942037.404   131071322.9741      -3039.461          46.000    24942037.302   100431282.7831      -2328.978          48.000  
E25  23868251.313   125428557.6901       -430.029          46.000    23868252.864    96107611.7491       -329.438          50.000  
E10  24806127.623   130357378.7771      -2274.111          45.000    24806128.307    99884355.6491      -1742.453          48.000  
G10  20955030.003   110119545.8571       1521.276          47.000    20955026.172    85807528.1371       1185.368          45.000  
G18  22851350.325   120084919.8041      -3302.751          46.000    22851346.185    93572752.3391      -2573.478          45.000  
G08  25348576.013   133207662.7081       2052.727          38.000    25348574.014   103798175.3821       1599.627          37.000  
E11  23052056.659   121139562.8991      -1312.176          44.000    23052053.437    92821335.0941      -1005.433          47.000  
G26  20756723.910   109077348.8791      -2224.470          48.000    20756721.290    84995337.1531      -1733.301          43.000  
> 2024 06 08 03 30 30.0010000  0 29                     
G23  20655809.512   108547152.292       -1216.759          45.000    20655805.686    84582273.286        -947.988          46.000  
E04  28021276.200   147252855.420        1303.176          41.000    28021277.251   112830080.329         998.557          42.000  
G16  21348700.732   112188192.585         839.853          48.000                                                                  
R04  23018004.603   123260437.382        3118.992          48.000    23018001.730    95869211.999        2425.749          44.000  
R15  23454074.195   125331442.582       -5184.042          44.000    23454075.487    97479957.657       -4031.873          41.000  
R19  21129378.463   113027924.994        -281.354          40.000    21129373.167    87910841.490        -218.573          46.000  
R18  20979253.870   111988688.524       -1895.343          48.000    20979250.830    87102539.415       -1474.294          46.000  
R03  21565370.303   115441193.694        1037.255          48.000    21565363.810    89787611.099         806.843          47.000  
R16  20599232.981   110037402.113       -3253.104          51.000    20599229.651    85584618.029       -2530.346          47.000  
G29  25004604.435   131400103.990       -3121.700          41.000    25004601.957   102389677.719       -2432.717          39.000  
E02  27081697.825   142315284.781        1682.629          41.000    27081698.793   109046767.167        1289.303          45.000  
S31  38854145.446   204179934.213        -796.251          45.000  
S33  39847959.148   209402508.608        -795.631          39.000  
G31  24777797.158   130208041.377       -3289.047          42.000    24777801.247   101460932.974       -2562.596          39.000  
E36  25713193.118   135123935.553         477.997          43.000    25713197.923   103536575.730         366.132          47.000  
R17  23640635.549   126505806.821       -3033.208          45.000    23640628.042    98393673.459       -2359.165          40.000  
R02  23079882.539   123158688.412       -2306.820          47.000    23079879.125    95790107.520       -1794.296          45.000  
R09  21581864.556   115245933.843         694.032          48.000    21581861.074    89635699.291         539.690          47.000  
G27  22734448.502   119470418.566        1572.185          45.000    22734447.104    93093890.666        1225.111          44.000  
E12  26519551.169   139361300.408       -2792.416          42.000    26519547.762   106783391.055       -2139.435          41.000  
E14  28850415.084   151609967.404       -1130.478          40.000    28850416.478   116168678.116        -866.232          45.000  
E24  24959423.872   131162689.192       -3051.220          47.000    24959423.883   100501290.661       -2338.036          48.000  
E25  23870753.409   125441704.420        -445.976          46.000    23870754.503    96117685.223        -341.877          50.000  
E10  24819123.206   130425669.787       -2278.314          45.000    24819123.783    99936682.547       -1745.854          48.000  
G10  20946402.555   110074213.632        1501.292          46.000    20946400.313    85772204.429        1169.823          46.000  
G18  22870218.216   120184069.919       -3306.801          46.000    22870213.718    93650012.169       -2576.817          45.000  
G08  25336856.086   133146074.979        2053.435          40.000    25336855.292   103750184.940        1600.353          38.000  
E11  23059568.103   121179037.404       -1319.327          43.000    23059565.279    92851581.811       -1011.015          47.000  
G26  20769483.695   109144400.616       -2245.099          48.000    20769481.061    85047585.269       -1749.593          43.000  
> 2024 06 08 03 31 00.0010000  0 29                     
G23  20662815.076   108583966.078       -1237.590          45.000    20662810.826    84610959.351        -964.323          46.000  
E04  28013839.428   147213776.104        1302.102          41.000    28013840.700   112800136.680         997.712          42.000  
G16  21343955.657   112163256.429         822.655          48.000                                                                  
R04  23000537.396   123166903.215        3116.701          47.000    23000534.518    95796463.462        2424.076          45.000  
R15  23483179.884   125486968.330       -5184.340          44.000    23483180.981    97600922.101       -4032.326          43.000  
R19  21130967.962   113036429.801        -285.907          41.000    21130964.229    87917456.342        -222.205          47.000  
R18  20989912.060   112045587.359       -1897.754          48.000    20989909.962    87146794.068       -1475.903          46.000  
R03  21559616.499   115410393.665        1016.053          48.000    21559610.326    89763655.587         790.230          47.000  
R16  20617563.007   110135314.302       -3274.327          51.000    20617559.422    85660771.891       -2546.628          49.000  
G29  25022439.749   131493828.640       -3126.633          42.000    25022437.158   102462709.877       -2435.993          39.000  
E02  27072110.345   142264903.220        1676.247          41.000    27072111.355   109008163.103        1284.449          45.000  
S31  38858692.071   204203827.072        -796.509          45.000  
S33  39852502.811   209426386.039        -795.492          39.000  
G31  24796565.800   130306678.457       -3286.880          40.000    24796571.041   101537793.118       -2561.219          38.000  
E36  25710482.438   135109689.317         471.967          43.000    25710486.984   103525659.845         361.651          47.000  
R17  23657635.150   126596774.846       -3031.522          44.000    23657628.118    98464426.363       -2357.655          40.000  
R02  23092917.521   123228249.640       -2330.476          46.000    23092914.999    95844210.699       -1812.602          46.000  
R09  21578035.444   115225483.086         669.416          48.000    21578031.638    89619793.141         520.764          47.000  
G27  22725475.100   119423267.431        1571.113          44.000    22725474.443    93057149.560        1224.367          44.000  
E12  26535489.524   139445058.880       -2791.460          41.000    26535486.401   106847569.620       -2138.929          40.000  
E14  28856851.996   151643792.176       -1124.510          40.000    28856853.184   116194595.781        -861.590          45.000  
E24  24976870.374   131254370.886       -3060.811          46.000    24976870.295   100571540.249       -2345.277          48.000  
E25  23873340.420   125455296.278        -459.943          46.000    23873340.835    96128099.757        -352.428          50.000  
E10  24832136.479   130494051.755       -2280.204          46.000    24832136.539    99989079.105       -1747.288          48.000  
G10  20937882.285   110029440.316        1483.543          46.000    20937880.136    85737316.182        1156.177          45.000  
G18  22889101.798   120283302.660       -3308.614          47.000    22889097.548    93727336.343       -2578.029          45.000  
G08  25325124.455   133084422.727        2056.589          40.000    25325124.297   103702144.210        1602.724          40.000  
E11  23067114.121   121218690.342       -1324.144          43.000    23067111.078    92881965.242       -1014.676          47.000  
G26  20782353.956   109212034.037       -2263.650          48.000    20782351.243    85100286.625       -1763.757          43.000  
> 2024 06 08 03 31 30.0010000  0 30                     
G23  20669935.617   108621384.951       -1257.182          45.000    20669931.357    84640116.931        -979.605          46.000  
E04  28006405.628   147174711.389        1302.040          42.000    28006406.738   112770204.193         997.567          42.000  
G16  21339304.754   112138815.622         806.637          48.000                                                                  
G32  25927833.046   136251627.9301       1719.141          35.000    25927835.222   106169925.5141       1339.141          29.000  
R04  22983081.160   123073421.279        3115.288          47.000    22983077.366    95723755.568        2423.035          45.000  
R15  23512281.925   125642482.392       -5183.308          44.000    23512282.994    97721877.450       -4031.614          42.000  
R19  21132580.687   113045055.054        -289.258          41.000    21132576.236    87924164.890        -225.000          46.000  
R18  21000579.890   112102532.153       -1898.694          48.000    21000577.995    87191084.476       -1476.868          46.000  
R03  21553979.506   115380216.141         995.666          48.000    21553972.693    89740184.249         774.476          46.000  
R16  20636007.950   110233838.116       -3294.158          52.000    20636003.750    85737401.483       -2562.083          49.000  
G29  25040298.808   131587679.003       -3130.423          42.000    25040295.997   102535840.016       -2439.436          40.000  
E02  27062556.280   142214695.486        1670.880          41.000    27062556.879   108969692.245        1280.348          45.000  
S31  38863236.773   204227709.776        -795.869          45.000  
S33  39857044.642   209450253.094        -795.356          39.000  
G31  24815319.664   130405224.966       -3283.352          42.000    24815323.837   101614582.672       -2558.657          38.000  
E36  25707802.875   135095607.706         466.735          43.000    25707807.065   103514870.110         357.732          47.000  
R17  23674621.020   126687671.845       -3028.916          43.000    23674614.113    98535124.031       -2355.482          38.000  
R02  23106082.666   123298500.328       -2353.059          46.000    23106079.638    95898850.136       -1830.115          45.000  
R09  21574340.408   115205745.263         646.083          49.000    21574336.195    89604441.523         502.662          48.000  
G27  22716504.886   119376127.191        1571.204          44.000    22716503.747    93020416.929        1224.405          44.000  
E12  26551420.344   139528776.893       -2789.791          41.000    26551417.415   106911717.177       -2137.427          40.000  
E14  28863249.694   151677412.129       -1117.073          41.000    28863250.730   116220356.517        -855.923          45.000  
E24  24994366.629   131346315.755       -3069.002          46.000    24994366.742   100641991.500       -2351.632          47.000  
E25  23876002.083   125469282.882        -472.554          47.000    23876002.118    96138816.762        -362.102          49.000  
E10  24845156.849   130562472.731       -2281.110          46.000    24845156.557   100041505.542       -1747.844          48.000  
G10  20929458.701   109985177.205        1467.020          46.000    20929457.133    85702825.510        1143.076          46.000  
G18  22907990.664   120382565.734       -3309.106          47.000    22907986.165    93804684.175       -2578.475          45.000  
G08  25313369.780   133022655.461        2060.938          38.000    25313370.441   103654013.846        1606.003          40.000  
E11  23074684.306   121258469.612       -1327.762          44.000    23074680.739    92912445.463       -1017.394          47.000  
G26  20795324.654   109280196.601       -2280.764          47.000    20795322.050    85153400.341       -1777.150          43.000  
> 2024 06 08 03 32 00.0010000  0 30                     
G23  20677163.616   108659368.996       -1275.255          45.000    20677159.497    84669714.882        -993.655          46.000  
E04  27998966.569   147135624.111        1303.767          42.000    27998968.311   112740254.407         998.865          41.000  
G16  21334740.889   112114832.717         792.155          48.000                                                                  
G32  25917988.758   136199906.984        1729.107          34.000    25917994.301   106129623.554        1347.366          31.000  
R04  22965626.883   122979956.021        3115.433          47.000    22965622.126    95651060.653        2423.274          44.000  
R15  23541374.444   125797940.924       -5180.606          43.000    23541375.161    97842789.606       -4029.275          42.000  
R19  21134206.280   113053744.3831       -290.991          41.000    21134201.841    87930935.775        -226.489          45.000  
R18  21011248.922   112159482.652       -1898.114          48.000    21011246.868    87235379.319       -1476.154          47.000  
R03  21548451.157   115350624.554         976.956          49.000    21548444.095    89717168.630         759.797          46.000  
R16  20654557.625   110332930.044       -3312.173          51.000    20654554.200    85814472.957       -2576.155          49.000  
G29  25058174.652   131681616.022       -3132.220          41.000    25058171.372   102609037.631       -2440.579          39.000  
E02  27053027.726   142164624.192        1667.141          41.000    27053028.432   108931325.926        1277.233          45.000  
S31  38867771.951   204251543.075        -793.333          45.000  
S33  39861577.159   209474070.416        -792.318          38.000  
G31  24834048.264   130503639.167       -3277.721          42.000    24834052.025   101691269.139       -2554.192          39.000  
E36  25705146.568   135081650.951         463.404          43.000    25705150.932   103504176.042         355.086          47.000  
R17  23691586.737   126778458.384       -3024.060          44.000    23691580.271    98605735.771       -2351.982          41.000  
R02  23119368.757   123369399.128       -2373.704          46.000    23119365.925    95953993.662       -1846.396          45.000  
R09  21570770.289   115186682.052         624.516          49.000    21570765.636    89589614.571         485.740          47.000  
G27  22707530.324   119328959.882        1572.926          44.000    22707528.321    92983663.206        1225.730          45.000  
E12  26567335.623   139612414.635       -2786.377          41.000    26567333.068   106975803.275       -2134.993          39.000  
E14  28869601.346   151710788.760       -1108.265          41.000    28869601.925   116245930.810        -849.111          45.000  
E24  25011905.388   131438483.326       -3075.669          46.000    25011905.658   100712613.392       -2356.629          47.000  
E25  23878730.615   125483625.685        -483.671          46.000    23878731.244    96149806.699        -370.684          49.000  
E10  24858176.855   130630892.605       -2280.225          46.000    24858176.437   100093931.171       -1747.337          48.000  
G10  20921126.994   109941387.568        1452.062          47.000    20921125.102    85668703.775        1131.456          46.000  
G18  22926877.862   120481818.668       -3307.939          47.000    22926872.972    93882024.113       -2577.545          44.000  
G08  25301586.657   132960734.767        2066.834          38.000    25301586.864   103605763.914        1610.672          39.000  
E11  23082270.536   121298334.937       -1329.871          44.000    23082266.952    92942991.636       -1018.919          47.000  
G26  20808387.783   109348847.590       -2296.125          47.000    20808386.152    85206894.667       -1789.407          43.000  
> 2024 06 08 03 32 30.0010000  0 30                     
G23  20684492.210   108697883.186       -1292.796          45.000    20684488.383    84699725.947       -1007.383          46.000  
E04  27991518.127   147096482.123        1305.458          41.000    27991519.717   112710262.685        1000.389          41.000  
G16  21330258.670   112091275.691         777.904          48.000                                                                  
G32  25908083.872   136147853.734        1740.214          34.000    25908089.771   106089062.688        1355.738          31.000  
R04  22948171.025   122886477.322        3115.987          48.000    22948165.322    95578355.262        2423.473          44.000  
R15  23570449.751   125953305.184       -5177.353          44.000    23570450.406    97963628.428       -4026.740          43.000  
R19  21135843.158   113062493.447        -292.639          40.000    21135837.781    87937740.619        -227.460          46.000  
R18  21021912.451   112216403.589       -1897.058          49.000    21021910.434    87279651.171       -1475.562          47.000  
R03  21543027.062   115321587.313         958.501          49.000    21543019.727    89694584.120         745.501          45.000  
R16  20673205.394   110432551.169       -3329.593          49.000    20673203.000    85891955.983       -2589.681          49.000  
G29  25076060.510   131775605.356       -3133.940          41.000    25076056.782   102682276.072       -2442.134          38.000  
E02  27043519.170   142114656.831        1663.682          41.000    27043519.758   108893039.229        1274.755          44.000  
S31  38872291.165   204275292.541        -790.350          45.000  
S33  39866093.174   209497804.254        -790.262          39.000  
G31  24852742.991   130601884.001       -3271.959          42.000    24852747.301   101767823.637       -2550.280          38.000  
E36  25702508.052   135067784.341         460.381          43.000    25702512.021   103493551.050         352.915          46.000  
R17  23708525.460   126869099.902       -3019.087          43.000    23708519.008    98676234.705       -2348.188          39.000  
R02  23132769.672   123440909.579       -2393.865          45.000    23132767.316    96009612.921       -1862.004          46.000  
R09  21567319.896   115168260.395         603.049          49.000    21567314.673    89575286.600         469.020          46.000  
G27  22698543.146   119281732.541        1575.151          44.000    22698541.745    92946862.706        1227.274          45.000  
E12  26583229.894   139695937.142       -2782.347          41.000    26583226.828   107039801.058       -2131.947          39.000  
E14  28875900.747   151743888.776       -1098.881          42.000    28875900.473   116271293.154        -841.981          44.000  
E24  25029480.256   131530838.030       -3081.917          46.000    25029480.064   100783378.671       -2361.472          47.000  
E25  23881521.416   125498291.079        -494.443          46.000    23881522.040    96161043.808        -378.851          49.000  
E10  24871189.595   130699276.154       -2278.901          46.000    24871189.273   100146328.968       -1746.183          48.000  
G10  20912878.335   109898039.459        1437.302          48.000    20912875.598    85634926.086        1120.160          46.000  
G18  22945755.891   120581026.003       -3306.278          47.000    22945752.000    93959328.530       -2576.458          44.000  
G08  25289769.235   132898626.802        2073.145          39.000    25289767.269   103557368.080        1615.905          38.000  
E11  23089866.267   121338251.012       -1331.281          44.000    23089862.753    92973576.701       -1019.998          47.000  
G26  20821537.879   109417951.217       -2311.086          47.000    20821536.112    85260741.669       -1800.769          43.000  
> 2024 06 08 03 33 00.0010000  0 30                     
G23  20691919.666   108736912.586       -1309.867          45.000    20691915.236    84730138.461       -1020.589          46.000  
E04  27984056.494   147057273.334        1307.698          40.000    27984058.170   112680219.758        1002.229          40.000  
G16  21325855.015   112068132.608         764.250          48.000                                                                  
G32  25898112.081   136095456.203        1753.008          35.000    25898119.932   106048233.540        1365.082          31.000  
R04  22930709.240   122792975.225        3116.894          47.000    22930704.049    95505631.676        2424.154          44.000  
R15  23599502.912   126108557.039       -5173.058          44.000    23599503.272    98084379.846       -4023.772          43.000  
R19  21137484.231   113071270.634        -293.146          40.000    21137479.746    87944567.355        -228.009          46.000  
R18  21032566.829   112273280.084       -1895.343          48.000    21032565.304    87323888.439       -1474.152          47.000  
R03  21537703.551   115293093.709         940.646          48.000    21537696.644    89672422.444         731.544          45.000  
R16  20691948.699   110532683.677       -3346.426          49.000    20691947.685    85969836.772       -2602.748          48.000  
G29  25093953.202   131869632.842       -3135.035          42.000    25093950.084   102755544.242       -2443.160          39.000  
E02  27034028.933   142064781.039        1661.003          41.000    27034028.900   108854822.698        1272.531          45.000  
S31  38876792.333   204298944.305        -787.058          45.000  
S33  39870591.082   209521440.876        -786.837          38.000  
G31  24871403.277   130699942.889       -3265.598          41.000    24871406.919   101844233.235       -2544.937          37.000  
E36  25699883.988   135053993.197         458.383          43.000    25699887.254   103482983.889         351.116          46.000  
R17  23725432.593   126959580.6101      -3013.823          36.000    23725427.684    98746610.178       -2343.830          32.000  
R02  23146282.102   123513015.917       -2413.633          45.000    23146279.695    96065695.616       -1877.300          45.000  
R09  21563987.466   115150467.531         582.359          48.000    21563982.087    89561447.698         452.837          46.000  
G27  22689541.789   119234432.313        1577.528          44.000    22689540.863    92910005.395        1229.306          45.000  
E12  26599098.383   139779329.683       -2777.580          40.000    26599096.044   107103699.244       -2128.511          39.000  
E14  28882144.663   151776698.834       -1088.894          42.000    28882144.001   116296433.334        -834.301          44.000  
E24  25047087.376   131623364.415       -3087.258          45.000    25047086.777   100854275.508       -2365.682          46.000  
E25  23884370.772   125513265.496        -504.497          46.000    23884371.686    96172517.707        -386.596          49.000  
E10  24884192.954   130767608.257       -2276.950          46.000    24884192.604   100198687.351       -1744.743          48.000  
G10  20904710.837   109855121.046        1423.184          47.000    20904707.882    85601483.246        1108.891          45.000  
G18  22964623.146   120680172.324       -3303.837          47.000    22964618.793    94036585.415       -2574.746          43.000  
G08  25277912.376   132836318.164        2079.808          39.000    25277909.818   103508815.913        1620.795          39.000  
E11  23097468.300   121378202.651       -1332.187          44.000    23097465.239    93004189.011       -1020.902          47.000  
G26  20834771.170   109487491.774       -2325.367          48.000    20834768.970    85314929.117       -1812.185          43.000  
> 2024 06 08 03 33 30.0010000  0 31                     
G23  20699442.735   108776447.948       -1326.410          45.000    20699438.339    84760945.246       -1033.569          46.000  
E04  27976581.130   147017991.405        1310.605          40.000    27976582.809   112650120.812        1004.163          40.000  
G16  21321528.553   112045397.095         750.827          48.000                                                                  
G32  25888074.684   136042708.241        1763.166          35.000    25888080.773   106007131.311        1374.389          31.000  
R04  22913242.855   122699445.637        3118.051          47.000    22913237.695    95432886.708        2425.070          45.000  
R15  23628532.691   126263684.099       -5168.901          43.000    23628533.110    98205034.204       -4020.275          43.000  
R19  21139129.532   113080066.745        -293.591          41.000    21139123.180    87951408.825        -228.497          44.000  
R18  21043211.575   112330103.141       -1893.280          48.000    21043210.323    87368084.140       -1472.650          47.000  
R03  21532481.511   115265138.573         922.709          48.000    21532474.432    89650679.593         717.565          46.000  
R16  20710789.103   110633315.169       -3362.725          50.000    20710786.097    86048105.672       -2615.522          48.000  
G29  25111851.806   131963690.297       -3135.748          40.000    25111848.473   102828835.698       -2443.578          39.000  
E02  27024554.622   142014990.290        1658.090          42.000    27024554.332   108816671.293        1270.423          45.000  
S31  38881272.836   204322490.404        -783.348          45.000  
S33  39875068.681   209544970.214        -782.285          39.000  
G31  24890026.257   130797804.713       -3259.009          42.000    24890029.297   101920489.265       -2539.686          38.000  
E36  25697272.874   135040268.689         456.158          43.000    25697275.286   103472467.794         349.543          45.000  
R17  23742311.152   127049896.625       -3007.737          31.000    23742306.282    98816855.965       -2339.508          27.000  
R02  23159904.442   123585707.614       -2432.990          46.000    23159902.270    96122233.615       -1892.347          46.000  
R09  21560771.788   115133296.336         561.894          47.000    21560767.488    89548092.299         437.054          47.000  
G27  22680525.973   119187052.066        1580.530          44.000    22680524.050    92873085.750        1231.561          45.000  
E12  26614940.854   139862583.300       -2772.955          40.000    26614939.008   107167490.928       -2124.723          39.000  
E14  28888332.152   151809211.453       -1078.941          42.000    28888330.841   116321345.603        -826.702          44.000  
E24  25064725.669   131716052.796       -3092.465          46.000    25064724.385   100925296.480       -2369.653          45.000  
E25  23887277.792   125528541.170        -514.449          46.000    23887278.719    96184222.448        -394.133          50.000  
E09  29011483.275   152456357.9901       1229.552          34.000                                                                  
E10  24897184.371   130835879.541       -2274.751          46.000    24897184.216   100250999.145       -1743.114          48.000  
G10  20896623.917   109812626.331        1409.351          47.000    20896621.298    85568370.556        1098.004          45.000  
G18  22983476.542   120779247.948       -3301.534          47.000    22983471.600    94113787.208       -2572.620          43.000  
G08  25266015.592   132773801.088        2087.116          40.000    25266013.799   103460101.335        1626.483          39.000  
E11  23105075.428   121418180.413       -1333.022          44.000    23105072.839    93034821.334       -1021.488          47.000  
G26  20848086.062   109557459.273       -2339.410          48.000    20848082.065    85369449.247       -1822.992          42.000  
> 2024 06 08 03 34 00.0010000  0 31                     
G23  20707062.600   108816488.940       -1343.208          44.000    20707058.213    84792146.029       -1046.786          46.000  
E04  27969092.588   146978638.964        1312.703          39.000    27969093.893   112619967.811        1005.809          39.000  
G16  21317280.211   112023071.646         737.453          46.000                                                                  
G32  25877970.479   135989612.224        1775.805          31.000    25877976.514   105965986.9441       1383.713          31.000  
R04  22895771.751   122605893.442        3118.394          44.000    22895768.120    95360124.152        2425.722          45.000  
R15  23657537.567   126418683.146       -5164.515          39.000    23657539.231    98325588.979       -4016.934          43.000  
R19  21140776.827   113088881.070        -294.177          36.000    21140769.747    87958264.476        -228.729          44.000  
R18  21053847.350   112386872.987       -1891.607          45.000    21053845.040    87412238.461       -1471.271          47.000  
R03  21527360.533   115237725.876         904.562          46.000    21527354.213    89629358.634         703.534          46.000  
R16  20729721.970   110734441.790       -3379.325          48.000    20729716.918    86126759.714       -2628.268          48.000  
G29  25129756.350   132057778.560       -3137.041          38.000    25129752.814   102902151.205       -2444.569          39.000  
E02  27015096.416   141965286.754        1655.339          41.000    27015095.960   108778586.739        1268.216          44.000  
S31  38885733.221   204345930.947        -779.410          44.000  
S33  39879525.861   209568322.4953       -779.370          37.000  
G31  24908610.963   130895467.278       -3252.144          39.000    24908614.014   101996590.046       -2534.513          37.000  
E36  25694673.040   135026610.738         454.259          42.000    25694676.034   103462002.692         347.940          44.000  
R17  23759157.989                1      -2998.245          21.000    23759148.824                1      -2333.841          22.000  
R02  23173636.530   123658983.628       -2452.417          42.000    23173633.892    96179226.085       -1907.389          45.000  
R09  21557672.460   115116749.440         540.606          44.000    21557669.679    89535222.483         420.879          47.000  
G27  22671495.024   119139593.670        1583.289          42.000    22671492.773    92836105.207        1233.617          44.000  
E12  26630757.282   139945697.818       -2768.135          38.000    26630755.112   107231176.058       -2121.177          39.000  
E14  28894462.435   151841428.030       -1069.122          41.000    28894461.297   116346031.027        -819.211          43.000  
E24  25082393.751   131808902.356       -3097.711          44.000    25082393.205   100996440.950       -2373.652          44.000  
E25  23890241.699   125544119.184        -524.344          45.000    23890243.220    96196158.854        -401.743          49.000  
E09  29004430.841   152419296.355        1240.560          33.000                                                                  
E10  24910164.151   130904089.552       -2272.546          45.000    24910164.322   100303263.964       -1741.332          48.000  
G10  20888618.676   109770558.077        1395.068          45.000    20888615.651    85535590.136        1087.016          45.000  
G18  23002316.284   120878252.112       -3299.078          44.000    23002312.267    94190933.271       -2570.572          43.000  
G08  25254079.887   132711076.753        2094.661          38.000    25254078.431   103411225.221        1631.767          39.000  
E11  23112688.096   121458183.714       -1333.705          43.000    23112685.087    93065473.230       -1022.185          46.000  
G26  20861481.734   109627852.601       -2353.510          46.000    20861478.071    85424301.175       -1834.092          43.000  
> 2024 06 08 03 34 30.0010000  0 31                     
G23  20714776.308   108857024.176       -1359.301          46.000    20714772.032    84823731.926       -1059.179          46.000  
E04  27961588.728   146939207.542        1315.744          40.000    27961590.049   112589754.303        1008.101          40.000  
G16  21313108.128   112001147.932         724.310          48.000                                                                  
G32  25867799.098   135936159.970        1787.712          35.000    25867803.570   105924335.960        1393.180          31.000  
R04  22878295.885   122512312.458        3120.023          47.000    22878292.875    95287339.228        2426.813          46.000  
R15  23686516.877   126573539.299       -5159.355          43.000    23686518.035    98446032.643       -4012.897          42.000  
R19  21142424.202   113097715.8261       -293.848          40.000    21142419.447    87965125.101        -228.619          45.000  
R18  21064470.804   112443578.322       -1888.879          50.000    21064467.724    87456342.619       -1469.086          47.000  
R03  21522339.404   115210848.498         887.168          49.000    21522333.518    89608454.035         690.061          46.000  
R16  20748743.317   110836049.716       -3394.756          51.000    20748738.667    86205788.105       -2640.300          49.000  
G29  25147665.008   132151886.918       -3136.915          41.000    25147661.397   102975482.391       -2444.620          40.000  
E02  27005653.679   141915661.725        1653.031          42.000    27005652.745   108740562.336        1266.639          45.000  
S31  38890171.690   204369254.582        -775.489          45.000  
S33  39883961.258   209591629.4411       -774.768          38.000  
G31  24927154.673   130992917.481       -3244.682          41.000    24927158.025   102072525.345       -2528.117          38.000  
E36  25692084.008   135013008.352         452.572          43.000    25692087.196   103451580.159         346.793          44.000  
R17  23775970.400                       -2997.029          24.000    23775967.994                       -2330.792          21.000  
R02  23187475.596   123732831.789       -2470.955          45.000    23187472.765    96236663.550       -1921.922          46.000  
R09  21554687.634   115100817.283         520.865          46.000    21554685.479    89522830.836         405.009          48.000  
G27  22662447.807   119092047.871        1586.502          44.000    22662444.689    92799056.560        1236.234          44.000  
E12  26646545.189   140028662.244       -2762.895          40.000    26646542.626   107294746.195       -2117.041          41.000  
E14  28900534.543   151873338.776       -1058.267          42.000    28900533.813   116370482.108        -810.837          44.000  
E24  25100090.627   131901901.249       -3102.305          45.000    25100090.437   101067699.833       -2377.077          45.000  
E25  23893261.769   125559989.621        -533.651          46.000    23893263.362    96208319.339        -408.993          50.000  
E09  28997312.050   152381888.566        1252.723          35.000                                                                  
E10  24923130.142   130972226.836       -2269.967          47.000    24923130.631   100355473.054       -1739.193          49.000  
G10  20880691.898   109728907.988        1381.748          47.000    20880690.567    85503135.616        1076.589          45.000  
G18  23021140.564   120977173.116       -3295.919          46.000    23021136.486    94268014.497       -2568.020          43.000  
G08  25242102.718   132648135.366        2101.619          41.000    25242101.356   103362179.959        1637.872          40.000  
E11  23120303.036   121498200.928       -1334.016          45.000    23120299.994    93096135.784       -1022.134          47.000  
G26  20874956.122   109698659.538       -2366.905          47.000    20874952.689    85479475.419       -1844.396          43.000  
> 2024 06 08 03 35 00.0010000  0 31                     
G23  20722583.958   108898053.211       -1375.816          45.000    20722579.346    84855702.632       -1072.118          46.000  
E04  27954071.027   146899699.666        1318.061          40.000    27954071.935   112559482.188        1009.938          41.000  
G16  21309013.085   111979628.116         710.485          48.000                                                                  
G32  25857561.349   135882353.886        1799.201          37.000    25857565.503   105882409.323        1401.814          32.000  
R04  22860815.623   122418708.044        3120.482          47.000    22860812.738    95214536.044        2426.966          46.000  
R15  23715468.591   126728249.467       -5154.730          43.000    23715470.021    98566362.774       -4009.174          43.000  
R19  21144074.971   113106539.3821       -294.586          40.000    21144070.068    87971990.214        -228.851          45.000  
R18  21075081.266   112500219.294       -1887.085          49.000    21075078.772    87500396.689       -1467.615          48.000  
R03  21517419.011   115184510.037         868.871          49.000    21517413.530    89587968.578         675.901          46.000  
R16  20767853.221   110938135.348       -3410.771          50.000    20767850.315    86285188.015       -2652.887          50.000  
G29  25165577.078   132246016.382       -3138.234          39.000    25165573.896   103048830.021       -2445.303          40.000  
E02  26996225.570   141866117.413        1649.941          42.000    26996224.948   108702599.794        1264.326          46.000  
S31  38894588.092   204392463.562        -771.729          45.000  
S33  39888374.719   209614822.074        -771.521          39.000  
G31  24945658.133   131090153.348       -3237.627          41.000    24945661.628   102148293.673       -2523.156          37.000  
E36  25689506.250   134999461.409         450.397          43.000    25689509.104   103441200.105         345.144          44.000  
R17  23792752.067                       -3002.019          22.000    23792756.852                       -2321.309          16.000  
R02  23201421.956   123807250.838       -2490.140          46.000    23201419.019    96294545.046       -1936.839          47.000  
R09  21551819.994   115085502.196         500.129          47.000    21551817.141    89510919.133         388.942          47.000  
G27  22653383.777   119044416.411        1588.989          44.000    22653380.966    92761941.184        1238.273          44.000  
E12  26662304.327   140111476.407       -2758.219          39.000    26662301.849   107358201.205       -2113.514          41.000  
E14  28906548.906   151904945.194       -1048.664          42.000    28906548.351   116394699.988        -803.490          44.000  
E24  25117816.424   131995048.577       -3107.447          45.000    25117815.855   101139072.445       -2380.955          45.000  
E25  23896338.187   125576153.476        -543.835          46.000    23896339.019    96220704.636        -416.609          50.000  
E09  28990127.538   152344136.398        1264.534          33.000                                                                  
E10  24936082.434   131040290.858       -2267.694          47.000    24936082.915   100407626.019       -1737.593          50.000  
G10  20872847.154   109687678.810        1367.219          48.000    20872844.910    85471009.039        1065.326          45.000  
G18  23039948.442   121076010.200       -3293.202          46.000    23039944.234    94345030.419       -2566.079          43.000  
G08  25230083.521   132584977.878        2108.615          41.000    25230083.395   103312966.386        1642.885          40.000  
E11  23127920.604   121538231.437       -1334.795          45.000    23127917.429    93126808.526       -1022.856          47.000  
G26  20888507.804   109769878.868       -2380.963          46.000    20888506.183    85534971.019       -1855.205          44.000  
> 2024 06 08 03 35 30.0010000  0 30                     
G23  20730487.175   108939585.881       -1393.269          46.000    20730482.875    84888065.782       -1085.615          45.000  
E04  27946540.953   146860128.163        1319.440          40.000    27946541.404   112529161.310        1011.149          41.000  
G16  21304997.196   111958525.286         695.958          48.000                                                                  
G32  25847258.857   135828207.059        1810.271          37.000    25847263.285   105840217.098        1410.680          34.000  
R04  22843334.091   122325095.507        3119.923          46.000    22843331.545    95141726.507        2426.674          46.000  
R15  23744394.952   126882820.967       -5150.587          43.000    23744396.589    98686585.035       -4005.804          43.000  
R19  21145727.800   113115381.643        -295.435          39.000    21145721.338    87978867.598        -229.712          44.000  
R18  21085681.587   112556806.423       -1885.834          47.000    21085678.976    87544408.907       -1466.791          48.000  
R03  21512602.424   115158725.185         849.854          49.000    21512596.590    89567913.725         660.967          47.000  
R16  20787052.615   111040705.122       -3427.597          48.000    20787051.716    86364964.427       -2665.797          50.000  
G29  25183495.364   132340177.100       -3139.871          40.000    25183492.221   103122201.974       -2446.516          39.000  
E02  26986814.726   141816666.355        1646.493          42.000    26986815.069   108664708.705        1261.578          46.000  
S31  38898984.457   204415567.280        -768.898          45.000  
S33  39892768.282   209637909.749        -768.213          39.000  
G31  24964121.627   131187182.967       -3231.304          40.000    24964125.875   102223901.217       -2517.851          37.000  
E36  25686940.983   134985980.144         447.919          44.000    25686943.653   103430870.373         343.209          44.000  
R02  23215476.450   123882249.682       -2510.097          45.000    23215473.606    96352877.495       -1952.286          47.000  
R09  21549071.026   115070816.231         478.515          47.000    21549066.305    89499496.721         372.304          47.000  
G27  22644304.914   118996711.391        1590.854          44.000    22644303.600    92724768.503        1239.757          45.000  
E12  26678036.627   140194150.297       -2754.034          39.000    26678034.326   107421548.732       -2110.064          42.000  
E14  28912507.979   151936258.762       -1039.350          42.000    28912507.084   116418693.485        -796.366          44.000  
E24  25135571.684   132088353.739       -3113.284          46.000    25135571.132   101210566.011       -2385.293          45.000  
E25  23899471.863   125592622.031        -554.495          47.000    23899472.804    96233323.421        -424.809          50.000  
E09  28982881.392   152306052.071        1274.331          34.000                                                                  
E10  24949022.031   131108291.468       -2266.051          46.000    24949022.965   100459730.375       -1736.325          50.000  
G10  20865084.195   109646883.531        1352.104          48.000    20865082.219    85439220.554        1053.766          46.000  
G18  23058742.017   121174773.044       -3291.378          46.000    23058738.707    94421988.480       -2564.600          44.000  
G08  25218025.455   132521615.815        2114.985          39.000    25218025.735   103263593.337        1648.125          40.000  
E11  23135542.879   121578284.988       -1336.089          45.000    23135539.326    93157498.916       -1023.838          47.000  
G26  20902139.780   109841519.673       -2395.417          46.000    20902138.521    85590795.054       -1866.646          44.000  
> 2024 06 08 03 36 00.0010000  0 30                     
G23  20738488.268   108981630.474       -1409.973          46.000    20738483.453    84920827.840       -1098.947          45.000  
E04  27939001.455   146820504.426        1321.570          40.000    27939000.626   112498800.422        1012.644          40.000  
G16  21301063.303   111937850.533         681.755          48.000                                                                  
G32  25836892.782   135773730.984        1821.089          37.000    25836896.803   105797768.288        1419.071          33.000  
R04  22825852.822   122231488.713        3119.893          47.000    22825850.959    95068921.459        2426.562          46.000  
R15  23773295.809   127037259.169       -5145.844          43.000    23773297.680    98806703.681       -4002.130          42.000  
R19  21147386.211   113124248.339        -296.021          42.000    21147379.228    87985764.006        -230.304          45.000  
R18  21096272.804   112613348.895       -1884.149          48.000    21096271.341    87588386.383       -1465.454          47.000  
R03  21507891.704   115133506.444         830.956          50.000    21507885.371    89548299.193         646.386          46.000  
R16  20806346.027   111143765.292       -3443.612          50.000    20806344.547    86445122.284       -2678.445          49.000  
G29  25201421.098   132434379.114       -3140.832          39.000    25201418.222   103195606.092       -2447.336          39.000  
E02  26977423.897   141767319.621        1643.131          42.000    26977424.871   108626897.558        1258.917          46.000  
S31  38903362.705   204438575.463        -765.605          45.000  
S33  39897143.034   209660902.275        -764.688          39.000  
G31  24982548.257   131284012.845       -3224.456          42.000    24982552.023   102299353.180       -2512.916          38.000  
E36  25684390.315   134972573.307         445.624          44.000    25684392.466   103420597.657         341.521          44.000  
R02  23229641.292   123957835.808       -2529.343          45.000    23229638.302    96411666.711       -1967.274          46.000  
R09  21546441.081   115056770.226         457.259          49.000    21546436.001    89488572.038         355.745          46.000  
G27  22635215.016   118948943.538        1593.010          44.000    22635214.009    92687546.845        1241.384          45.000  
E12  26693743.894   140276692.809       -2749.149          39.000    26693741.754   107484795.558       -2106.408          42.000  
E14  28918412.788   151967289.675       -1029.999          43.000    28918412.077   116442470.384        -789.029          43.000  
E24  25153358.482   132181824.699       -3118.593          45.000    25153358.127   101282186.600       -2389.389          44.000  
E25  23902665.284   125609405.112        -564.810          47.000    23902666.460    96246183.205        -432.712          49.000  
E09  28975572.305   152267646.213        1285.455          34.000                                                                  
E10  24961951.165   131176237.042       -2264.003          46.000    24961952.550   100511792.547       -1734.777          49.000  
G10  20857405.898   109606533.620        1337.339          49.000    20857404.302    85407779.141        1042.026          46.000  
G18  23077523.681   121273469.617       -3289.075          46.000    23077520.524    94498894.883       -2562.714          44.000  
G08  25205928.634   132458059.169        2121.519          38.000    25205930.143   103214068.675        1653.220          40.000  
E11  23143170.518   121618369.825       -1336.835          44.000    23143167.639    93188213.256       -1024.411          47.000  
G26  20915853.690   109913589.514       -2409.591          46.000    20915853.117    85646953.430       -1877.676          44.000  
> 2024 06 08 03 36 30.0010000  0 30                     
G23  20746586.260   109024186.274       -1427.019          41.000    20746582.028    84953988.231       -1112.257          46.000  
E04  27931450.872   146780830.818        1322.944          37.000    27931451.179   112468401.338        1013.593          40.000  
G16  21297210.930   111917606.004         667.309          44.000                                                                  
G32  25826463.436   135718927.946        1832.410          34.000    25826466.261   105755064.803        1427.668          32.000  
R04  22808374.677   122137892.744        3119.522          43.000    22808372.109    94996124.833        2426.267          45.000  
R15  23802170.225   127191560.804       -5140.986          37.000    23802172.695    98926716.071       -3998.846          42.000  
R19  21149048.561   113133138.578        -296.649          36.000    21149041.993    87992678.663        -230.695          45.000  
R18  21106857.601   112669846.365       -1882.788          43.000    21106854.895    87632328.857       -1464.398          47.000  
R03  21503286.801   115108857.348         811.861          44.000    21503280.036    89529127.743         631.530          46.000  
R16  20825732.664   111247311.722       -3459.900          45.000    20825728.425    86525658.363       -2691.071          48.000  
G29  25219355.589   132528622.549       -3142.412          37.000    25219351.839   103269042.545       -2448.983          39.000  
E02  26968053.643   141718079.246        1639.061          39.000    26968054.770   108589167.901        1256.021          46.000  
S31  38907722.944   204461488.808        -762.542          42.000  
S33  39901500.574   209683799.272        -762.175          37.000  
G31  25000935.621   131380640.785       -3217.649          40.000    25000939.216   102374647.766       -2507.084          37.000  
E36  25681852.822   134959240.645         442.991          41.000    25681855.616   103410381.816         339.250          44.000  
R02  23243915.919   124034007.978       -2549.263          39.000    23243913.392    96470911.761       -1982.583          47.000  
R09  21543930.249   115043366.364         435.786          43.000    21543926.557    89478146.810         338.956          47.000  
G27  22626113.071   118901114.347        1595.180          40.000    22626112.478    92650277.395        1242.841          45.000  
E12  26709426.418   140359103.582       -2745.064          37.000    26709424.210   107547941.462       -2103.548          42.000  
E14  28924263.961   151998039.135       -1020.689          40.000    28924263.235   116466031.640        -781.883          43.000  
E24  25171177.631   132275460.357       -3124.237          43.000    25171176.803   101353933.376       -2393.840          44.000  
E25  23905918.952   125626503.558        -575.433          43.000    23905920.038    96259284.610        -441.015          49.000  
E09  28968202.651   152228920.454        1296.116          34.000                                                                  
E10  24974870.299   131244126.993       -2262.390          42.000    24974871.490   100563812.087       -1733.380          49.000  
G10  20849812.887   109566631.556        1322.259          45.000    20849810.463    85376686.673        1030.303          45.000  
G18  23096292.394   121372098.938       -3286.933          42.000    23096288.887    94575748.880       -2561.247          44.000  
G08  25193798.043   132394308.909        2127.945          35.000    25193798.230   103164393.102        1658.257          38.000  
E11  23150804.158   121658485.155       -1338.035          41.000    23150801.511    93218950.961       -1025.241          47.000  
G26  20929649.951   109986087.007       -2424.123          41.000    20929648.674    85703444.973       -1888.690          43.000  
> 2024 06 08 03 37 00.0010000  0 30                     
G23  20754781.513   109067255.754       -1444.264          46.000    20754777.649    84987548.869       -1125.354          46.000  
E04  27923891.993   146741112.855        1324.425          39.000    27923892.942   112437968.284        1014.985          41.000  
G16  21293441.332   111897797.185         652.942          49.000                                                                  
G32  25815973.281   135663803.737        1843.331          38.000    25815977.308   105712110.888        1436.380          33.000  
R04  22790900.276   122044315.554        3118.744          50.000    22790896.994    94923342.780        2425.713          46.000  
R15  23831020.527   127345725.495       -5136.688          44.000    23831023.466    99046621.948       -3995.190          44.000  
R19  21150714.396   113142054.493        -297.522          42.000    21150708.673    87999613.280        -231.531          46.000  
R18  21117433.802   112726301.941       -1881.274          50.000    21117431.336    87676238.752       -1463.178          48.000  
R03  21498789.369   115084784.814         792.661          51.000    21498782.717    89510404.723         616.419          47.000  
R16  20845208.233   111351344.387       -3475.887          52.000    20845202.951    86606572.673       -2703.517          49.000  
G29  25237298.143   132622910.949       -3143.750          41.000    25237294.080   103342514.029       -2449.839          38.000  
E02  26958704.889   141668950.453        1635.839          42.000    26958705.866   108551523.755        1253.281          47.000  
S31  38912065.343   204484310.368        -759.233          46.000  
S33  39905840.535   209706604.579        -758.948          42.000  
G31  25019285.008   131477067.769       -3210.888          45.000    25019287.535   102449785.840       -2502.017          36.000  
E36  25679330.925   134945985.052         440.561          45.000    25679333.690   103400224.999         337.388          46.000  
R02  23258301.179   124110767.663       -2568.272          47.000    23258297.848    96530613.755       -1997.690          47.000  
R09  21541541.268   115030609.057         414.407          49.000    21541538.651    89468224.494         322.238          49.000  
G27  22617000.477   118853228.739        1597.001          45.000    22616999.401    92612963.976        1244.540          45.000  
E12  26725084.150   140441385.514       -2740.802          41.000    26725081.956   107610988.602       -2100.049          43.000  
E14  28930062.887   152028511.415       -1011.242          44.000    28930062.423   116489380.543        -774.821          44.000  
E24  25189028.483   132369262.775       -3129.560          46.000    25189026.686   101425807.974       -2398.023          45.000  
E25  23909233.972   125643921.270        -585.979          46.000    23909234.487    96272630.654        -449.083          50.000  
E09  28960772.263   152189879.791        1305.818          34.000                                                                  
E10  24987779.309   131311963.822       -2260.473          46.000    24987780.159   100615790.995       -1731.982          49.000  
G10  20842306.145   109527182.969        1307.298          51.000    20842303.801    85345947.592        1018.682          45.000  
G18  23115048.991   121470663.322       -3284.528          48.000    23115045.065    94652552.273       -2559.406          45.000  
G08  25181632.707   132330369.179        2134.196          42.000    25181630.330   103114569.940        1663.233          38.000  
E11  23158443.720   121698633.312       -1339.109          44.000    23158441.595    93249713.835       -1025.916          48.000  
G26  20943527.695   110059013.812       -2438.032          48.000    20943525.486    85760271.063       -1899.628          43.000  
> 2024 06 08 03 37 30.0010000  0 30                     
G23  20763075.372   109110839.126       -1461.465          45.000    20763071.126    85021509.975       -1138.697          46.000  
E04  27916325.611   146701353.866        1325.949          38.000    27916326.945   112407503.782        1016.087          41.000  
G16  21289755.315   111878427.257         638.318          48.000                                                                  
G32  25805424.043   135608361.873        1853.556          38.000    25805427.676   105668909.578        1443.948          35.000  
R04  22773429.661   121950763.019        3118.034          48.000    22773426.150    94850579.910        2425.116          45.000  
R15  23859844.245   127499750.798       -5131.738          44.000    23859847.897    99166419.417       -3991.474          44.000  
R19  21152385.769   113150996.529        -298.438          40.000    21152379.287    88006568.250        -232.147          46.000  
R18  21128002.665   112782716.750       -1879.797          49.000    21127999.486    87720116.943       -1462.067          47.000  
R03  21494400.714   115061293.158         773.306          49.000    21494394.286    89492133.469         601.612          47.000  
R16  20864774.022   111455859.933       -3491.890          50.000    20864769.425    86687862.531       -2715.906          49.000  
G29  25255249.339   132717245.606       -3144.956          37.000    25255245.541   103416021.491       -2450.772          38.000  
E02  26949378.973   141619936.279        1631.840          44.000    26949378.788   108513967.418        1250.406          46.000  
S31  38916389.950   204507041.287        -756.306          44.000  
S33  39910163.961   209729319.536        -755.955          41.000  
G31  25037595.469   131573292.257       -3204.064          43.000    25037598.729   102524766.081       -2496.691          37.000  
E36  25676823.770   134932807.249         437.906          45.000    25676826.253   103390127.793         335.640          46.000  
R02  23272795.974   124188114.467       -2587.914          47.000    23272792.155    96590772.381       -2012.828          46.000  
R09  21539274.741   115018501.275         392.748          48.000    21539271.275    89458807.321         305.530          48.000  
G27  22607877.936   118805289.258        1599.000          44.000    22607875.985    92575608.587        1245.823          44.000  
E12  26740717.144   140523539.290       -2736.443          40.000    26740715.528   107673937.634       -2096.707          44.000  
E14  28935809.544   152058708.659       -1001.900          44.000    28935808.519   116512518.689        -767.865          43.000  
E24  25206909.533   132463231.852       -3135.256          46.000    25206908.682   101497810.254       -2402.197          45.000  
E25  23912609.240   125661659.971        -596.694          46.000    23912610.028    96286222.648        -457.151          50.000  
E09  28953284.124   152150526.683        1317.238          35.000                                                                  
E10  25000678.477   131379747.834       -2258.495          46.000    25000678.876   100667729.415       -1730.684          49.000  
G10  20834885.722   109488191.196        1292.089          49.000    20834883.862    85315564.465        1006.903          45.000  
G18  23133792.752   121569162.944       -3282.271          45.000    23133788.930    94729305.167       -2557.479          45.000  
G08  25169430.758   132266241.958        2140.650          41.000    25169427.284   103064600.653        1668.311          38.000  
E11  23166090.180   121738814.566       -1339.990          44.000    23166087.058    93280502.078       -1026.632          47.000  
G26  20957487.820   110132369.417       -2452.295          47.000    20957485.001    85817431.279       -1910.828          44.000  
> 2024 06 08 03 38 00.0010000  0 30                     
G23  20771467.945   109154945.396       -1479.141          45.000    20771464.363    85055878.525       -1152.732          46.000  
E04  27908753.444   146661566.050        1326.417          37.000    27908755.396   112377017.191        1016.393          42.000  
G16  21286154.773   111859508.271         622.777          48.000                                                                  
G32  25794815.074   135552614.557        1862.963          39.000    25794819.879   105625470.215        1451.700          35.000  
R04  22755966.791   121857249.855        3116.132          48.000    22755963.019    94777847.648        2423.744          45.000  
R15  23888643.436   127653643.054       -5127.735          44.000    23888646.944    99286113.421       -3988.271          45.000  
R19  21154062.447   113159979.3251       -300.079          40.000    21154059.052    88013551.000        -233.533          47.000  
R18  21138565.126   112839100.643       -1879.211          49.000    21138561.982    87763971.101       -1461.731          47.000  
R03  21490123.273   115038396.043         752.948          50.000    21490117.643    89474324.667         585.712          48.000  
R16  20884428.669   111560865.198       -3508.597          49.000    20884426.678    86769533.253       -2728.866          50.000  
G29  25273211.651   132811636.511       -3147.564          40.000    25273207.704   103489572.823       -2452.730          38.000  
E02  26940076.420   141571048.556        1627.196          44.000    26940075.815   108476507.968        1246.861          47.000  
S31  38920700.147   204529692.795        -753.840          44.000  
S33  39914471.591   209751954.536        -753.589          41.000  
G31  25055868.942   131669321.945       -3198.026          42.000    25055873.181   102599594.474       -2491.931          39.000  
E36  25674332.552   134919716.743         434.702          45.000    25674335.146   103380097.485         333.088          46.000  
R02  23287402.122   124266056.084       -2608.180          47.000    23287398.784    96651393.659       -2028.759          47.000  
R09  21537131.533   115007054.449         370.238          48.000    21537127.260    89449904.217         288.031          49.000  
G27  22598748.337   118757307.454        1599.681          45.000    22598744.537    92538220.202        1246.514          44.000  
E12  26756328.115   140605574.558       -2732.758          40.000    26756326.214   107736795.819       -2094.146          44.000  
E14  28941505.238   152088641.731        -993.424          43.000    28941504.600   116535454.409        -761.299          43.000  
E24  25224823.759   132557376.284       -3141.320          45.000    25224823.873   101569946.887       -2406.959          46.000  
E25  23916047.331   125679730.276        -608.097          46.000    23916048.817    96300068.749        -465.968          50.000  
E09  28945738.200   152110872.746        1326.552          35.000                                                                  
E10  25013569.893   131447488.186       -2257.627          47.000    25013569.319   100719634.364       -1729.772          49.000  
G10  20827555.041   109449668.567        1276.035          49.000    20827552.439    85285546.894         994.551          45.000  
G18  23152525.633   121667606.754       -3280.819          45.000    23152522.005    94806014.611       -2556.426          44.000  
G08  25157193.141   132201938.021        2145.983          41.000    25157192.196   103014493.714        1672.221          39.000  
E11  23173744.689   121779037.943       -1341.742          44.000    23173741.071    93311322.596       -1028.050          46.000  
G26  20971530.011   110206162.112       -2467.338          47.000    20971527.331    85874932.073       -1922.641          44.000  
> 2024 06 08 03 38 30.0010000  0 30                     
G23  20779961.292   109199577.541       -1496.724          45.000    20779957.688    85090656.834       -1166.384          46.000  
E04  27901178.022   146621755.543        1326.978          38.000    27901179.494   112346513.199        1016.922          41.000  
G16  21282641.767   111841046.053         607.581          48.000                                                                  
G32  25784150.487   135496568.169        1873.035          40.000    25784153.870   105581797.811        1459.141          35.000  
R04  22738513.084   121763785.051        3114.388          49.000    22738509.062    94705153.017        2422.246          45.000  
R15  23917417.883   127807402.836       -5123.180          44.000    23917420.853    99405704.414       -3984.839          45.000  
R19  21155749.638   113168995.659        -301.373          41.000    21155745.057    88020563.727        -234.412          47.000  
R18  21149122.216   112895457.536       -1878.399          48.000    21149119.567    87807804.244       -1460.828          47.000  
R03  21485958.647   115016100.656         732.964          50.000    21485952.919    89456983.882         569.987          48.000  
R16  20904177.244   111666360.100       -3524.892          49.000    20904176.107    86851584.790       -2741.554          50.000  
G29  25291185.089   132906088.238       -3149.617          39.000    25291181.363   103563171.521       -2454.066          39.000  
E02  26930798.839   141522293.159        1622.771          45.000    26930797.828   108439149.915        1243.412          47.000  
S31  38924995.775   204552266.956        -751.556          44.000  
S33  39918764.037   209774513.002        -750.728          41.000  
G31  25074106.243   131765158.471       -3191.575          42.000    25074110.011   102674272.417       -2486.883          38.000  
E36  25671857.443   134906717.073         431.656          44.000    25671861.140   103370136.784         330.686          46.000  
R02  23302119.913   124344595.057       -2628.042          48.000    23302116.768    96712479.553       -2044.073          46.000  
R09  21535111.834   114996273.379         348.027          48.000    21535107.656    89441518.938         270.664          48.000  
G27  22589611.274   118709288.743        1600.801          45.000    22589607.284    92500803.066        1247.572          44.000  
E12  26771917.021   140687494.687       -2729.074          40.000    26771914.837   107799565.758       -2091.087          44.000  
E14  28947152.017   152118315.736        -985.331          43.000    28947151.244   116558191.602        -754.725          43.000  
E24  25242772.020   132651698.810       -3147.295          44.000    25242772.612   101642219.980       -2411.509          45.000  
E25  23919550.431   125698136.729        -619.348          46.000    23919551.630    96314172.407        -474.546          50.000  
E09  28938134.412   152070923.420        1336.160          34.000                                                                  
E10  25026452.279   131515188.040       -2256.131          47.000    25026452.254   100771508.288       -1728.723          49.000  
G10  20820314.470   109411621.153        1260.076          49.000    20820312.023    85255899.637         981.841          44.000  
G18  23171249.237   121765997.632       -3279.012          44.000    23171244.787    94882682.844       -2555.212          43.000  
G08  25144922.481   132137462.146        2152.002          40.000    25144923.474   102964252.788        1676.610          40.000  
E11  23181408.183   121819306.429       -1343.144          44.000    23181403.486    93342177.694       -1029.231          46.000  
G26  20985656.098   110280394.130       -2482.001          46.000    20985653.547    85932775.206       -1934.009          45.000  
> 2024 06 08 03 39 00.0010000  0 30                     
G23  20788557.206   109244749.320       -1514.870          42.000    20788553.597    85125855.631       -1180.342          44.000  
E04  27893601.579   146581939.237        1327.231          36.000    27893602.577   112316004.758        1017.004          39.000  
G16  21279218.644   111823057.448         591.406          45.000                                                                  
G32  25773431.815   135440239.780        1882.081          36.000    25773434.382   105537905.673        1465.816          34.000  
R04  22721070.918   121670388.233        3112.003          43.000    22721066.826    94632511.241        2420.635          42.000  
R15  23946168.732   127961041.389       -5118.910          38.000    23946171.436    99525201.080       -3981.727          43.000  
R19  21157445.846   113178064.877        -303.449          35.000    21157439.339    88027617.600        -235.889          43.000  
R18  21159677.177   112951801.971       -1878.015          45.000    21159674.933    87851627.672       -1460.675          47.000  
R03  21481909.936   114994424.881         712.146          46.000    21481903.785    89440125.023         553.837          47.000  
R16  20924022.632   111772355.406       -3541.561          48.000    20924018.808    86934025.544       -2754.573          48.000  
G29  25309172.410   133000615.469       -3152.371          35.000    25309169.741   103636829.108       -2456.888          36.000  
E02  26921548.626   141473686.623        1617.695          41.000    26921548.220   108401905.942        1239.455          44.000  
S31  38929280.993   204574781.113        -749.752          42.000  
S33  39923044.432   209797010.096        -748.875          38.000  
G31  25092309.056   131860813.907       -3185.550          39.000    25092310.716   102748809.288       -2482.708          34.000  
E36  25669403.560   134893822.482         428.335          41.000    25669406.799   103360256.572         327.878          43.000  
R02  23316952.947   124423744.600       -2648.205          43.000    23316949.359    96774040.346       -2059.983          44.000  
R09  21533219.698   114986174.692         325.133          43.000    21533215.507    89433664.423         252.825          45.000  
G27  22580468.794   118661249.288        1601.460          42.000    22580466.147    92463369.788        1248.240          43.000  
E12  26787487.079   140769314.046       -2725.763          39.000    26787484.373   107862258.465       -2088.561          40.000  
E14  28952752.444   152147746.334        -976.924          40.000    28952751.470   116580742.292        -748.448          40.000  
E24  25260757.202   132746212.813       -3153.713          41.000    25260757.960   101714639.797       -2416.570          43.000  
E25  23923119.930   125716894.587        -631.186          44.000    23923121.395    96328545.328        -483.602          49.000  
E09  28930479.163   152030694.970        1345.289          31.000                                                                  
E10  25039329.645   131582861.390       -2255.442          43.000    25039330.154   100823361.897       -1728.149          47.000  
G10  20813168.086   109374065.877        1243.448          46.000    20813164.946    85226635.844         969.030          42.000  
G18  23189964.669   121864349.274       -3277.987          41.000    23189960.201    94959320.503       -2554.256          41.000  
G08  25132623.501   132072830.040        2156.885          36.000    25132624.441   102913889.984        1680.696          37.000  
E11  23189081.894   121859633.981       -1345.354          40.000    23189078.002    93373078.036       -1030.656          45.000  
G26  20999867.579   110355078.446       -2497.009          43.000    20999866.052    85990970.800       -1945.715          43.000  
> 2024 06 08 03 39 30.0010000  0 30                     
G23  20797257.982   109290472.012       -1533.723          45.000    20797254.674    85161483.711       -1194.995          46.000  
E04  27886026.509   146542131.682        1326.200          40.000    27886027.162   112285503.019        1016.454          41.000  
G16  21275888.054   111805556.681         574.774          48.000                                                                  
G32  25762661.117   135383644.139        1890.464          39.000    25762664.204   105493805.226        1473.354          35.000  
R04  22703644.693   121577076.790        3108.427          48.000    22703640.420    94559935.891        2417.917          44.000  
R15  23974898.277   128114589.9581      -5116.071          41.000    23974902.364    99644610.621       -3979.181          45.000  
R19  21159152.723   113187198.909        -305.658          40.000    21159146.596    88034721.906        -238.110          45.000  
R18  21170232.995   113008146.423       -1878.619          49.000    21170230.527    87895451.125       -1461.145          48.000  
R03  21477979.717   114973385.053         690.296          51.000    21477972.900    89423760.763         536.834          49.000  
R16  20943960.534   111878860.018       -3559.052          51.000    20943956.666    87016862.449       -2768.146          49.000  
G29  25327177.894   133095230.779       -3155.811          38.000    25327174.234   103710555.321       -2458.937          38.000  
E02  26912330.415   141425243.217        1611.668          44.000    26912329.715   108364786.949        1234.862          46.000  
S31  38933555.976   204597246.258        -748.551          45.000  
S33  39927316.256   209819457.822        -747.936          40.000  
G31  25110478.631   131956298.348       -3180.222          40.000    25110481.814   102823212.864       -2478.325          36.000  
E36  25666971.459   134881044.922         423.519          43.000    25666974.492   103350466.020         324.506          44.000  
R02  23331901.953   124503515.123       -2669.823          48.000    23331898.194    96836084.100       -2076.522          45.000  
R09  21531459.097   114976772.537         301.358          48.000    21531454.905    89426351.607         234.398          47.000  
G27  22571325.386   118613203.084        1601.227          45.000    22571324.157    92425931.231        1247.646          45.000  
E12  26803040.109   140851044.456       -2723.364          41.000    26803037.091   107924883.042       -2086.742          42.000  
E14  28958309.066   152176946.834        -970.076          43.000    28958308.038   116603116.697        -742.940          42.000  
E24  25278780.773   132840929.322       -3160.868          43.000    25278782.338   101787214.781       -2422.038          45.000  
E25  23926758.906   125736016.772        -643.887          47.000    23926760.322    96343197.422        -493.463          51.000  
E09  28922773.495   151990201.246        1353.871          35.000                                                                  
E10  25052204.464   131650519.865       -2255.527          46.000    25052204.963   100875204.114       -1728.173          49.000  
G10  20806118.156   109337017.268        1226.166          50.000    20806115.356    85197766.899         955.123          45.000  
G18  23208675.315   121962672.982       -3277.249          45.000    23208670.607    95035936.382       -2553.775          43.000  
G08  25120298.388   132008054.813        2161.140          40.000    25120297.048   102863415.691        1683.870          39.000  
E11  23196770.032   121900031.793       -1348.157          44.000    23196766.224    93404032.225       -1032.956          47.000  
G26  21014167.620   110430225.685       -2512.958          46.000    21014165.812    86049527.106       -1958.112          45.000  
> 2024 06 08 03 40 00.0010000  0 30                     
G23  20806069.605   109336776.268       -1553.652          46.000    20806066.245    85197564.965       -1210.560          47.000  
E04  27878459.915   146502366.754        1324.470          41.000    27878460.212   112255033.909        1014.853          42.000  
G16  21272657.284   111788577.209         556.873          47.000                                                                  
G32  25751846.617   135326815.277        1897.643          40.000    25751849.642   105449523.148        1478.115          34.000  
R04  22686242.547   121483887.630        3103.744          48.000    22686237.284    94487455.667        2414.007          44.000  
R15  24003612.998   128268032.788       -5113.977          43.000    24003616.898    99763955.083       -3977.350          44.000  
R19  21160878.526   113196428.833        -309.930          40.000    21160873.099    88041900.741        -240.936          46.000  
R18  21180794.007   113064522.780       -1880.224          49.000    21180791.820    87939299.405       -1462.244          48.000  
R03  21474174.451   114953016.506         667.291          50.000    21474167.901    89407918.604         519.029          48.000  
R16  20963997.138   111985901.855       -3577.381          48.000    20963994.899    87100117.196       -2782.337          49.000  
G29  25345205.355   133189965.902       -3160.251          38.000    25345201.979   103784374.883       -2462.680          38.000  
E02  26903149.251   141376996.480        1604.591          43.000    26903148.726   108327818.658        1229.439          46.000  
S31  38937827.658   204619694.053        -748.392          45.000  
S33  39931585.125   209841890.164        -747.799          40.000  
G31  25128621.752   132051641.117       -3176.106          40.000    25128624.715   102897505.987       -2474.622          37.000  
E36  25664568.036   134868415.574         418.004          43.000    25664570.970   103340789.043         320.399          43.000  
R02  23346972.648   124583936.731       -2692.063          48.000    23346968.998    96898634.267       -2093.928          45.000  
R09  21529835.467   114968100.132         276.479          48.000    21529831.718    89419606.402         215.128          47.000  
G27  22562187.222   118565183.267        1599.778          45.000    22562186.433    92388513.212        1246.590          45.000  
E12  26818581.505   140932717.298       -2721.871          41.000    26818578.935   107987463.525       -2085.607          42.000  
E14  28963827.922   152205949.946        -963.761          43.000    28963827.257   116625339.872        -738.569          42.000  
E24  25296849.465   132935878.743       -3169.161          44.000    25296850.999   101859968.228       -2428.442          46.000  
E25  23930472.871   125755535.470        -657.581          47.000    23930474.491    96358153.326        -503.807          51.000  
E09  28915024.212   151949475.570        1360.958          36.000                                                                  
E10  25065082.412   131718194.236       -2256.442          46.000    25065082.939   100927058.514       -1729.014          49.000  
G10  20799171.110   109300509.119        1207.396          50.000    20799168.418    85169319.059         940.992          44.000  
G18  23227386.255   122060999.463       -3278.105          45.000    23227381.448    95112554.401       -2554.397          43.000  
G08  25107952.416   131943169.042        2164.398          41.000    25107948.848   102812855.278        1686.385          37.000  
E11  23204476.511   121940530.740       -1351.927          45.000    23204473.179    93435063.911       -1035.887          48.000  
G26  21028561.486   110505865.774       -2529.993          46.000    21028559.773    86108467.445       -1971.265          45.000  
> 2024 06 08 03 40 30.0010000  0 31                     
G23  20814998.531   109383694.839       -1574.642          46.000    20814994.361    85234124.923       -1226.991          47.000  
E04  27870907.515   146462680.511        1321.241          41.000    27870908.275   112224625.066        1012.278          42.000  
G16  21269532.160   111772154.915         537.512          47.000                                                                  
G32  25740994.661   135269789.440        1903.571          40.000    25740997.760   105405087.559        1484.012          35.000  
R04  22668871.280   121390860.124        3097.708          50.000    22668865.556    94415101.164        2409.277          44.000  
R15  24032318.439   128421423.044       -5112.695          43.000    24032321.742    99883258.668       -3976.428          44.000  
R19  21162627.710   113205788.053        -314.771          40.000    21162622.527    88049180.116        -244.653          46.000  
R18  21191367.148   113120965.574       -1882.977          49.000    21191365.398    87983199.364       -1464.508          48.000  
R03  21470501.063   114933356.467         643.016          49.000    21470494.985    89392627.515         500.096          48.000  
R16  20984138.502   112093511.585       -3596.981          46.000    20984138.322    87183813.615       -2797.608          47.000  
G29  25363262.272   133284854.795       -3166.103          36.000    25363258.935   103858314.233       -2466.971          38.000  
E02  26894011.955   141328982.129        1596.023          43.000    26894011.864   108291028.436        1222.991          46.000  
S31  38942102.497   204642159.137        -749.623          45.000  
S33  39935856.717   209864338.079        -748.784          40.000  
G31  25146743.169   132146873.489       -3172.713          40.000    25146746.233   102971713.190       -2472.589          35.000  
E36  25662199.408   134855967.853         411.378          43.000    25662202.055   103331251.247         315.198          43.000  
R02  23362171.732   124665042.037       -2715.367          49.000    23362168.061    96961716.209       -2111.987          45.000  
R09  21528353.514   114960192.972         250.391          47.000    21528351.371    89413456.402         194.780          47.000  
R10  24475777.391   130469664.9333       2655.183          39.000                                                                  
G27  22553061.992   118517225.260        1597.200          45.000    22553060.239    92351143.368        1244.556          45.000  
E12  26834118.476   141014366.070       -2721.604          40.000    26834116.211   108050025.573       -2085.651          41.000  
E14  28969316.111   152234790.572        -959.077          43.000    28969315.511   116647438.550        -734.945          42.000  
E24  25314968.516   133031093.630       -3178.793          44.000    25314969.428   101932925.079       -2435.709          46.000  
E25  23934269.069   125775485.085        -672.578          46.000    23934270.719    96373439.411        -515.410          51.000  
E09  28907236.865   151908553.289        1366.972          36.000                                                                  
E10  25077969.674   131785917.684       -2258.820          46.000    25077970.337   100978950.492       -1730.766          49.000  
G10  20792333.583   109264577.430        1187.676          50.000    20792330.307    85141320.408         925.413          44.000  
G18  23246103.566   122159361.599       -3279.654          44.000    23246098.524    95189200.228       -2555.803          43.000  
G08  25095591.497   131878207.551        2166.298          41.000    25095586.462   102762235.909        1688.105          37.000  
E11  23212208.036   121981163.722       -1357.027          45.000    23212205.045    93466198.297       -1039.842          48.000  
G26  21043055.640   110582030.776       -2547.992          47.000    21043053.524    86167816.813       -1985.376          45.000  
> 2024 06 08 03 41 00.0010000  0 31                     
G23  20824048.628   109431255.637       -1596.334          47.000    20824044.690    85271185.310       -1243.818          46.000  
E04  27863376.703   146423104.162        1317.290          41.000    27863376.985   112194300.426        1009.111          42.000  
G16  21266518.508   111756320.801         517.706          47.000                                                                  
G32  25730110.687   135212598.095        1908.823          39.000    25730114.531   105360523.067        1486.414          35.000  
R04  22651535.847   121298028.509        3090.693          50.000    22651530.130    94342899.004        2404.035          45.000  
R15  24061018.665   128574786.285       -5111.920          44.000    24061021.358   100002541.253       -3975.854          44.000  
R19  21164406.115   113215305.524        -320.209          39.000    21164400.815    88056582.626        -249.030          45.000  
R18  21201958.253   113177503.844       -1886.584          47.000    21201957.126    88027173.562       -1467.328          48.000  
R03  21466966.550   114914438.376         617.901          49.000    21466960.998    89377913.489         480.588          48.000  
R16  21004396.666   112201714.562       -3616.992          48.000    21004394.286    87267971.454       -2813.165          48.000  
G29  25381352.936   133379926.380       -3172.344          37.000    25381350.425   103932395.950       -2471.800          37.000  
E02  26884924.455   141281231.016        1586.924          43.000    26884925.076   108254439.917        1215.924          46.000  
S31  38946386.544   204664670.747        -751.411          45.000  
S33  39940137.207   209886833.346        -750.888          40.000  
G31  25164848.160   132242022.297       -3170.462          39.000    25164852.572   103045855.212       -2470.430          35.000  
E36  25659870.956   134843730.222         404.266          43.000    25659873.442   103321874.401         309.874          43.000  
R02  23377504.326   124746858.311       -2739.414          49.000    23377500.285    97025351.125       -2130.636          45.000  
R09  21527021.600   114953081.837         223.434          46.000    21527019.398    89407925.512         173.830          47.000  
R10  24460878.506   130390224.727        2640.363          38.000                                                                  
G27  22543953.683   118469359.590        1593.588          45.000    22543951.025    92313845.473        1241.816          45.000  
E12  26849656.600   141096019.313       -2722.070          40.000    26849654.385   108112591.016       -2085.658          41.000  
E14  28974778.786   152263498.588        -955.078          43.000    28974778.853   116669435.613        -731.927          42.000  
E24  25333143.033   133126601.670       -3188.760          44.000    25333143.928   102006106.535       -2443.341          45.000  
E25  23938153.380   125795895.091        -688.259          46.000    23938154.296    96389078.256        -527.313          50.000  
E09  28899417.686   151867464.973        1371.949          35.000                                                                  
E10  25090872.020   131853718.436       -2261.645          46.000    25090872.283   101030901.719       -1732.933          49.000  
G10  20785611.453   109229253.288        1167.094          50.000    20785608.761    85113795.157         909.207          45.000  
G18  23264833.675   122257787.404       -3282.270          45.000    23264828.912    95265895.654       -2557.603          43.000  
G08  25083221.070   131813200.163        2167.276          42.000    25083216.082   102711580.821        1688.736          38.000  
E11  23219970.242   122021958.905       -1362.837          44.000    23219967.471    93497456.962       -1044.252          47.000  
G26  21057653.833   110658747.890       -2566.846          46.000    21057652.560    86227596.368       -2000.012          45.000  
> 2024 06 08 03 41 30.0010000  0 31                     
G23  20833226.177   109479483.399       -1618.805          47.000    20833221.748    85308765.423       -1261.698          46.000  
E04  27855871.767   146383665.787        1312.305          41.000    27855871.621   112164081.510        1005.473          41.000  
G16  21263622.601   111741102.502         496.680          48.000                                                                  
G32  25719201.237   135155269.524        1913.002          40.000    25719204.283   105315851.605        1490.537          35.000  
R04  22634242.112   121205424.071        3082.675          51.000    22634237.472    94270873.579        2397.590          45.000  
R15  24089718.128   128728145.699       -5112.365          43.000    24089720.289   100121820.878       -3976.031          43.000  
R19  21166219.618   113224998.9641       -326.703          40.000    21166214.711    88064128.217        -254.205          46.000  
R18  21212572.598   113234163.989       -1890.967          47.000    21212571.019    88071242.565       -1470.715          47.000  
R03  21463577.008   114896290.396         591.785          51.000    21463570.567    89363798.446         460.251          47.000  
R16  21024769.145   112310533.204       -3637.750          50.000    21024765.123    87352608.129       -2829.443          47.000  
G29  25399484.519   133475207.330       -3179.719          37.000    25399481.407   104006640.816       -2477.755          36.000  
E02  26875892.669   141233770.906        1576.819          43.000    26875893.945   108218074.363        1208.299          45.000  
S31  38950683.787   204687253.226        -754.263          46.000  
S33  39944431.411   209909400.187        -753.843          41.000  
G31  25182943.107   132337110.940       -3168.969          40.000    25182947.227   103119950.351       -2469.659          35.000  
E36  25657587.670   134831728.167         395.885          44.000    25657589.870   103312678.099         303.445          43.000  
R02  23392974.500   124829409.816       -2764.314          48.000    23392970.716    97089557.899       -2149.917          44.000  
R09  21525844.116   114946793.899         195.668          48.000    21525841.437    89403034.881         152.208          47.000  
R10  24446067.749   130311289.4511       2623.826          38.000                                                                  
G27  22534867.512   118421613.706        1589.191          45.000    22534864.849    92276640.928        1238.325          45.000  
E12  26865200.829   141177702.454       -2723.302          40.000    26865198.289   108175179.392       -2086.784          40.000  
E14  28980222.024   152292100.935        -951.919          44.000    28980221.615   116691351.699        -729.315          42.000  
E24  25351378.735   133222427.421       -3199.791          44.000    25351378.388   102079531.436       -2451.711          44.000  
E25  23942129.599   125816791.850        -704.793          46.000    23942130.756    96405090.087        -540.091          49.000  
E09  28891571.554   151826238.073        1376.577          35.000                                                                  
E10  25103793.364   131921621.637       -2265.446          46.000    25103793.671   101082931.461       -1735.770          47.000  
G10  20779009.880   109194564.681        1145.494          49.000    20779007.656    85086765.115         892.601          44.000  
G18  23283580.162   122356301.791       -3285.532          45.000    23283575.479    95342660.112       -2560.417          44.000  
G08  25070847.404   131748173.674        2167.374          43.000    25070842.854   102660910.810        1689.247          40.000  
E11  23227769.309   122062941.140       -1369.433          43.000    23227765.468    93528858.955       -1049.377          45.000  
G26  21072363.030   110736041.183       -2586.340          48.000    21072360.154    86287824.901       -2015.393          45.000  
> 2024 06 08 03 42 00.0010000  0 31                     
G23  20842534.176   109528397.475       -1641.957          47.000    20842529.707    85346880.288       -1279.438          46.000  
E04  27848397.243   146344388.063        1306.714          41.000    27848397.166   112133985.695        1001.115          41.000  
G16  21260848.557   111726522.349         475.311          48.000                                                                  
G32  25708270.256   135097826.566        1916.788          40.000    25708273.600   105271091.004        1493.640          36.000  
R04  22616996.128   121113072.161        3074.056          50.000    22616991.329    94199044.497        2390.922          46.000  
R15  24118419.565   128881518.395       -5112.384          42.000    24118421.978   100241110.803       -3976.361          44.000  
R19  21168072.403   113234903.949        -333.704          39.000    21168067.314    88071832.085        -259.314          46.000  
R18  21223214.250   113290966.346       -1895.813          48.000    21223212.174    88115422.178       -1474.542          48.000  
R03  21460335.460   114878937.733         565.137          50.000    21460329.399    89350301.956         439.504          48.000  
R16  21045259.355   112419984.240       -3658.795          50.000    21045255.335    87437736.682       -2845.831          48.000  
G29  25417658.926   133570717.880       -3187.728          36.000    25417656.319   104081064.585       -2483.795          36.000  
E02  26866921.132   141186624.144        1566.236          43.000    26866922.325   108181948.917        1200.162          47.000  
S31  38954998.979   204709930.624        -757.606          45.000  
S33  39948743.366   209932060.002        -756.724          40.000  
G31  25201030.129   132432157.329       -3167.443          41.000    25201033.277   103194012.619       -2467.671          33.000  
E36  25655353.192   134819981.669         387.232          45.000    25655354.847   103303677.605         296.680          44.000  
R02  23408585.736   124912715.191       -2789.461          49.000    23408581.980    97154351.005       -2169.539          45.000  
R09  21524826.385   114941351.384         167.271          49.000    21524822.766    89398801.784         130.144          48.000  
R10  24431349.769   130232831.424        2606.962          39.000                                                                  
G27  22525808.589   118374009.683        1584.366          45.000    22525806.298    92239546.934        1234.590          45.000  
E12  26880754.068   141259435.612       -2725.343          40.000    26880751.595   108237806.072       -2088.020          41.000  
E14  28985649.074   152320619.047        -949.299          44.000    28985648.458   116713203.261        -727.386          42.000  
E24  25369678.234   133318590.040       -3210.990          45.000    25369677.393   102153214.445       -2460.548          45.000  
E25  23946201.855   125838196.342        -722.038          46.000    23946203.661    96421490.953        -553.210          50.000  
E09  28883704.033   151784894.706        1380.165          35.000                                                                  
E10  25116738.177   131989646.948       -2269.593          46.000    25116738.418   101135054.765       -1738.994          48.000  
G10  20772533.844   109160534.124        1123.314          49.000    20772530.807    85060247.849         875.347          43.000  
G18  23302346.796   122454924.266       -3289.070          45.000    23302342.424    95419508.794       -2563.246          43.000  
G08  25058472.679   131683149.451        2167.443          42.000    25058470.115   102610242.565        1688.916          41.000  
E11  23235607.564   122104130.009       -1376.448          44.000    23235603.268    93560419.317       -1054.850          46.000  
G26  21087184.737   110813929.263       -2606.171          47.000    21087181.783    86348516.888       -2030.835          45.000  
> 2024 06 08 03 42 30.0010000  0 31                     
G23  20851974.728   109578007.066       -1665.316          46.000    20851969.948    85385537.117       -1297.510          45.000  
E04  27840955.817   146305283.555        1300.714          39.000    27840955.528   112104022.576         996.544          40.000  
G16  21258197.597   111712592.473         453.491          47.000                                                                  
G32  25697319.778   135040282.146        1919.918          40.000    25697323.705   105226251.330        1496.274          36.000  
R04  22599799.478   121020988.195        3064.847          50.000    22599794.448    94127423.859        2383.799          46.000  
R15  24147124.696   129034911.371       -5113.238          43.000    24147127.350   100360416.500       -3977.081          44.000  
R19  21169963.152   113245022.797        -340.912          40.000    21169958.424    88079702.304        -264.996          45.000  
R18  21233883.908   113347921.632       -1901.056          48.000    21233881.951    88159720.731       -1478.577          48.000  
R03  21457244.646   114862393.308         537.983          50.000    21457239.202    89337434.090         418.432          48.000  
R16  21065867.415   112530073.921       -3680.200          50.000    21065864.424    87523361.941       -2862.451          48.000  
G29  25435878.680   133666468.371       -3196.035          35.000    25435877.253   104155675.293       -2490.071          37.000  
E02  26858011.001   141139802.964        1555.137          43.000    26858012.559   108146072.971        1191.673          46.000  
S31  38959333.883   204732710.315        -761.121          45.000  
S33  39953075.411   209954822.982        -760.822          41.000  
G31  25219111.228   132527169.723       -3166.445          42.000    25219113.954   103268048.327       -2467.269          36.000  
E36  25653168.407   134808500.626         378.184          45.000    25653169.390   103294880.483         289.861          44.000  
R02  23424340.223   124996783.008       -2814.992          49.000    23424336.022    97219737.130       -2189.400          45.000  
R09  21523967.855   114936765.575         138.472          48.000    21523964.108    89395235.024         107.890          48.000  
R10  24416728.633   130154890.813        2589.573          40.000                                                                  
G27  22516778.876   118326559.475        1579.013          45.000    22516777.485    92202572.795        1230.364          46.000  
E12  26896319.134   141341228.789       -2727.722          39.000    26896316.296   108300478.764       -2090.169          40.000  
E14  28991062.220   152349064.201        -947.007          45.000    28991061.395   116734998.924        -725.344          42.000  
E24  25388042.813   133415098.523       -3222.868          44.000    25388041.964   102227162.475       -2469.413          45.000  
E25  23950374.155   125860119.405        -739.457          46.000    23950375.621    96438289.144        -566.532          50.000  
E09  28875817.986   151743446.721        1383.376          36.000                                                                  
E10  25129707.649   132057804.055       -2274.101          45.000    25129708.377   101187279.021       -1742.383          48.000  
G10  20766186.009   109127173.976        1100.799          50.000    20766183.103    85034252.987         857.762          43.000  
G18  23321136.699   122553664.260       -3293.230          45.000    23321132.447    95496449.031       -2566.188          44.000  
G08  25046099.734   131618138.860        2166.617          41.000    25046099.124   102559584.946        1688.178          41.000  
E11  23243487.052   122145534.983       -1383.831          44.000    23243482.934    93592145.257       -1060.443          47.000  
G26  21102121.116   110892420.602       -2626.477          47.000    21102118.038    86409678.972       -2046.539          45.000  
> 2024 06 08 03 43 00.0010000  0 31                     
G23  20861548.608   109628318.731       -1688.519          47.000    20861543.418    85424741.048       -1315.717          45.000  
E04  27833549.270   146266362.236        1294.536          40.000    27833549.132   112074199.827         991.940          39.000  
G16  21255671.868   111699322.681         431.476          47.000                                                                  
G32  25686351.647   134982646.427        1922.446          39.000    25686354.822   105181340.591        1497.897          35.000  
R04  22582655.982   120929184.916        3055.650          49.000    22582651.159    94056021.520        2376.528          44.000  
R15  24175834.682   129188329.179       -5114.209          43.000    24175837.592   100479741.539       -3977.588          44.000  
R19  21171896.599   113255367.6441       -348.236          39.000    21171890.291    88087744.450        -270.850          44.000  
R18  21244583.825   113405037.666       -1906.378          47.000    21244582.021    88204144.325       -1482.758          47.000  
R03  21454307.264   114846668.238         510.683          48.000    21454301.722    89325203.491         397.247          48.000  
R16  21086596.108   112640806.362       -3701.569          48.000    21086594.084    87609487.106       -2878.870          48.000  
G29  25454147.534   133762466.958       -3203.855          35.000    25454145.116   104230479.330       -2496.420          37.000  
E02  26849165.337   141093317.028        1543.924          44.000    26849166.531   108110453.881        1183.114          46.000  
S31  38963689.996   204755601.605        -764.846          45.000  
S33  39957428.337   209977698.007        -764.226          41.000  
G31  25237186.372   132622153.618       -3165.511          42.000    25237188.477   103342061.856       -2466.409          35.000  
E36  25651036.127   134797292.351         369.235          46.000    25651036.236   103286292.382         282.845          43.000  
R02  23440238.225   125081618.701       -2840.536          47.000    23440234.584    97285720.493       -2209.216          45.000  
R09  21523270.618   114933045.611         109.702          47.000    21523267.119    89392341.708          85.349          47.000  
R10  24402206.266   130077479.407        2571.612          39.000                                                                  
G27  22507780.844   118279272.474        1573.751          46.000    22507778.936    92165725.773        1226.313          46.000  
E12  26911896.629   141423089.386       -2729.631          39.000    26911893.867   108363203.114       -2091.591          40.000  
E14  28996462.883   152377445.338        -944.863          45.000    28996462.380   116756745.552        -724.014          42.000  
E24  25406475.280   133511959.376       -3234.429          45.000    25406474.321   102301380.501       -2478.352          45.000  
E25  23954646.230   125882569.296        -756.907          47.000    23954647.709    96455491.035        -580.029          49.000  
E09  28867913.146   151701903.527        1386.740          37.000                                                                  
E10  25142704.192   132126100.029       -2278.701          46.000    25142704.827   101239609.700       -1746.050          48.000  
G10  20759967.553   109094494.126        1078.006          51.000    20759963.579    85008788.190         840.099          43.000  
G18  23339950.059   122652528.611       -3297.385          44.000    23339946.093    95573486.165       -2569.355          44.000  
G08  25033731.950   131553150.573        2165.985          40.000    25033731.584   102508944.694        1687.799          40.000  
E11  23251408.642   122187162.947       -1391.207          45.000    23251405.548    93624042.038       -1066.035          47.000  
G26  21117172.945   110971521.180       -2646.674          47.000    21117170.228    86471315.781       -2062.335          45.000  
> 2024 06 08 03 43 30.0010000  0 31                     
G23  20871257.512   109679339.304       -1712.906          47.000    20871252.120    85464497.386       -1334.584          45.000  
E04  27826179.202   146227634.367        1287.365          39.000    27826179.625   112044525.304         986.377          40.000  
G16  21253273.968   111686722.816         408.490          46.000                                                                  
G32  25675367.674   134924929.830        1924.728          39.000    25675371.028   105136366.818        1499.564          35.000  
R04  22565566.371   120837675.362        3044.992          50.000    22565561.618    93984847.585        2368.443          44.000  
R15  24204550.397   129341776.414       -5115.802          43.000    24204552.878   100599089.479       -3978.894          44.000  
R19  21173872.264   113265935.526        -356.714          40.000    21173867.044    88095963.940        -277.185          45.000  
R18  21255314.819   113462322.534       -1912.597          48.000    21255313.113    88248699.210       -1487.592          47.000  
R03  21451524.549   114831773.527         482.312          49.000    21451518.947    89313618.747         375.065          48.000  
R16  21107446.408   112752185.287       -3723.712          49.000    21107444.587    87696115.099       -2896.234          48.000  
G29  25472464.774   133858721.782       -3213.045          37.000    25472462.027   104305483.022       -2503.495          36.000  
E02  26840385.584   141047176.233        1531.921          43.000    26840385.968   108075099.258        1173.796          45.000  
S31  38968068.861   204778612.531        -769.537          45.000  
S33  39961803.852   210000692.127        -768.780          41.000  
G31  25255257.054   132717114.564       -3165.021          40.000    25255258.263   103416057.530       -2466.713          34.000  
E36  25648956.632   134786364.363         359.270          45.000    25648956.413   103277919.029         275.269          43.000  
R02  23456281.551   125167228.644       -2866.812          49.000    23456277.588    97352306.050       -2229.875          45.000  
R09  21522738.311   114930200.326          79.839          48.000    21522734.269    89390128.706          62.130          47.000  
R10  24387784.851   130000609.961        2552.802          38.000                                                                  
G27  22498815.772   118232158.277        1567.267          46.000    22498813.652    92129013.427        1221.153          46.000  
E12  26927488.081   141505025.140       -2732.592          39.000    26927485.530   108425985.040       -2093.947          40.000  
E14  29001853.118   152405771.441        -943.729          44.000    29001852.521   116778449.968        -722.942          42.000  
E24  25424976.119   133609179.236       -3247.005          45.000    25424975.286   102375873.619       -2487.979          45.000  
E25  23959020.338   125905554.456        -775.460          46.000    23959021.693    96473103.057        -594.143          49.000  
E09  28859991.058   151660274.831        1388.815          36.000                                                                  
E10  25155728.354   132194542.150       -2284.180          46.000    25155728.994   101292052.363       -1750.233          49.000  
G10  20753880.498   109062504.483        1054.589          50.000    20753876.354    84983861.247         821.666          44.000  
G18  23358788.541   122751524.434       -3302.379          45.000    23358784.482    95650625.747       -2573.366          44.000  
G08  25021371.385   131488193.612        2164.251          40.000    25021370.561   102458328.868        1686.521          40.000  
E11  23259373.469   122229020.912       -1399.370          44.000    23259371.289    93656115.046       -1072.448          48.000  
G26  21132341.924   111051237.070       -2667.810          47.000    21132339.647    86533432.063       -2078.900          45.000  
> 2024 06 08 03 44 00.0010000  0 31                     
G23  20881105.089   109731089.934       -1737.238          47.000    20881100.208    85504822.630       -1353.662          45.000  
E04  27818851.377   146189124.598        1280.051          40.000    27818851.543   112015017.892         980.666          40.000  
G16  21251008.198   111674817.265         385.101          46.000                                                                  
G32  25664373.322   134867157.374        1926.304          38.000    25664377.427   105091349.450        1500.832          35.000  
R04  22548536.891   120746487.163        3034.125          50.000    22548533.113    93913923.619        2360.061          44.000  
R15  24233274.285   129495272.269       -5117.419          44.000    24233276.935   100718475.235       -3980.170          44.000  
R19  21175894.114   113276753.649        -364.941          40.000    21175889.060    88104378.049        -283.704          44.000  
R18  21266082.563   113519798.718       -1919.061          48.000    21266079.922    88293402.921       -1492.529          46.000  
R03  21448902.078   114817734.841         453.554          50.000    21448896.240    89302699.806         352.699          47.000  
R16  21128421.648   112864229.602       -3746.009          49.000    21128418.832    87783260.667       -2913.531          47.000  
G29  25490833.994   133955255.441       -3222.479          37.000    25490831.947   104380704.060       -2511.240          35.000  
E02  26831675.393   141001404.830        1519.451          43.000    26831675.848   108040027.667        1164.363          45.000  
S31  38972474.637   204801765.041        -773.961          45.000  
S33  39966206.627   210023827.678        -773.458          40.000  
G31  25273326.863   132812072.761       -3165.302          41.000    25273328.002   103490051.064       -2466.867          32.000  
E36  25646934.611   134775738.593         349.107          45.000    25646934.810   103269777.278         267.324          43.000  
R02  23472473.484   125253632.951       -2893.323          48.000    23472469.917    97419509.454       -2250.441          45.000  
R09  21522373.727   114928253.815          49.863          48.000    21522369.955    89388614.761          38.849          47.000  
R10  24373470.180   129924312.0581       2533.870          38.000                                                                  
G27  22489887.698   118185240.929        1560.521          46.000    22489885.916    92092454.470        1216.029          46.000  
E12  26943097.960   141587058.029       -2736.267          38.000    26943096.177   108488841.395       -2096.453          40.000  
E14  29007237.169   152434065.875        -942.606          44.000    29007236.526   116800130.154        -722.301          41.000  
E24  25443548.337   133706779.176       -3259.606          44.000    25443548.581   102450657.967       -2497.726          46.000  
E25  23963500.083   125929097.750        -794.163          46.000    23963502.165    96491142.743        -608.520          49.000  
E09  28852056.507   151618584.592        1390.576          36.000                                                                  
E10  25168784.420   132263152.132       -2289.873          46.000    25168785.112   101344623.644       -1754.452          49.000  
G10  20747928.776   109031229.461        1030.462          50.000    20747925.593    84959491.146         802.955          44.000  
G18  23377656.075   122850673.203       -3307.559          45.000    23377652.019    95727884.519       -2577.199          44.000  
G08  25009021.691   131423291.266        2162.526          42.000    25009019.903   102407755.609        1685.418          39.000  
E11  23267385.850   122271130.601       -1407.922          43.000    23267384.493    93688380.926       -1078.883          48.000  
G26  21147631.964   111131588.766       -2688.971          46.000    21147630.180    86596043.778       -2095.398          45.000  
> 2024 06 08 03 44 30.0010000  0 31                     
G23  20891094.270   109783582.557       -1762.239          47.000    20891089.987    85545726.007       -1373.263          46.000  
E04  27811567.415   146150848.355        1271.693          40.000    27811567.611   111985689.424         974.363          40.000  
G16  21248877.427   111663620.378         361.230          47.000                                                                  
G32  25653372.628   134809344.655        1927.648          38.000    25653375.605   105046300.663        1502.383          34.000  
R04  22531570.600   120655638.465        3022.403          49.000    22531567.212    93843263.711        2350.847          44.000  
R15  24262010.209   129648826.848       -5119.525          44.000    24262012.602   100837906.711       -3982.074          44.000  
R19  21177965.839   113287834.396        -374.091          41.000    21177959.558    88112996.423        -290.625          44.000  
R18  21276888.098   113577479.934       -1926.208          48.000    21276885.397    88338266.093       -1498.004          46.000  
R03  21446442.875   114804568.492         424.110          50.000    21446435.933    89292459.357         329.828          47.000  
R16  21149523.364   112976948.422       -3768.653          48.000    21149519.854    87870930.836       -2931.232          46.000  
G29  25509259.773   134052080.961       -3232.499          37.000    25509257.225   104456152.442       -2518.319          35.000  
E02  26823038.624   140956017.877        1506.313          43.000    26823039.032   108005250.663        1154.155          45.000  
S31  38976909.957   204825073.798        -779.610          45.000  
S33  39970638.703   210047119.282        -779.771          41.000  
G31  25291398.670   132907038.851       -3165.710          42.000    25291399.973   103564050.685       -2466.367          34.000  
E36  25644972.967   134765427.788         338.231          46.000    25644972.983   103261876.853         259.172          44.000  
R02  23488816.604   125340842.925       -2920.622          48.000    23488812.782    97487339.462       -2271.491          44.000  
R09  21522179.958   114927220.345          19.087          48.000    21522176.140    89387810.955          14.818          47.000  
R10  24359266.010   129848595.087        2514.136          39.000                                                                  
G27  22480999.287   118138535.276        1553.237          45.000    22480997.843    92056060.487        1210.111          46.000  
E12  26958729.425   141669200.966       -2740.229          38.000    26958727.426   108551782.079       -2099.578          41.000  
E14  29012617.840   152462343.010        -942.543          43.000    29012617.356   116821797.074        -722.134          41.000  
E24  25462194.933   133804771.073       -3273.211          44.000    25462195.830   102525742.628       -2507.854          47.000  
E25  23968089.682   125953212.800        -813.536          46.000    23968091.189    96509620.525        -623.488          50.000  
E09  28844115.656   151576847.687        1391.913          37.000                                                                  
E10  25181875.138   132331942.484       -2296.180          46.000    25181875.519   101397333.156       -1759.492          49.000  
G10  20742115.567   109000684.242        1005.845          49.000    20742112.897    84935689.710         783.745          44.000  
G18  23396554.417   122949987.238       -3313.387          45.000    23396550.944    95805272.084       -2581.930          43.000  
G08  24996685.142   131358457.802        2159.730          43.000    24996682.441   102357236.036        1683.341          39.000  
E11  23275449.424   122313504.208       -1417.231          43.000    23275447.371    93720849.006       -1085.831          47.000  
G26  21163046.119   111212587.611       -2710.773          47.000    21163043.840    86659159.748       -2112.292          45.000  
