     3.00           OBSERVATION DATA    M: Mixed            RINEX VERSION / TYPE
CONVBIN demo5 b34j                      20240609 013620 UTC PGM / RUN BY / DATE 
log: SAUC00CHL_R_20241601400_15M_30S_MO.ubx                 COMMENT             
format: u-blox UBX                                          COMMENT             
format: u-blox UBX                                          COMMENT             
log: SAUC00CHL_R_20241601400_15M_30S_MO.ubx                 COMMENT             
SAUC00CHL                                                   MARKER NAME         
                                                            MARKER NUMBER       
GEODETIC                                                    MARKER TYPE         
El Sauce            Obstech                                 OBSERVER / AGENCY   
UNKNOWN             UBLOX-ZED-F9P                           REC # / TYPE / VERS 
UNKNWOWN            TWIVSP6037L                             ANT # / TYPE        
  1813185.0000 -5195981.0000 -3216438.0000                  APPROX POSITION XYZ 
        0.0000        0.0000        0.0000                  ANTENNA: DELTA H/E/N
G    8 C1C L1C D1C S1C C2X L2X D2X S2X                      SYS / # / OBS TYPES 
R    8 C1C L1C D1C S1C C2C L2C D2C S2C                      SYS / # / OBS TYPES 
E    8 C1X L1X D1X S1X C7X L7X D7X S7X                      SYS / # / OBS TYPES 
S    4 C1C L1C D1C S1C                                      SYS / # / OBS TYPES 
  2024    06    08    14    00   00.4980000     GPS         TIME OF FIRST OBS   
  2024    06    08    14    14   30.4980000     GPS         TIME OF LAST OBS    
                                                            END OF HEADER       
> 2024 06 08 14 00 00.4980000  0 31                     
E08  23753539.203   124825698.0411        -77.346          47.000    23753538.790    95645651.0141        -59.221          50.000  
G09  21104985.566   110907479.1081      -1942.859          47.000    21104983.845    86421406.8741      -1514.020          46.000  
E03  24138087.522   126846511.9911      -1594.235          46.000    24138090.403    97194114.1251      -1221.399          50.000  
E26  27312369.171   143527434.6781        727.703          38.000    27312373.371   109975604.7221        557.539          44.000  
G30  19806392.572   104083282.4991         98.503          49.000    19806389.619    81103835.8751         76.811          44.000  
R24  22584339.309   120768471.8131      -2727.874          44.000    22584340.715    93931029.4961      -2121.659          45.000  
R12  22626695.588   120867764.9261       3644.488          42.000    22626701.584    94008440.1831       2834.245          41.000  
R17  23563068.608   126090736.2861        -88.906          45.000                                                                  
R11  18882378.302   100901779.4731        948.891          50.000    18882373.811    78479183.3771        738.064          49.000  
R07  22241244.261   119059070.6281      -2995.032          50.000    22241242.938    92601544.6791      -2329.330          44.000  
E25  25047218.273   131624050.7601      -1198.644          44.000    25047221.182   100854820.6191       -918.512          48.000  
G06  22228258.196   116810203.5931      -3630.891          45.000    22228259.539    91020949.3061      -2829.184          41.000  
S31  38083108.363   200128088.8271       -762.878          46.000  
S33  39071088.402   205319943.0271       -762.979          41.000  
E02  24241897.155   127392109.1051       1214.632          45.000    24241900.802    97612172.5071        930.703          47.000  
R10  20192210.421   107635835.9491      -3295.605          44.000                                                                  
R08  19638501.068   105163290.0821       -962.960          48.000    19638495.404    81793966.0281       -749.007          47.000  
R01  20841401.313   111409255.5921       1766.991          46.000    20841399.809    86651763.8451       1374.478          40.000  
R23  23488032.980   125644904.9231      -4236.803          42.000                                                                  
G07  19448790.246   102204046.6831      -2131.615          48.000    19448784.434    79639442.6791      -1661.174          44.000  
E13  24946061.995   131092350.0021      -1565.344          46.000    24946064.882   100447405.0061      -1199.497          47.000  
E15  25490411.136   133952960.7301      -3463.775          42.000    25490418.490   102639261.0991      -2654.007          48.000  
G13  24296852.362   127680776.0051       1336.232          42.000                                                                  
G20  21455562.978   112749720.8741       1778.017          46.000                                                                  
E07  26957615.237   141663218.0401        873.409          40.000    26957622.454   108547138.3631        669.384          41.000  
G11  22105145.120   116163260.4201      -1683.079          45.000    22105144.708    90516876.9541      -1311.376          43.000  
G14  22477102.214   118118046.5891       2645.281          44.000    22477102.624    92040046.8551       2061.082          41.000  
G05  24242047.314   127392799.9261       2658.098          42.000    24242043.100    99267142.6281       2070.711          34.000  
G22  24823819.213   130450039.1981       2648.688          39.000                                                                  
G04  23895567.305   125572005.1051      -2970.551          35.000    23895570.255    97848218.5811      -2314.844          34.000  
E30  26969412.227   141725248.0191       2194.510          37.000    26969425.700   108594740.7971       1681.646          43.000  
> 2024 06 08 14 00 30.4980000  0 31                     
E08  23753970.253   124827966.211         -74.338          47.000    23753970.463    95647388.992         -56.816          50.000  
G09  21116078.064   110965768.960       -1943.330          47.000    21116076.374    86466827.459       -1514.227          47.000  
E03  24147180.746   126894296.930       -1591.827          45.000    24147183.482    97230728.517       -1219.633          50.000  
E26  27308237.682   143505721.724         719.388          39.000    27308241.441   109958967.490         551.425          44.000  
G30  19805863.082   104080500.403          86.767          49.000    19805860.569    81101668.014          67.602          45.000  
R24  22599675.025   120850477.328       -2739.332          45.000    22599675.992    93994811.307       -2130.826          43.000  
R12  22606227.955   120758434.447        3644.156          41.000    22606234.817    93923405.824        2834.430          42.000  
R17  23563616.446   126093668.731        -106.943          46.000                                                                  
R11  18877110.293   100873627.391         927.709          51.000    18877105.289    78457287.337         721.573          49.000  
R07  22258040.916   119148983.273       -2999.486          49.000    22258039.403    92671476.559       -2332.662          44.000  
E25  25054088.745   131660155.281       -1208.488          44.000    25054091.941   100882485.118        -925.946          48.000  
G06  22248994.244   116919167.235       -3633.567          46.000    22248994.723    91105855.778       -2831.487          40.000  
S31  38087452.631   200150917.065        -759.100          46.000  
S33  39075431.175   205342765.940        -758.817          41.000  
E02  24234978.418   127355749.039        1209.266          45.000    24234981.368    97584312.252         926.548          47.000  
R10  20210803.043   107734944.786       -3311.639          44.000                                                                  
R08  19643914.383   105192273.029        -969.431          49.000    19643907.630    81816508.252        -753.938          46.000  
R01  20831475.340   111356199.903        1769.870          46.000    20831474.233    86610498.333        1376.533          40.000  
R23  23511775.899   125771903.394       -4229.940          43.000                                                                  
G07  19460990.774   102268164.657       -2143.113          47.000    19460986.638    79689404.754       -1669.968          45.000  
E13  24955023.450   131139447.333       -1574.693          46.000    24955027.312   100483492.522       -1206.664          47.000  
E15  25510183.502   134056862.941       -3463.256          42.000    25510190.508   102718874.233       -2653.696          48.000  
G13  24289212.024   127640622.533        1340.224          41.000                                                                  
G20  21445434.504   112696492.677        1770.269          46.000                                                                  
E07  26952615.341   141636941.289         877.904          40.000    26952621.850   108527004.281         673.139          41.000  
G11  22114787.999   116213934.501       -1695.496          45.000    22114788.387    90556363.202       -1321.161          43.000  
G14  22461998.272   118038676.248        2646.077          43.000    22461999.421    91978200.030        2061.767          41.000  
G05  24226864.528   127313017.184        2660.479          41.000    24226861.698    99204974.313        2072.955          35.000  
G22  24808672.163   130370442.464        2657.858          39.000                                                                  
G04  23912519.708   125661082.697       -2968.411          36.000    23912520.897    97917629.529       -2312.152          34.000  
E30  26956865.752   141659318.271        2200.432          37.000    26956878.962   108544223.544        1685.936          42.000  
> 2024 06 08 14 01 00.4980000  0 31                     
E08  23754385.696   124830151.965         -71.379          46.000    23754386.441    95649063.806         -54.673          51.000  
G09  21127174.065   111024081.357       -1944.214          47.000    21127172.957    86512265.634       -1515.051          45.000  
E03  24156261.671   126942017.068       -1589.481          45.000    24156264.362    97267293.263       -1217.985          49.000  
E26  27304152.062   143484257.701         711.709          38.000    27304156.627   109942521.047         545.003          44.000  
G30  19805401.364   104078078.488          74.736          49.000    19805400.481    81099780.811          58.355          45.000  
R24  22615076.075   120932838.101       -2751.218          43.000    22615078.042    94058869.437       -2139.748          43.000  
R12  22585764.560   120649118.223        3643.720          44.000    22585770.217    93838382.556        2833.942          42.000  
R17  23564269.016   126097159.028        -125.707          46.000                                                                  
R11  18871962.744   100846121.672         906.050          51.000    18871958.261    78435893.981         704.745          50.000  
R07  22274864.343   119239040.654       -3004.393          49.000    22274862.656    92741521.005       -2336.772          42.000  
E25  25061017.119   131696566.489       -1218.762          44.000    25061020.922   100910384.631        -933.888          49.000  
G06  22269747.310   117028224.120       -3636.680          47.000    22269748.244    91190834.918       -2833.606          41.000  
S31  38091776.146   200173638.129        -755.671          46.000  
S33  39079754.089   205365482.063        -755.293          41.000  
E02  24228093.098   127319560.702        1203.364          46.000    24228094.832    97556583.553         922.188          47.000  
R10  20229488.155   107834547.901       -3328.351          44.000                                                                  
R08  19649364.301   105221455.536        -976.102          49.000    19649357.515    81839205.700        -759.133          47.000  
R01  20821536.349   111303068.567        1772.374          47.000    20821534.841    86569173.993        1378.513          40.000  
R23  23535481.846   125898704.604       -4223.442          43.000                                                                  
G07  19473257.414   102332633.001       -2154.792          45.000    19473254.596    79739639.802       -1679.022          45.000  
E13  24964040.582   131186834.546       -1584.371          45.000    24964044.443   100519802.153       -1213.889          46.000  
E15  25529956.443   134160758.480       -3462.955          44.000    25529961.497   102798482.255       -2653.532          48.000  
G13  24281550.180   127600361.764        1343.859          41.000                                                                  
G20  21435351.451   112643507.501        1762.043          46.000                                                                  
E07  26947590.531   141610536.185         882.583          41.000    26947597.504   108506771.880         676.127          42.000  
G11  22124504.470   116264991.939       -1708.188          46.000    22124504.387    90596148.176       -1330.969          43.000  
G14  22446891.023   117959293.147        2646.194          43.000    22446892.599    91916343.295        2061.978          40.000  
G05  24211670.594   127233175.138        2662.418          41.000    24211669.189    99142759.761        2074.411          35.000  
G22  24793474.857   130290573.833        2666.676          39.000                                                                  
G04  23929457.061   125750090.703       -2964.939          35.000    23929458.679    97986986.354       -2310.721          34.000  
E30  26944289.392   141593227.945        2205.746          38.000    26944302.334   108493583.228        1690.022          43.000  
> 2024 06 08 14 01 30.4980000  0 31                     
E08  23754787.428   124832261.097         -69.570          46.000    23754787.864    95650679.900         -53.172          50.000  
G09  21138276.249   111082422.414       -1945.648          48.000    21138275.067    86557726.129       -1516.006          44.000  
E03  24165331.389   126989678.556       -1588.123          45.000    24165334.143    97303813.039       -1216.884          49.000  
E26  27300115.978   143463049.485         702.368          38.000    27300120.802   109926270.604         538.099          43.000  
G30  19805010.556   104076022.154          62.028          50.000    19805009.268    81098178.460          48.400          45.000  
R24  22630543.960   121015556.132       -2763.769          45.000    22630546.976    94123205.431       -2149.486          44.000  
R12  22565303.558   120539825.946        3642.077          45.000    22565310.604    93753377.905        2832.955          42.000  
R17  23565026.826   126101212.882        -145.001          47.000                                                                  
R11  18866937.086   100819269.742         883.633          52.000    18866933.770    78415009.150         687.350          50.000  
R07  22291716.184   119329249.073       -3010.036          49.000    22291714.321    92811682.979       -2341.270          42.000  
E25  25068005.376   131733289.888       -1229.694          44.000    25068009.350   100938523.335        -942.227          49.000  
G06  22290517.711   117137376.661       -3640.283          45.000    22290520.325    91275888.568       -2836.713          41.000  
S31  38096081.226   200196259.080        -752.758          46.000  
S33  39084057.909   205388098.275        -752.636          41.000  
E02  24221241.213   127283551.634        1196.797          47.000    24221242.399    97528992.225         917.140          46.000  
R10  20248266.061   107934647.214       -3345.337          44.000                                                                  
R08  19654852.597   105250845.289        -983.592          50.000    19654846.010    81862064.334        -765.080          47.000  
R01  20811584.494   111249869.594        1773.828          48.000    20811583.270    86527797.077        1380.040          40.000  
R23  23559149.807   126025309.992       -4217.528          43.000    23560003.670                       -3601.531          11.000  
G07  19485592.726   102397455.477       -2167.090          46.000    19485590.047    79790150.770       -1688.610          45.000  
E13  24973113.458   131234516.275       -1594.773          45.000    24973117.471   100556337.472       -1221.974          46.000  
E15  25549726.785   134264650.826       -3463.655          45.000    25549731.615   102878087.856       -2653.846          47.000  
G13  24273868.195   127559998.655        1346.880          40.000                                                                  
G20  21425316.669   112590774.239        1753.091          47.000                                                                  
E07  26942541.793   141584008.085         885.861          40.000    26942549.709   108486445.235         678.911          42.000  
G11  22134293.879   116316436.601       -1721.757          47.000    22134294.173    90636234.853       -1341.452          42.000  
G14  22431783.531   117879906.060        2645.905          43.000    22431785.091    91854483.441        2061.563          39.000  
G05  24196466.182   127153280.820        2663.511          42.000    24196466.498    99080504.452        2075.592          35.000  
G22  24778226.618   130210441.317        2675.079          40.000                                                                  
G04  23946382.343   125839035.365       -2963.945          35.000    23946384.577    98056293.771       -2309.781          33.000  
E30  26931684.129   141526984.518        2210.111          38.000    26931696.537   108442825.572        1693.670          43.000  
> 2024 06 08 14 02 00.4980000  0 31                     
E08  23755178.076   124834312.987         -67.809          46.000    23755178.053    95652252.137         -51.876          50.000  
G09  21149386.977   111140811.914       -1947.383          47.000    21149385.969    86603224.391       -1517.555          44.000  
E03  24174393.377   127037301.136       -1587.122          45.000    24174396.371    97340303.013       -1216.149          49.000  
E26  27296132.541   143442117.453         692.556          38.000    27296137.436   109910231.793         530.579          43.000  
G30  19804692.994   104074350.300          48.998          49.000    19804691.009    81096875.718          38.084          45.000  
R24  22646082.335   121098647.740       -2776.372          44.000    22646085.821    94187832.014       -2159.343          43.000  
R12  22544852.758   120430580.488        3640.463          45.000    22544858.940    93668409.609        2831.260          41.000  
R17  23565893.062   126105850.235        -164.619          46.000                                                                  
R11  18862038.754   100793093.252         860.908          51.000    18862035.115    78394649.633         669.470          50.000  
R07  22308599.411   119419628.352       -3015.771          48.000    22308598.310    92881977.795       -2345.789          42.000  
E25  25075056.750   131770344.619       -1241.142          44.000    25075060.430   100966915.920        -950.906          49.000  
G06  22311309.747   117246640.859       -3644.205          45.000    22311312.850    91361029.225       -2839.693          41.000  
S31  38100370.035   200218797.252        -750.281          46.000  
S33  39088346.101   205410632.238        -750.489          41.000  
E02  24214427.104   127247742.906        1189.823          47.000    24214428.195    97501554.412         911.590          46.000  
R10  20267140.324   108035259.050       -3362.518          43.000                                                                  
R08  19660383.449   105280463.644        -991.549          49.000    19660376.695    81885100.751        -771.275          47.000  
R01  20801624.115   111196624.389        1775.247          47.000    20801622.835    86486384.260        1380.535          40.000  
R23  23582785.328   126151735.669       -4211.510          41.000                                                                  
G07  19498000.210   102462649.018       -2179.677          47.000    19497995.502    79840950.905       -1698.458          44.000  
E13  24982246.323   131282510.777       -1605.609          44.000    24982250.527   100593112.448       -1230.208          45.000  
E15  25569498.595   134368557.179       -3464.090          44.000    25569504.767   102957704.188       -2654.370          48.000  
G13  24266170.436   127519552.536        1349.282          39.000                                                                  
G20  21415333.604   112538314.176        1743.718          46.000                                                                  
E07  26937473.392   141557375.913         889.226          40.000    26937482.042   108466038.864         681.308          43.000  
G11  22144160.814   116368285.964       -1735.353          47.000    22144160.170    90676636.926       -1352.441          41.000  
G14  22416679.521   117800537.353        2645.008          42.000    22416681.534    91792637.915        2060.941          40.000  
G05  24181257.472   127073356.508        2664.105          42.000    24181257.733    99018225.793        2075.453          35.000  
G22  24762931.599   130130066.707        2682.908          39.000                                                                  
G04  23963299.945   125927936.292       -2963.433          34.000    23963302.017    98125567.075       -2309.391          33.000  
E30  26919052.817   141460609.073        2214.275          38.000    26919065.532   108391966.793        1696.571          43.000  
> 2024 06 08 14 02 30.4980000  0 31                     
E08  23755563.110   124836335.111         -67.320          46.000    23755562.597    95653801.585         -51.524          50.000  
G09  21160512.852   111199277.849       -1950.627          47.000    21160511.983    86648782.222       -1519.980          45.000  
E03  24183454.341   127084912.718       -1587.336          46.000    24183456.717    97376784.557       -1216.266          49.000  
E26  27292206.958   143421490.096         682.592          37.000    27292212.117   109894426.478         522.462          43.000  
G30  19804453.437   104073089.943          34.549          50.000    19804451.056    81095893.620          26.950          46.000  
R24  22661695.680   121182136.526       -2790.120          44.000    22661699.524    94252767.499       -2170.073          44.000  
R12  22524416.301   120321413.737        3637.081          45.000    22524422.247    93583502.440        2828.576          42.000  
R17  23566874.029   126111099.306        -185.610          45.000                                                                  
R11  18857273.150   100767622.235         836.599          52.000    18857268.948    78374838.831         650.689          50.000  
R07  22325520.385   119510206.905       -3023.284          48.000    22325519.827    92952427.603       -2351.299          43.000  
E25  25082176.442   131807757.852       -1253.438          44.000    25082179.910   100995583.209        -960.488          49.000  
G06  22332127.349   117356040.814       -3649.273          43.000    22332131.034    91446275.677       -2843.758          41.000  
S31  38104648.711   200241282.520        -749.307          46.000  
S33  39092623.854   205433112.635        -749.375          41.000  
E02  24207656.623   127212163.742        1181.687          47.000    24207657.360    97474292.487         905.517          46.000  
R10  20286115.840   108136407.209       -3381.097          43.000                                                                  
R08  19665962.472   105310340.313       -1000.762          49.000    19665955.727    81908338.125        -778.436          47.000  
R01  20791660.290   111143362.585        1775.093          47.000    20791659.139    86444958.488        1380.590          41.000  
R23  23606390.738   126278005.448       -4206.743          40.000                                                                  
G07  19510482.031   102528238.604       -2193.502          48.000    19510475.977    79892059.672       -1709.005          43.000  
E13  24991443.893   131330844.368       -1617.239          44.000    24991448.313   100630147.246       -1239.275          45.000  
E15  25589277.920   134472502.851       -3465.949          42.000    25589285.254   103037350.622       -2655.766          48.000  
G13  24258463.713   127479050.204        1350.334          39.000                                                                  
G20  21405408.467   112486157.530        1732.940          45.000                                                                  
E07  26932392.708   141530666.765         891.296          41.000    26932399.837   108445573.494         682.648          44.000  
G11  22154109.321   116420565.557       -1750.284          46.000    22154107.780    90717374.212       -1363.839          42.000  
G14  22401584.756   117721217.520        2642.583          41.000    22401587.580    91730830.460        2059.292          41.000  
G05  24166049.097   126993432.661        2663.560          43.000    24166048.937    98955947.420        2075.962          36.000  
G22  24747595.973   130049479.750        2689.106          38.000                                                                  
G04  23980214.389   126016821.303       -2963.064          35.000    23980216.375    98194828.002       -2308.798          32.000  
E30  26906401.612   141394130.813        2217.049          38.000    26906415.174   108341029.226        1698.920          44.000  
> 2024 06 08 14 03 00.4980000  0 31                     
E08  23755948.538   124838364.673         -68.026          46.000    23755948.583    95655356.726         -52.033          49.000  
G09  21171660.569   111257857.709       -1954.830          48.000    21171659.417    86694428.835       -1523.264          45.000  
E03  24192519.286   127132550.813       -1588.507          46.000    24192521.976    97413286.441       -1217.218          50.000  
E26  27288346.240   143401205.609         670.217          37.000    27288351.691   109878883.877         513.527          42.000  
G30  19804298.924   104072277.730          19.465          49.000    19804296.541    81095260.734          15.204          46.000  
R24  22677389.597   121266056.750       -2804.731          43.000    22677393.053    94318038.439       -2181.511          44.000  
R12  22504002.474   120212367.112        3632.637          45.000    22504008.597    93498688.702        2825.502          42.000  
R17  23567976.443   126116997.899        -207.687          46.000                                                                  
R11  18852645.961   100742896.140         811.442          52.000    18852641.727    78355607.399         631.283          50.000  
R07  22342485.867   119601022.837       -3031.359          47.000    22342484.924    93023062.106       -2357.980          43.000  
E25  25089371.068   131845566.495       -1267.125          44.000    25089374.600   101024553.456        -970.887          49.000  
G06  22352977.385   117465610.336       -3655.262          43.000    22352981.790    91531654.247       -2848.105          41.000  
S31  38108924.480   200263750.297        -748.762          46.000  
S33  39096898.591   205455575.810        -748.524          41.000  
E02  24200937.192   127176853.027        1172.351          47.000    24200937.964    97447236.242         898.213          46.000  
R10  20305198.457   108238125.871       -3400.372          44.000                                                                  
R08  19671597.042   105340514.867       -1010.973          49.000    19671590.155    81931807.194        -786.335          48.000  
R01  20781700.778   111090123.941        1774.001          47.000    20781699.545    86403550.770        1379.641          41.000  
R23  23629971.789   126404153.144       -4203.109          42.000                                                                  
G07  19523045.088   102594259.240       -2208.113          47.000    19523038.171    79943504.358       -1720.383          42.000  
E13  25000713.491   131379553.048       -1630.190          45.000    25000717.339   100667469.438       -1248.950          45.000  
E15  25609072.069   134576522.798       -3468.851          41.000    25609079.626   103117053.922       -2657.838          48.000  
G13  24250754.732   127438528.155        1350.938          39.000                                                                  
G20  21395548.955   112434343.573        1721.130          45.000                                                                  
E07  26927303.056   141503917.406         891.958          42.000    26927309.943   108425077.288         683.594          45.000  
G11  22164146.692   116473310.635       -1766.163          45.000    22164144.075    90758474.239       -1376.423          41.000  
G14  22386506.303   117641986.665        2639.019          40.000    22386510.501    91669092.354        2056.558          41.000  
G05  24150847.541   126913546.589        2661.798          43.000    24150847.804    98893698.587        2073.935          37.000  
G22  24732227.901   129968719.600        2694.657          40.000                                                                  
G04  23997132.872   126105727.968       -2965.002          36.000    23997134.170    98264105.821       -2310.077          32.000  
E30  26893739.528   141327588.718        2218.744          38.000    26893752.288   108290042.727        1700.220          44.000  
> 2024 06 08 14 03 30.4980000  0 31                     
E08  23756340.117   124840429.358         -69.885          45.000    23756341.471    95656938.757         -53.445          50.000  
G09  21182834.682   111316579.564       -1960.167          47.000    21182833.977    86740186.066       -1527.392          45.000  
E03  24201595.413   127180243.494       -1591.059          46.000    24201597.652    97449830.121       -1219.174          50.000  
E26  27284556.836   143381292.502         657.412          37.000    27284561.399   109863625.850         503.633          41.000  
G30  19804234.554   104071940.852           2.966          49.000    19804232.181    81094998.236           2.189          45.000  
R24  22693168.557   121350432.511       -2820.670          42.000    22693171.394    94383663.734       -2193.728          44.000  
R12  22483615.886   120103472.209        3626.954          42.000    22483622.629    93413992.973        2820.979          42.000  
R17  23569206.593   126123574.412        -231.022          46.000                                                                  
R11  18848163.647   100718944.591         785.106          52.000    18848158.906    78336978.382         610.672          50.000  
R07  22359500.647   119692104.480       -3040.858          49.000    22359500.110    93093903.217       -2365.199          43.000  
E25  25096646.210   131883797.845       -1281.948          44.000    25096649.861   101053847.589        -982.180          49.000  
G06  22373864.667   117575373.730       -3662.111          42.000    22373868.802    91617183.907       -2853.534          40.000  
S31  38113202.031   200286229.052        -749.714          46.000  
S33  39101175.361   205478050.702        -749.826          41.000  
E02  24194272.870   127141840.063        1161.965          46.000    24194275.340    97420408.141         890.067          46.000  
R10  20324393.074   108340440.111       -3420.807          45.000                                                                  
R08  19677293.375   105371017.375       -1022.695          48.000    19677286.600    81955531.337        -795.406          48.000  
R01  20771750.919   111036938.381        1771.641          48.000    20771749.829    86362184.284        1377.860          41.000  
R23  23653534.656   126530202.828       -4200.369          42.000                                                                  
G07  19535693.410   102660736.222       -2223.760          45.000    19535689.053    79995304.606       -1732.714          43.000  
E13  25010058.971   131428663.324       -1644.117          45.000    25010062.712   100705099.338       -1259.721          45.000  
E15  25628886.231   134680642.374       -3472.601          42.000    25628893.047   103196833.607       -2660.970          47.000  
G13  24243042.356   127398013.507        1349.958          39.000                                                                  
G20  21385759.941   112382902.908        1708.099          46.000                                                                  
E07  26922210.595   141477155.087         891.971          42.000    26922216.995   108404571.209         683.402          45.000  
G11  22174276.964   116526546.868       -1783.157          46.000    22174274.076    90799956.988       -1389.564          41.000  
G14  22371452.055   117562875.446        2634.637          41.000    22371456.232    91607447.493        2052.887          41.000  
G05  24135658.890   126833729.963        2659.156          43.000    24135658.912    98831503.833        2072.003          38.000  
G22  24716832.588   129887816.354        2698.514          40.000                                                                  
G04  24014060.877   126194684.042       -2966.365          35.000    24014061.997    98333422.189       -2311.305          34.000  
E30  26881069.331   141261012.092        2219.552          37.000    26881082.871   108239029.788        1700.530          44.000  
> 2024 06 08 14 04 00.4980000  0 31                     
E08  23756745.244   124842558.234         -72.109          44.000    23756746.703    95658569.973         -55.188          50.000  
G09  21194041.938   111375472.815       -1966.182          47.000    21194040.855    86786076.855       -1532.104          45.000  
E03  24210686.845   127228020.143       -1594.167          47.000    24210689.202    97486438.149       -1221.360          50.000  
E26  27280845.393   143361780.854         643.623          38.000    27280847.821   109848675.424         493.067          40.000  
G30  19804266.174   104072107.816         -14.101          49.000    19804263.030    81095128.339         -10.945          45.000  
R24  22709037.958   121435289.266       -2836.827          42.000    22709040.251    94449663.228       -2206.207          44.000  
R12  22463266.402   119994762.337        3620.388          44.000    22463271.640    93329441.109        2816.053          43.000  
R17  23570568.075   126130858.249        -254.814          45.000                                                                  
R11  18843831.643   100695799.240         758.017          51.000    18843827.372    78318976.421         589.550          49.000  
R07  22376571.155   119783481.759       -3050.959          49.000    22376570.282    93164974.259       -2373.003          43.000  
E25  25104007.388   131922480.655       -1297.128          45.000    25104010.921   101083487.663        -993.807          49.000  
G06  22394794.108   117685356.702       -3669.900          43.000    22394798.102    91702884.604       -2859.853          40.000  
S31  38117486.927   200308747.283        -751.338          46.000  
S33  39105459.848   205500564.247        -751.275          41.000  
E02  24187672.229   127107155.644        1150.632          46.000    24187674.902    97393831.737         881.597          45.000  
R10  20343703.058   108443374.918       -3441.534          45.000                                                                  
R08  19683057.212   105401878.833       -1034.847          49.000    19683050.038    81979534.646        -804.822          48.000  
R01  20761817.234   110983837.035        1768.492          48.000    20761815.666    86320883.310        1375.420          40.000  
R23  23677084.879   126656179.996       -4198.175          41.000                                                                  
G07  19548435.687   102727696.218       -2240.180          45.000    19548432.095    80047481.164       -1745.620          44.000  
E13  25019486.941   131478203.013       -1658.687          45.000    25019489.925   100743058.270       -1270.868          46.000  
E15  25648724.156   134784888.461       -3477.318          42.000    25648730.711   103276710.190       -2664.246          48.000  
G13  24235340.010   127357535.268        1348.411          36.000                                                                  
G20  21376047.865   112331866.892        1694.256          46.000                                                                  
E07  26917121.150   141450408.438         891.226          43.000    26917127.022   108384077.133         683.031          45.000  
G11  22184506.109   116580301.302       -1800.629          46.000    22184503.338    90841843.530       -1403.070          41.000  
G14  22356427.591   117483915.914        2629.312          42.000    22356430.576    91545920.796        2048.933          40.000  
G05  24120490.178   126754013.272        2655.314          44.000    24120489.267    98769386.914        2069.337          38.000  
G22  24701415.732   129806801.053        2702.115          39.000                                                                  
G04  24031003.472   126283719.042       -2969.037          34.000    24031005.018    98402800.001       -2313.256          34.000  
E30  26868399.549   141194431.782        2219.136          38.000    26868412.724   108188014.003        1700.363          44.000  
> 2024 06 08 14 04 30.4980000  0 31                     
E08  23757166.091   124844768.591         -74.981          44.000    23757167.396    95660263.633         -57.507          50.000  
G09  21205285.056   111434555.151       -1972.631          47.000    21205284.122    86832114.972       -1537.118          44.000  
E03  24219798.133   127275898.437       -1597.562          47.000    24219800.239    97523124.067       -1224.073          50.000  
E26  27277212.996   143342688.906         629.387          39.000    27277214.544   109834046.553         482.420          40.000  
G30  19804396.117   104072795.346         -31.736          48.000    19804393.990    81095664.100         -24.438          45.000  
R24  22725000.463   121520640.769       -2853.402          46.000    22725001.325    94516047.418       -2219.175          43.000  
R12  22442953.700   119886258.619        3613.275          45.000    22442959.552    93245049.621        2810.365          43.000  
R17  23572062.922   126138867.008        -279.076          43.000                                                                  
R11  18839654.467   100673479.542         730.123          51.000    18839650.379    78301616.657         567.732          49.000  
R07  22393699.483   119875172.677       -3061.624          49.000    22393698.702    93236289.306       -2381.128          41.000  
E25  25111457.380   131961631.835       -1312.956          44.000    25111461.021   101113486.631       -1005.906          49.000  
G06  22415768.767   117795573.028       -3677.665          45.000    22415771.927    91788767.167       -2865.910          40.000  
S31  38121783.005   200331322.474        -753.570          46.000  
S33  39109754.890   205523135.499        -753.674          41.000  
E02  24181138.075   127072818.706        1138.821          45.000    24181140.859    97367521.585         872.521          46.000  
R10  20363131.976   108546944.222       -3462.866          45.000                                                                  
R08  19688890.286   105433118.635       -1047.642          48.000    19688883.913    82003832.232        -814.849          48.000  
R01  20751903.355   110930839.794        1764.887          48.000    20751901.043    86279663.298        1372.645          40.000  
R23  23700624.638   126782098.783       -4196.685          42.000                                                                  
G07  19561273.796   102795154.146       -2256.940          48.000    19561269.310    80100045.746       -1758.728          45.000  
E13  25028998.806   131528188.210       -1673.647          45.000    25029001.837   100781358.552       -1282.292          46.000  
E15  25668588.228   134889276.042       -3481.868          42.000    25668595.451   103356695.215       -2667.957          48.000  
G13  24227644.387   127317109.876        1346.357          39.000                                                                  
G20  21366417.117   112281255.054        1679.825          46.000                                                                  
E07  26912037.983   141423694.362         889.913          43.000    26912043.187   108363608.047         681.930          45.000  
G11  22194836.400   116634589.212       -1818.502          46.000    22194835.012    90884145.758       -1417.099          42.000  
G14  22341435.940   117405128.328        2623.266          43.000    22341437.073    91484528.051        2043.884          41.000  
G05  24105343.618   126674416.234        2651.203          44.000    24105342.442    98707363.243        2065.961          38.000  
G22  24685981.546   129725693.223        2705.222          39.000                                                                  
G04  24047964.312   126372850.533       -2972.590          34.000    24047966.254    98472252.998       -2316.006          33.000  
E30  26855731.852   141127866.787        2218.556          37.000    26855745.283   108137009.954        1699.890          43.000  
> 2024 06 08 14 05 00.4980000  0 31                     
E08  23757604.964   124847072.038         -78.510          45.000    23757605.769    95662028.617         -60.125          50.000  
G09  21216566.586   111493838.546       -1979.555          47.000    21216565.240    86878309.773       -1542.588          44.000  
E03  24228930.796   127323890.363       -1601.703          47.000    24228932.798    97559897.070       -1227.263          50.000  
E26  27273661.791   143324029.148         614.721          38.000    27273664.167   109819748.833         470.958          40.000  
G30  19804628.260   104074014.440         -49.721          48.000    19804626.350    81096614.084         -38.728          45.000  
R24  22741056.818   121606494.712       -2870.348          44.000    22741057.053    94582822.430       -2232.364          43.000  
R12  22422682.519   119777976.604        3605.625          44.000    22422689.532    93160830.585        2804.309          44.000  
R17  23573697.695   126147612.063        -303.871          45.000                                                                  
R11  18835634.834   100651998.512         701.923          51.000    18835630.356    78284909.186         545.930          49.000  
R07  22410889.279   119967189.188       -3072.732          49.000    22410887.712    93307857.546       -2389.714          40.000  
E25  25118998.690   132001262.589       -1329.143          44.000    25119002.296   101143853.069       -1018.478          48.000  
G06  22436788.800   117906030.980       -3685.905          45.000    22436790.950    91874837.983       -2871.851          40.000  
S31  38126092.186   200353966.120        -755.912          46.000  
S33  39114063.653   205545775.453        -755.719          40.000  
E02  24174673.061   127038842.478        1126.384          45.000    24174675.808    97341487.814         863.076          46.000  
R10  20382681.389   108651156.219       -3484.387          45.000                                                                  
R08  19694798.084   105464750.094       -1060.963          49.000    19694791.061    82028434.450        -825.258          48.000  
R01  20742011.032   110877959.514        1760.642          48.000    20742008.256    86238534.263        1369.141          39.000  
R23  23724154.447   126907966.548       -4194.665          41.000                                                                  
G07  19574208.295   102863119.173       -2274.069          49.000    19574202.712    80153005.484       -1772.000          45.000  
E13  25038597.633   131578629.222       -1689.149          45.000    25038600.390   100820008.097       -1294.119          45.000  
E15  25688481.736   134993814.543       -3487.202          43.000    25688488.602   103436795.851       -2672.002          48.000  
G13  24219966.199   127276748.624        1343.924          37.000                                                                  
G20  21356869.693   112231081.505        1665.027          46.000                                                                  
E07  26906961.794   141397023.986         888.129          42.000    26906967.453   108343172.436         680.510          45.000  
G11  22205269.416   116689420.118       -1836.762          44.000    22205269.533    90926871.082       -1431.183          42.000  
G14  22326478.755   117326527.209        2616.757          42.000    22326480.679    91423280.629        2039.237          42.000  
G05  24090221.974   126594952.756        2646.536          43.000    24090220.843    98645443.671        2061.906          38.000  
G22  24670532.154   129644506.657        2707.621          39.000                                                                  
G04  24064947.803   126462090.443       -2976.847          34.000    24064948.875    98541790.460       -2319.397          34.000  
E30  26843071.856   141061330.404        2217.387          38.000    26843083.566   108086027.834        1698.782          43.000  
> 2024 06 08 14 05 30.4980000  0 31                     
E08  23758063.587   124849480.144         -82.108          45.000    23758063.853    95663873.794         -62.987          49.000  
G09  21227888.294   111553334.931       -1987.007          47.000    21227886.960    86924670.534       -1548.215          44.000  
E03  24238087.580   127372007.792       -1606.174          47.000    24238089.188    97596766.235       -1230.667          50.000  
E26  27270194.892   143305814.024         599.760          37.000    27270198.104   109805791.775         459.446          41.000  
G30  19804963.420   104075776.058         -67.908          47.000    19804961.792    81097986.797         -52.875          45.000  
R24  22757206.934   121692859.251       -2887.402          42.000    22757207.130    94649994.499       -2245.878          44.000  
R12  22402456.965   119669931.508        3597.325          45.000    22402462.375    93076795.811        2797.925          44.000  
R17  23575472.038   126157105.332        -328.928          44.000                                                                  
R11  18831774.166   100631369.765         673.208          51.000    18831769.858    78268864.598         523.672          49.000  
R07  22428141.869   120059542.972       -3084.213          49.000    22428140.284    93379688.143       -2398.910          40.000  
E25  25126633.909   132041384.031       -1345.637          44.000    25126636.983   101174595.486       -1031.176          48.000  
G06  22457856.136   118016738.713       -3694.427          46.000    22457857.405    91961103.473       -2878.834          39.000  
S31  38130416.394   200376689.446        -758.941          46.000  
S33  39118386.900   205568494.883        -759.009          40.000  
E02  24168279.224   127005240.114        1113.706          46.000    24168281.602    97315740.501         853.325          46.000  
R10  20402353.406   108756018.644       -3506.376          44.000                                                                  
R08  19700779.694   105496786.870       -1074.830          49.000    19700774.177    82053351.888        -836.037          48.000  
R01  20732142.355   110825210.568        1756.025          47.000    20732139.848    86197507.366        1365.800          39.000  
R23  23747676.374   127033791.305       -4193.632          41.000                                                                  
G07  19587239.773   102931600.413       -2291.351          49.000    19587233.721    80206367.503       -1785.722          44.000  
E13  25048284.652   131629536.299       -1704.795          45.000    25048287.873   100859014.772       -1306.263          46.000  
E15  25708404.523   135098513.185       -3492.576          43.000    25708413.044   103517019.210       -2676.251          48.000  
G13  24212298.061   127236462.377        1341.415          39.000                                                                  
G20  21347407.763   112181360.226        1649.543          47.000                                                                  
E07  26901895.844   141370408.417         886.135          41.000    26901902.738   108322778.841         678.912          45.000  
G11  22215808.287   116744803.453       -1855.294          44.000    22215808.842    90970026.866       -1445.626          43.000  
G14  22311559.586   117248127.083        2609.912          42.000    22311561.532    91362189.878        2033.505          42.000  
G05  24075128.307   126515635.421        2641.520          43.000    24075127.308    98583637.974        2057.841          37.000  
G22  24655070.336   129563255.106        2708.995          40.000                                                                  
G04  24081950.908   126551450.490       -2980.669          34.000    24081954.171    98611421.595       -2322.772          33.000  
E30  26830418.040   140994835.933        2215.757          38.000    26830429.866   108035077.809        1697.739          43.000  
> 2024 06 08 14 06 00.4980000  0 31                     
E08  23758546.548   124852016.107         -86.955          46.000    23758545.819    95665816.933         -66.762          49.000  
G09  21239255.771   111613067.883       -1995.440          48.000    21239253.716    86971215.665       -1555.116          43.000  
E03  24247271.797   127420274.319       -1611.826          47.000    24247274.154    97633749.654       -1235.138          50.000  
E26  27266816.887   143288067.666         583.161          36.000    27266821.541   109792193.886         446.990          41.000  
G30  19805406.006   104078102.781         -87.355          47.000    19805404.962    81099799.860         -68.068          46.000  
R24  22773457.358   121779753.574       -2905.617          46.000    22773457.353    94717578.711       -2259.978          42.000  
R12  22382279.880   119562150.532        3587.814          45.000    22382285.248    92992966.500        2790.564          44.000  
R17  23577387.570   126167370.034        -355.340          42.000                                                                  
R11  18828078.410   100611618.413         643.337          51.000    18828073.979    78253502.448         500.362          50.000  
R07  22445462.035   120152258.214       -3097.091          49.000    22445459.978    93451799.831       -2408.881          39.000  
E25  25134366.762   132082018.946       -1363.433          45.000    25134369.715   101205731.302       -1044.628          47.000  
G06  22478975.118   118127716.017       -3704.206          46.000    22478976.908    92047578.993       -2886.661          41.000  
S31  38134760.403   200399516.317        -763.112          46.000  
S33  39122729.767   205591318.483        -762.859          41.000  
E02  24161961.227   126972036.459        1099.818          46.000    24161963.285    97290298.705         842.708          46.000  
R10  20422151.313   108861551.429       -3529.384          44.000                                                                  
R08  19706843.390   105529254.051       -1089.872          49.000    19706837.650    82078604.086        -847.616          48.000  
R01  20722303.905   110772618.063        1749.927          48.000    20722301.447    86156602.133        1361.071          40.000  
R23  23771193.984   127159592.456       -4193.642          39.000                                                                  
G07  19600372.545   103000618.667       -2309.978          47.000    19600367.121    80260147.924       -1799.928          43.000  
E13  25058065.054   131680931.408       -1721.629          45.000    25058068.291   100898395.391       -1319.300          46.000  
E15  25728362.358   135203392.996       -3499.369          43.000    25728371.199   103597381.347       -2681.353          48.000  
G13  24204651.432   127196273.647        1337.326          40.000                                                                  
G20  21338037.089   112132116.695        1632.991          47.000                                                                  
E07  26896844.745   141343870.441         882.977          40.000    26896852.492   108302444.703         676.352          45.000  
G11  22226456.167   116800760.365       -1875.112          43.000    22226456.787    91013629.588       -1461.084          42.000  
G14  22296684.126   117169954.169        2601.615          43.000    22296684.733    91301276.103        2027.294          41.000  
G05  24060067.167   126436490.679        2635.061          43.000    24060066.730    98521966.778        2053.145          37.000  
G22  24639601.205   129481963.927        2710.210          40.000                                                                  
G04  24098983.432   126640954.268       -2985.990          34.000    24098986.150    98681164.741       -2326.581          32.000  
E30  26817777.036   140928408.304        2212.823          38.000    26817788.855   107984179.006        1695.462          43.000  
> 2024 06 08 14 06 30.4980000  0 31                     
E08  23759057.940   124854703.367         -92.568          47.000    23759057.029    95667875.999         -70.896          48.000  
G09  21250671.930   111673061.168       -2004.525          48.000    21250669.852    87017963.632       -1562.052          42.000  
E03  24256489.978   127468713.642       -1618.015          48.000    24256491.686    97670865.449       -1239.778          50.000  
E26  27263533.400   143270814.360         566.097          36.000    27263538.458   109778973.798         433.818          41.000  
G30  19805960.977   104081017.346        -107.367          49.000    19805959.888    81102070.978         -83.693          46.000  
R24  22789811.141   121867197.773       -2924.655          48.000    22789810.418    94785590.565       -2274.525          44.000  
R12  22362157.328   119454661.010        3577.680          46.000    22362162.451    92909363.826        2782.638          43.000  
R17  23579457.318   126178429.912        -382.596          47.000    23579456.965    98138788.6431       -297.537          42.000  
R11  18824550.990   100592769.684         612.725          53.000    18824546.334    78238842.323         476.498          49.000  
R07  22462854.147   120245358.718       -3110.462          49.000    22462852.096    93524211.101       -2419.118          37.000  
E25  25142200.995   132123190.316       -1381.707          45.000    25142204.208   101237278.198       -1058.751          47.000  
G06  22500148.948   118238982.847       -3714.100          47.000    22500151.264    92134280.101       -2894.458          39.000  
S31  38139127.978   200422468.935        -767.495          47.000  
S33  39127097.043   205614267.514        -767.567          40.000  
E02  24155723.854   126939256.509        1085.129          48.000    24155725.255    97265181.571         831.501          46.000  
R10  20442078.463   108967774.561       -3552.742          46.000                                                                  
R08  19712991.985   105562177.110       -1105.705          51.000    19712985.151    82104210.864        -859.816          48.000  
R01  20712499.935   110720207.626        1743.373          50.000    20712497.611    86115838.535        1355.961          41.000  
R23  23794708.115   127285644.3191      -4193.899          39.000                                                                  
G07  19613611.509   103070194.921       -2328.915          46.000    19613607.424    80314363.154       -1814.927          43.000  
E13  25067942.548   131732836.655       -1739.132          45.000    25067945.916   100938166.879       -1332.610          46.000  
E15  25748359.968   135308475.063       -3506.610          44.000    25748367.707   103677898.457       -2686.785          48.000  
G13  24197026.642   127156205.751        1333.022          42.000                                                                  
G20  21328761.881   112083376.666        1615.803          47.000                                                                  
E07  26891814.236   141317433.031         879.199          41.000    26891821.336   108282187.623         673.562          44.000  
G11  22237218.611   116857312.134       -1895.469          44.000    22237218.268    91057695.803       -1476.957          42.000  
G14  22281856.757   117092034.801        2592.712          44.000    22281856.146    91240559.886        2020.246          40.000  
G05  24045044.128   126357544.698        2627.580          43.000    24045043.907    98460450.439        2047.532          37.000  
G22  24624128.362   129400658.622        2709.528          38.000                                                                  
G04  24116048.121   126730625.379       -2992.197          33.000    24116050.671    98751038.333       -2331.939          33.000  
E30  26805153.419   140862072.615        2209.355          37.000    26805165.662   107933350.680        1692.827          43.000  
> 2024 06 08 14 07 00.4980000  0 31                     
E08  23759601.508   124857559.668         -98.112          46.000    23759600.481    95670064.609         -75.248          48.000  
G09  21262141.256   111733332.838       -2013.656          48.000    21262138.878    87064928.517       -1569.040          42.000  
E03  24265743.515   127517343.844       -1624.292          47.000    24265745.728    97708127.504       -1244.545          50.000  
E26  27260349.824   143254072.710         549.563          38.000    27260352.801   109766145.755         421.027          41.000  
G30  19806631.707   104084536.822        -127.523          49.000    19806628.898    81104813.465         -99.490          46.000  
R24  22806269.537   121955205.413       -2943.057          49.000    22806268.661    94854040.715       -2289.078          42.000  
R12  22342093.048   119347484.667        3567.168          43.000    22342098.182    92826004.770        2774.404          43.000  
R17  23581676.287   126190302.663        -409.369          45.000    23581672.962    98148022.908        -318.396          41.000  
R11  18821196.604   100574842.740         582.069          51.000    18821191.785    78224899.168         452.712          49.000  
R07  22480321.773   120338862.631       -3123.622          50.000    22480319.526    93596936.287       -2429.450          43.000  
E25  25150141.117   132164915.399       -1400.147          45.000    25150144.160   101269249.359       -1072.858          47.000  
G06  22521380.181   118350553.554       -3724.218          46.000    22521382.153    92221217.996       -2901.945          39.000  
S31  38143523.229   200445565.548        -772.439          46.000  
S33  39131491.957   205637361.237        -772.366          41.000  
E02  24149571.170   126906919.613        1070.452          48.000    24149571.465    97240403.942         820.273          46.000  
R10  20462138.235   109074702.027       -3576.195          44.000                                                                  
R08  19719228.415   105595575.625       -1121.318          49.000    19719222.287    82130187.469        -872.197          48.000  
R01  20702733.174   110667999.273        1736.734          49.000    20702730.964    86075232.117        1350.763          41.000  
R23  23818225.925   127411452.597       -4193.808          38.000                                                                  
G07  19626961.039   103140344.341       -2347.928          47.000    19626956.672    80369024.976       -1829.625          45.000  
E13  25077919.502   131785268.396       -1756.540          45.000    25077923.675   100978341.798       -1345.970          47.000  
E15  25768398.511   135413774.863       -3513.709          43.000    25768405.884   103758582.401       -2692.268          48.000  
G13  24189429.608   127116275.900        1328.391          41.000                                                                  
G20  21319586.374   112035160.294        1598.396          47.000                                                                  
E07  26886806.119   141291113.500         875.294          41.000    26886812.822   108262020.859         670.652          44.000  
G11  22248097.217   116914474.223       -1915.599          45.000    22248095.745    91102237.609       -1492.668          43.000  
G14  22267080.871   117014389.716        2583.487          44.000    22267081.330    91180057.412        2012.980          41.000  
G05  24030062.561   126278816.465        2620.665          43.000    24030062.309    98399103.799        2041.808          39.000  
G22  24608657.855   129319359.285        2709.577          40.000                                                                  
G04  24133145.025   126820481.841       -2997.894          32.000    24133150.420    98821056.256       -2336.124          34.000  
E30  26792551.682   140795848.336        2205.454          38.000    26792563.399   107882607.705        1689.804          44.000  
> 2024 06 08 14 07 30.4980000  0 31                     
E08  23760178.786   124860594.007        -104.233          46.000    23760178.340    95672389.632         -79.844          49.000  
G09  21273664.904   111793892.294       -2023.427          47.000    21273662.991    87112117.665       -1576.749          42.000  
E03  24275036.033   127566174.293       -1630.962          47.000    24275037.847    97745542.995       -1249.677          50.000  
E26  27257264.479   143237852.579         531.743          38.000    27257266.321   109753717.262         407.640          42.000  
G30  19807417.714   104088669.476        -148.048          49.000    19807415.268    81108033.792        -115.314          46.000  
R24  22822835.027   122043781.703       -2962.117          48.000    22822833.751    94922933.103       -2303.779          45.000  
R12  22322090.164   119240633.924        3556.228          44.000    22322095.030    92742898.940        2765.906          44.000  
R17  23584046.733   126202997.112        -436.843          43.000    23584045.304    98157896.337        -339.799          42.000  
R11  18818016.301   100557848.326         550.934          52.000    18818011.529    78211681.329         428.589          49.000  
R07  22497865.971   120432779.510       -3137.303          49.000    22497864.333    93669982.508       -2440.192          42.000  
E25  25158187.982   132207202.694       -1418.875          45.000    25158191.206   101301651.319       -1087.371          47.000  
G06  22542670.613   118462433.677       -3734.542          46.000    22542672.865    92308397.056       -2910.228          40.000  
S31  38147947.360   200468815.595        -777.400          46.000  
S33  39135915.523   205660607.816        -777.339          41.000  
E02  24143502.995   126875036.322        1055.195          47.000    24143504.021    97215973.914         808.411          46.000  
R10  20482330.553   109182338.597       -3599.717          44.000                                                                  
R08  19725556.172   105629460.334       -1137.591          49.000    19725550.137    82156542.222        -884.858          48.000  
R01  20693006.515   110616003.919        1729.650          49.000    20693004.452    86034791.346        1345.399          41.000  
R23  23841747.379   127537276.458       -4194.496          34.000                                                                  
G07  19640420.977   103211073.859       -2367.268          48.000    19640416.691    80424138.856       -1844.686          45.000  
E13  25087997.837   131838234.277       -1774.482          44.000    25088002.792   101018925.990       -1359.727          47.000  
E15  25788478.551   135519299.101       -3521.386          42.000    25788486.770   103839438.323       -2698.218          48.000  
G13  24181858.570   127076492.100        1323.367          40.000                                                                  
G20  21310513.015   111987479.006        1580.275          47.000                                                                  
E07  26881822.114   141264920.362         871.081          41.000    26881828.300   108241950.952         667.432          45.000  
G11  22259092.434   116972253.504       -1936.351          46.000    22259090.917    91147260.368       -1508.677          44.000  
G14  22252359.650   116937030.811        2573.948          44.000    22252360.394    91119777.909        2005.780          42.000  
G05  24015124.660   126200316.919        2612.874          43.000    24015124.120    98337935.387        2036.121          39.000  
G22  24593190.196   129238077.015        2709.239          40.000                                                                  
G04  24150281.757   126910532.930       -3005.016          34.000    24150285.998    98891225.847       -2341.924          34.000  
E30  26779972.491   140729746.089        2201.257          38.000    26779984.339   107831958.260        1686.668          44.000  
> 2024 06 08 14 08 00.4980000  0 31                     
E08  23760790.851   124863811.687        -110.476          46.000    23760791.133    95674855.145         -84.610          49.000  
G09  21285244.888   111854745.204       -2033.475          47.000    21285242.928    87159535.455       -1584.359          42.000  
E03  24284367.474   127615210.626       -1638.048          47.000    24284369.077    97783116.263       -1255.189          50.000  
E26  27254276.162   143222159.939         514.333          38.000    27254280.399   109741692.991         393.977          42.000  
G30  19808321.896   104093419.873        -168.758          49.000    19808318.646    81111735.485        -131.613          45.000  
R24  22839504.936   122132927.902       -2980.963          47.000    22839505.172    94992268.704       -2318.586          44.000  
R12  22302149.533   119134118.070        3544.809          44.000    22302154.203    92660053.565        2757.139          43.000  
R17  23586573.699   126216518.117        -464.448          44.000    23586572.667    98168412.566        -361.217          42.000  
R11  18815011.751   100541793.103         519.317          51.000    18815006.808    78199194.014         403.973          49.000  
R07  22515488.642   120527114.305       -3151.691          48.000    22515487.635    93743353.892       -2451.236          42.000  
E25  25166342.742   132250057.017       -1437.929          45.000    25166346.224   101334487.752       -1101.969          47.000  
G06  22564019.461   118574625.065       -3744.961          45.000    22564024.087    92395818.600       -2918.272          42.000  
S31  38152402.099   200492223.267        -782.974          46.000  
S33  39140369.652   205684011.978        -782.963          41.000  
E02  24137523.197   126843613.514        1039.568          47.000    24137524.278    97191896.724         796.718          46.000  
R10  20502656.273   109290686.872       -3623.487          44.000                                                                  
R08  19731975.532   105663838.276       -1154.344          49.000    19731969.717    82183280.597        -897.831          48.000  
R01  20683320.455   110564228.766        1721.883          48.000    20683318.121    85994521.824        1339.278          40.000  
R23  23865270.512   127663117.855       -4195.053          38.000                                                                  
G07  19653991.535   103282386.148       -2386.967          47.000    19653987.082    80479706.848       -1860.010          45.000  
E13  25098178.960   131891738.252       -1792.645          44.000    25098184.057   101059922.491       -1373.561          46.000  
E15  25808602.301   135625050.806       -3529.045          42.000    25808611.044   103920468.526       -2704.042          48.000  
G13  24174316.577   127036859.231        1318.373          41.000                                                                  
G20  21301542.946   111940340.381        1561.950          47.000                                                                  
E07  26876862.400   141238858.473         866.479          42.000    26876868.999   108221981.628         663.841          45.000  
G11  22270204.294   117030653.063       -1957.170          45.000    22270204.429    91192766.456       -1525.168          44.000  
G14  22237694.129   116859966.387        2563.726          44.000    22237695.698    91059727.884        1997.736          43.000  
G05  24000231.670   126122054.953        2604.686          42.000    24000230.960    98276952.128        2029.470          38.000  
G22  24577726.861   129156819.401        2708.065          39.000                                                                  
G04  24167455.944   127000784.121       -3010.959          33.000    24167460.089    98961551.383       -2347.415          32.000  
E30  26767417.504   140663772.951        2196.734          38.000    26767429.240   107781407.689        1683.296          43.000  
> 2024 06 08 14 08 30.4980000  0 31                     
E08  23761438.204   124867213.657        -116.383          47.000    23761438.366    95677461.854         -89.163          49.000  
G09  21296881.253   111915892.798       -2043.030          47.000    21296878.745    87207182.937       -1592.092          42.000  
E03  24293737.790   127664454.124       -1644.826          47.000    24293739.790    97820848.257       -1260.314          50.000  
E26  27251389.689   143206996.599         496.734          37.000    27251395.387   109730074.263         380.615          42.000  
G30  19809343.318   104098788.227        -189.161          49.000    19809339.637    81115918.698        -147.382          45.000  
R24  22856281.370   122222641.139       -2999.879          47.000    22856281.762    95062045.325       -2333.296          42.000  
R12  22282273.305   119027941.469        3533.371          45.000    22282277.638    92577472.052        2748.188          43.000  
R17  23589256.278   126230866.451        -491.944          44.000    23589254.683    98179572.257        -382.839          43.000  
R11  18812183.295   100526679.574         487.991          52.000    18812178.976    78187439.107         379.711          50.000  
R07  22533189.809   120621868.659       -3165.188          47.000    22533188.503    93817051.579       -2462.319          42.000  
E25  25174605.477   132293478.738       -1456.680          45.000    25174609.127   101367758.926       -1116.358          47.000  
G06  22585427.395   118687125.283       -3754.824          44.000    22585432.592    92483480.770       -2925.894          42.000  
S31  38156886.633   200515789.956        -788.283          46.000  
S33  39144853.496   205707575.437        -787.663          41.000  
E02  24131631.360   126812653.642        1024.352          46.000    24131632.474    97168174.273         785.033          46.000  
R10  20523114.765   109399743.037       -3646.965          43.000                                                                  
R08  19738488.464   105698712.054       -1170.766          49.000    19738482.680    82210404.604        -910.529          49.000  
R01  20673676.879   110512676.938        1714.712          49.000    20673673.992    85954425.979        1333.671          41.000  
R23  23888799.769   127788973.132       -4195.076          39.000                                                                  
G07  19667671.034   103354279.148       -2406.104          46.000    19667667.607    80535727.346       -1874.829          45.000  
E13  25108462.520   131945779.827       -1810.177          44.000    25108467.779   101101330.916       -1387.097          46.000  
E15  25828769.296   135731028.643       -3536.205          42.000    25828778.384   104001671.972       -2709.674          48.000  
G13  24166803.848   126997377.971        1313.436          41.000                                                                  
G20  21292676.096   111893747.660        1544.019          47.000                                                                  
E07  26871927.894   141212928.295         862.180          41.000    26871934.678   108202113.180         660.668          45.000  
G11  22281435.136   117089671.590       -1977.458          45.000    22281435.649    91238754.841       -1540.861          44.000  
G14  22223085.688   116783200.314        2553.933          43.000    22223087.220    90999910.317        1989.955          42.000  
G05  23985383.507   126044031.964        2596.949          41.000    23985383.312    98216155.061        2023.174          38.000  
G22  24562268.799   129075589.688        2707.364          40.000                                                                  
G04  24184671.118   127091236.674       -3018.269          34.000    24184673.485    99032033.696       -2351.553          30.000  
E30  26754887.515   140597931.445        2193.071          37.000    26754900.065   107730958.019        1679.843          43.000  
> 2024 06 08 14 09 00.4980000  0 31                     
E08  23762122.798   124870808.305        -122.981          47.000    23762122.112    95680216.180         -94.290          49.000  
G09  21308574.627   111977343.897       -2053.713          46.000    21308572.460    87255066.894       -1600.238          42.000  
E03  24303149.945   127713913.517       -1652.371          47.000    24303151.726    97858745.689       -1266.033          50.000  
E26  27248607.714   143192371.849         478.543          38.000    27248612.633   109718868.207         366.553          43.000  
G30  19810482.531   104104782.107        -210.276          49.000    19810480.062    81120589.330        -163.785          45.000  
R24  22873166.119   122312925.442       -3019.153          47.000    22873165.182    95132266.180       -2348.278          41.000  
R12  22262461.383   118922116.252        3521.311          44.000    22262465.797    92495163.823        2739.017          43.000  
R17  23592093.720   126246050.176        -520.154          45.000    23592093.388    98191381.762        -404.438          43.000  
R11  18809533.248   100512517.188         456.132          51.000    18809528.949    78176423.984         354.736          50.000  
R07  22550971.048   120717051.004       -3180.059          47.000    22550970.022    93891082.151       -2473.253          40.000  
E25  25182978.623   132337475.713       -1476.174          45.000    25182981.561   101401470.868       -1130.964          47.000  
G06  22606894.916   118799939.226       -3765.792          44.000    22606900.339    92571387.431       -2934.371          42.000  
S31  38161403.153   200539523.802        -794.001          46.000  
S33  39149369.431   205731305.991        -793.891          41.000  
E02  24125828.950   126782166.613        1008.374          45.000    24125830.905    97144814.135         772.636          46.000  
R10  20543706.907   109509511.793       -3670.976          44.000                                                                  
R08  19745096.104   105734091.652       -1187.819          50.000    19745088.990    82237922.044        -923.908          49.000  
R01  20664076.887   110461358.626        1706.548          49.000    20664074.059    85914511.785        1327.358          41.000  
R23  23912331.531   127914847.070       -4196.103          36.000                                                                  
G07  19681463.145   103426759.011       -2425.834          46.000    19681459.541    80592205.112       -1890.205          44.000  
E13  25118850.463   132000366.026       -1828.566          45.000    25118855.516   101143156.646       -1401.093          46.000  
E15  25848981.363   135837238.665       -3544.272          43.000    25848989.343   104083053.319       -2715.585          47.000  
G13  24159319.962   126958055.813        1307.872          41.000                                                                  
G20  21283915.481   111847711.456        1525.216          46.000                                                                  
E07  26867019.397   141187137.674         857.402          40.000    26867026.778   108182351.659         656.929          45.000  
G11  22292784.953   117149315.212       -1998.529          45.000    22292785.757    91285230.309       -1557.455          44.000  
G14  22208536.235   116706743.918        2543.242          43.000    22208538.059    90940334.049        1981.583          42.000  
G05  23970583.341   125966259.716        2588.044          43.000    23970583.550    98155553.290        2016.667          38.000  
G22  24546818.308   128994398.147        2705.546          39.000                                                                  
G04  24201922.059   127181899.187       -3025.024          31.000    24201926.063    99102679.806       -2357.321          27.000  
E30  26742384.617   140532231.655        2187.247          36.000    26742397.099   107680616.930        1676.104          42.000  
> 2024 06 08 14 09 30.4980000  0 31                     
E08  23762840.341   124874579.798        -128.676          47.000    23762839.475    95683106.019         -98.574          48.000  
G09  21320323.262   112039082.928       -2062.690          46.000    21320321.453    87303175.214       -1607.405          42.000  
E03  24312599.651   127763573.252       -1658.623          47.000    24312601.628    97896796.635       -1270.899          50.000  
E26  27245925.450   143178270.548         461.245          39.000    27245929.604   109708063.246         353.474          43.000  
G30  19811739.138   104111384.960        -230.048          49.000    19811736.634    81125734.477        -179.322          45.000  
R24  22890152.580   122403760.515       -3036.842          46.000    22890151.691    95202915.391       -2361.889          40.000  
R12  22242713.685   118816629.977        3510.543          42.000    22242718.698    92413119.291        2730.202          43.000  
R17  23595084.516   126262052.549        -546.967          45.000    23595083.709    98203827.941        -425.646          43.000  
R11  18807058.513   100499291.288         425.377          51.000    18807053.832    78166137.226         330.770          50.000  
R07  22568829.227   120812644.825       -3193.202          48.000    22568828.292    93965432.751       -2483.765          43.000  
E25  25191457.497   132382031.553       -1494.305          45.000    25191460.193   101435611.061       -1145.095          47.000  
G06  22628418.782   118913047.635       -3775.069          44.000    22628424.461    92659523.539       -2941.691          42.000  
S31  38165948.122   200563408.548        -798.474          46.000  
S33  39153914.132   205755188.055        -798.630          41.000  
E02  24120114.235   126752138.057         993.445          45.000    24120116.705    97121805.287         761.069          46.000  
R10  20564429.185   109619973.417       -3693.601          44.000                                                                  
R08  19751795.203   105769962.660       -1203.736          50.000    19751787.448    82265821.704        -936.318          49.000  
R01  20654517.451   110410259.626        1699.750          49.000    20654515.036    85874768.189        1321.820          41.000  
R23  23935862.925   128040720.024       -4195.214          35.000                                                                  
G07  19695364.857   103499807.737       -2444.214          47.000    19695359.576    80649126.192       -1904.820          43.000  
E13  25129338.670   132055479.554       -1845.762          45.000    25129343.864   101185386.433       -1414.424          47.000  
E15  25869234.321   135943662.748       -3550.974          44.000    25869241.441   104164598.733       -2720.899          47.000  
G13  24151864.005   126918876.655        1303.475          40.000                                                                  
G20  21275258.131   111802218.265        1507.404          46.000                                                                  
E07  26862134.522   141161470.374         853.766          40.000    26862142.636   108162684.630         653.955          46.000  
G11  22304250.507   117209565.829       -2018.364          44.000    22304250.571    91332178.750       -1572.726          44.000  
G14  22194043.010   116630584.298        2533.796          42.000    22194045.271    90880989.024        1974.236          42.000  
G05  23955828.773   125888724.260        2580.529          42.000    23955829.078    98095136.076        2010.787          39.000  
G22  24531372.687   128913231.221        2705.263          38.000                                                                  
G04  24219212.867   127272810.0701      -3030.924          34.000    24219214.798    99173477.331       -2361.839          29.000  
E30  26729906.753   140466659.482        2183.971          36.000    26729918.654   107630373.570        1673.220          42.000  
> 2024 06 08 14 10 00.4980000  0 31                     
E08  23763589.649   124878520.759        -134.188          46.000    23763589.093    95686125.724        -102.711          48.000  
G09  21332125.297   112101102.888       -2071.829          46.000    21332123.693    87351502.427       -1614.558          43.000  
E03  24322085.867   127813426.356       -1664.816          46.000    24322088.444    97934995.747       -1275.639          50.000  
E26  27243340.617   143164686.023         444.387          40.000    27243344.443   109697654.277         340.401          43.000  
G30  19813110.317   104118588.577        -250.032          49.000    19813107.285    81131347.733        -194.770          45.000  
R24  22907240.524   122495134.944       -3054.764          46.000    22907239.772    95273984.068       -2375.850          42.000  
R12  22223029.544   118711478.500        3499.362          44.000    22223033.887    92331335.151        2721.623          44.000  
R17  23598226.631   126278865.658        -573.892          45.000    23598225.119    98216904.664        -446.239          43.000  
R11  18804756.843   100486995.547         394.465          51.000    18804752.499    78156573.929         306.730          50.000  
R07  22586762.173   120908643.074       -3206.410          47.000    22586762.108    94040097.918       -2494.150          41.000  
E25  25200041.068   132427138.254       -1512.582          45.000    25200043.577   101470173.333       -1159.063          47.000  
G06  22649997.675   119026439.656       -3784.181          45.000    22650001.942    92747880.644       -2948.645          42.000  
S31  38170520.737   200587437.176        -803.339          46.000  
S33  39158486.532   205779214.011        -803.094          41.000  
E02  24114486.959   126722562.141         978.287          45.000    24114488.565    97099143.252         749.573          46.000  
R10  20585280.007   109731116.336       -3716.087          44.000                                                                  
R08  19758584.143   105806318.745       -1219.885          50.000    19758576.878    82294098.640        -948.827          48.000  
R01  20644998.376   110359374.417        1692.755          48.000    20644995.838    85835190.812        1316.633          41.000  
R23  23959391.367   128166580.577       -4194.935          33.000                                                                  
G07  19709372.350   103573415.141       -2462.872          48.000    19709366.840    80706482.627       -1919.097          43.000  
E13  25139925.160   132111111.617       -1862.737          44.000    25139930.514   101228013.511       -1427.353          47.000  
E15  25889526.352   136050291.208       -3557.644          44.000    25889532.086   104246300.746       -2725.932          46.000  
G13  24144433.272   126879832.353        1299.440          39.000                                                                  
G20  21266703.441   111757263.006        1489.662          46.000                                                                  
E07  26857272.907   141135918.583         850.048          41.000    26857279.985   108143106.072         651.250          46.000  
G11  22315830.363   117270413.730       -2038.180          45.000    22315829.256    91379592.635       -1588.132          44.000  
G14  22179605.426   116554717.032        2524.160          42.000    22179607.980    90821871.820        1966.952          42.000  
G05  23941118.171   125811420.501        2573.014          42.000    23941118.448    98034899.413        2004.524          39.000  
G22  24515930.276   128832083.886        2704.518          39.000                                                                  
G04  24236538.033   127363854.085       -3038.003          33.000    24236540.402    99244420.592       -2366.637          30.000  
E30  26717453.004   140401209.199        2179.711          37.000    26717463.778   107580223.603        1670.036          42.000  
> 2024 06 08 14 10 30.4980000  0 31                     
E08  23764363.726   124882587.769        -136.962          46.000    23764363.504    95689242.019        -105.031          49.000  
G09  21343972.479   112163360.671       -2078.635          46.000    21343971.308    87400014.933       -1619.624          43.000  
E03  24331601.405   127863429.699       -1668.520          46.000    24331603.589    97973309.994       -1278.545          50.000  
E26  27240845.221   143151575.645         429.701          39.000    27240849.318   109687608.608         329.339          43.000  
G30  19814587.186   104126348.650        -267.256          49.000    19814584.544    81137394.606        -208.179          46.000  
R24  22924419.952   122586999.937       -3069.587          47.000    22924419.165    95345434.308       -2387.556          42.000  
R12  22203399.737   118606621.179        3491.030          43.000    22203403.880    92249779.775        2715.264          44.000  
R17  23601511.397   126296444.379        -598.171          45.000    23601511.014    98230576.961        -465.153          43.000  
R11  18802621.311   100475586.351         366.265          51.000    18802617.211    78147700.169         284.843          49.000  
R07  22604762.769   121005001.538       -3217.344          48.000    22604761.817    94115043.209       -2502.146          40.000  
E25  25208720.808   132472751.800       -1528.329          45.000    25208723.583   101505123.958       -1170.995          47.000  
G06  22671620.734   119140068.463       -3790.728          46.000    22671625.121    92836422.246       -2953.695          42.000  
S31  38175112.158   200611566.014        -805.185          46.000  
S33  39163077.545   205803339.915        -805.251          40.000  
E02  24108937.879   126693396.884         966.119          46.000    24108938.520    97076795.897         740.182          46.000  
R10  20606248.578   109842892.702       -3735.738          44.000                                                                  
R08  19765455.165   105843117.216       -1233.372          49.000    19765448.562    82322719.655        -959.249          48.000  
R01  20635511.073   110308660.759        1688.150          48.000    20635508.321    85795746.898        1313.256          41.000  
R23  23982905.950   128292380.727       -4191.492          36.000                                                                  
G07  19723477.217   103647535.002       -2478.357          48.000    19723472.284    80764238.385       -1931.307          44.000  
E13  25150601.807   132167217.317       -1877.195          44.000    25150606.973   101271003.492       -1438.455          47.000  
E15  25909846.402   136157078.290       -3561.488          43.000    25909853.733   104328124.327       -2729.128          47.000  
G13  24137020.347   126840878.685        1297.564          39.000                                                                  
G20  21258243.417   111712804.451        1474.415          46.000                                                                  
E07  26852424.568   141110438.416         848.763          41.000    26852431.005   108123582.409         650.138          46.000  
G11  22327514.742   117331813.113       -2055.112          46.000    22327512.994    91427436.229       -1601.420          44.000  
G14  22165216.895   116479101.639        2516.780          43.000    22165218.460    90762950.873        1961.142          42.000  
G05  23926444.273   125734306.932        2567.976          42.000    23926443.967    97974810.939        2001.254          39.000  
G22  24500484.581   128750914.881        2706.746          39.000                                                                  
G04  24253890.115   127455042.059       -3040.804          31.000    24253892.763    99315476.177       -2369.766          26.000  
E30  26705013.126   140335839.052        2178.206          37.000    26705024.082   107530135.021        1669.130          42.000  
> 2024 06 08 14 11 00.4980000  0 31                     
E08  23765147.402   124886709.138        -137.273          46.000    23765148.191    95692399.949        -105.227          49.000  
G09  21355851.212   112225784.961       -2082.545          46.000    21355850.316    87448657.238       -1622.924          43.000  
E03  24341131.196   127913511.947       -1669.750          46.000    24341134.055    98011684.709       -1279.503          50.000  
E26  27238426.484   143138868.405         417.581          38.000    27238430.667   109677871.860         320.237          42.000  
G30  19816155.450   104134592.667        -281.959          49.000    19816153.342    81143818.576        -219.765          46.000  
R24  22941676.175   122679278.652       -3081.990          46.000    22941677.036    95417206.296       -2397.034          45.000  
R12  22183811.531   118501988.893        3484.761          43.000    22183816.444    92168399.478        2710.529          44.000  
R17  23604926.822   126314715.551        -619.716          46.000    23604925.506    98244787.802        -481.865          42.000  
R11  18800638.968   100464992.429         340.372          51.000    18800634.053    78139460.550         264.691          49.000  
R07  22622817.252   121101647.194       -3225.372          48.000    22622815.702    94190211.895       -2508.746          40.000  
E25  25217483.272   132518799.844       -1541.232          45.000    25217486.325   101540407.520       -1181.138          48.000  
G06  22693274.339   119253858.918       -3794.720          45.000    22693278.595    92925089.778       -2956.641          41.000  
S31  38179708.925   200635722.561        -804.824          46.000  
S33  39167674.014   205827494.266        -804.736          40.000  
E02  24103452.555   126664572.106         956.098          46.000    24103453.553    97054709.435         732.630          47.000  
R10  20627321.835   109955225.672       -3752.955          43.000                                                                  
R08  19772396.231   105880286.803       -1244.264          48.000    19772389.847    82351629.325        -967.806          48.000  
R01  20626043.386   110258047.696        1686.347          49.000    20626040.470    85756381.228        1311.723          42.000  
R23  24006397.469   128418043.333       -4185.456          38.000                                                                  
G07  19737664.706   103722093.228       -2491.594          47.000    19737660.881    80822335.692       -1941.570          45.000  
E13  25161355.082   132223723.499       -1889.241          44.000    25161359.942   101314300.348       -1447.633          47.000  
E15  25930183.250   136263950.046       -3562.841          43.000    25930191.582   104410012.739       -2729.925          48.000  
G13  24129612.279   126801943.857        1298.285          40.000                                                                  
G20  21249864.385   111668773.185        1461.444          46.000                                                                  
E07  26847575.208   141084957.699         850.185          40.000    26847582.105   108104058.311         651.501          46.000  
G11  22339289.226   117393690.002       -2069.486          46.000    22339287.988    91475651.910       -1612.760          43.000  
G14  22150862.799   116403669.355        2512.240          43.000    22150863.528    90704172.606        1957.560          42.000  
G05  23911793.218   125657314.085        2565.194          42.000    23911792.413    97914816.582        1998.978          38.000  
G22  24485020.835   128669654.753        2711.098          39.000                                                                  
G04  24271255.250   127546316.5751      -3042.578          28.000    24271259.262    99386588.270       -2370.930          26.000  
E30  26692575.623   140270479.080        2179.240          37.000    26692586.178   107480054.234        1669.922          42.000  
> 2024 06 08 14 11 30.4980000  0 31                     
E08  23765929.945   124890820.499        -136.714          47.000    23765930.959    95695550.201        -104.691          50.000  
G09  21367749.383   112288311.681       -2085.750          47.000    21367748.678    87497379.328       -1625.206          43.000  
E03  24350664.624   127963608.962       -1670.082          47.000    24350667.244    98050070.713       -1279.632          50.000  
E26  27236073.422   143126500.548         406.604          40.000    27236077.018   109668395.175         311.802          42.000  
G30  19817803.778   104143255.357        -295.591          49.000    19817802.203    81150568.758        -230.454          45.000  
R24  22958997.343   122771901.294       -3093.082          50.000    22958998.317    95489245.798       -2405.376          43.000  
R12  22164254.481   118397468.5181       3479.491          46.000    22164259.099    92087145.897        2706.453          45.000  
R17  23608457.835   126333612.454        -640.039          47.000    23608454.127    98259485.331        -498.119          38.000  
R11  18798797.250   100455148.900         315.736          53.000    18798791.733    78131804.533         245.632          49.000  
R07  22640913.157   121198513.971       -3232.421          51.000    22640911.867    94265552.556       -2514.347          41.000  
E25  25226316.400   132565217.315       -1553.182          46.000    25226319.522   101575974.112       -1190.131          48.000  
G06  22714946.876   119367743.110       -3797.508          48.000    22714949.393    93013830.414       -2959.097          39.000  
S31  38184299.304   200659843.032        -803.208          46.000  
S33  39172263.324   205851612.112        -803.289          42.000  
E02  24098019.766   126636024.780         947.163          47.000    24098021.468    97032835.594         725.752          47.000  
R10  20648486.762   110068045.836       -3768.560          45.000                                                                  
R08  19779395.249   105917762.937       -1254.200          49.000    19779387.955    82380777.409        -975.518          48.000  
R01  20616582.250   110207471.642        1685.389          50.000    20616579.644    85717044.371        1310.790          42.000  
R23  24029851.633   128543499.085       -4178.240          42.000                                                                  
G07  19751923.130   103797023.014       -2503.699          48.000    19751919.532    80880722.511       -1950.962          45.000  
E13  25172171.191   132280564.217       -1900.133          45.000    25172176.327   101357853.530       -1455.788          47.000  
E15  25950523.480   136370839.730       -3563.066          43.000    25950532.401   104491914.892       -2730.204          49.000  
G13  24122193.679   126762962.479        1300.424          40.000                                                                  
G20  21241554.974   111625107.137        1449.579          48.000                                                                  
E07  26842712.722   141059411.588         852.432          40.000    26842720.783   108084484.084         653.483          46.000  
G11  22351141.844   117455977.563       -2082.881          47.000    22351140.750    91524187.580       -1623.048          42.000  
G14  22136531.215   116328358.635        2508.610          44.000    22136531.581    90645489.047        1954.816          41.000  
G05  23897153.103   125580380.605        2563.711          44.000    23897152.534    97854868.514        1997.461          38.000  
G22  24469528.434   128588241.414        2716.395          41.000                                                                  
E30  26680128.048   140205066.496        2181.618          36.000    26680138.769   107429933.164        1671.546          43.000  
G04                                                                  24288626.459                       -2370.504          21.000  
> 2024 06 08 14 12 00.4980000  0 31                     
E08  23766704.245   124894884.108        -134.062          47.000    23766704.227    95698663.867        -102.777          50.000  
G09  21379661.134   112350903.356       -2086.908          47.000    21379659.629    87546152.035       -1626.163          43.000  
E03  24360194.014   128013683.318       -1668.287          47.000    24360195.949    98088439.375       -1278.253          49.000  
E26  27233779.547   143114435.052         397.700          40.000    27233780.926   109659150.149         304.958          42.000  
G30  19819524.216   104152298.011        -307.302          48.000    19819522.843    81157615.008        -239.332          45.000  
R24  22976374.770   122864825.153       -3101.943          47.000    22976375.109    95561519.519       -2412.525          43.000  
R12  22144721.279   118293127.447        3476.362          44.000    22144725.459    92005992.082        2704.030          44.000  
R17  23612097.873   126353096.086        -658.770          45.000    23612093.583    98274639.227        -512.388          39.000  
R11  18797088.542   100446018.410         292.950          51.000    18797083.028    78124703.099         227.882          49.000  
R07  22659043.192   121295563.793       -3237.441          48.000    22659042.661    94341035.596       -2518.120          42.000  
E25  25235211.886   132611965.839       -1563.221          45.000    25235215.592   101611794.381       -1197.836          48.000  
G06  22736628.735   119481679.852       -3798.238          46.000    22736631.412    93102611.973       -2959.602          40.000  
S31  38188875.053   200683889.456        -799.796          46.000  
S33  39176838.849   205875656.263        -799.835          41.000  
E02  24092633.716   126607718.616         940.022          46.000    24092635.454    97011146.549         720.266          48.000  
R10  20669734.433   110181310.520       -3782.286          43.000                                                                  
R08  19786443.791   105955508.933       -1262.209          48.000    19786436.584    82410135.406        -981.660          47.000  
R01  20607121.029   110156896.262        1686.344          49.000    20607118.178    85677707.999        1311.804          42.000  
R23  24053259.431   128668705.754       -4169.013          43.000                                                                  
G07  19766244.724   103872284.079       -2513.625          47.000    19766241.022    80939367.470       -1958.750          44.000  
E13  25183044.341   132337700.217       -1908.839          44.000    25183048.964   101401632.998       -1462.601          47.000  
E15  25970860.208   136477707.253       -3561.253          43.000    25970868.891   104573800.056       -2728.802          49.000  
G13  24114760.805   126723896.939        1303.894          39.000                                                                  
G20  21233308.764   111581770.439        1439.446          47.000                                                                  
E07  26837831.364   141033761.789         857.256          39.000    26837839.578   108064830.462         656.889          46.000  
G11  22363064.917   117518635.661       -2094.400          45.000    22363064.134    91573011.976       -1631.834          43.000  
G14  22122216.243   116253134.688        2506.548          43.000    22122217.338    90586873.137        1953.161          42.000  
G05  23882518.077   125503470.065        2563.923          44.000    23882516.502    97794938.300        1997.031          38.000  
G22  24453999.142   128506638.769        2723.897          39.000                                                                  
E30  26667662.528   140139565.233        2185.487          36.000    26667674.139   107379744.171        1674.523          43.000  
G04                                                                  24305979.540                       -2370.750          13.000  
> 2024 06 08 14 12 30.4980000  0 31                     
E08  23767460.179   124898854.708        -130.768          47.000    23767459.761    95701706.265        -100.240          50.000  
G09  21391575.688   112413515.098       -2087.515          47.000    21391574.059    87594940.367       -1626.574          43.000  
E03  24369709.311   128063690.114       -1665.705          46.000    24369712.040    98126756.272       -1276.441          49.000  
E26  27231532.499   143102627.346         389.363          40.000    27231534.158   109650102.645         298.229          42.000  
G30  19821308.840   104161674.525        -318.154          48.000    19821306.473    81164921.393        -247.865          45.000  
R24  22993797.992   122957999.878       -3109.918          45.000    22993799.529    95633988.452       -2418.873          43.000  
R12  22125204.357   118188871.816        3473.726          44.000    22125208.154    91924904.709        2701.794          44.000  
R17  23615841.253   126373119.645        -676.584          45.000    23615837.513    98290213.071        -526.284          41.000  
R11  18795504.655   100437556.092         270.939          51.000    18795500.037    78118121.327         210.531          50.000  
R07  22677198.068   121392750.189       -3241.805          48.000    22677198.347    94416624.864       -2521.531          42.000  
E25  25244162.510   132658999.534       -1572.593          45.000    25244165.907   101647833.171       -1205.074          48.000  
G06  22758311.402   119595620.472       -3797.999          46.000    22758314.506    93191396.513       -2959.610          42.000  
S31  38193428.061   200707815.693        -795.740          46.000  
S33  39181391.646   205899581.283        -795.583          41.000  
E02  24087284.721   126579609.787         933.474          46.000    24087286.489    96989608.706         715.307          48.000  
R10  20691056.520   110294970.304       -3795.296          43.000                                                                  
R08  19793535.104   105993480.183       -1269.527          48.000    19793527.568    82439668.570        -987.416          48.000  
R01  20597651.416   110106277.138        1687.880          49.000    20597648.777    85638337.605        1312.850          41.000  
R23  24076609.865   128793613.724       -4158.770          42.000                                                                  
G07  19780620.947   103947828.268       -2522.954          47.000    19780616.132    80998233.086       -1966.064          44.000  
E13  25193963.258   132395084.761       -1916.978          43.000    25193968.934   101445602.894       -1468.790          47.000  
E15  25991183.464   136584505.080       -3558.728          43.000    25991192.558   104655631.813       -2726.910          49.000  
G13  24107302.966   126684700.944        1308.620          41.000                                                                  
G20  21225116.834   111538720.441        1430.199          48.000                                                                  
E07  26832922.203   141007962.694         862.333          40.000    26832930.041   108045062.434         660.690          46.000  
G11  22375049.900   117581616.655       -2104.727          44.000    22375049.857    91622087.984       -1640.199          44.000  
G14  22107910.495   116177955.211        2505.253          44.000    22107911.113    90528291.866        1952.048          42.000  
G05  23867879.158   125426539.445        2564.459          44.000    23867877.108    97734992.401        1998.164          38.000  
G22  24438426.567   128424804.658        2731.504          40.000                                                                  
E30  26655172.591   140073931.740        2190.029          35.000    26655183.930   107329453.850        1678.047          43.000  
G04                                                                  24323354.777                       -2376.099          13.000  
> 2024 06 08 14 13 00.4980000  0 30                     
E08  23768197.271   124902726.388        -127.196          47.000    23768196.217    95704672.877         -97.311          50.000  
G09  21403492.863   112476141.260       -2087.517          47.000    21403491.159    87643739.946       -1626.745          43.000  
E03  24379211.407   128113623.738       -1662.873          46.000    24379214.021    98165017.061       -1274.082          49.000  
E26  27229332.077   143091072.117         381.185          39.000    27229335.612   109641248.616         292.132          42.000  
G30  19823155.388   104171378.048        -328.479          48.000    19823153.105    81172482.595        -255.791          45.000  
R24  23011267.063   123051415.120       -3117.332          45.000    23011268.887    95706644.411       -2424.782          43.000  
R12  22105703.145   118084699.408        3471.243          44.000    22105706.842    91843882.063        2699.838          44.000  
R17  23619681.155   126393676.286        -693.724          44.000    23619679.662    98306201.546        -539.452          42.000  
R11  18794045.358   100429756.722         249.346          51.000    18794040.734    78112055.176         193.886          50.000  
R07  22695377.555   121490067.426       -3245.642          49.000    22695377.707    94492315.910       -2524.409          41.000  
E25  25253165.633   132706311.739       -1581.377          45.000    25253169.071   101684085.389       -1211.686          48.000  
G06  22779992.343   119709555.554       -3797.358          46.000    22779996.352    93280176.718       -2958.674          42.000  
S31  38197957.405   200731616.760        -790.882          46.000  
S33  39185920.427   205923379.642        -790.884          41.000  
E02  24081972.562   126551693.765         927.544          46.000    24081973.794    96968218.588         710.797          48.000  
R10  20712451.042   110409014.953       -3807.227          43.000                                                                  
R08  19800666.826   106031671.938       -1276.392          48.000    19800659.637    82469373.254        -992.682          48.000  
R01  20588173.480   110055610.477        1689.873          48.000    20588170.149    85598930.243        1314.302          41.000  
R23  24099901.892   128918213.010       -4147.768          43.000                                                                  
G07  19795048.647   104023647.499       -2531.464          47.000    19795044.052    81057313.024       -1972.756          44.000  
E13  25204929.305   132452710.342       -1924.405          42.000    25204934.724   101489757.465       -1474.627          47.000  
E15  26011491.616   136691224.925       -3555.721          43.000    26011500.960   104737403.817       -2724.458          49.000  
G13  24099818.157   126645367.723        1313.734          42.000                                                                  
G20  21216978.362   111495953.506        1421.110          47.000                                                                  
E07  26827983.355   140982007.867         868.187          40.000    26827990.926   108025175.053         665.189          46.000  
G11  22387094.976   117644912.163       -2114.730          45.000    22387095.166    91671409.058       -1647.899          44.000  
G14  22093612.615   116102817.198        2504.259          44.000    22093612.476    90469742.911        1951.224          42.000  
G05  23853234.985   125349584.633        2565.823          44.000    23853232.819    97675027.691        1999.273          38.000  
G22  24422808.183   128342734.593        2739.947          39.000                                                                  
E30  26642656.843   140008161.791        2194.632          37.000    26642668.225   107279058.974        1682.009          43.000  
> 2024 06 08 14 13 30.4980000  0 30                     
E08  23768911.389   124906481.632        -123.202          47.000    23768910.713    95707550.275         -94.313          50.000  
G09  21415409.648   112538764.653       -2087.247          47.000    21415408.165    87692537.357       -1626.475          43.000  
E03  24388696.344   128163466.972       -1659.789          46.000    24388698.804    98203208.606       -1271.865          49.000  
E26  27227174.753   143079752.475         373.637          36.000    27227181.680   109632575.081         286.292          42.000  
G30  19825060.829   104181390.068        -338.814          49.000    19825058.656    81180284.173        -263.929          45.000  
R24  23028777.462   123145048.786       -3124.704          46.000    23028778.329    95779470.201       -2430.158          43.000  
R12  22086214.028   117980595.657        3468.746          44.000    22086217.726    91762912.809        2698.083          44.000  
R17  23623618.189   126414747.300        -711.067          44.000    23623617.267    98322590.064        -553.169          42.000  
R11  18792706.742   100422602.997         227.707          51.000    18792701.867    78106491.195         177.080          50.000  
R07  22713578.794   121587497.000       -3249.399          48.000    22713578.301    94568094.363       -2527.378          41.000  
E25  25262218.328   132753884.221       -1589.972          45.000    25262221.599   101720537.047       -1218.332          47.000  
G06  22801668.350   119823464.150       -3796.357          45.000    22801672.785    93368936.303       -2958.464          42.000  
S31  38202459.203   200755273.893        -786.177          46.000  
S33  39190422.044   205947035.151        -785.833          40.000  
E02  24076693.821   126523954.432         921.783          46.000    24076694.957    96946963.842         706.269          48.000  
R10  20733913.859   110523422.694       -3819.481          43.000                                                                  
R08  19807836.938   106070067.789       -1283.335          48.000    19807830.323    82499236.668        -998.166          49.000  
R01  20578682.337   110004880.417        1692.017          47.000    20578680.453    85559473.572        1316.026          41.000  
R23  24123132.664   129042482.386       -4136.748          42.000                                                                  
G07  19809524.605   104099721.495       -2539.918          47.000    19809520.656    81116591.445       -1979.367          44.000  
E13  25215937.297   132510557.874       -1931.655          43.000    25215942.738   101534082.108       -1480.252          47.000  
E15  26031781.350   136797846.943       -3552.320          43.000    26031790.512   104819100.874       -2721.962          49.000  
G13  24092303.960   126605879.642        1318.959          40.000                                                                  
G20  21208890.544   111453454.269        1412.171          47.000                                                                  
E07  26823011.336   140955879.342         873.841          40.000    26823018.693   108005154.564         669.594          46.000  
G11  22399196.503   117708502.213       -2124.544          46.000    22399196.340    91720959.623       -1655.351          45.000  
G14  22079318.957   116027706.011        2503.200          44.000    22079319.058    90411214.868        1950.465          43.000  
G05  23838583.416   125272591.280        2567.179          44.000    23838581.529    97615032.972        2000.065          38.000  
G22  24407142.545   128260413.610        2748.313          41.000                                                                  
E30  26630112.828   139942239.478        2200.028          38.000    26630123.170   107228547.382        1685.662          43.000  
> 2024 06 08 14 14 00.4980000  0 30                     
E08  23769603.611   124910121.886        -119.555          47.000    23769603.421    95710339.568         -91.510          50.000  
G09  21427326.043   112601387.074       -2087.502          47.000    21427325.037    87741333.993       -1626.585          42.000  
E03  24398164.648   128213221.620       -1657.288          46.000    24398166.695    98241332.256       -1269.740          48.000  
E26  27225064.182   143068670.357         365.987          35.000    27225073.266   109624083.613         279.860          42.000  
G30  19827025.097   104191711.052        -349.194          49.000    19827022.811    81188326.489        -272.137          45.000  
R24  23046328.506   123238897.984       -3132.020          47.000    23046328.558    95852463.647       -2435.950          41.000  
R12  22066739.116   117876565.849        3466.358          44.000    22066742.710    91682001.061        2696.174          44.000  
R17  23627653.043   126436333.414        -728.473          44.000    23627651.131    98339379.167        -566.368          42.000  
R11  18791489.183   100416097.398         205.891          51.000    18791484.227    78101431.316         160.192          49.000  
R07  22731800.278   121685040.713       -3253.543          48.000    22731800.328    94643961.530       -2530.483          41.000  
E25  25271320.634   132801717.615       -1598.873          46.000    25271323.789   101757188.615       -1225.120          46.000  
G06  22823340.060   119937344.162       -3795.662          46.000    22823343.995    93457673.601       -2957.643          42.000  
S31  38206933.879   200778789.063        -781.509          46.000  
S33  39194896.313   205970548.393        -781.315          41.000  
E02  24071448.631   126496394.616         915.567          46.000    24071450.302    96925846.622         701.643          48.000  
R10  20755444.236   110638190.609       -3831.467          44.000                                                                  
R08  19815044.981   106108670.677       -1290.209          47.000    19815038.928    82529261.107       -1003.516          48.000  
R01  20569180.949   109954090.219        1693.921          48.000    20569179.072    85519970.140        1317.539          41.000  
R23  24146301.706   129166419.022       -4125.810          40.000                                                                  
G07  19824048.922   104176048.867       -2548.517          46.000    19824045.376    81176067.262       -1985.858          45.000  
E13  25226987.791   132568627.264       -1939.451          43.000    25226993.399   101578576.721       -1485.968          47.000  
E15  26052051.792   136904370.210       -3549.200          42.000    26052061.480   104900722.258       -2719.458          48.000  
G13  24084758.952   126566237.442        1323.859          41.000                                                                  
G20  21200854.465   111411226.112        1402.919          46.000                                                                  
E07  26818007.031   140929578.018         879.568          40.000    26818013.563   107985001.702         673.930          45.000  
G11  22411353.644   117772385.723       -2134.577          47.000    22411352.693    91770738.889       -1663.211          45.000  
G14  22065032.184   115952626.010        2501.975          45.000    22065032.116    90352711.126        1949.633          43.000  
G05  23823925.305   125195562.559        2568.033          44.000    23823923.398    97555010.689        2001.044          39.000  
G22  24391430.212   128177845.446        2756.048          40.000                                                                  
E30  26617540.779   139876167.929        2204.805          39.000    26617549.551   107177921.375        1689.359          43.000  
> 2024 06 08 14 14 30.4980000  0 30                     
E08  23770274.641   124913647.805        -115.612          47.000    23770274.676    95713041.261         -88.713          50.000  
G09  21439243.021   112664009.455       -2087.469          46.000    21439241.460    87790130.628       -1626.607          42.000  
E03  24407616.463   128262888.577       -1654.280          46.000    24407618.093    98279388.749       -1267.538          48.000  
E26  27223004.032   143057827.201         357.045          37.000    27223009.988   109615775.151         273.727          42.000  
G30  19829047.185   104202340.668        -359.530          48.000    19829044.842    81196609.303        -280.289          45.000  
R24  23063919.129   123332959.125       -3138.954          48.000    23063918.868    95925621.960       -2441.550          41.000  
R12  22047279.423   117772613.921        3463.637          45.000    22047282.314    91601149.879        2693.904          44.000  
R17  23631783.715   126458433.955        -745.163          45.000    23631781.983    98356568.379        -579.574          43.000  
R11  18790393.143   100410241.119         184.208          51.000    18790388.016    78096876.445         143.230          49.000  
R07  22750044.114   121782699.056       -3257.279          48.000    22750043.496    94719917.840       -2533.463          40.000  
E25  25280472.997   132849811.808       -1607.382          46.000    25280475.572   101794040.005       -1231.788          46.000  
G06  22845003.820   120051192.834       -3794.632          44.000    22845008.915    93546386.469       -2956.628          42.000  
S31  38211381.853   200802162.391        -776.821          46.000  
S33  39199344.208   205993920.389        -776.800          41.000  
E02  24066238.286   126469016.306         909.424          45.000    24066240.181    96904868.485         696.857          48.000  
R10  20777041.324   110753315.799       -3843.589          43.000                                                                  
R08  19822293.132   106147482.629       -1297.341          47.000    19822286.674    82559448.164       -1008.979          48.000  
R01  20559669.199   109903242.661        1695.869          48.000    20559666.179    85480422.096        1318.922          41.000  
R23  24169406.589   129290020.251       -4115.136          35.000                                                                  
G07  19838622.593   104252627.436       -2556.843          48.000    19838617.534    81235738.812       -1992.513          44.000  
E13  25238080.944   132626917.477       -1946.812          43.000    25238085.769   101623240.552       -1491.784          47.000  
E15  26072302.668   137010793.099       -3545.672          41.000    26072313.319   104982266.720       -2716.875          48.000  
G13  24077186.101   126526441.249        1329.133          41.000                                                                  
G20  21192870.142   111369271.774        1393.755          45.000                                                                  
E07  26812969.211   140903104.056         885.408          40.000    26812975.668   107964716.561         678.296          45.000  
G11  22423565.394   117836560.820       -2144.116          47.000    22423565.011    91820745.363       -1670.871          45.000  
G14  22050751.758   115877580.730        2500.776          46.000    22050751.001    90294234.430        1948.567          43.000  
G05  23809261.345   125118502.434        2569.061          44.000    23809259.783    97494963.931        2002.156          40.000  
G22  24375670.978   128095032.986        2764.435          38.000                                                                  
E30  26604939.647   139809949.340        2209.759          38.000    26604948.792   107127182.753        1693.268          43.000  
