     3.00           OBSERVATION DATA    M: Mixed            RINEX VERSION / TYPE
CONVBIN demo5 b34j                      20240609 013620 UTC PGM / RUN BY / DATE 
log: SAUC00CHL_R_20241601430_15M_30S_MO.ubx                 COMMENT             
format: u-blox UBX                                          COMMENT             
format: u-blox UBX                                          COMMENT             
log: SAUC00CHL_R_20241601430_15M_30S_MO.ubx                 COMMENT             
SAUC00CHL                                                   MARKER NAME         
                                                            MARKER NUMBER       
GEODETIC                                                    MARKER TYPE         
El Sauce            Obstech                                 OBSERVER / AGENCY   
UNKNOWN             UBLOX-ZED-F9P                           REC # / TYPE / VERS 
UNKNWOWN            TWIVSP6037L                             ANT # / TYPE        
  1813185.0000 -5195981.0000 -3216438.0000                  APPROX POSITION XYZ 
        0.0000        0.0000        0.0000                  ANTENNA: DELTA H/E/N
G    8 C1C L1C D1C S1C C2X L2X D2X S2X                      SYS / # / OBS TYPES 
R    8 C1C L1C D1C S1C C2C L2C D2C S2C                      SYS / # / OBS TYPES 
E    8 C1X L1X D1X S1X C7X L7X D7X S7X                      SYS / # / OBS TYPES 
S    4 C1C L1C D1C S1C                                      SYS / # / OBS TYPES 
  2024    06    08    14    30   00.4990000     GPS         TIME OF FIRST OBS   
  2024    06    08    14    44   30.4990000     GPS         TIME OF LAST OBS    
                                                            END OF HEADER       
> 2024 06 08 14 30 00.4990000  0 30                     
E08  23792973.886   125032928.3041       -163.658          49.000    23792974.250    95804437.7121       -125.487          51.000  
G09  21821619.023   114673399.7471      -2257.952          46.000    21821617.505    89355887.4561      -1759.472          42.000  
E03  24705306.882   129827259.3521      -1734.360          45.000    24705309.276    99478061.0201      -1328.876          48.000  
E26  27194714.388   142909149.0951        -62.043          42.000    27194718.120   109501851.8331        -47.388          44.000  
G30  19932355.502   104745227.0931       -823.678          49.000    19932353.599    81619637.5081       -641.816          46.000  
R24  23637021.256   126397542.8551      -3450.757          45.000    23637025.148    98309173.1941      -2683.923          40.000  
R12  21467411.243   114675077.0141       3156.758          45.000    21467415.751    89191989.6811       2455.220          46.000  
R17  23818890.780   127459670.8101      -1422.396          47.000    23818889.068    99135306.4081      -1106.437          44.000  
R11  18829651.343   100620030.9901       -657.964          50.000    18829647.120    78260046.3191       -511.766          50.000  
R07  23338575.125   124933122.0631      -3538.859          44.000    23338574.464    97170240.1181      -2752.248          44.000  
E25  25600528.275   134531712.2591      -2026.674          42.000    25600532.137   103082767.6341      -1552.767          47.000  
G06  23522727.184   123612598.1291      -3868.835          43.000    23522736.252    96321494.1521      -3014.618          43.000  
S31  38348314.327   201521745.1511       -792.005          46.000  
S33  39336279.401   206713515.5081       -792.225          41.000  
E02  23935814.380   125783634.0531        535.730          47.000    23935816.543    96379705.9071        410.554          51.000  
R02  23868157.097   127365042.3091       2401.128          42.000    23868159.921    99061705.7651       1867.929          41.000  
R10  21488128.556   114543797.7581      -4308.293          43.000                                                                  
R08  20080329.648   107529247.4821      -1703.742          49.000    20080322.866    83634152.8371      -1325.077          47.000  
R01  20274264.993   108377597.1241       1550.461          48.000    20274262.947    84293809.4221       1205.955          42.000  
G07  20323980.460   106803202.9331      -2936.490          46.000    20323976.697    83223199.2391      -2288.174          43.000  
E13  25613650.158   134600542.8841      -2310.132          42.000    25613656.568   103135495.4391      -1770.337          46.000  
E15  26700851.740   140313785.4261      -3567.339          42.000    26700863.536   107513117.7361      -2733.566          45.000  
G13  23839929.862   125279678.2051       1332.594          42.000                                                                  
G20  20986008.740   110282204.3501        910.978          46.000                                                                  
E07  26652664.795   140060710.0681        906.230          42.000    26652671.148   107319249.2141        694.486          47.000  
G11  22839556.163   120022595.0761      -2564.700          43.000    22839557.223    93524144.0911      -1998.601          44.000  
G14  21626961.202   113650571.5771       2250.667          46.000    21626960.848    88558907.1621       1753.827          43.000  
G05  23366595.468   122792288.5181       2398.759          46.000    23366593.504    95682295.4631       1869.102          41.000  
G22  23879069.663   125485424.3611       2812.783          36.000                                                                  
E30  26214783.250   137759702.1821       2168.027          41.000    26214792.183   105556222.4271       1661.346          45.000  
> 2024 06 08 14 30 30.4990000  0 30                     
E08  23793896.725   125037780.658        -159.617          48.000    23793897.653    95808155.703        -122.296          51.000  
G09  21834508.556   114741136.749       -2257.859          46.000    21834507.439    89408669.437       -1759.170          42.000  
E03  24715199.582   129879245.220       -1731.284          45.000    24715201.927    99517894.267       -1326.652          48.000  
E26  27195090.063   142911128.802         -69.829          42.000    27195094.761   109503368.779         -53.584          44.000  
G30  19937082.378   104770069.713        -832.315          49.000    19937080.701    81638995.371        -648.627          46.000  
R24  23656386.489   126501090.825       -3452.557          45.000    23656389.857    98389709.941       -2685.113          41.000  
R12  21449701.626   114580469.063        3150.770          46.000    21449703.693    89118406.006        2450.383          46.000  
R17  23826906.055   127502572.148       -1437.607          44.000    23826904.857    99168674.004       -1118.129          42.000  
R11  18833404.952   100640086.162        -679.006          50.000    18833400.427    78275644.770        -528.214          50.000  
R07  23358414.612   125039327.622       -3541.607          44.000    23358416.188    97252844.185       -2754.811          45.000  
E25  25612118.836   134592619.182       -2033.923          42.000    25612122.425   103129436.546       -1558.335          46.000  
G06  23544798.081   123728584.878       -3863.837          42.000    23544808.087    96411872.911       -3010.693          43.000  
S31  38352820.603   201545426.268        -786.671          45.000  
S33  39340786.323   206737198.490        -786.515          41.000  
E02  23932776.348   125767666.463         528.828          47.000    23932777.782    96367471.077         405.187          50.000  
R02  23854626.831   127292843.464        2412.021          41.000    23854629.738    99005551.226        1875.702          42.000  
R10  21512395.549   114673151.720       -4315.204          43.000                                                                  
R08  20089897.210   107580477.778       -1711.645          50.000    20089889.278    83673998.592       -1331.163          47.000  
R01  20265563.408   108331083.901        1550.404          48.000    20265562.302    84257632.421        1206.069          42.000  
G07  20340759.104   106891371.482       -2941.496          47.000    20340754.646    83291901.961       -2292.195          43.000  
E13  25626853.765   134669931.559       -2315.562          41.000    25626861.021   103188663.262       -1774.200          46.000  
E15  26721200.401   140420717.102       -3561.319          41.000    26721212.749   107595051.877       -2728.662          45.000  
G13  23832306.093   125239611.012        1338.615          42.000                                                                  
G20  20980838.931   110255035.882         900.233          46.000                                                                  
E07  26647471.579   140033426.443         912.901          42.000    26647478.616   107298343.661         699.405          46.000  
G11  22854215.982   120099632.763       -2570.948          43.000    22854217.561    93584173.296       -2003.453          44.000  
G14  21614124.484   113583111.198        2246.710          46.000    21614123.677    88506340.732        1750.831          44.000  
G05  23352904.587   122720342.150        2397.799          47.000    23352901.809    95626233.476        1868.242          40.000  
G22  23862995.358   125400950.099        2819.113          38.000                                                                  
E30  26202395.396   137694605.135        2171.655          42.000    26202404.363   105506343.123        1664.087          45.000  
> 2024 06 08 14 31 00.4990000  0 30                     
E08  23794798.627   125042521.006        -155.964          47.000    23794799.525    95811787.863        -119.475          51.000  
G09  21847400.752   114808883.236       -2258.268          46.000    21847399.397    89461458.805       -1759.822          42.000  
E03  24725078.148   129931153.780       -1728.930          45.000    24725080.003    99557668.277       -1324.803          48.000  
E26  27195514.710   142913358.256         -78.285          42.000    27195518.954   109505077.049         -60.043          44.000  
G30  19941860.040   104795179.246        -841.227          48.000    19941858.734    81658561.206        -655.558          45.000  
R24  23675762.194   126604703.267       -3454.553          44.000    23675766.917    98470296.818       -2687.262          41.000  
R12  21432027.076   114486050.827        3144.188          47.000    21432028.472    89044969.852        2445.489          47.000  
R17  23835009.548   127545936.245       -1453.158          44.000    23835007.318    99202401.567       -1130.111          41.000  
R11  18837279.381   100660787.585        -700.618          50.000    18837274.582    78291745.852        -544.908          50.000  
R07  23378274.583   125145634.314       -3544.968          45.000    23378275.480    97335526.844       -2757.268          45.000  
E25  25623751.912   134653753.477       -2041.358          42.000    25623755.853   103176279.706       -1564.102          46.000  
G06  23566842.642   123844427.248       -3858.789          43.000    23566852.240    96502139.212       -3006.927          43.000  
S31  38357298.650   201568958.211        -781.914          46.000  
S33  39345264.906   206760732.564        -781.659          41.000  
E02  23929779.221   125751918.141         521.448          47.000    23929781.001    96355404.237         399.496          51.000  
R02  23841040.918   127220340.825        2421.903          42.000    23841043.884    98949160.341        1883.724          43.000  
R10  21536702.837   114802722.612       -4322.356          44.000                                                                  
R08  20099510.355   107631956.998       -1720.000          50.000    20099503.594    83714037.930       -1337.848          48.000  
R01  20256864.846   108284585.756        1549.794          48.000    20256864.347    84221467.161        1205.224          42.000  
G07  20357567.950   106979702.352       -2946.774          47.000    20357563.603    83360731.176       -2296.239          43.000  
E13  25640089.048   134739480.737       -2320.997          42.000    25640096.355   103241954.069       -1778.201          47.000  
E15  26741516.049   140527471.137       -3555.390          42.000    26741527.481   107676849.918       -2724.231          44.000  
G13  23824648.899   125199371.597        1344.396          41.000                                                                  
G20  20975733.397   110228204.901         888.816          47.000                                                                  
E07  26642243.598   140005955.267         918.896          42.000    26642250.687   107277294.397         704.215          46.000  
G11  22868914.210   120176869.986       -2577.719          44.000    22868915.592    93644357.969       -2008.559          45.000  
G14  21601311.615   113515779.519        2242.264          46.000    21601311.189    88453874.609        1747.375          44.000  
G05  23339221.970   122648438.702        2396.335          47.000    23339218.709    95570204.953        1867.116          41.000  
G22  23846888.899   125316307.487        2824.177          39.000                                                                  
E30  26189990.275   137629415.050        2174.560          42.000    26189998.428   105456392.515        1666.263          45.000  
> 2024 06 08 14 31 30.4990000  0 30                     
E08  23795679.602   125047147.719        -152.550          48.000    23795679.220    95815332.958        -117.017          50.000  
G09  21860294.185   114876637.752       -2259.067          46.000    21860292.896    89514254.403       -1760.223          42.000  
E03  24734940.174   129982983.594       -1726.529          45.000    24734943.035    99597381.960       -1323.055          48.000  
E26  27195986.669   142915835.788         -86.920          42.000    27195990.440   109506975.375         -66.599          44.000  
G30  19946688.836   104820552.473        -850.441          48.000    19946686.776    81678332.511        -662.616          44.000  
R24  23695149.134   126708373.753       -3456.738          42.000    23695155.104    98550928.840       -2688.797          43.000  
R12  21414387.694   114391823.959        3137.349          49.000    21414388.949    88971682.595        2440.006          47.000  
R17  23843201.512   127589759.351       -1468.631          47.000    23843197.349    99236486.137       -1142.298          41.000  
R11  18841273.245   100682132.604        -722.627          50.000    18841269.097    78308347.506        -561.975          50.000  
R07  23398152.204   125252039.692       -3548.737          44.000    23398153.322    97418286.249       -2760.144          44.000  
E25  25635428.008   134715112.111       -2049.356          42.000    25635432.046   103223294.768       -1570.213          46.000  
G06  23588858.754   123960120.238       -3854.498          43.000    23588868.880    96592289.065       -3003.345          44.000  
S31  38361747.654   201592337.775        -776.891          45.000  
S33  39349714.547   206784115.063        -777.196          41.000  
E02  23926823.065   125736388.227         513.873          46.000    23926825.588    96343504.763         393.558          50.000  
R02  23827396.294   127147552.6883       2431.899          41.000    23827399.565    98892532.220        1891.076          42.000  
R10  21561050.084   114932504.341       -4329.791          44.000                                                                  
R08  20109169.820   107683684.325       -1728.687          50.000    20109163.938    83754270.230       -1344.593          49.000  
R01  20248169.600   108238103.302        1548.834          48.000    20248168.951    84185314.136        1204.504          42.000  
G07  20374406.898   107068191.228       -2952.435          47.000    20374402.017    83429683.531       -2300.759          42.000  
E13  25653355.113   134809186.640       -2326.460          43.000    25653360.998   103295364.968       -1782.476          47.000  
E15  26761795.697   140634043.472       -3549.683          41.000    26761807.864   107758508.767       -2719.800          44.000  
G13  23816958.239   125158957.335        1349.759          41.000                                                                  
G20  20970691.853   110201711.637         877.140          46.000                                                                  
E07  26636979.862   139978294.334         924.811          42.000    26636986.694   107256099.751         708.636          45.000  
G11  22883649.414   120254301.896       -2584.410          44.000    22883650.873    93704694.376       -2014.054          44.000  
G14  21588523.408   113448577.575        2237.490          47.000    21588522.932    88401509.578        1743.640          44.000  
G05  23325547.715   122576579.009        2394.224          47.000    23325544.028    95514210.474        1865.673          40.000  
G22  23830749.392   125231496.939        2829.594          36.000                                                                  
E30  26177566.919   137564131.795        2177.330          41.000    26177575.499   105406370.527        1668.418          44.000  
> 2024 06 08 14 32 00.4990000  0 30                     
E08  23796539.704   125051664.427        -148.879          48.000    23796537.950    95818793.760        -114.139          49.000  
G09  21873189.451   114944404.079       -2259.297          46.000    21873188.707    89567059.237       -1760.524          42.000  
E03  24744789.236   130034738.543       -1724.141          45.000    24744791.926    99637038.267       -1321.094          49.000  
E26  27196505.996   142918564.971         -95.578          41.000    27196509.962   109509066.522         -73.142          45.000  
G30  19951568.277   104846191.382        -859.325          49.000    19951565.571    81698310.854        -669.433          45.000  
R24  23714544.998   126812101.308       -3458.625          40.000    23714553.409    98631605.263       -2690.195          43.000  
R12  21396784.840   114297795.203        3130.741          47.000    21396786.013    88898549.370        2434.997          47.000  
R17  23851475.572   127634042.942       -1483.981          45.000    23851474.304    99270928.848       -1154.196          42.000  
R11  18845388.890   100704123.677        -743.971          50.000    18845384.606    78325451.628        -578.790          50.000  
R07  23418048.964   125358546.784       -3552.026          44.000    23418050.219    97501124.749       -2762.805          44.000  
E25  25647147.544   134776697.270       -2056.890          42.000    25647151.504   103270483.386       -1576.178          46.000  
G06  23610846.092   124075663.958       -3848.853          42.000    23610856.599    96682322.577       -2999.194          44.000  
S31  38366168.621   201615569.690        -772.257          46.000  
S33  39354136.012   206807350.099        -771.993          41.000  
E02  23923910.324   125721081.179         506.399          46.000    23923912.718    96331776.034         387.932          51.000  
R02  23813694.843   127074444.1411       2442.077          42.000    23813697.955    98835670.399        1899.083          42.000  
R10  21585436.128   115062496.001       -4336.811          45.000                                                                  
R08  20118876.812   107735664.276       -1737.093          50.000    20118871.451    83794699.001       -1351.020          49.000  
R01  20239478.914   108191642.326        1548.162          48.000    20239477.341    84149177.809        1204.069          42.000  
G07  20391275.730   107156838.985       -2957.697          47.000    20391271.046    83498759.645       -2304.810          42.000  
E13  25666651.206   134879050.762       -2331.696          45.000    25666655.861   103348897.124       -1786.596          48.000  
E15  26782041.213   140740435.367       -3543.281          40.000    26782055.043   107840029.286       -2715.127          46.000  
G13  23809234.872   125118371.323        1355.508          42.000                                                                  
G20  20965715.470   110175561.088         865.846          46.000                                                                  
E07  26631681.185   139950446.776         931.243          43.000    26631687.460   107234762.112         713.330          46.000  
G11  22898420.944   120331929.071       -2590.811          43.000    22898423.243    93765182.894       -2018.911          45.000  
G14  21575761.812   113381511.696        2233.099          47.000    21575760.699    88349250.561        1739.992          44.000  
G05  23311882.213   122504767.983        2392.737          47.000    23311878.651    95458253.933        1864.292          40.000  
G22  23814578.526   125146524.648        2835.190          37.000                                                                  
E30  26165127.062   137498760.506        2180.160          41.000    26165135.344   105356281.093        1670.631          45.000  
> 2024 06 08 14 32 30.4990000  0 30                     
E08  23797380.066   125056078.915        -145.798          49.000    23797377.466    95822176.259        -111.505          48.000  
G09  21886088.444   115012190.044       -2260.132          45.000    21886087.693    89619879.375       -1761.148          42.000  
E03  24754625.158   130086426.496       -1722.146          45.000    24754627.747    99676643.250       -1319.574          48.000  
E26  27197073.988   142921553.418        -104.452          40.000    27197078.916   109511356.332         -79.946          45.000  
G30  19956498.663   104872101.973        -868.389          49.000    19956496.501    81718500.923        -676.747          45.000  
R24  23733954.862   126915889.194       -3460.682          42.000    23733962.949    98712328.621       -2691.887          42.000  
R12  21379221.139   114203975.401        3123.520          47.000    21379222.793    88825578.678        2429.405          48.000  
R17  23859836.465   127678792.245       -1499.580          45.000    23859837.047    99305733.808       -1166.400          43.000  
R11  18849626.567   100726767.680        -766.064          50.000    18849621.987    78343063.630        -595.621          50.000  
R07  23437965.882   125465162.540       -3555.890          45.000    23437967.043    97584047.729       -2765.564          43.000  
E25  25658910.805   134838515.279       -2064.893          42.000    25658915.072   103317850.391       -1582.097          46.000  
G06  23632806.136   124191062.690       -3844.501          43.000    23632816.144    96772243.114       -2995.673          44.000  
S31  38370562.656   201638661.302        -767.662          45.000  
S33  39358530.722   206830443.857        -767.705          40.000  
E02  23921042.398   125706005.471         498.304          47.000    23921043.661    96320224.557         381.876          50.000  
R02  23799939.032   127001043.658        2451.397          41.000    23799942.156    98778581.076        1906.571          42.000  
R10  21609861.992   115192700.799       -4343.935          45.000                                                                  
R08  20128632.110   107787905.661       -1746.008          48.000    20128627.174    83835331.120       -1358.021          49.000  
R01  20230793.354   108145213.226        1546.691          48.000    20230791.125    84113066.297        1203.001          42.000  
G07  20408175.791   107245650.100       -2963.452          47.000    20408171.161    83567963.045       -2309.070          42.000  
E13  25679977.484   134949078.632       -2337.201          46.000    25679981.777   103402554.731       -1790.896          47.000  
E15  26802253.692   140846652.026       -3538.082          39.000    26802267.529   107921415.528       -2710.814          45.000  
G13  23801480.503   125077620.971        1360.713          42.000                                                                  
G20  20960805.943   110149762.252         853.744          46.000                                                                  
E07  26626348.061   139922419.766         936.811          42.000    26626353.702   107213286.925         717.890          45.000  
G11  22913231.898   120409755.979       -2597.823          44.000    22913232.999    93825827.050       -2024.074          45.000  
G14  21563026.968   113314592.209        2227.771          46.000    21563026.611    88297105.640        1735.920          45.000  
G05  23298227.772   122433015.977        2390.448          46.000    23298225.264    95402343.382        1862.776          41.000  
G22  23798380.522   125061399.965        2839.750          39.000                                                                  
E30  26152671.489   137433310.369        2182.410          40.000    26152680.422   105306131.249        1672.317          44.000  
> 2024 06 08 14 33 00.4990000  0 30                     
E08  23798203.229   125060407.774        -142.859          49.000    23798201.638    95825493.199        -109.452          48.000  
G09  21898994.579   115080012.280       -2261.184          44.000    21898993.702    89672727.780       -1762.021          42.000  
E03  24764451.799   130138064.185       -1720.441          45.000    24764454.041    99716209.746       -1318.333          48.000  
E26  27197695.906   142924817.555        -113.405          40.000    27197700.441   109513857.402         -86.871          46.000  
G30  19961483.627   104898299.172        -877.935          49.000    19961482.088    81738914.314        -684.106          45.000  
R24  23753378.170   127019749.398       -3463.163          42.000    23753385.842    98793108.189       -2693.379          43.000  
R12  21361700.081   114110384.497        3115.815          47.000    21361702.863    88752786.008        2423.333          48.000  
R17  23868290.540   127724021.870       -1515.656          48.000    23868288.915    99340912.266       -1178.659          43.000  
R11  18853989.814   100750080.147        -788.237          51.000    18853984.706    78361195.556        -613.182          50.000  
R07  23457906.219   125571902.801       -3560.040          45.000    23457907.267    97667067.564       -2768.970          43.000  
E25  25670721.421   134900581.328       -2072.973          41.000    25670726.124   103365407.488       -1588.394          47.000  
G06  23654741.045   124306329.482       -3839.874          42.000    23654751.244    96862060.827       -2992.102          44.000  
S31  38374933.004   201661627.649        -763.413          46.000  
S33  39362901.669   206853413.441        -763.780          41.000  
E02  23918221.282   125691178.430         490.084          47.000    23918222.132    96308863.637         375.479          50.000  
R02  23786133.563   126927368.229        2460.468          43.000    23786136.379    98721277.916        1913.735          43.000  
R10  21634330.697   115323131.629       -4351.322          45.000                                                                  
R08  20138439.706   107840425.883       -1755.348          48.000    20138434.328    83876180.149       -1365.272          49.000  
R01  20222117.096   108098834.787        1545.123          48.000    20222114.909    84076994.198        1201.739          42.000  
G07  20425109.692   107334638.348       -2969.189          47.000    20425104.756    83637304.493       -2313.550          41.000  
E13  25693337.956   135019284.654       -2343.115          46.000    25693341.585   103456348.850       -1795.511          47.000  
E15  26822436.021   140952707.614       -3532.657          39.000    26822449.392   108002678.349       -2706.767          45.000  
G13  23793697.443   125036721.934        1365.672          41.000                                                                  
G20  20955967.060   110124333.365         841.425          46.000                                                                  
E07  26620983.570   139894229.289         942.354          42.000    26620989.263   107191686.500         722.012          45.000  
G11  22928082.366   120487795.945       -2604.897          44.000    22928083.632    93886637.239       -2029.761          44.000  
G14  21550323.596   113247838.308        2222.329          46.000    21550323.175    88245089.734        1731.568          44.000  
G05  23284588.529   122361342.252        2387.910          46.000    23284586.483    95346493.828        1860.607          41.000  
G22  23782157.040   124976142.138        2844.320          39.000                                                                  
E30  26140204.715   137367799.365        2184.874          41.000    26140213.933   105255934.786        1674.102          44.000  
> 2024 06 08 14 33 30.4990000  0 30                     
E08  23799011.002   125064655.744        -140.137          48.000    23799011.015    95828748.137        -107.499          50.000  
G09  21911908.694   115147875.725       -2262.922          44.000    21911908.051    89725608.283       -1763.252          42.000  
E03  24774269.064   130189656.568       -1719.064          44.000    24774271.643    99755741.520       -1317.155          48.000  
E26  27198370.107   142928362.042        -122.814          40.000    27198374.994   109516573.310         -94.269          46.000  
G30  19966523.904   104924786.062        -887.782          48.000    19966522.404    81759553.419        -691.861          46.000  
R24  23772815.561   127123682.297       -3465.670          45.000    23772821.838    98873944.365       -2695.422          42.000  
R12  21344222.044   114017030.468        3107.658          45.000    21344226.424    88680177.570        2417.046          48.000  
R17  23876833.349   127769734.070       -1531.971          47.000    23876832.048    99376466.154       -1191.497          43.000  
R11  18858477.625   100774064.943        -810.760          50.000    18858473.252    78379850.352        -630.696          50.000  
R07  23477869.954   125678771.742       -3564.600          45.000    23477872.463    97750187.484       -2772.418          43.000  
E25  25682579.784   134962898.716       -2081.493          41.000    25682584.707   103413157.159       -1594.906          47.000  
G06  23676652.016   124421465.614       -3835.614          44.000    23676661.430    96951776.736       -2988.843          44.000  
S31  38379280.686   201684473.493        -759.652          46.000  
S33  39367249.697   206876262.401        -759.262          41.000  
E02  23915447.652   125676605.499         481.475          47.000    23915448.847    96297697.427         368.943          50.000  
R02  23772277.755   126853423.400        2469.199          44.000    23772279.404    98663765.191        1920.517          42.000  
R10  21658841.126   115453788.535       -4359.053          44.000                                                                  
R08  20148301.164   107893230.842       -1765.029          49.000    20148295.189    83917250.618       -1372.750          49.000  
R01  20213452.150   108052514.461        1542.882          48.000    20213449.068    84040967.284        1200.060          41.000  
G07  20442078.056   107423805.697       -2975.232          48.000    20442073.141    83706785.504       -2318.299          42.000  
E13  25706731.551   135089671.290       -2349.172          45.000    25706735.346   103510281.355       -1799.971          47.000  
E15  26842587.886   141058604.282       -3527.037          40.000    26842601.867   108083819.418       -2702.661          46.000  
G13  23785886.749   124995678.363        1370.395          42.000                                                                  
G20  20951200.360   110099280.415         828.821          47.000                                                                  
E07  26615587.909   139865879.570         947.708          42.000    26615594.568   107169964.052         726.051          45.000  
G11  22942974.119   120566050.516       -2611.951          45.000    22942975.119    93947614.649       -2035.402          44.000  
G14  21537653.132   113181257.316        2216.462          46.000    21537652.283    88193208.555        1726.941          44.000  
G05  23270965.415   122289753.248        2384.771          47.000    23270963.468    95290710.248        1858.368          42.000  
G22  23765908.523   124890757.960        2848.171          39.000                                                                  
E30  26127727.918   137302233.834        2186.256          41.000    26127736.889   105205696.531        1675.145          44.000  
> 2024 06 08 14 34 00.4990000  0 30                     
E08  23799803.711   125068824.068        -137.601          47.000    23799805.006    95831942.012        -105.401          50.000  
G09  21924830.845   115215781.642       -2264.178          45.000    21924830.390    89778521.918       -1764.273          42.000  
E03  24784078.316   130241204.952       -1717.538          44.000    24784081.156    99795239.589       -1316.052          47.000  
E26  27199098.254   142932187.948        -132.256          41.000    27199102.996   109519504.851        -101.260          45.000  
G30  19971618.711   104951562.084        -897.410          48.000    19971618.118    81780417.800        -699.195          46.000  
R24  23792265.810   127227683.983       -3467.911          44.000    23792271.752    98954833.992       -2697.294          44.000  
R12  21326791.881   113923917.606        3099.684          47.000    21326795.670    88607756.690        2410.882          49.000  
R17  23885464.770   127815927.722       -1547.971          46.000    23885464.477    99412394.471       -1203.898          43.000  
R11  18863090.736   100798721.796        -833.147          49.000    18863087.489    78399027.871        -647.925          50.000  
R07  23497857.691   125785769.369       -3568.640          46.000    23497861.436    97833407.509       -2775.757          43.000  
E25  25694486.697   135025467.174       -2089.749          42.000    25694491.244   103461099.213       -1601.288          47.000  
G06  23698536.174   124536468.851       -3831.349          42.000    23698546.100    97041389.071       -2985.417          44.000  
S31  38383605.313   201707200.642        -755.540          46.000  
S33  39371575.018   206898992.920        -755.894          41.000  
E02  23912723.039   125662288.567         472.969          47.000    23912724.469    96286727.355         362.440          50.000  
R02  23758370.144   126779211.168        2478.174          43.000    23758372.401    98606044.434        1927.399          42.000  
R10  21683393.592   115584668.372       -4366.201          42.000                                                                  
R08  20158216.114   107946322.335       -1774.557          50.000    20158209.359    83958543.941       -1380.128          48.000  
R01  20204798.456   108006255.372        1540.930          48.000    20204795.159    84004988.007        1198.374          41.000  
G07  20459079.643   107513150.403       -2981.122          48.000    20459075.265    83776404.723       -2322.784          43.000  
E13  25720159.293   135160237.580       -2355.209          45.000    25720163.172   103564351.522       -1804.576          45.000  
E15  26862709.181   141164340.953       -3521.725          40.000    26862722.962   108164837.835       -2698.506          45.000  
G13  23778049.389   124954490.803        1375.342          43.000                                                                  
G20  20946505.177   110074606.427         816.057          47.000                                                                  
E07  26610162.961   139837371.256         952.994          42.000    26610169.909   107148120.094         730.123          45.000  
G11  22957905.969   120644517.714       -2618.937          44.000    22957906.503    94008757.722       -2040.648          44.000  
G14  21525017.025   113114853.083        2210.425          47.000    21525015.947    88141465.097        1722.413          43.000  
G05  23257359.539   122218251.861        2381.792          46.000    23257357.721    95234994.937        1856.030          42.000  
G22  23749636.656   124805251.017        2852.211          39.000                                                                  
E30  26115241.393   137236616.359        2188.177          42.000    26115250.016   105155418.459        1676.510          44.000  
> 2024 06 08 14 34 30.4990000  0 30                     
E08  23800583.881   125072922.394        -135.973          47.000    23800585.249    95835082.250        -104.182          51.000  
G09  21937762.688   115283739.770       -2266.830          45.000    21937762.504    89831476.246       -1766.137          42.000  
E03  24793881.100   130292719.176       -1716.970          44.000    24793883.888    99834711.457       -1315.656          48.000  
E26  27199881.789   142936304.709        -142.458          41.000    27199886.018   109522659.253        -109.100          45.000  
G30  19976770.758   104978635.188        -907.727          47.000    19976770.176    81801513.668        -707.374          46.000  
R24  23811728.311   127331759.976       -3470.916          43.000    23811735.605    99035781.361       -2699.626          44.000  
R12  21309408.666   113831058.741        3090.412          47.000    21309412.433    88535533.373        2403.700          50.000  
R17  23894188.969   127862610.111       -1564.577          46.000    23894187.559    99448702.974       -1216.989          43.000  
R11  18867832.082   100824059.045        -856.301          49.000    18867828.988    78418734.617        -666.156          50.000  
R07  23517872.381   125892904.950       -3573.889          47.000    23517875.593    97916734.820       -2779.853          43.000  
E25  25706442.326   135088294.855       -2099.090          42.000    25706446.971   103509239.861       -1608.308          48.000  
G06  23720397.604   124651345.343       -3827.396          42.000    23720407.302    97130902.641       -2982.629          44.000  
S31  38387909.094   201729816.646        -752.510          46.000  
S33  39375879.189   206921611.730        -752.477          41.000  
E02  23910049.337   125648237.968         463.484          47.000    23910050.806    96275961.329         355.092          50.000  
R02  23744413.427   126704741.877        2486.385          43.000    23744417.335    98548123.745        1933.518          41.000  
R10  21707988.896   115715776.345       -4374.719          41.000                                                                  
R08  20168185.700   107999711.128       -1785.127          50.000    20168179.294    84000068.473       -1388.306          48.000  
R01  20196158.130   107960069.885        1537.818          47.000    20196154.723    83969065.987        1196.197          41.000  
G07  20476116.414   107602679.558       -2987.793          47.000    20476112.422    83846167.659       -2328.174          43.000  
E13  25733622.804   135230990.861       -2361.955          44.000    25733627.131   103618564.978       -1809.730          45.000  
E15  26882801.928   141269924.717       -3517.403          41.000    26882815.485   108245739.161       -2695.008          45.000  
G13  23770185.481   124913168.069        1379.171          43.000                                                                  
G20  20941884.269   110050322.373         802.558          47.000                                                                  
E07  26604710.104   139808713.526         957.228          42.000    26604716.385   107126161.599         733.534          46.000  
G11  22972879.814   120723203.915       -2626.903          44.000    22972879.870    94070071.449       -2047.043          44.000  
G14  21512417.186   113048637.814        2203.600          47.000    21512415.591    88089868.908        1716.942          43.000  
G05  23243772.195   122146850.243        2378.115          45.000    23243770.558    95179357.358        1853.114          42.000  
G22  23733343.659   124719633.095        2855.569          39.000                                                                  
E30  26102746.834   137170958.058        2188.841          42.000    26102755.380   105105109.086        1677.226          44.000  
> 2024 06 08 14 35 00.4990000  0 30                     
E08  23801358.955   125076988.904        -135.526          49.000    23801358.975    95838198.112        -103.723          51.000  
G09  21950712.096   115351788.478       -2270.320          45.000    21950712.332    89884501.122       -1768.942          42.000  
E03  24803684.693   130344237.633       -1717.667          44.000    24803687.504    99874186.553       -1316.159          47.000  
E26  27200728.204   142940750.329        -153.822          42.000    27200731.749   109526065.618        -118.008          45.000  
G30  19981986.094   105006041.875        -919.274          48.000    19981985.135    81822869.485        -716.495          46.000  
R24  23831210.827   127435944.212       -3474.874          43.000    23831218.617    99116812.883       -2702.638          42.000  
R12  21292080.113   113738495.884        3079.970          47.000    21292084.313    88463540.278        2395.600          50.000  
R17  23903010.484   127909817.320       -1582.508          45.000    23903008.983    99485419.603       -1231.058          42.000  
R11  18872708.527   100850114.726        -880.836          50.000    18872704.996    78439000.137        -685.107          50.000  
R07  23537920.333   126000216.048       -3580.249          48.000    23537921.809    98000198.615       -2784.479          42.000  
E25  25718454.724   135151418.508       -2109.371          42.000    25718458.947   103557607.304       -1616.205          48.000  
G06  23742240.390   124766129.892       -3824.887          41.000    23742250.117    97220344.559       -2980.290          42.000  
S31  38392199.100   201752360.667        -750.628          46.000  
S33  39380170.104   206944159.056        -750.707          41.000  
E02  23907433.173   125634492.589         452.790          46.000    23907435.259    96265429.159         346.917          50.000  
R02  23730417.633   126630054.884        2492.644          44.000    23730420.384    98490033.769        1938.676          41.000  
R10  21732633.653   115847146.824       -4383.541          41.000                                                                  
R08  20178218.266   108053436.678       -1796.907          49.000    20178212.160    84041854.940       -1397.603          48.000  
R01  20187538.226   107913999.251        1533.503          47.000    20187536.221    83933233.318        1192.570          42.000  
G07  20493195.085   107692427.917       -2995.520          47.000    20493191.020    83916101.354       -2334.088          43.000  
E13  25747129.127   135301967.143       -2369.969          44.000    25747133.695   103672949.293       -1815.793          45.000  
E15  26902871.158   141375391.380       -3513.861          40.000    26902885.993   108326550.703       -2692.349          46.000  
G13  23762303.610   124871748.340        1381.963          43.000                                                                  
G20  20937345.057   110026468.013         787.540          47.000                                                                  
E07  26599236.342   139779943.974         960.497          42.000    26599241.898   107104117.450         735.882          45.000  
G11  22987902.088   120802144.057       -2635.972          45.000    22987902.377    94131583.073       -2053.900          44.000  
G14  21499860.182   112982652.333        2195.112          47.000    21499858.330    88038451.738        1710.814          43.000  
G05  23230210.998   122075588.953        2372.606          45.000    23230209.918    95123829.119        1848.667          42.000  
G22  23717037.175   124633944.745        2857.014          39.000                                                                  
E30  26090251.565   137105298.602        2188.410          41.000    26090260.425   105054798.840        1676.805          44.000  
> 2024 06 08 14 35 30.4990000  0 30                     
E08  23802133.478   125081054.678        -135.882          50.000    23802132.183    95841313.441        -104.096          51.000  
G09  21963685.816   115419958.804       -2274.753          46.000    21963684.836    89937620.761       -1772.508          42.000  
E03  24813495.762   130395791.560       -1719.544          45.000    24813497.771    99913688.840       -1317.422          47.000  
E26  27201642.833   142945555.655        -166.374          42.000    27201646.065   109529747.567        -127.668          44.000  
G30  19987270.863   105033811.438        -932.103          47.000    19987268.894    81844508.044        -726.359          46.000  
R24  23850720.259   127540263.719       -3479.687          44.000    23850726.866    99197949.660       -2706.461          41.000  
R12  21274814.044   113646263.425        3068.544          47.000    21274817.664    88391804.150        2386.492          50.000  
R17  23911935.432   127957578.547       -1601.522          46.000    23911934.263    99522567.115       -1245.720          42.000  
R11  18877725.335   100876918.407        -906.282          50.000    18877720.756    78459847.444        -705.092          50.000  
R07  23558005.892   126107733.739       -3587.793          48.000    23558006.595    98083823.111       -2790.405          41.000  
E25  25730528.429   135214867.683       -2120.829          42.000    25730532.811   103606224.196       -1625.076          48.000  
G06  23764071.356   124880850.064       -3823.231          43.000    23764081.065    97309736.304       -2979.138          42.000  
S31  38396481.008   201774862.570        -749.671          46.000  
S33  39384452.579   206966664.367        -750.071          41.000  
E02  23904880.978   125621084.141         440.897          46.000    23904883.902    96255155.138         337.874          51.000  
R02  23716388.879   126555182.193        2498.344          45.000    23716389.828    98431799.378        1943.174          42.000  
R10  21757332.874   115978806.843       -4393.751          42.000                                                                  
R08  20188319.982   108107531.392       -1809.669          48.000    20188314.362    84083928.528       -1407.489          49.000  
R01  20178947.612   107868077.082        1527.886          47.000    20178945.685    83897516.085        1188.198          42.000  
G07  20510320.714   107782423.879       -3004.309          46.000    20510316.145    83986227.998       -2341.168          42.000  
E13  25760683.045   135373195.188       -2378.942          44.000    25760688.652   103727526.515       -1822.729          46.000  
E15  26922925.264   141480769.479       -3511.510          41.000    26922939.068   108407294.396       -2690.551          45.000  
G13  23754408.061   124830261.701        1383.477          42.000                                                                  
G20  20932893.412   110003075.535         771.660          47.000                                                                  
E07  26593746.361   139751093.092         962.836          42.000    26593751.254   107082011.001         737.523          46.000  
G11  23002977.953   120881365.945       -2645.947          44.000    23002977.771    94193314.233       -2061.939          44.000  
G14  21487354.144   112916930.199        2186.010          47.000    21487351.441    87987239.800        1703.422          43.000  
G05  23216682.819   122004501.859        2366.284          44.000    23216682.622    95068436.615        1843.779          42.000  
G22  23700723.549   124548219.275        2857.480          39.000                                                                  
E30  26077762.295   137039670.469        2186.661          40.000    26077771.523   105004512.598        1675.481          44.000  
> 2024 06 08 14 36 00.4990000  0 30                     
E08  23802913.239   125085149.504        -137.332          50.000    23802910.403    95844451.049        -105.258          49.000  
G09  21976686.989   115488280.676       -2280.396          46.000    21976686.124    89990858.489       -1776.918          42.000  
E03  24823318.788   130447410.883       -1722.094          45.000    24823320.674    99953241.278       -1319.616          46.000  
E26  27202631.485   142950750.274        -180.008          43.000    27202634.609   109533727.812        -137.909          44.000  
G30  19992630.245   105061971.876        -945.673          49.000    19992627.496    81866451.208        -736.689          45.000  
R24  23870258.425   127644744.080       -3485.775          44.000    23870266.615    99279211.558       -2711.158          43.000  
R12  21257615.314   113554394.664        3055.807          46.000    21257619.485    88320350.922        2376.685          50.000  
R17  23920970.657   128005921.571       -1621.503          47.000    23920969.124    99560167.137       -1260.997          42.000  
R11  18882886.317   100904499.221        -932.699          50.000    18882882.493    78481299.177        -725.568          50.000  
R07  23578135.742   126215487.425       -3596.240          48.000    23578135.695    98167631.148       -2797.010          40.000  
E25  25742670.330   135278670.640       -2133.078          43.000    25742673.979   103655112.162       -1634.289          48.000  
G06  23785893.937   124995532.163       -3822.490          41.000    23785905.520    97399098.361       -2978.406          42.000  
S31  38400760.489   201797351.923        -749.924          46.000  
S33  39388732.860   206989156.829        -749.865          41.000  
E02  23902399.790   125608043.038         428.298          46.000    23902402.446    96245162.592         328.191          51.000  
R02  23702328.435   126480154.939        2503.199          43.000    23702329.708    98373444.813        1946.962          43.000  
R10  21782091.125   116110781.927       -4404.693          43.000                                                                  
R08  20198496.511   108162026.255       -1823.679          48.000    20198490.947    84126313.377       -1418.410          49.000  
R01  20170391.277   107822336.162        1521.176          47.000    20170389.446    83861939.798        1183.214          43.000  
G07  20527498.937   107872694.543       -3013.977          47.000    20527494.067    84056568.707       -2348.639          42.000  
E13  25774289.964   135444702.525       -2388.480          43.000    25774296.414   103782317.739       -1830.292          46.000  
E15  26942966.018   141586086.374       -3509.880          39.000    26942980.667   108487991.214       -2689.369          45.000  
G13  23746505.629   124788737.106        1384.480          41.000                                                                  
G20  20928535.283   109980176.002         754.642          46.000                                                                  
E07  26588246.508   139722190.179         963.890          42.000    26588250.979   107059864.692         738.567          45.000  
G11  23018111.590   120960896.022       -2656.429          44.000    23018112.249    94255285.564       -2070.060          44.000  
G14  21474904.266   112851503.794        2175.360          47.000    21474901.734    87936258.296        1695.153          43.000  
G05  23203194.774   121933620.356        2358.755          45.000    23203194.251    95013204.322        1837.937          41.000  
G22  23684409.681   124462488.635        2857.253          40.000                                                                  
E30  26065285.843   136974104.891        2184.152          41.000    26065294.575   104954274.284        1673.472          44.000  
> 2024 06 08 14 36 30.4990000  0 30                     
E08  23803704.025   125089310.832        -140.105          51.000    23803701.318    95847639.620        -107.409          48.000  
G09  21989723.866   115556791.598       -2287.275          48.000    21989723.290    90044243.542       -1782.539          41.000  
E03  24833160.714   130499133.195       -1726.184          46.000    24833163.063    99992872.611       -1322.669          46.000  
E26  27203701.027   142956371.354        -194.896          44.000    27203704.221   109538034.811        -149.196          43.000  
G30  19998070.253   105090558.816        -960.361          51.000    19998067.847    81888726.755        -748.404          45.000  
R24  23889833.913   127749677.3601      -3492.780          46.000    23889842.016    99360624.324       -2716.682          42.000  
R12  21240493.662   113462930.802        3041.539          48.000    21240496.762    88249212.605        2365.747          49.000  
R17  23930120.550   128054882.029       -1642.511          49.000    23930118.635    99598247.392       -1277.652          42.000  
R11  18888199.817   100932893.921        -960.446          51.000    18888196.210    78503383.936        -746.988          50.000  
R07  23598316.182   126323513.883       -3605.774          50.000    23598315.356    98251651.299       -2804.492          39.000  
E25  25754885.879   135342863.181       -2146.473          45.000    25754889.406   103704298.613       -1644.731          48.000  
G06  23807718.221   125110210.129       -3823.073          44.000    23807727.534    97488457.251       -2978.997          40.000  
S31  38405044.619   201819866.219        -751.170          47.000  
S33  39393018.114   207011674.104        -751.589          42.000  
E02  23899996.084   125595407.348         414.176          48.000    23899997.899    96235480.672         317.281          51.000  
R02  23688243.548   126405006.0761       2506.396          42.000    23688247.464    98315000.352        1949.578          41.000  
R10  21806915.309   116243105.784       -4417.029          46.000                                                                  
R08  20208755.416   108216960.127       -1838.876          50.000    20208749.962    84169039.655       -1430.141          49.000  
R01  20161876.906   107776816.643        1513.207          50.000    20161875.243    83826535.699        1176.996          43.000  
G07  20544736.066   107963274.333       -3024.738          49.000    20544731.351    84127150.296       -2357.031          42.000  
E13  25787957.011   135516524.286       -2399.489          44.000    25787963.714   103837349.858       -1838.804          47.000  
E15  26963002.966   141691377.032       -3509.590          40.000    26963017.420   108568667.879       -2689.116          44.000  
G13  23738602.927   124747211.587        1383.732          42.000                                                                  
G20  20924278.640   109957808.184         736.414          48.000                                                                  
E07  26582744.192   139693272.019         963.988          44.000    26582747.774   107037706.687         738.610          45.000  
G11  23033309.664   121040768.429       -2668.485          44.000    23033311.814    94317523.613       -2079.312          44.000  
G14  21462517.978   112786413.048        2163.686          48.000    21462515.615    87885538.337        1686.191          43.000  
G05  23189753.554   121862983.874        2350.189          47.000    23189751.984    94958162.948        1831.052          41.000  
G22  23668100.628   124376792.406        2855.457          40.000                                                                  
E30  26052829.303   136908640.737        2180.077          43.000    26052837.250   104904113.677        1670.426          44.000  
> 2024 06 08 14 37 00.4990000  0 30                     
E08  23804512.444   125093568.205        -143.755          47.000    23804511.232    95850901.781        -110.144          47.000  
G09  22002802.874   115625521.155       -2294.908          46.000    22002802.086    90097798.926       -1788.230          42.000  
E03  24843029.098   130550988.140       -1731.018          46.000    24843030.666   100032605.579       -1326.390          46.000  
E26  27204857.690   142962448.081        -210.547          43.000    27204860.597   109542690.951        -161.154          43.000  
G30  20003596.334   105119600.018        -976.030          49.000    20003594.308    81911356.268        -760.450          45.000  
R24  23909450.342   127854571.273       -3500.393          44.000    23909457.704    99442207.992       -2722.541          42.000  
R12  21223454.132   113371904.479        3026.426          48.000    21223455.938    88178414.584        2353.907          49.000  
R17  23939389.463   128104486.601       -1664.664          46.000    23939387.604    99636828.648       -1294.776          41.000  
R11  18893670.429   100962130.533        -988.943          48.000    18893667.390    78526123.534        -769.252          50.000  
R07  23618552.400   126431842.376       -3616.278          47.000    23618553.515    98335906.403       -2812.939          40.000  
E25  25767180.582   135407473.318       -2161.133          44.000    25767184.445   103753805.037       -1655.824          48.000  
G06  23829545.087   125224910.064       -3823.915          41.000    23829555.696    97577833.241       -2979.633          42.000  
S31  38409339.036   201842432.407        -753.595          45.000  
S33  39397313.167   207034245.140        -753.373          40.000  
E02  23897674.660   125583207.183         398.975          47.000    23897676.088    96226132.458         305.784          50.000  
R02  23674146.557   126329777.724        2508.594          44.000    23674148.224    98256489.284        1951.318          41.000  
R10  21831809.526   116375803.907       -4430.071          44.000                                                                  
R08  20219101.598   108272363.729       -1854.969          49.000    20219096.202    84212131.282       -1442.818          49.000  
R01  20153409.143   107731551.030        1504.204          48.000    20153407.889    83791329.079        1169.889          44.000  
G07  20562036.190   108054189.979       -3036.511          47.000    20562032.408    84197993.605       -2366.162          43.000  
E13  25801691.395   135588687.694       -2411.536          45.000    25801695.915   103892643.734       -1847.732          47.000  
E15  26983039.603   141796668.460       -3510.031          39.000    26983054.389   108649345.139       -2689.400          44.000  
G13  23730706.236   124705713.869        1382.063          40.000                                                                  
G20  20920128.916   109936002.983         716.955          46.000                                                                  
E07  26577244.419   139664367.659         962.921          44.000    26577247.738   107015559.235         737.800          45.000  
G11  23048579.168   121121009.397       -2681.335          43.000    23048581.722    94380048.849       -2089.231          44.000  
G14  21450200.755   112721690.015        2150.962          46.000    21450198.936    87835104.914        1676.019          43.000  
G05  23176365.386   121792624.022        2340.367          46.000    23176362.714    94903337.110        1823.686          41.000  
G22  23651805.438   124291162.514        2852.991          40.000                                                                  
E30  26040396.916   136843308.995        2175.251          42.000    26040404.869   104854054.528        1666.730          44.000  
> 2024 06 08 14 37 30.4990000  0 30                     
E08  23805343.245   125097937.348        -147.439          47.000    23805343.444    95854249.563        -112.941          48.000  
G09  22015926.026   115694485.087       -2302.654          46.000    22015925.497    90151536.965       -1794.273          41.000  
E03  24852924.971   130602991.514       -1735.772          46.000    24852926.753   100072452.271       -1329.917          46.000  
E26  27206102.858   142968995.892        -225.940          42.000    27206106.496   109547708.044        -172.951          43.000  
G30  20009211.596   105149109.336        -991.343          48.000    20009208.884    81934350.559        -772.451          44.000  
R24  23929109.294   127959695.876       -3507.868          43.000    23929117.734    99523971.000       -2728.480          43.000  
R12  21206499.748   113281334.892        3011.303          48.000    21206500.628    88107971.780        2342.249          49.000  
R17  23948781.158   128154749.021       -1686.217          45.000    23948781.099    99675921.532       -1311.585          43.000  
R11  18899302.173   100992223.750       -1017.250          49.000    18899298.771    78549529.355        -791.115          50.000  
R07  23638848.193   126540487.868       -3626.697          47.000    23638850.479    98420407.980       -2820.478          41.000  
E25  25779558.146   135472515.219       -2175.295          44.000    25779561.492   103803642.298       -1666.675          48.000  
G06  23851378.683   125339644.269       -3825.178          43.000    23851389.332    97667235.878       -2980.309          42.000  
S31  38413646.338   201865068.379        -755.732          46.000  
S33  39401621.196   207056884.400        -755.712          41.000  
E02  23895438.465   125571458.764         384.162          46.000    23895440.230    96217130.390         294.411          50.000  
R02  23660038.256   126254480.676        2511.127          45.000    23660037.751    98197924.841        1953.027          42.000  
R10  21856775.724   116508887.661       -4442.456          44.000                                                                  
R08  20229539.443   108328253.643       -1871.022          50.000    20229532.894    84255601.140       -1455.152          49.000  
R01  20144992.736   107686557.653        1495.169          48.000    20144991.371    83756334.215        1163.073          45.000  
G07  20579403.341   108145454.073       -3047.791          47.000    20579399.212    84269108.417       -2375.000          42.000  
E13  25815492.753   135661206.053       -2423.036          46.000    25815495.876   103948209.610       -1856.577          47.000  
E15  27003079.668   141901973.973       -3510.367          39.000    27003093.817   108730033.174       -2689.705          44.000  
G13  23722818.617   124664258.882        1381.001          43.000                                                                  
G20  20916090.168   109914777.248         697.932          46.000                                                                  
E07  26571749.285   139635492.191         962.209          45.000    26571753.334   106993433.926         737.317          45.000  
G11  23063921.820   121201631.270       -2693.768          44.000    23063923.546    94442870.904       -2099.010          44.000  
G14  21437957.642   112657352.971        2138.238          47.000    21437955.857    87784972.239        1666.175          43.000  
G05  23163033.062   121722558.864        2330.540          46.000    23163029.471    94848740.912        1816.006          41.000  
G22  23635527.114   124205616.850        2850.153          41.000                                                                  
E30  26027992.351   136778126.718        2170.402          42.000    26028000.344   104804109.916        1662.846          43.000  
> 2024 06 08 14 38 00.4990000  0 30                     
E08  23806199.078   125102429.014        -152.013          47.000    23806199.512    95857691.213        -116.499          50.000  
G09  22029096.335   115763694.176       -2311.286          46.000    22029095.157    90205466.022       -1801.098          41.000  
E03  24862851.332   130655154.259       -1741.714          45.000    24862853.216   100112421.054       -1334.581          46.000  
E26  27207440.215   142976025.301        -242.662          41.000    27207444.100   109553094.178        -185.923          43.000  
G30  20014917.854   105179095.700       -1007.784          48.000    20014914.673    81957716.582        -785.256          44.000  
R24  23948813.738   128065057.427       -3516.238          43.000    23948822.723    99605918.295       -2734.956          45.000  
R12  21189632.747   113191235.892        2994.972          48.000    21189633.558    88037894.971        2329.582          49.000  
R17  23958299.731   128205677.471       -1709.015          47.000    23958298.774    99715532.453       -1329.180          43.000  
R11  18905096.709   101023182.589       -1046.613          50.000    18905092.543    78573608.447        -814.050          50.000  
R07  23659204.548   126649460.460       -3638.251          46.000    23659208.706    98505164.058       -2829.785          41.000  
E25  25792019.148   135537998.055       -2190.531          44.000    25792022.507   103853817.435       -1678.352          49.000  
G06  23873220.761   125454419.932       -3826.721          42.000    23873231.507    97756670.866       -2981.947          43.000  
S31  38417969.124   201887783.185        -758.847          45.000  
S33  39405944.663   207079602.804        -758.768          40.000  
E02  23893291.198   125560173.473         368.231          46.000    23893292.701    96208483.178         282.064          50.000  
R02  23645916.544   126179126.576        2512.390          44.000    23645917.499    98139316.054        1954.285          42.000  
R10  21881815.470   116642363.627       -4455.956          44.000                                                                  
R08  20240069.431   108384641.403       -1888.246          50.000    20240063.116    84299458.219       -1468.617          48.000  
R01  20136629.164   107641849.602        1485.161          48.000    20136627.993    83721561.264        1155.094          45.000  
G07  20596838.431   108237074.455       -3060.241          47.000    20596833.674    84340500.857       -2384.589          42.000  
E13  25829361.877   135734087.829       -2435.782          46.000    25829365.230   104004053.947       -1866.332          47.000  
E15  27023123.619   142007301.745       -3511.534          40.000    27023137.628   108810738.286       -2690.666          44.000  
G13  23714941.366   124622857.059        1378.747          44.000                                                                  
G20  20912163.631   109894143.182         677.538          46.000                                                                  
E07  26566261.512   139606655.882         960.290          44.000    26566266.061   106971338.627         735.674          46.000  
G11  23079338.313   121282641.464       -2707.157          45.000    23079339.566    94505995.551       -2109.496          43.000  
G14  21425790.486   112593415.153        2124.303          47.000    21425789.058    87735150.652        1655.145          44.000  
G05  23149758.538   121652801.397        2319.656          46.000    23149754.489    94794384.488        1807.264          41.000  
G22  23619267.105   124120168.547        2846.271          41.000                                                                  
E30  26015619.980   136713106.114        2164.509          42.000    26015626.883   104754289.147        1658.219          43.000  
> 2024 06 08 14 38 30.4990000  0 30                     
E08  23807082.494   125107063.653        -156.840          49.000    23807082.223    95861242.421        -120.217          51.000  
G09  22042316.617   115833168.964       -2320.238          45.000    22042315.921    90259602.152       -1808.121          42.000  
E03  24872811.617   130707496.944       -1747.667          45.000    24872813.975   100152527.735       -1339.226          46.000  
E26  27208873.920   142983556.388        -259.583          41.000    27208877.597   109558864.682        -198.661          43.000  
G30  20020717.761   105209577.697       -1024.270          48.000    20020716.432    81981468.811        -798.165          45.000  
R24  23968563.861   128170671.920       -3524.781          41.000    23968572.405    99688062.320       -2741.385          42.000  
R12  21172857.729   113101631.197        2978.600          47.000    21172859.408    87968202.635        2316.647          49.000  
R17  23967945.175   128257289.971       -1731.832          46.000    23967943.965    99755675.409       -1346.988          42.000  
R11  18911056.058   101055026.429       -1076.097          51.000    18911051.794    78598375.887        -836.993          50.000  
R07  23679626.854   126758779.584       -3649.878          46.000    23679631.479    98590189.590       -2838.874          43.000  
E25  25804568.151   135603940.646       -2205.794          44.000    25804570.964   103904344.851       -1690.117          48.000  
G06  23895073.165   125569254.144       -3828.758          43.000    23895085.083    97846151.402       -2983.290          44.000  
S31  38422310.477   201910596.703        -762.126          45.000  
S33  39410286.685   207102421.046        -762.057          40.000  
E02  23891235.934   125549372.281         352.038          46.000    23891237.349    96200206.897         269.748          49.000  
R02  23631786.201   126103736.644        2513.434          41.000    23631789.870    98080679.409        1954.974          43.000  
R10  21906931.653   116776247.841       -4469.466          43.000                                                                  
R08  20250696.075   108441548.573       -1905.531          49.000    20250690.682    84343719.276       -1482.204          48.000  
R01  20128323.696   107597450.116        1474.821          48.000    20128321.897    83687028.310        1146.834          44.000  
G07  20614344.696   108329068.749       -3072.760          47.000    20614339.114    84412184.659       -2394.196          41.000  
E13  25843303.364   135807351.106       -2448.295          45.000    25843307.143   104060190.605       -1876.133          47.000  
E15  27043174.623   142112669.820       -3513.130          40.000    27043189.613   108891474.277       -2691.705          44.000  
G13  23707076.155   124581527.904        1376.074          43.000                                                                  
G20  20908354.364   109874122.490         657.105          47.000                                                                  
E07  26560784.242   139577878.652         958.288          43.000    26560789.657   106949288.574         734.337          45.000  
G11  23094830.728   121364057.079       -2720.594          44.000    23094832.698    94569436.110       -2119.979          43.000  
G14  21413703.436   112529899.532        2110.053          47.000    21413702.411    87685658.003        1644.280          44.000  
G05  23136546.802   121583374.004        2308.659          45.000    23136543.152    94740285.237        1799.226          41.000  
G22  23603028.764   124034839.968        2842.371          41.000                                                                  
E30  26003281.962   136648269.070        2158.137          42.000    26003288.936   104704609.025        1653.679          43.000  
> 2024 06 08 14 39 00.4990000  0 30                     
E08  23807994.331   125111853.376        -162.333          49.000    23807993.803    95864912.471        -124.379          52.000  
G09  22055589.847   115902921.582       -2329.936          44.000    22055589.357    90313954.740       -1815.466          42.000  
E03  24882808.385   130760031.809       -1754.452          45.000    24882811.189   100192781.666       -1344.280          47.000  
E26  27210403.839   142991600.863        -276.904          40.000    27210408.841   109565028.566        -212.102          43.000  
G30  20026614.926   105240565.592       -1041.427          48.000    20026614.160    82005615.221        -811.459          47.000  
R24  23988363.429   128276546.942       -3533.591          44.000    23988372.242    99770409.061       -2748.271          45.000  
R12  21156179.485   113012535.957        2961.244          48.000    21156180.696    87898906.560        2303.179          50.000  
R17  23977718.767   128309595.814       -1755.141          45.000    23977718.382    99796357.637       -1365.085          43.000  
R11  18917182.157   101087765.767       -1106.335          50.000    18917178.197    78623839.815        -860.534          49.000  
R07  23700116.326   126868456.615       -3662.015          46.000    23700120.672    98675493.523       -2848.025          43.000  
E25  25817205.442   135670353.426       -2221.621          44.000    25817208.925   103955232.538       -1702.353          48.000  
G06  23916939.174   125684155.500       -3831.179          41.000    23916949.651    97935684.341       -2985.537          42.000  
S31  38426672.805   201933520.810        -766.280          45.000  
S33  39414649.998   207125349.582        -765.927          40.000  
E02  23889274.523   125539067.849         334.985          46.000    23889276.603    96192311.261         256.768          50.000  
R02  23617652.220   126028324.272        2514.062          41.000    23617658.870    98022025.333        1955.402          44.000  
R10  21932125.859   116910548.651       -4483.524          43.000                                                                  
R08  20261422.308   108498987.952       -1923.721          49.000    20261416.671    84388394.270       -1496.205          48.000  
R01  20120078.082   107553373.640        1463.838          47.000    20120076.284    83652746.549        1138.370          43.000  
G07  20631923.384   108421446.320       -3085.657          47.000    20631918.203    84484167.143       -2404.181          41.000  
E13  25857318.171   135881005.641       -2461.712          44.000    25857323.530   104116627.046       -1886.242          47.000  
E15  27063235.476   142218087.781       -3514.718          40.000    27063250.589   108972248.482       -2693.224          44.000  
G13  23699226.516   124540282.972        1373.444          42.000                                                                  
G20  20904663.666   109854728.323         635.908          47.000                                                                  
E07  26555320.549   139549171.971         955.686          42.000    26555326.602   106927292.620         732.302          45.000  
G11  23110402.173   121445886.839       -2734.534          44.000    23110403.685    94633199.351       -2130.811          42.000  
G14  21401700.407   112466820.657        2095.203          47.000    21401698.836    87636505.662        1632.555          43.000  
G05  23123400.421   121514291.595        2296.824          45.000    23123397.286    94686454.849        1789.707          41.000  
G22  23586816.306   123949645.882        2837.457          40.000                                                                  
E30  25990979.896   136583629.023        2151.362          41.000    25990988.615   104655079.881        1648.435          44.000  
> 2024 06 08 14 39 30.4990000  0 30                     
E08  23808938.003   125116813.560        -168.427          49.000    23808937.354    95868713.123        -129.023          51.000  
G09  22068918.944   115972967.423       -2340.036          44.000    22068918.801    90368535.798       -1823.342          42.000  
E03  24892844.989   130812774.350       -1761.670          45.000    24892847.859   100233194.727       -1349.796          47.000  
E26  27212034.203   143000173.725        -295.093          39.000    27212040.292   109571597.342        -225.776          44.000  
G30  20032611.634   105272072.864       -1059.136          49.000    20032609.806    82030166.348        -825.374          47.000  
R24  24008213.257   128382693.346       -3542.996          41.000    24008223.237    99852966.781       -2755.713          46.000  
R12  21139599.331   112923968.713        2943.113          48.000    21139600.779    87830021.141        2289.071          49.000  
R17  23987626.581   128362607.953       -1778.932          47.000    23987625.147    99837589.236       -1383.569          43.000  
R11  18923478.659   101121414.543       -1137.055          49.000    18923475.235    78650011.091        -884.374          50.000  
R07  23720674.989   126978506.199       -3674.842          46.000    23720678.811    98761087.206       -2858.064          42.000  
E25  25829935.245   135737250.155       -2238.062          43.000    25829938.987   104006491.027       -1714.981          48.000  
G06  23938818.571   125799136.051       -3834.309          40.000    23938830.540    98025278.926       -2987.806          42.000  
S31  38431059.015   201956570.483        -770.639          45.000  
S33  39419036.858   207148403.929        -770.752          40.000  
E02  23887411.254   125529276.007         317.677          46.000    23887413.484    96184808.410         243.395          50.000  
R02  23603521.144   125952905.525        2513.715          44.000    23603525.032    97963366.313        1955.115          44.000  
R10  21957400.656   117045276.506       -4498.054          44.000                                                                  
R08  20272251.533   108556975.779       -1942.258          48.000    20272245.414    84433495.837       -1510.759          48.000  
R01  20111896.180   107509638.615        1451.871          46.000    20111894.128    83618730.381        1129.283          43.000  
G07  20649577.874   108514219.536       -3099.316          47.000    20649572.738    84556457.900       -2415.179          41.000  
E13  25871410.461   135955064.466       -2475.572          43.000    25871416.385   104173373.256       -1896.825          47.000  
E15  27083308.189   142323568.600       -3517.259          40.000    27083323.450   109053070.826       -2694.866          45.000  
G13  23691396.165   124499137.316        1369.432          42.000                                                                  
G20  20901095.957   109835977.483         614.014          47.000                                                                  
E07  26549874.872   139520550.720         952.527          42.000    26549880.066   106905362.109         729.677          45.000  
G11  23126055.470   121528142.743       -2749.142          44.000    23126055.882    94697294.672       -2142.141          41.000  
G14  21389783.597   112404196.404        2079.592          47.000    21389781.640    87587707.553        1620.559          43.000  
G05  23110323.077   121445571.314        2284.267          45.000    23110320.190    94632906.597        1780.198          41.000  
G22  23570633.376   123864603.666        2831.915          41.000                                                                  
E30  25978720.207   136519202.784        2143.925          41.000    25978728.948   104605714.548        1642.770          45.000  
> 2024 06 08 14 40 00.4990000  0 30                     
E08  23809915.751   125121957.940        -174.978          48.000    23809915.611    95872654.908        -133.984          51.000  
G09  22082306.855   116043320.189       -2350.713          44.000    22082306.663    90423356.043       -1831.519          42.000  
E03  24902923.733   130865738.360       -1769.452          45.000    24902926.615   100273777.478       -1355.784          48.000  
E26  27213769.828   143009288.304        -313.009          40.000    27213774.535   109578581.216        -239.929          44.000  
G30  20038708.468   105304111.287       -1077.203          50.000    20038706.047    82055131.370        -839.334          47.000  
R24  24028115.034   128489120.295       -3552.620          39.000    24028125.785    99935742.764       -2763.026          43.000  
R12  21123121.241   112835946.267        2924.474          49.000    21123122.426    87761559.439        2274.513          49.000  
R17  23997667.069   128416337.097       -1803.234          47.000    23997667.522    99879378.470       -1402.654          44.000  
R11  18929948.036   101155984.495       -1168.094          49.000    18929944.561    78676898.843        -908.570          49.000  
R07  23741305.810   127088940.998       -3687.784          46.000    23741308.887    98846980.512       -2868.269          42.000  
E25  25842759.065   135804642.882       -2255.123          43.000    25842763.326   104058129.546       -1727.874          48.000  
G06  23960717.154   125914205.875       -3837.406          41.000    23960728.401    98114943.088       -2990.023          42.000  
S31  38435471.561   201979759.049        -775.734          45.000  
S33  39423450.739   207171596.635        -775.852          40.000  
E02  23885648.900   125520010.982         299.694          47.000    23885650.547    96177709.217         229.556          51.000  
R02  23589391.236   125877495.417        2512.854          43.000    23589391.979    97904714.045        1954.578          42.000  
R10  21982757.288   117180441.028       -4513.354          44.000                                                                  
R08  20283185.804   108615526.300       -1961.410          49.000    20283179.300    84479035.071       -1525.539          48.000  
R01  20103780.676   107466260.984        1439.771          46.000    20103778.481    83584992.198        1119.682          41.000  
G07  20667308.499   108607399.163       -3113.129          47.000    20667304.337    84629065.347       -2426.001          42.000  
E13  25885582.469   136029538.823       -2489.573          43.000    25885588.383   104230437.872       -1907.712          47.000  
E15  27103394.561   142429123.481       -3520.047          40.000    27103410.930   109133949.908       -2696.946          45.000  
G13  23683587.700   124458103.753        1365.344          42.000                                                                  
G20  20897652.639   109817884.631         591.647          47.000                                                                  
E07  26544447.565   139492028.001         948.680          42.000    26544452.414   106883507.105         726.832          45.000  
G11  23141791.850   121610835.077       -2763.960          44.000    23141792.054    94761730.066       -2153.916          42.000  
G14  21377956.603   112342042.960        2063.541          47.000    21377954.343    87539276.321        1607.976          43.000  
G05  23097317.195   121377228.514        2271.403          45.000    23097314.853    94579652.527        1770.154          42.000  
G22  23554481.412   123779729.254        2825.854          41.000                                                                  
E30  25966504.333   136455005.444        2135.505          42.000    25966511.983   104556524.606        1636.468          45.000  
> 2024 06 08 14 40 30.4990000  0 30                     
E08  23810930.105   125127300.721        -181.439          46.000    23810931.252    95876748.691        -139.038          49.000  
G09  22095755.828   116113994.153       -2361.159          44.000    22095756.016    90478426.572       -1840.192          43.000  
E03  24913047.299   130918938.220       -1777.283          45.000    24913050.493   100314540.959       -1361.755          48.000  
E26  27215611.590   143018958.514        -331.511          42.000    27215614.437   109585990.795        -254.188          43.000  
G30  20044908.145   105336693.264       -1095.139          50.000    20044906.433    82080519.945        -853.385          47.000  
R24  24048071.883   128595837.705       -3561.781          39.000    24048082.195   100018744.690       -2770.370          42.000  
R12  21106748.130   112748485.930        2905.983          49.000    21106749.344    87693534.927        2260.133          49.000  
R17  24007843.903   128470795.215       -1827.439          47.000    24007843.660    99921734.706       -1421.433          42.000  
R11  18936592.608   101191488.309       -1199.134          50.000    18936588.279    78704512.931        -932.626          50.000  
R07  23762011.837   127199774.349       -3701.182          47.000    23762013.700    98933183.768       -2878.787          41.000  
E25  25855680.227   135872544.206       -2271.733          43.000    25855684.630   104110157.780       -1740.744          47.000  
G06  23982632.823   126029375.937       -3840.625          41.000    23982644.056    98204685.355       -2992.707          40.000  
S31  38439913.214   202003099.454        -780.349          45.000  
S33  39427893.086   207194941.831        -780.781          40.000  
E02  23883988.631   125511287.476         281.801          46.000    23883990.572    96171024.962         215.896          51.000  
R02  23575262.841   125802108.757        2512.531          41.000    23575263.758    97846080.072        1953.985          42.000  
R10  22008197.242   117316051.956       -4527.860          44.000                                                                  
R08  20294227.602   108674654.832       -1980.574          48.000    20294221.811    84525023.851       -1540.493          49.000  
R01  20095735.155   107423257.601        1427.166          45.000    20095732.819    83551545.111        1109.791          41.000  
G07  20685119.269   108700996.591       -3126.874          47.000    20685115.658    84701998.315       -2436.371          42.000  
E13  25899836.038   136104440.626       -2503.907          43.000    25899841.525   104287829.998       -1918.594          46.000  
E15  27123498.613   142534764.154       -3522.795          40.000    27123514.461   109214894.748       -2699.297          46.000  
G13  23675804.063   124417195.828        1361.310          43.000                                                                  
G20  20894337.710   109800465.196         569.431          47.000                                                                  
E07  26539042.237   139463617.476         945.036          44.000    26539045.935   106861738.062         724.053          45.000  
G11  23157612.605   121693974.619       -2778.762          44.000    23157614.205    94826513.932       -2165.094          43.000  
G14  21366221.548   112280376.955        2047.356          47.000    21366218.907    87491224.921        1595.155          42.000  
G05  23084387.070   121309279.800        2258.317          46.000    23084384.694    94526705.521        1759.701          42.000  
G22  23538365.446   123695038.921        2819.928          42.000                                                                  
E30  25954334.332   136391052.631        2127.682          43.000    25954341.697   104507522.019        1630.270          45.000  
> 2024 06 08 14 41 00.4990000  0 30                     
E08  23811984.955   125132847.387        -188.429          45.000    23811985.952    95880998.672        -144.318          48.000  
G09  22109266.847   116184994.803       -2372.219          44.000    22109266.948    90533751.666       -1848.594          43.000  
E03  24923216.436   130972379.437       -1785.680          44.000    24923220.200   100355489.389       -1368.123          49.000  
E26  27217558.578   143029189.245        -350.613          42.000    27217561.222   109593829.842        -268.603          44.000  
G30  20051212.370   105369822.264       -1113.583          50.000    20051210.466    82106334.778        -867.614          47.000  
R24  24068080.278   128702846.391       -3571.831          36.000    24068094.453   100101973.130       -2778.251          43.000  
R12  21090481.614   112661595.825        2886.776          49.000    21090483.001    87625953.943        2245.140          49.000  
R17  24018157.378   128525984.529       -1851.947          47.000    24018154.783    99964659.634       -1440.454          41.000  
R11  18943412.500   101227929.942       -1230.376          51.000    18943408.046    78732856.417        -956.969          49.000  
R07  23782792.208   127311010.867       -3714.650          46.000    23782793.676    99019700.602       -2889.448          43.000  
E25  25868699.526   135940957.873       -2289.208          44.000    25868703.146   104162578.590       -1754.190          47.000  
G06  24004570.068   126144648.021       -3844.365          41.000    24004581.096    98294507.146       -2995.526          42.000  
S31  38444384.725   202026597.543        -786.124          45.000  
S33  39432365.605   207218445.688        -786.131          40.000  
E02  23882432.628   125503111.345         263.199          46.000    23882434.853    96164760.138         201.705          51.000  
R02  23561138.905   125726752.159        2511.102          41.000    23561141.784    97787469.522        1953.052          41.000  
R10  22033721.891   117452110.464       -4542.921          44.000                                                                  
R08  20305377.842   108734367.171       -2000.306          48.000    20305372.463    84571466.684       -1555.855          49.000  
R01  20087761.100   107380636.354        1414.351          44.000    20087758.697    83518395.248        1100.260          40.000  
G07  20703010.915   108795014.787       -3141.046          48.000    20703007.348    84775259.194       -2447.477          42.000  
E13  25914172.300   136179772.813       -2518.270          44.000    25914176.682   104345551.901       -1929.629          46.000  
E15  27143618.629   142640493.563       -3525.997          40.000    27143634.361   109295907.553       -2701.548          46.000  
G13  23668045.305   124376418.415        1356.830          45.000                                                                  
G20  20891152.282   109783725.481         546.577          47.000                                                                  
E07  26533657.265   139435324.033         941.087          44.000    26533661.537   106840058.706         721.080          45.000  
G11  23173519.037   121777563.413       -2793.835          44.000    23173521.279    94891647.872       -2176.976          44.000  
G14  21354581.805   112219206.285        2030.681          48.000    21354578.649    87443559.480        1582.267          42.000  
G05  23071533.638   121241733.457        2244.610          46.000    23071531.001    94474072.047        1749.035          42.000  
G22  23522285.639   123610540.380        2813.275          42.000                                                                  
E30  25942211.311   136327351.092        2119.085          42.000    25942219.874   104458711.971        1623.673          45.000  
> 2024 06 08 14 41 30.4990000  0 30                     
E08  23813082.949   125138605.132        -195.632          46.000    23813081.491    95885410.429        -149.866          48.000  
G09  22122841.809   116256329.268       -2383.672          44.000    22122841.296    90589336.898       -1857.415          42.000  
E03  24933432.880   131026069.266       -1793.978          44.000    24933436.960   100396628.310       -1374.664          48.000  
E26  27219611.954   143039987.232        -369.697          42.000    27219616.188   109602103.573        -283.196          44.000  
G30  20057621.662   105403503.509       -1132.022          50.000    20057619.799    82132579.943        -882.214          46.000  
R24  24088141.176   128810136.8091      -3581.829          39.000    24088161.350   100185430.028       -2785.784          43.000  
R12  21074324.790   112575286.432        2867.034          51.000    21074325.712    87558824.614        2229.948          49.000  
R17  24028607.965   128581909.549       -1876.744          47.000    24028605.251   100008156.794       -1459.612          42.000  
R11  18950408.518   101265314.234       -1262.138          52.000    18950403.862    78761933.089        -981.522          49.000  
R07  23803648.469   127422656.414       -3728.716          47.000    23803650.009    99106535.604       -2900.027          42.000  
E25  25881816.142   136009889.306       -2306.385          44.000    25881820.509   104215396.132       -1767.435          47.000  
G06  24026525.951   126260026.078       -3848.080          41.000    24026537.518    98384411.430       -2998.295          41.000  
S31  38448887.427   202050259.932        -791.530          45.000  
S33  39436869.288   207242112.549        -791.839          40.000  
E02  23880982.261   125495490.166         244.567          46.000    23880984.687    96158920.544         187.436          51.000  
R02  23547025.327   125651433.132        2509.882          45.000    23547026.573    97728888.250        1952.039          41.000  
R10  22059330.691   117588619.562       -4558.167          45.000                                                                  
R08  20316640.081   108794671.214       -2020.242          50.000    20316633.689    84618369.733       -1571.298          48.000  
R01  20079861.133   107338406.746        1400.905          45.000    20079858.183    83485550.013        1089.334          40.000  
G07  20720982.670   108889457.105       -3155.340          48.000    20720979.080    84848850.550       -2458.734          42.000  
E13  25928591.293   136255540.145       -2532.949          45.000    25928594.840   104403607.207       -1940.890          46.000  
E15  27163757.044   142746316.395       -3529.395          41.000    27163772.348   109376991.973       -2704.143          45.000  
G13  23660311.554   124335778.038        1352.014          45.000                                                                  
G20  20888097.794   109767674.283         523.316          47.000                                                                  
E07  26528295.822   139407154.327         936.729          43.000    26528300.711   106818474.139         717.796          44.000  
G11  23189511.980   121861605.231       -2809.491          44.000    23189514.615    94957134.764       -2188.955          44.000  
G14  21343037.578   112158540.570        2013.579          48.000    21343034.848    87396287.543        1568.741          42.000  
G05  23058758.556   121174598.010        2230.664          46.000    23058755.232    94421758.730        1738.323          42.000  
G22  23506244.049   123526243.635        2806.213          41.000                                                                  
E30  25930138.383   136263909.410        2110.412          42.000    25930147.202   104410101.056        1616.861          45.000  
> 2024 06 08 14 42 00.4990000  0 30                     
E08  23814219.772   125144569.939        -202.156          49.000    23814217.862    95889980.885        -154.927          49.000  
G09  22136478.505   116327993.548       -2394.202          43.000    22136478.438    90645179.123       -1865.488          42.000  
E03  24943696.525   131080003.872       -1801.775          44.000    24943700.277   100437954.779       -1380.596          48.000  
E26  27221773.124   143051348.069        -387.774          42.000    27221778.214   109610808.589        -297.421          44.000  
G30  20064134.963   105437731.092       -1149.885          49.000    20064132.620    82159250.811        -896.021          46.000  
R24  24108268.807   128917724.063       -3590.377          41.000    24108281.431   100269108.521       -2793.048          44.000  
R12  21058276.230   112489556.336        2847.999          49.000    21058276.960    87492145.858        2215.221          49.000  
R17  24039194.201   128638563.123       -1900.349          45.000    24039194.762   100052220.664       -1478.131          44.000  
R11  18957579.660   101303635.359       -1292.817          50.000    18957574.995    78791738.429       -1005.508          49.000  
R07  23824580.335   127534706.055       -3741.554          47.000    23824582.565    99193684.860       -2910.102          44.000  
E25  25895031.077   136079332.877       -2323.224          44.000    25895035.019   104268606.094       -1780.163          47.000  
G06  24048500.748   126375502.585       -3850.901          41.000    24048511.348    98474392.506       -3000.806          40.000  
S31  38453420.790   202074081.106        -796.595          45.000  
S33  39441403.261   207265939.080        -796.813          40.000  
E02  23879637.224   125488420.406         226.632          47.000    23879639.344    96153503.491         173.620          51.000  
R02  23532917.822   125576148.682        2509.076          43.000    23532918.868    97670333.790        1951.318          41.000  
R10  22085022.587   117725570.356       -4572.362          44.000                                                                  
R08  20328011.067   108855563.149       -2039.510          48.000    20328004.941    84665730.041       -1586.250          48.000  
R01  20072034.279   107296567.359        1388.081          45.000    20072031.889    83453008.227        1079.674          41.000  
G07  20739034.022   108984317.014       -3168.782          47.000    20739029.871    84922767.324       -2469.299          42.000  
E13  25943091.726   136331736.238       -2546.903          45.000    25943094.711   104461991.049       -1951.583          46.000  
E15  27183911.176   142852226.245       -3531.614          40.000    27183926.980   109458143.059       -2705.997          45.000  
G13  23652602.453   124295269.987        1348.138          45.000                                                                  
G20  20885173.643   109752308.129         500.816          47.000                                                                  
E07  26522959.155   139379103.796         933.318          43.000    26522962.838   106796980.895         715.067          45.000  
G11  23205590.630   121946092.613       -2823.519          45.000    23205592.604    95022968.849       -2200.067          43.000  
G14  21331588.575   112098378.227        1997.226          47.000    21331586.197    87349407.846        1556.204          43.000  
G05  23046060.796   121107871.297        2217.534          45.000    23046057.541    94369763.914        1727.864          41.000  
G22  23490240.027   123442146.403        2800.256          42.000                                                                  
E30  25918115.050   136200725.027        2102.014          42.000    25918123.051   104361687.249        1610.781          45.000  
> 2024 06 08 14 42 30.4990000  0 30                     
E08  23815394.089   125150738.425        -209.090          50.000    23815392.956    95894707.376        -160.159          51.000  
G09  22150177.595   116399984.203       -2405.294          43.000    22150178.018    90701275.626       -1874.221          42.000  
E03  24954006.767   131134179.893       -1810.026          45.000    24954009.614   100479466.208       -1386.751          48.000  
E26  27224044.198   143063267.845        -406.738          43.000    27224046.832   109619941.843        -311.515          44.000  
G30  20070750.845   105472499.598       -1168.020          49.000    20070749.350    82186343.159        -910.054          47.000  
R24  24128443.071   129025588.111       -3600.409          42.000    24128453.504   100353002.225       -2799.965          44.000  
R12  21042335.162   112404404.869        2828.608          48.000    21042336.252    87425917.160        2200.033          50.000  
R17  24049916.945   128695938.585       -1924.476          46.000    24049918.026   100096846.041       -1496.864          44.000  
R11  18964925.182   101342887.822       -1324.023          50.000    18964920.573    78822268.136       -1029.803          49.000  
R07  23845586.548   127647154.833       -3754.937          45.000    23845589.907    99281144.544       -2920.593          44.000  
E25  25908342.249   136149283.450       -2340.334          44.000    25908346.260   104322204.536       -1793.197          47.000  
G06  24070492.741   126491070.742       -3853.628          40.000    24070504.945    98564444.969       -3002.970          42.000  
S31  38457983.524   202098058.159        -801.955          46.000  
S33  39445967.090   207289921.549        -802.262          40.000  
E02  23878396.333   125481899.056         208.096          47.000    23878398.243    96148506.649         159.554          51.000  
R02  23518815.234   125500896.330        2507.727          44.000    23518817.732    97611804.318        1950.690          43.000  
R10  22110795.499   117862954.762       -4586.651          43.000                                                                  
R08  20339490.779   108917040.127       -2058.967          47.000    20339484.885    84713545.395       -1601.398          47.000  
R01  20064280.396   107255116.945        1375.133          45.000    20064278.725    83420768.985        1069.617          41.000  
G07  20757163.207   109079588.163       -3182.543          47.000    20757159.254    84997004.532       -2479.959          42.000  
E13  25957671.923   136408355.189       -2561.085          45.000    25957675.284   104520698.878       -1962.273          47.000  
E15  27204081.235   142958217.186       -3534.385          40.000    27204097.110   109539356.284       -2708.214          45.000  
G13  23644917.861   124254890.196        1343.890          43.000                                                                  
G20  20882379.548   109737625.037         477.984          47.000                                                                  
E07  26517644.226   139351168.439         929.234          43.000    26517647.424   106775575.924         712.074          45.000  
G11  23221752.477   122031018.672       -2838.135          46.000    23221753.131    95089144.806       -2211.505          43.000  
G14  21320235.049   112038718.269        1980.184          47.000    21320232.876    87302919.627        1542.753          43.000  
G05  23033440.473   121041552.767        2203.858          45.000    23033436.912    94318087.184        1717.174          41.000  
G22  23474274.754   123358247.701        2793.726          41.000                                                                  
E30  25906138.949   136137795.853        2093.213          41.000    25906147.443   104313469.006        1603.769          45.000  
> 2024 06 08 14 43 00.4990000  0 30                     
E08  23816605.734   125157105.662        -215.163          50.000    23816605.492    95899586.151        -164.852          52.000  
G09  22163939.031   116472296.243       -2415.183          44.000    22163938.573    90757622.571       -1882.184          42.000  
E03  24964361.579   131188592.515       -1817.215          45.000    24964364.160   100521158.940       -1392.410          48.000  
E26  27226418.280   143075741.079        -424.456          43.000    27226421.107   109629499.198        -325.409          45.000  
G30  20077468.904   105507802.155       -1185.302          49.000    20077468.134    82213851.637        -923.569          48.000  
R24  24148666.722   129133718.929       -3608.423          44.000    24148674.824   100437103.487       -2806.525          43.000  
R12  21026502.175   112319829.720        2810.055          48.000    21026503.309    87360136.669        2185.449          49.000  
R17  24060773.873   128754027.971       -1947.828          47.000    24060772.758   100142026.612       -1514.860          43.000  
R11  18972443.972   101383064.373       -1354.285          50.000    18972438.899    78853516.552       -1053.231          49.000  
R07  23866665.858   127759996.610       -3767.392          44.000    23866670.042    99368909.912       -2930.510          43.000  
E25  25921748.580   136219734.259       -2356.220          44.000    25921752.858   104376186.282       -1805.417          46.000  
G06  24092500.640   126606722.204       -3855.712          40.000    24092513.348    98654562.337       -3004.587          40.000  
S31  38462574.553   202122185.660        -806.442          46.000  
S33  39450559.545   207314054.763        -806.508          40.000  
E02  23877258.522   125475921.512         190.642          47.000    23877260.549    96143926.514         146.141          51.000  
R02  23504717.606   125425671.299        2507.416          44.000    23504720.207    97553296.122        1950.250          43.000  
R10  22136648.103   118000763.716       -4600.393          42.000                                                                  
R08  20351079.777   108979097.290       -2077.890          47.000    20351073.773    84761812.007       -1616.115          47.000  
R01  20056599.060   107214052.656        1362.715          46.000    20056598.127    83388830.051        1059.897          43.000  
G07  20775369.799   109175262.882       -3195.509          47.000    20775366.150    85071556.186       -2489.942          42.000  
E13  25972330.834   136485389.616       -2574.312          45.000    25972334.934   104579725.073       -1972.536          47.000  
E15  27224264.172   143064281.807       -3536.472          39.000    27224280.929   109620625.944       -2709.612          44.000  
G13  23637257.001   124214633.353        1340.222          43.000                                                                  
G20  20879714.547   109723621.075         455.925          48.000                                                                  
E07  26512348.516   139323342.718         926.236          43.000    26512352.868   106754254.999         709.443          46.000  
G11  23237994.905   122116374.997       -2851.764          45.000    23237995.792    95155656.048       -2222.310          42.000  
G14  21308977.455   111979558.118        1964.133          47.000    21308975.118    87256820.871        1530.463          43.000  
G05  23020897.349   120975639.953        2190.576          45.000    23020893.777    94266726.563        1706.875          41.000  
G22  23458345.256   123274544.582        2786.884          41.000                                                                  
E30  25894211.561   136075118.224        2085.447          41.000    25894220.025   104265443.483        1597.934          45.000  
> 2024 06 08 14 43 30.4990000  0 30                     
E08  23817844.717   125163621.535        -218.779          48.000    23817845.425    95904578.804        -167.646          52.000  
G09  22177751.455   116544879.627       -2423.094          44.000    22177750.762    90814180.943       -1887.980          41.000  
E03  24974751.691   131243191.757       -1822.126          46.000    24974753.869   100562994.682       -1396.134          47.000  
E26  27228887.350   143088717.152        -439.890          42.000    27228890.663   109639441.806        -337.002          45.000  
G30  20084277.437   105543586.663       -1199.835          49.000    20084277.899    82241735.658        -934.968          48.000  
R24  24168926.555   129242060.799       -3614.000          44.000    24168935.471   100521368.879       -2810.738          43.000  
R12  21010767.349   112235782.816        2793.755          47.000    21010769.206    87294767.025        2172.783          49.000  
R17  24071750.601   128812776.929       -1968.489          45.000    24071749.224   100187720.123       -1530.988          42.000  
R11  18980125.495   101424112.052       -1381.888          50.000    18980120.116    78885442.519       -1074.749          49.000  
R07  23887809.733   127873179.050       -3777.541          46.000    23887813.603    99456940.150       -2937.942          44.000  
E25  25935240.723   136290633.475       -2369.744          44.000    25935244.581   104430511.601       -1815.880          46.000  
G06  24114515.057   126722403.461       -3855.716          40.000    24114526.688    98744702.950       -3004.625          39.000  
S31  38467185.014   202146412.591        -808.242          46.000  
S33  39455170.753   207338286.979        -808.693          40.000  
E02  23876215.262   125470438.008         175.456          47.000    23876216.902    96139724.938         134.511          50.000  
R02  23490615.987   125350423.707        2509.595          45.000    23490618.399    97494770.360        1952.008          43.000  
R10  22162569.620   118138942.195       -4611.111          42.000                                                                  
R08  20362767.594   109041684.064       -2094.050          47.000    20362761.691    84810490.514       -1628.792          48.000  
R01  20048981.496   107173326.069        1352.962          48.000    20048980.368    83357153.789        1052.259          43.000  
G07  20793643.434   109271288.165       -3205.764          48.000    20793639.479    85146381.020       -2498.005          43.000  
E13  25987058.626   136562786.911       -2585.070          44.000    25987063.422   104639029.311       -1980.770          47.000  
E15  27244452.321   143170367.502       -3535.548          39.000    27244468.822   109701911.767       -2709.086          43.000  
G13  23629610.208   124174448.556        1339.069          43.000                                                                  
G20  20877169.998   109710247.153         436.175          48.000                                                                  
E07  26507063.929   139295576.055         925.506          43.000    26507069.023   106732979.295         709.114          46.000  
G11  23254307.523   122202108.028       -2862.827          43.000    23254310.702    95222460.790       -2230.989          42.000  
G14  21297806.261   111920850.057        1950.404          47.000    21297803.636    87211074.390        1519.719          43.000  
G05  23008422.146   120910084.389        2180.151          44.000    23008419.044    94215644.346        1698.890          41.000  
G22  23442444.849   123190989.069        2783.581          42.000                                                                  
E30  25882323.994   136012643.484        2079.953          42.000    25882331.674   104217573.420        1593.813          45.000  
> 2024 06 08 14 44 00.4990000  0 30                     
E08  23819096.512   125170213.275        -220.244          46.000    23819099.545    95909629.562        -168.791          52.000  
G09  22191601.195   116617661.472       -2428.569          44.000    22191600.218    90870893.989       -1892.766          40.000  
E03  24985163.135   131297904.842       -1825.006          46.000    24985165.309   100604917.678       -1398.435          47.000  
E26  27231436.622   143102122.671        -453.428          40.000    27231441.442   109649713.490        -347.406          44.000  
G30  20091164.295   105579778.326       -1212.520          48.000    20091164.031    82269936.931        -944.770          47.000  
R24  24189212.377   129350534.912       -3617.171          45.000    24189220.483   100605737.156       -2813.384          43.000  
R12  20995118.794   112152192.582        2779.409          47.000    20995120.492    87229752.552        2161.764          48.000  
R17  24082837.198   128872108.090       -1986.877          43.000    24082836.868   100233866.543       -1545.178          41.000  
R11  18987955.364   101465954.492       -1407.195          50.000    18987950.507    78917986.630       -1094.523          49.000  
R07  23909003.083   127986626.726       -3785.358          47.000    23909006.765    99545176.690       -2944.141          45.000  
E25  25948803.221   136361906.489       -2381.248          44.000    25948807.521   104485123.317       -1824.492          46.000  
G06  24136520.447   126838038.194       -3853.199          39.000    24136532.766    98834807.308       -3002.069          40.000  
S31  38471800.087   202170665.356        -808.035          46.000  
S33  39459787.085   207362546.233        -808.239          41.000  
E02  23875252.181   125465376.072         162.488          47.000    23875253.403    96135846.383         124.487          50.000  
R02  23476496.661   125275080.670        2513.672          44.000    23476499.242    97436170.332        1955.176          43.000  
R10  22188546.305   118277411.392       -4619.744          42.000                                                                  
R08  20374540.696   109104726.529       -2108.376          48.000    20374534.675    84859523.432       -1639.876          47.000  
R01  20041413.591   107132865.437        1345.007          49.000    20041411.739    83325684.371        1046.223          43.000  
G07  20811968.606   109367588.291       -3213.800          47.000    20811964.607    85221420.018       -2504.352          43.000  
E13  26001840.989   136640471.803       -2593.540          44.000    26001846.572   104698553.922       -1987.246          47.000  
E15  27264630.526   143276398.962       -3532.646          40.000    27264647.060   109783156.043       -2707.003          44.000  
G13  23621963.436   124134262.265        1340.363          44.000                                                                  
G20  20874731.499   109697431.143         418.627          48.000                                                                  
E07  26501776.259   139267795.047         927.081          43.000    26501782.141   106711692.601         710.253          45.000  
G11  23270679.417   122288141.442       -2871.899          43.000    23270682.164    95289499.560       -2237.965          42.000  
G14  21286706.715   111862523.603        1938.603          46.000    21286704.674    87165625.249        1510.677          44.000  
G05  22996001.633   120844815.060        2171.649          45.000    22995999.005    94164785.193        1692.007          41.000  
G22  23426560.309   123107511.045        2781.836          43.000                                                                  
E30  25870459.882   135950300.095        2076.618          42.000    25870467.736   104169803.998        1591.190          45.000  
> 2024 06 08 14 44 30.4990000  0 30                     
E08  23820350.727   125176812.480        -219.429          45.000    23820355.027    95914686.007        -168.243          52.000  
G09  22205476.112   116690573.252       -2431.930          44.000    22205474.574    90927708.280       -1895.095          40.000  
E03  24995583.178   131352663.348       -1825.510          46.000    24995585.585   100646875.437       -1398.704          47.000  
E26  27234053.621   143115888.575        -464.213          39.000    27234060.403   109660261.363        -355.792          43.000  
G30  20098117.085   105616306.695       -1222.671          49.000    20098114.734    82298400.585        -952.748          47.000  
R24  24209507.251   129459066.933       -3618.208          44.000    24209516.367   100690150.522       -2814.133          41.000  
R12  20979543.391   112068992.392        2767.362          47.000    20979544.772    87165041.436        2152.428          48.000  
R17  24094019.963   128931948.829       -2002.662          44.000    24094020.821   100280409.263       -1557.634          42.000  
R11  18995920.594   101508519.573       -1430.378          49.000    18995915.929    78951092.789       -1112.631          49.000  
R07  23930233.275   128100268.700       -3790.891          37.000    23930236.590    99633564.341       -2947.920          35.000  
E25  25962423.856   136433483.102       -2390.352          44.000    25962428.093   104539967.671       -1831.565          47.000  
G06  24158503.670   126953554.675       -3848.171          39.000    24158516.086    98924819.512       -2998.424          41.000  
S31  38476407.182   202194875.233        -805.816          45.000  
S33  39464394.842   207386761.849        -805.747          40.000  
E02  23874356.313   125460667.544         151.610          47.000    23874357.427    96132238.615         116.196          51.000  
R02  23462347.280   125199573.729        2520.056          45.000    23462349.256    97377442.772        1960.162          43.000  
R10  22214563.836   118416097.231       -4626.042          43.000                                                                  
R08  20386385.934   109168155.316       -2120.258          49.000    20386379.304    84908856.816       -1649.073          47.000  
R01  20033881.800   107092603.342        1339.255          49.000    20033880.117    83294369.384        1041.731          44.000  
G07  20830332.673   109464091.842       -3219.504          47.000    20830328.669    85296617.516       -2509.009          42.000  
E13  26016665.131   136718373.351       -2599.797          43.000    26016671.242   104758244.527       -1992.059          48.000  
E15  27284784.171   143382305.249       -3527.609          41.000    27284800.844   109864304.368       -2702.870          44.000  
G13  23614302.810   124094005.620        1343.475          44.000                                                                  
G20  20872386.412   109685105.475         403.178          48.000                                                                  
E07  26496474.477   139239930.730         930.847          43.000    26496479.188   106690342.042         713.139          45.000  
G11  23287095.356   122374403.248       -2878.658          44.000    23287096.540    95356716.317       -2243.129          41.000  
G14  21275666.681   111804512.657        1928.849          46.000    21275666.343    87120422.004        1502.906          45.000  
G05  22983623.219   120779765.893        2164.983          45.000    22983620.470    94114097.574        1687.008          41.000  
G22  23410676.865   123024044.491        2782.098          44.000                                                                  
E30  25858608.004   135888020.964        2075.403          42.000    25858616.210   104122083.803        1590.276          45.000  
